time,seconds_elapsed,z,y,x
1789147778243934700,1.541934814453125,-5.375701688975095,-7.991572754400968,-1.8458005929037928
1789147778253906700,1.55190673828125,-5.384278378662467,-7.976964383333921,-1.8836099529467525
1789147778263879700,1.561879638671875,-5.405007862958311,-7.953795104670524,-1.9218248250506813
1789147778273851600,1.5718515625,-5.427770314386486,-7.928351451334357,-1.9623753004953264
1789147778283824600,1.58182470703125,-5.443545975667238,-7.907518506664037,-2.0023319017000496
1789147778293796900,1.591796875,-5.448735361003876,-7.8937986088693135,-2.041960147733241
1789147778303768600,1.6017685546875,-5.45622425545454,-7.876552875036,-2.088039177341014
1789147778313741600,1.611741455078125,-5.45131894775629,-7.867320351788401,-2.135126799469441
1789147778323713800,1.6217138671875,-5.44378387607634,-7.860769614970684,-2.178051602829993
1789147778333685800,1.631685791015625,-5.443167790004611,-7.850564447298645,-2.216066422317177
1789147778343658800,1.64165869140625,-5.442399143719673,-7.840551587328314,-2.2530917923755944
1789147778353630700,1.651630615234375,-5.446586658537387,-7.826509617972373,-2.2914695999562738
1789147778363602700,1.661602783203125,-5.453544222590327,-7.811565731340647,-2.3256591620668767
1789147778373575700,1.67157568359375,-5.456790657165646,-7.798254998868703,-2.362423981492966
1789147778383548000,1.6815478515625,-5.460763652449846,-7.782965659800172,-2.403309241849929
1789147778393521000,1.69152099609375,-5.462651073631644,-7.768416325443982,-2.445719665947556
1789147778403492600,1.70149267578125,-5.468303400304913,-7.750725770452618,-2.4888342927917835
1789147778413464800,1.71146484375,-5.476446374750137,-7.731527733507752,-2.5302976452976464
1789147778423437800,1.721437744140625,-5.486463910895585,-7.712081274759769,-2.56766554518342
1789147778433409800,1.731409912109375,-5.494558370023966,-7.694657846271991,-2.6023969590857625
1789147778443381800,1.7413818359375,-5.50529136096239,-7.676386861044168,-2.633483879005909
1789147778453354800,1.751354736328125,-5.513466484111548,-7.65941117632389,-2.6656112478896974
1789147778463326700,1.76132666015625,-5.523026339617371,-7.640562098947167,-2.699700856757164
1789147778473298700,1.771298583984375,-5.53518790205419,-7.6190902718514195,-2.735240372171998
1789147778483272000,1.78127197265625,-5.552257110276818,-7.595023167565465,-2.7673881993219256
1789147778493243600,1.79124365234375,-5.567536512473225,-7.573943554657697,-2.7943349506974218
1789147778503216600,1.801216552734375,-5.592811823505163,-7.545852017161249,-2.819743240459263
1789147778513188900,1.81118896484375,-5.611470346745849,-7.522571094816922,-2.8447689606443047
1789147778523160600,1.82116064453125,-5.628557675147056,-7.499599969074129,-2.871539770931005
1789147778533133800,1.8311337890625,-5.644657161554694,-7.476392111966013,-2.900307892514765
1789147778543105800,1.841105712890625,-5.651913416293263,-7.458696880799532,-2.931569292218983
1789147778553077800,1.851077880859375,-5.659623260018229,-7.442761060521006,-2.957086887574196
1789147778563050800,1.86105078125,-5.671489054378867,-7.425847919642925,-2.976806902566552
1789147778573022700,1.871022705078125,-5.681007408830523,-7.412710205650329,-2.991365589272976
1789147778582994700,1.88099462890625,-5.687380450993776,-7.399765968403219,-3.0112387490004298
1789147778592967700,1.8909677734375,-5.696603037369251,-7.384003751125931,-3.032422991326451
1789147778602940000,1.90093994140625,-5.701543416380882,-7.370316002035141,-3.056343965139985
1789147778612912600,1.91091259765625,-5.701981807798147,-7.360788295233249,-3.07840703612715
1789147778622884900,1.920884765625,-5.70081977828145,-7.353538470235467,-3.097822807475924
1789147778632856800,1.93085693359375,-5.7033431592792265,-7.344985745945572,-3.11343158775717
1789147778642829600,1.94082958984375,-5.704651903790235,-7.338986797791719,-3.125156220081448
1789147778652801800,1.9508017578125,-5.705691768231987,-7.332714293393492,-3.1379549113780256
1789147778662773800,1.960773681640625,-5.708247297933697,-7.326324884617328,-3.148216485412419
1789147778672746800,1.970746826171875,-5.708520269656181,-7.322843472242355,-3.1558100092813373
1789147778682718700,1.98071875,-5.709128756943345,-7.319975223329663,-3.1613574142754075
1789147778692691000,1.99069091796875,-5.706373320755362,-7.320362761342525,-3.165435331238806
1789147778702663700,2.00066357421875,-5.706268691337108,-7.3193170516818755,-3.1680396685183045
1789147778712635600,2.0106357421875,-5.706612974730134,-7.317969144204259,-3.1705332388997074
1789147778722609000,2.02060888671875,-5.708497473302483,-7.317000591433048,-3.1693755932971834
1789147778732580600,2.03058056640625,-5.711220760786533,-7.315777187117934,-3.16729294180423
1789147778742552800,2.040552734375,-5.711039559000731,-7.317279408374429,-3.164149967603385
1789147778752525800,2.05052587890625,-5.709500512865185,-7.320936761838197,-3.158459939268232
1789147778762497500,2.06049755859375,-5.7020531194686885,-7.330668466779589,-3.149329122829437
1789147778772469800,2.0704697265625,-5.6888031772732734,-7.34435563134849,-3.141391315567493
1789147778782442800,2.08044287109375,-5.672685570687055,-7.361194537946582,-3.131106652918458
1789147778792414700,2.090414794921875,-5.659009512034058,-7.377604405477642,-3.1172017539456487
1789147778802387700,2.1003876953125,-5.645365017563105,-7.394539173665643,-3.1017779748424887
1789147778812360000,2.11035986328125,-5.636303174707293,-7.408709153315424,-3.084397508713603
1789147778822331600,2.12033154296875,-5.6300061203897,-7.422073661801218,-3.0636987118169663
1789147778832304600,2.1303046875,-5.629132844686508,-7.43447312464714,-3.035104193234444
1789147778842276900,2.14027685546875,-5.621860807856917,-7.449801042160391,-3.010901772131026
1789147778852248600,2.15024853515625,-5.617438315239548,-7.461585003456473,-2.989900777417421
1789147778862221800,2.160221923828125,-5.606271024537087,-7.4785238632977,-2.96846489841789
1789147778872193800,2.17019384765625,-5.59050413108468,-7.500165201741456,-2.943496169117093
1789147778882165800,2.180165771484375,-5.576763775023817,-7.519794031319022,-2.919382010819018
1789147778892138800,2.190138671875,-5.567223208740353,-7.538253817117214,-2.8898329679906367
1789147778902110700,2.20011083984375,-5.560462628564238,-7.555314257511496,-2.8581211941704154
1789147778912083700,2.210083740234375,-5.558253135821223,-7.568338574257493,-2.827799997925758
1789147778922056000,2.220055908203125,-5.556699476638436,-7.58182817042768,-2.794525212572515
1789147778932028200,2.230028076171875,-5.559648389571905,-7.591467520910501,-2.762301689837873
1789147778942001200,2.240001220703125,-5.562095198202133,-7.601739324077964,-2.7289266589805483
1789147778951972900,2.249972900390625,-5.572155988967419,-7.605673740917444,-2.697255217170716
1789147778961945000,2.259945068359375,-5.58049010207057,-7.609440984496474,-2.6692569109156725
1789147778971918000,2.26991796875,-5.5795759098351,-7.619270304593443,-2.642999603109061
1789147778981890000,2.27989013671875,-5.568280608838796,-7.638623824360966,-2.610760298283398
1789147778991862000,2.289862060546875,-5.560149909353256,-7.657161351570487,-2.5735207009524106
1789147779001835000,2.2998349609375,-5.549973967775702,-7.678028198510407,-2.5329937525138257
1789147779011807000,2.309806884765625,-5.5368923678845166,-7.701107460802793,-2.491215342709422
1789147779021780000,2.319780029296875,-5.525133541029692,-7.723517445531487,-2.4475625173352658
1789147779031752200,2.329752197265625,-5.521078712680936,-7.738557778275013,-2.408898001767694
1789147779041724000,2.339723876953125,-5.5229865921288726,-7.747191166585683,-2.3765610817864538
1789147779051697000,2.34969677734375,-5.521924515855312,-7.758158550801872,-2.343013763102144
1789147779061669000,2.359669189453125,-5.522222037497163,-7.7690715744823216,-2.305854537530988
1789147779071641000,2.36964111328125,-5.523578128281235,-7.778676438173651,-2.2699467733256515
1789147779081614000,2.379614013671875,-5.528124539539218,-7.785434095740317,-2.2354522369191048
1789147779091585800,2.389585693359375,-5.534714439323544,-7.790754413980245,-2.200333723395317
1789147779101558000,2.39955810546875,-5.539916684141755,-7.795677257335186,-2.169589479433
1789147779111531000,2.409531005859375,-5.540283763888478,-7.8046753873050205,-2.136044206575304
1789147779121503000,2.4195029296875,-5.538822459164262,-7.812579876819252,-2.1107858466781675
1789147779131476000,2.42947607421875,-5.533979695308208,-7.8220754349172115,-2.088205912210047
1789147779141448000,2.439447998046875,-5.526083389100432,-7.833254416057467,-2.0671064255580305
1789147779151420000,2.449419921875,-5.504036392465234,-7.853995006269216,-2.047130389977992
1789147779161393000,2.459392822265625,-5.473976185244322,-7.880510088229179,-2.025719353158772
1789147779171365000,2.469365234375,-5.458207538226247,-7.894656102481484,-2.013145556659252
1789147779181336800,2.4793369140625,-5.452422525084018,-7.902482266062497,-1.9980605079911649
1789147779191309800,2.489309814453125,-5.44921291538775,-7.905940882083773,-1.9931287506774067
1789147779201282000,2.499281982421875,-5.444600453156233,-7.911991268163919,-1.9816972560808064
1789147779211253800,2.509253662109375,-5.434838353076577,-7.922823043301701,-1.9651481262095272
1789147779221227000,2.51922705078125,-5.43973664651215,-7.924379040572047,-1.945216952684521
1789147779231199000,2.529198974609375,-5.458254884499311,-7.912723089569806,-1.940789930022508
1789147779241172000,2.539171875,-5.4564755998671055,-7.914773592358827,-1.937427175591141
1789147779251144000,2.54914404296875,-5.467854487493634,-7.905937374952435,-1.941419313967228
1789147779261116000,2.559115966796875,-5.481109690386057,-7.895025520315766,-1.948433284382522
1789147779271089200,2.569089111328125,-5.482680300703644,-7.893630266565084,-1.9496673562221227
1789147779281060900,2.579060791015625,-5.476797087883949,-7.898202981308102,-1.94768611927703
1789147779291033000,2.589033203125,-5.493987876659632,-7.8845637475341555,-1.954519764689356
1789147779301006000,2.599006103515625,-5.500375531870127,-7.878049835595488,-1.9627984943434595
1789147779310978000,2.60897802734375,-5.488041535475849,-7.886209761175513,-1.9645529367953536
1789147779320950000,2.618949951171875,-5.496891196885705,-7.877921240779757,-1.973049254722893
1789147779330923000,2.628923095703125,-5.512534171697497,-7.864350396066904,-1.983519941463321
1789147779340895000,2.63889501953125,-5.509195967185497,-7.865207889679074,-1.989385618626326
1789147779350868000,2.648867919921875,-5.507942752254009,-7.8627353620857,-2.002585145808756
1789147779360840200,2.658840087890625,-5.510134709340334,-7.853809128308296,-2.031375771485269
1789147779370812000,2.66881201171875,-5.505951870697737,-7.85035109680891,-2.05593621224612
1789147779380785000,2.678784912109375,-5.495925566723942,-7.853385349938273,-2.0711182915478945
1789147779390757000,2.688757080078125,-5.493283527782559,-7.850284461313485,-2.089795811749995
1789147779400728800,2.698728759765625,-5.493633656394481,-7.844266223937272,-2.111366715306044
1789147779410702000,2.7087021484375,-5.4959238131582735,-7.8378914282083505,-2.1290083165891467
1789147779420674000,2.718674072265625,-5.504575321647525,-7.827465311262011,-2.144951004999876
1789147779430646000,2.72864599609375,-5.513323276248574,-7.814948944038152,-2.1679975340664384
1789147779440619000,2.738618896484375,-5.516719348427653,-7.804974077990651,-2.195125341097265
1789147779450591000,2.748591064453125,-5.517177029067278,-7.796106880924105,-2.225276149211078
1789147779460563000,2.75856298828125,-5.524735481622815,-7.781503186032175,-2.257408194269985
1789147779470536000,2.768535888671875,-5.52599571081698,-7.771232551908493,-2.289473749963939
1789147779480508200,2.778508056640625,-5.538734196358919,-7.754040594089031,-2.316820606572926
1789147779490481000,2.78848095703125,-5.547641725435852,-7.74040837457776,-2.3409667674444616
1789147779500453000,2.798453125,-5.562057788801193,-7.721558712679148,-2.3688474386692047
1789147779510425000,2.808425048828125,-5.57243363686502,-7.704011950072646,-2.401370236611366
1789147779520397800,2.818397705078125,-5.580840815204382,-7.686496167126298,-2.4376972491420803
1789147779530370000,2.8283701171875,-5.5848190711855885,-7.671555203104019,-2.475362816800177
1789147779540342000,2.838342041015625,-5.595946614399552,-7.652088870611786,-2.510240653435886
1789147779550315000,2.84831494140625,-5.593724262174963,-7.642394575071334,-2.5444921748667952
1789147779560287000,2.858286865234375,-5.591124308809638,-7.633315196558833,-2.5772484893038867
1789147779570260000,2.868260009765625,-5.582264126005769,-7.6279978009283536,-2.611965582419932
1789147779580232000,2.87823193359375,-5.577204504528641,-7.618835420307517,-2.64924989567548
1789147779590204000,2.888203857421875,-5.566805860111117,-7.611786670839786,-2.6910525631383058
1789147779600177200,2.89817724609375,-5.554530900427698,-7.606533572617173,-2.7309742391601204
1789147779610148900,2.90814892578125,-5.5499055787146085,-7.59941526504457,-2.76004105142951
1789147779620121000,2.91812109375,-5.547053696414828,-7.593340329045056,-2.7824033976241944
1789147779630094000,2.928093994140625,-5.550138218426704,-7.585518841639161,-2.7975457294374704
1789147779640065800,2.938065673828125,-5.559387692809104,-7.574590035867691,-2.808770011024177
1789147779650038000,2.9480380859375,-5.5677042702555655,-7.564156320136785,-2.820389137147367
1789147779660011000,2.958010986328125,-5.58873302975893,-7.545549819344282,-2.828627973182499
1789147779669983000,2.96798291015625,-5.607081171876192,-7.528341494911909,-2.8381518805921075
1789147779679955000,2.977954833984375,-5.616216664490104,-7.516721199744939,-2.85085734064728
1789147779689928000,2.987927978515625,-5.61633473791182,-7.513477687779068,-2.859162519916892
1789147779699900000,2.99789990234375,-5.617313812077045,-7.510231837725639,-2.8657594339638948
1789147779709873000,3.007872802734375,-5.61461975068748,-7.510550986677408,-2.870199462237954
1789147779719845000,3.01784521484375,-5.622835790368915,-7.50502667029798,-2.8685666003391144
1789147779729816800,3.02781689453125,-5.621955500403046,-7.508711496290564,-2.86063902221024
1789147779739790000,3.0377900390625,-5.629106541201472,-7.505376798909902,-2.855321918840706
1789147779749762000,3.047761962890625,-5.6311143738925455,-7.505396672654151,-2.8513085915461183
1789147779759734000,3.057734130859375,-5.636135416924954,-7.502822438251972,-2.8481597721263765
1789147779769707000,3.06770703125,-5.635383137252926,-7.503610373759269,-2.847571158583462
1789147779779679000,3.077678955078125,-5.629760621196032,-7.506528891554474,-2.8510017175540328
1789147779789651000,3.08765087890625,-5.626456318953633,-7.5055860577464095,-2.859990495173633
1789147779799624000,3.0976240234375,-5.638227420768142,-7.498839506095647,-2.8545024191513657
1789147779809596200,3.10759619140625,-5.643073107233644,-7.50058664202392,-2.8403023366242643
1789147779819569200,3.117569091796875,-5.629229290798306,-7.516171749168634,-2.826540060992538
1789147779829540900,3.127540771484375,-5.627596721160412,-7.518701559907197,-2.823061278966069
1789147779839513000,3.13751318359375,-5.61698823338449,-7.530089215362071,-2.813820572412014
1789147779849485800,3.14748583984375,-5.617319657295942,-7.538570043459535,-2.790351434019208
1789147779859458000,3.1574580078125,-5.6221735270679,-7.545229501348733,-2.762439344742894
1789147779869430000,3.167429931640625,-5.623275935351848,-7.55601509925723,-2.730529125741124
1789147779879402800,3.17740283203125,-5.627261205595731,-7.562632471570372,-2.7038676210477948
1789147779889375000,3.187375,-5.641542244404554,-7.559275562357902,-2.683421337607503
1789147779899347000,3.197346923828125,-5.643556506836414,-7.564346874272823,-2.6648297421231866
1789147779909320000,3.20731982421875,-5.640447434905171,-7.573084892001748,-2.646530699844658
1789147779919292000,3.2172919921875,-5.647825854718685,-7.574006098499893,-2.628096048487723
1789147779929264600,3.2272646484375,-5.655159850868582,-7.575771939128637,-2.60714824526608
1789147779939236600,3.237236572265625,-5.657238995230197,-7.582921810883283,-2.581728265066445
1789147779949208800,3.247208740234375,-5.669444396808744,-7.583677597686647,-2.552572313208878
1789147779959181600,3.257181640625,-5.676692468240857,-7.588724944204092,-2.5212711660161613
1789147779969153500,3.267153564453125,-5.681864317920804,-7.593799178728461,-2.4941975733906028
1789147779979125800,3.277125732421875,-5.6863476008147,-7.596973132589459,-2.4742335205093027
1789147779989098500,3.287098388671875,-5.684559548354149,-7.603646619004011,-2.4577874126210806
1789147779999070700,3.29707080078125,-5.677450008609891,-7.616058941331505,-2.435693361973762
1789147780009042700,3.307042724609375,-5.667060132020712,-7.633622655072807,-2.404708733384311
1789147780019015400,3.317015380859375,-5.657603736889362,-7.650688356164097,-2.3725280268780886
1789147780028987600,3.326987548828125,-5.65117282705903,-7.663838929638266,-2.345249413199723
1789147780038960600,3.336960693359375,-5.643090642890334,-7.678692799898982,-2.3159413395203647
1789147780048932600,3.3469326171875,-5.638574042248726,-7.690897032433748,-2.286257272135466
1789147780058904600,3.356904541015625,-5.632985428461432,-7.703999675112962,-2.255715565007925
1789147780068877800,3.3668779296875,-5.624904997858405,-7.720904048162699,-2.2177637277543543
1789147780078849500,3.376849609375,-5.615144651344418,-7.739479569295049,-2.1773834943100807
1789147780088821800,3.38682177734375,-5.610071001341939,-7.754238747009635,-2.137583398841321
1789147780098794800,3.396794677734375,-5.609693400201201,-7.766997690817713,-2.0917611204735933
1789147780108766500,3.406766357421875,-5.608928261047601,-7.779762479844689,-2.045873229523748
1789147780118738700,3.41673876953125,-5.608774531790614,-7.790994652476907,-2.0031027399420736
1789147780128711700,3.426711669921875,-5.60605942761302,-7.803974545559287,-1.959711488113552
1789147780138683600,3.43668359375,-5.599049256590009,-7.819551469397544,-1.917196580728144
1789147780148655600,3.446655517578125,-5.587807147085666,-7.839158087143302,-1.869334613226354
1789147780158628600,3.456628662109375,-5.568154936632514,-7.8658660613268605,-1.8149888366632163
1789147780168600600,3.4666005859375,-5.55266276846826,-7.890240039604902,-1.755685876084119
1789147780178573600,3.476573486328125,-5.543249627956747,-7.909576023715734,-1.6974628196962176
1789147780188545800,3.4865458984375,-5.528457717016339,-7.931642894095182,-1.641824372974038
1789147780198517500,3.496517578125,-5.514370154953003,-7.952755240228772,-1.586127912454307
1789147780208490500,3.506490478515625,-5.512589116755128,-7.96517983751595,-1.5289435514643788
1789147780218462700,3.516462646484375,-5.515089701399207,-7.973691060751676,-1.47459470616132
1789147780228434700,3.5264345703125,-5.509290659731626,-7.987026927664876,-1.4232045645333826
1789147780238407700,3.53640771484375,-5.494204149758816,-8.007709065687656,-1.364076522129774
1789147780248379600,3.546379638671875,-5.493749391728639,-8.018637871459125,-1.3002142908111214
1789147780258351600,3.5563515625,-5.499769967192411,-8.024979349440336,-1.233941052827984
1789147780268324600,3.56632470703125,-5.50715715483427,-8.030209651309251,-1.1650560979764908
1789147780278296800,3.576296875,-5.50710162525475,-8.038741332811117,-1.1049189515955746
1789147780288269800,3.586269775390625,-5.503288204446434,-8.049810423836112,-1.0415137433294206
1789147780298241500,3.596241455078125,-5.488287034669519,-8.067990223649144,-0.9780692259661852
1789147780308213800,3.6062138671875,-5.473612612628936,-8.085654475155472,-0.9122187434397636
1789147780318186800,3.616186767578125,-5.45944964724183,-8.10268335136771,-0.8433965516261756
1789147780328158700,3.62615869140625,-5.44704901535213,-8.117303412872552,-0.7806515608344227
1789147780338130700,3.636130615234375,-5.444626756641268,-8.124851928555964,-0.7163865208685398
1789147780348103700,3.646103759765625,-5.441847355055809,-8.132021089532971,-0.653383390597254
1789147780358075600,3.65607568359375,-5.438785044875741,-8.139041197428106,-0.5882292928371579
1789147780368047600,3.666047607421875,-5.4344619209796186,-8.146752794718742,-0.5171321418289094
1789147780378020900,3.676020751953125,-5.423726591953635,-8.157942881774902,-0.4489353519046679
1789147780387992600,3.68599267578125,-5.411924510478973,-8.169203695979714,-0.381535594109632
1789147780397965600,3.695965576171875,-5.41291878221333,-8.171133787259459,-0.3213498593466356
1789147780407937800,3.705937744140625,-5.417597295418381,-8.17008749307692,-0.26398515508743
1789147780417909500,3.715909423828125,-5.429577071547508,-8.163868180170654,-0.2033219207394868
1789147780427882800,3.7258828125,-5.439203562548756,-8.158681717443466,-0.1461282530650962
1789147780437854700,3.735854736328125,-5.454516282492876,-8.149152257075905,-0.0997564327895175
1789147780447826700,3.74582666015625,-5.454869918236136,-8.149384896788,-0.0481755132632562
1789147780457799700,3.755799560546875,-5.456626406514644,-8.148348539477587,0.0036646442897806
1789147780467771600,3.765771728515625,-5.464079645130038,-8.14322929676771,0.0452718688101973
1789147780477743600,3.77574365234375,-5.470704616227746,-8.138468365976214,0.084334708646126
1789147780487716600,3.785716552734375,-5.479874595633149,-8.131845732966065,0.1202229461670853
1789147780497688800,3.795688720703125,-5.494881610628962,-8.12092569502294,0.1650028576087206
1789147780507660500,3.80566064453125,-5.50497571914196,-8.113197731119394,0.2040989512602798
1789147780517633800,3.8156337890625,-5.510404758453369,-8.108609234285353,0.2372040791350416
1789147780527605800,3.825605712890625,-5.508659960612654,-8.108663010299205,0.2731709896490909
1789147780537578500,3.83557861328125,-5.500637397676706,-8.112857539379597,0.3080732483400031
1789147780547550700,3.84555078125,-5.494358463537693,-8.11564863140285,0.3444617817996069
1789147780557522700,3.855522705078125,-5.497765641632676,-8.112027518296241,0.3741168057531118
1789147780567495700,3.86549560546875,-5.502913525915146,-8.107178324699401,0.4024602356513962
1789147780577467600,3.875467529296875,-5.508710814017057,-8.102049729639292,0.4257789692554622
1789147780587439900,3.88543994140625,-5.518168962714076,-8.094411782106757,0.4479836041377857
1789147780597412600,3.89541259765625,-5.523950468724966,-8.08948309353292,0.4654087861912325
1789147780607384600,3.905384521484375,-5.524153882342577,-8.08881089335978,0.474592428795807
1789147780617356800,3.915356689453125,-5.516870155075192,-8.093392375931144,0.4811784195899963
1789147780627329500,3.92532958984375,-5.513771604537964,-8.095416575235127,0.4826264995064586
1789147780637301800,3.9353017578125,-5.510103145158291,-8.098149799591303,0.4786567190926521
1789147780647274800,3.945274658203125,-5.50452797537446,-8.10218300063014,0.4745367165531963
1789147780657246500,3.95524658203125,-5.505343967932462,-8.102102921131253,0.4663640410894528
1789147780667218700,3.96521875,-5.514285399278998,-8.096946853542327,0.4499897928610444
1789147780677191700,3.975191650390625,-5.523449533465504,-8.09166219113767,0.4323076403718441
1789147780687163600,3.98516357421875,-5.529810885190964,-8.08817434902191,0.4159576863344758
1789147780697135600,3.995135498046875,-5.532230221292377,-8.087160203543306,0.403314112534374
1789147780707108900,4.00510888671875,-5.5328416311889885,-8.087349588635563,0.3909367153897881
1789147780717080600,4.01508056640625,-5.5342807240813965,-8.087067849084734,0.3760966544587165
1789147780727052800,4.025052734375,-5.531209646072983,-8.090213745895028,0.3528940215149894
1789147780737025800,4.03502587890625,-5.5318993819028135,-8.090759104818105,0.3287772694010287
1789147780746997500,4.04499755859375,-5.531108523786068,-8.092087138551474,0.3087820176638662
1789147780756970800,4.054970703125,-5.531074621516466,-8.092737711414694,0.291888330404926
1789147780766942700,4.064942626953125,-5.530985189667343,-8.093539675447344,0.2705725523874163
1789147780776914700,4.074914794921875,-5.530729169079661,-8.094463220033049,0.2471617931183427
1789147780786887700,4.0848876953125,-5.535935505551099,-8.091806568044424,0.2155546304500661
1789147780796859600,4.094859619140625,-5.536327135217189,-8.092209303626417,0.1887194131576456
1789147780806831600,4.10483154296875,-5.536677848351001,-8.092602686858177,0.159261336548347
1789147780816804600,4.1148046875,-5.532383366027474,-8.096043767222762,0.1310885139766149
1789147780826776800,4.12477685546875,-5.525222972878813,-8.101240166822075,0.1104425615120679
1789147780836748500,4.13474853515625,-5.514664753985405,-8.108687560218572,0.0897155066353268
1789147780846721500,4.144721435546875,-5.510494190302491,-8.111814752328396,0.0574840974217513
1789147780856693800,4.15469384765625,-5.524252666541933,-8.102640681269765,0.0154160752873169
1789147780866665700,4.164665771484375,-5.536476188299059,-8.094273250418901,-0.0235692423329921
1789147780876638700,4.174638671875,-5.539689889648557,-8.091899507024884,-0.0581724632784025
1789147780886610700,4.184610595703125,-5.540687083992362,-8.09101161827445,-0.0819096277905162
1789147780896583700,4.194583740234375,-5.544918437951803,-8.08770965411961,-0.1149943978638388
1789147780906555600,4.2045556640625,-5.53533695513606,-8.093961115729808,-0.1349995134078897
1789147780916527900,4.21452783203125,-5.53076833204627,-8.096808906376362,-0.1505862736535724
1789147780926501000,4.224501220703125,-5.542186382639408,-8.088656579580903,-0.1679143794075585
1789147780936473000,4.23447314453125,-5.547337189531326,-8.084743790051341,-0.1853573345797136
1789147780946445300,4.2444453125,-5.545684746149182,-8.085698314297199,-0.193021202004794
1789147780956418000,4.25441796875,-5.546913995683193,-8.084499459901451,-0.2073579895888455
1789147780966390000,4.26439013671875,-5.549985073691606,-8.082007058563828,-0.2218550092359073
1789147780976362200,4.2743623046875,-5.550308314296603,-8.081483911472558,-0.2325288538656197
1789147780986335000,4.2843349609375,-5.542530081510543,-8.086757467961311,-0.2347438265013508
1789147780996307200,4.29430712890625,-5.545749628078937,-8.084275588017702,-0.2439826881581917
1789147781006279200,4.304279052734375,-5.543685681286454,-8.085175167205929,-0.2605094418008811
1789147781016252200,4.314252197265625,-5.536631086599827,-8.089459712657332,-0.2770314096705988
1789147781026224000,4.32422412109375,-5.522848644962907,-8.09837776312828,-0.2912227609019726
1789147781036197000,4.334197021484375,-5.510594728067517,-8.10626763959527,-0.3035658539181575
1789147781046169000,4.344169189453125,-5.499369569697976,-8.113338016372918,-0.317909582699649
1789147781056141000,4.35414111328125,-5.487303284329176,-8.120864320224523,-0.3338374388674274
1789147781066114300,4.3641142578125,-5.47351324390769,-8.129425227820873,-0.3513974628143012
1789147781076086000,4.3740859375,-5.472659257426858,-8.129138227573037,-0.3707931777557358
1789147781086058200,4.384058349609375,-5.478786215874552,-8.124109001234173,-0.3900474018672481
1789147781096031200,4.39403125,-5.488354839208721,-8.116642903137206,-0.4104404207503422
1789147781106003000,4.4040029296875,-5.493226829159259,-8.112377062386274,-0.4291779640439898
1789147781115975200,4.41397509765625,-5.49307660703361,-8.111403833439946,-0.4490214592855423
1789147781125948200,4.4239482421875,-5.487381610262394,-8.114124198314547,-0.4690651167416945
1789147781135920000,4.433920166015625,-5.477139033189416,-8.12014243569076,-0.4843749506089836
1789147781145893000,4.44389306640625,-5.473796737024188,-8.121873789528012,-0.4930428622437641
1789147781155865000,4.453864990234375,-5.471539898008108,-8.123018283388019,-0.4992128926482051
1789147781165837000,4.463837158203125,-5.464373075118661,-8.127419733217359,-0.5060351764163002
1789147781175810000,4.47381005859375,-5.458750559061765,-8.13077488886416,-0.5127785862619056
1789147781185782300,4.4837822265625,-5.460886986568569,-8.128769394260644,-0.5217327674921601
1789147781195754000,4.49375390625,-5.463192340901494,-8.126568084824084,-0.5317935582574457
1789147781205727000,4.50372705078125,-5.461712331476807,-8.126829950630665,-0.542881865439564
1789147781215699200,4.51369921875,-5.46193152718544,-8.125818727761507,-0.5556725195601582
1789147781225671200,4.523671142578125,-5.474952336800098,-8.116257703211904,-0.5671398161225021
1789147781235644200,4.53364404296875,-5.483913641890883,-8.109412367361784,-0.5783813776375726
1789147781245616000,4.5436162109375,-5.488097649577259,-8.105859058794378,-0.588414074819535
1789147781255588000,4.553588134765625,-5.49328060517311,-8.10171596764028,-0.597039206758514
1789147781265561000,4.56356103515625,-5.493532534107565,-8.100809958711267,-0.6069338837092741
1789147781275533300,4.573533203125,-5.487008100774884,-8.104673648402095,-0.6143306063644588
1789147781285506000,4.583506103515625,-5.480072748553752,-8.108792774158715,-0.6218244692511856
1789147781295478000,4.59347802734375,-5.480215956416726,-8.108040494486689,-0.6303237097881734
1789147781305450200,4.6034501953125,-5.481338238444924,-8.106408509370684,-0.6414557099815458
1789147781315423000,4.613423095703125,-5.484515114915371,-8.10320766750276,-0.6546097905870527
1789147781325395200,4.623395263671875,-5.492867348197103,-8.096336612689495,-0.6694159492485224
1789147781335367200,4.6333671875,-5.5009284895777695,-8.089770678302646,-0.6824830822229385
1789147781345340000,4.64333984375,-5.507383949327468,-8.084638576111198,-0.6911784298539161
1789147781355312000,4.65331201171875,-5.50902236418426,-8.082771613195538,-0.6999055608626454
1789147781365284000,4.6632841796875,-5.50967469061315,-8.081599062284827,-0.7082529718387871
1789147781375257000,4.673257080078125,-5.51638850903809,-8.076306216573714,-0.7163154283937067
1789147781385229000,4.68322900390625,-5.517425450870395,-8.074816854798794,-0.7250863254789263
1789147781395202000,4.6932021484375,-5.512209177526831,-8.07765880022645,-0.7330483173340558
1789147781405174000,4.703174072265625,-5.506610042345524,-8.080565043061972,-0.7430375772330909
1789147781415146200,4.713146240234375,-5.499890378701687,-8.084007876992224,-0.7552588339678943
1789147781425119200,4.723119140625,-5.49263061683178,-8.087499810761212,-0.7705458349488675
1789147781435091000,4.733091064453125,-5.482791944384575,-8.092460063517093,-0.7883303518339991
1789147781445063200,4.743063232421875,-5.476443452140688,-8.095123729768394,-0.8049325270667672
1789147781455036200,4.7530361328125,-5.473451284587383,-8.095657398253678,-0.8197836939137428
1789147781465008000,4.763008056640625,-5.471697134396433,-8.095219591358303,-0.8356655920479447
1789147781474980000,4.77297998046875,-5.47323384244442,-8.092649448609352,-0.850368655661121
1789147781484953000,4.782953125,-5.473798490589857,-8.090762027427553,-0.8645674960792065
1789147781494925000,4.792925048828125,-5.47325079357922,-8.089905118337272,-0.8759819664757699
1789147781504897000,4.80289697265625,-5.4717772138953205,-8.089742036730051,-0.886622091498971
1789147781514870300,4.812870361328125,-5.47658958261311,-8.085670257246495,-0.894022796209529
1789147781524842000,4.822842041015625,-5.485531598481535,-8.079124196603894,-0.8983698855031281
1789147781534815000,4.83281494140625,-5.493754652425647,-8.072882087343931,-0.9042207304231822
1789147781544787200,4.842787109375,-5.4971238365978,-8.069501797255873,-0.9138645378854126
1789147781554759000,4.852759033203125,-5.49939821127057,-8.066554637888073,-0.9261204275421796
1789147781564732200,4.862732177734375,-5.498512076085806,-8.065430017772316,-0.9410583228245376
1789147781574704000,4.8727041015625,-5.493819534355402,-8.066884308233856,-0.9558897620577363
1789147781584676000,4.882676025390625,-5.491277448657154,-8.067329129391908,-0.9666793785542248
1789147781594649000,4.892649169921875,-5.482096363335848,-8.07254657177925,-0.9751869485281408
1789147781604621000,4.90262109375,-5.474773473101854,-8.077104088953137,-0.978578929053992
1789147781614593000,4.912593017578125,-5.4708156753867865,-8.07883252018094,-0.9864251125097274
1789147781624566000,4.92256591796875,-5.473534286695719,-8.07618522054255,-0.9929920698098836
1789147781634538200,4.932538330078125,-5.476788904577494,-8.07329417527616,-0.998537282846868
1789147781644510000,4.942510009765625,-5.478630148530006,-8.0711495644629,-1.0057515981398522
1789147781654483200,4.952483154296875,-5.47729919218719,-8.071189311951398,-1.0126622543111443
1789147781664455200,4.962455078125,-5.4812149043262,-8.0675109156996,-1.0207589784618467
1789147781674428200,4.97242822265625,-5.49699231917262,-8.056219706356526,-1.025084586576
1789147781684400000,4.982400146484375,-5.508308078435063,-8.048099528264999,-1.0281151133783162
1789147781694372000,4.9923720703125,-5.512307377204299,-8.044827959248423,-1.032273548232019
1789147781704345300,5.002345458984375,-5.514010673990845,-8.04302529374063,-1.0372150962874294
1789147781714317000,5.012317138671875,-5.510839058217406,-8.04414406863749,-1.045364938864857
1789147781724289300,5.022289306640625,-5.505526338762045,-8.046697844773531,-1.0536738444615157
1789147781734262300,5.03226220703125,-5.499183107215166,-8.050156460794806,-1.0603522993121297
1789147781744234000,5.04223388671875,-5.500101391103863,-8.048938317176699,-1.064823526442051
1789147781754206200,5.052206298828125,-5.502219113910198,-8.047343156939744,-1.0659471236445008
1789147781764179200,5.06217919921875,-5.506270435127616,-8.044490105596184,-1.0665617484115064
1789147781774151200,5.072151123046875,-5.5127177115708585,-8.039308319044112,-1.0723100097399203
1789147781784123100,5.082123046875,-5.517626526400447,-8.034727420994638,-1.0813568011570722
1789147781794096000,5.09209619140625,-5.521143010088801,-8.030525877651572,-1.0945398886613549
1789147781804068000,5.102068115234375,-5.5186634682327504,-8.029884657138586,-1.1116191068213432
1789147781814041000,5.112041015625,-5.522866765141487,-8.025240630725026,-1.1242069318462162
1789147781824013300,5.122013427734375,-5.525613433501124,-8.022102917221188,-1.133066530128196
1789147781833985000,5.131985107421875,-5.5258963420957325,-8.02088828073442,-1.1402654286563396
1789147781843958000,5.1419580078125,-5.522490917566419,-8.022267752394079,-1.1470392336402089
1789147781853930200,5.15193017578125,-5.519174340364336,-8.023352040499448,-1.1553832836154847
1789147781863902200,5.161902099609375,-5.514930711445212,-8.024535697326064,-1.1673724120948463
1789147781873875200,5.171875244140625,-5.510397744190692,-8.02564278178513,-1.1810837612569332
1789147781883847200,5.18184716796875,-5.510536860400438,-8.023464268702268,-1.1951510111846029
1789147781893819100,5.191819091796875,-5.509281307381391,-8.022263076218962,-1.2089257809717209
1789147781903792000,5.201792236328125,-5.506636930352449,-8.022512082543969,-1.2192762753985822
1789147781913764000,5.21176416015625,-5.50268147072494,-8.023754776081443,-1.2289217633612453
1789147781923736000,5.221736083984375,-5.497774993982911,-8.025227186721564,-1.241201691480726
1789147781933708800,5.231708740234375,-5.489604547008872,-8.028718535968661,-1.2547132072217762
1789147781943681000,5.241680908203125,-5.481017920449376,-8.032316852721571,-1.269139499720186
1789147781953654000,5.251654052734375,-5.468959818387031,-8.038126415783166,-1.2842865077085792
1789147781963626000,5.2616259765625,-5.463523764812946,-8.040342922788858,-1.2935172773905097
1789147781973598000,5.271597900390625,-5.457015113571286,-8.043537919437885,-1.3011062712147832
1789147781983571000,5.281571044921875,-5.451873074507713,-8.04612033714652,-1.3066785183891654
1789147781993543000,5.29154296875,-5.452463441616296,-8.045050662088393,-1.310801297407597
1789147782003515000,5.301514892578125,-5.451241790866852,-8.045202637779711,-1.3149398585170506
1789147782013488000,5.311488037109375,-5.450763651961088,-8.045224265089631,-1.3167897241674362
1789147782023459800,5.3214599609375,-5.450618690532446,-8.045832752376795,-1.3136682311460377
1789147782033432000,5.33143212890625,-5.43505754878521,-8.056485079294443,-1.3128525308489798
1789147782043405000,5.341405029296875,-5.428481677526236,-8.061248348173498,-1.3108191253252326
1789147782053377000,5.351376953125,-5.4116573839753865,-8.072598009705542,-1.3105414774276316
1789147782063349000,5.361348876953125,-5.408136224111915,-8.07530609962046,-1.3083882449164983
1789147782073322000,5.371322021484375,-5.40687657943964,-8.077568783855439,-1.299600396696478
1789147782083294000,5.3812939453125,-5.410392478606105,-8.077427914080022,-1.2857650558285414
1789147782093267000,5.391266845703125,-5.411117285749316,-8.079100231206416,-1.2721379508838058
1789147782103239200,5.4012392578125,-5.402074732115865,-8.087420900306105,-1.257617404230684
1789147782113211000,5.4112109375,-5.40973079982698,-8.084126534935832,-1.245834027456492
1789147782123183900,5.421183837890625,-5.422646395501494,-8.077146174529194,-1.234911797556281
1789147782133156000,5.431156005859375,-5.434114130455256,-8.071243672487139,-1.2230346050187946
1789147782143127800,5.4411279296875,-5.447996525335312,-8.064712224891782,-1.2042172379545866
1789147782153101000,5.45110107421875,-5.468711396583914,-8.054415287283062,-1.1789764137141403
1789147782163073000,5.461072998046875,-5.480044106981158,-8.050365135109423,-1.1537428229320794
1789147782173045000,5.471044921875,-5.493474081918597,-8.045203806823492,-1.1255339426662772
1789147782183018000,5.48101806640625,-5.5073260816603895,-8.039234084764123,-1.1002079243604093
1789147782192990000,5.490989990234375,-5.517705436855554,-8.035128987532854,-1.0779684738930315
1789147782202962000,5.5009619140625,-5.529069126912951,-8.03073572100997,-1.0521691389869898
1789147782212935000,5.510934814453125,-5.540303637632728,-8.026733499631286,-1.0232129474852234
1789147782222907100,5.5209072265625,-5.546074622249603,-8.026628870213031,-0.9923013110667468
1789147782232879900,5.5308798828125,-5.552301533940434,-8.026621271428466,-0.9569151595827192
1789147782242852000,5.54085205078125,-5.553992555767297,-8.029520500001311,-0.9221468477360903
1789147782252824000,5.550823974609375,-5.558768099606037,-8.030295576027035,-0.8859083902716636
1789147782262796800,5.560796875,-5.574090171900392,-8.023847130540013,-0.8472230511117727
1789147782272769000,5.57076904296875,-5.589175512829423,-8.017278858065605,-0.8091514599360525
1789147782282741000,5.580740966796875,-5.5984320014745,-8.014251619198918,-0.77442274944745
1789147782292714000,5.5907138671875,-5.609143365103006,-8.010093914997578,-0.7391072520468384
1789147782302686000,5.60068603515625,-5.615098474115133,-8.009266232001782,-0.7019369936250149
1789147782312658200,5.610658203125,-5.621475023409724,-8.00835613141954,-0.6600206366546452
1789147782322631000,5.620630859375,-5.629419260412455,-8.006587368181348,-0.6120340563924983
1789147782332603000,5.630602783203125,-5.6344508248388765,-8.006439484143257,-0.5659191152211278
1789147782342575000,5.6405751953125,-5.641261089375615,-8.004636234113574,-0.5218835741396993
1789147782352547800,5.6505478515625,-5.649426275652647,-8.001641728472709,-0.4775997939182445
1789147782362520000,5.66052001953125,-5.654297681081295,-8.000601864030957,-0.4355151677088811
1789147782372492000,5.670491943359375,-5.657442993369698,-8.000341751790046,-0.3978094141708687
1789147782382464800,5.68046484375,-5.661459243273734,-7.999391319197416,-0.3577738659784197
1789147782392437000,5.69043701171875,-5.66588816563189,-7.997973853614926,-0.3170440519114956
1789147782402410000,5.700409912109375,-5.665522839450836,-7.999781195297837,-0.2752165240020491
1789147782412382000,5.7103818359375,-5.66426553286612,-8.002043295010925,-0.2319142838975414
1789147782422354000,5.72035400390625,-5.664889217722416,-8.002738291537762,-0.1886741857764311
1789147782432327000,5.730326904296875,-5.662873201724887,-8.005005067425966,-0.1488217573322355
1789147782442299000,5.740298828125,-5.655324686041474,-8.010894709986449,-0.1151475699984002
1789147782452271000,5.75027099609375,-5.6457753519296645,-8.01805218052566,-0.0802065410665236
1789147782462244000,5.760244140625,-5.632303291416168,-8.027793822339177,-0.0454238216686295
1789147782472215800,5.7702158203125,-5.618197609174251,-8.037795576393604,-0.0090621659411524
1789147782482188000,5.78018798828125,-5.5995934464693065,-8.050733383899926,0.0250807109084445
1789147782492161000,5.7901611328125,-5.5934331702739,-8.05486536913812,0.0550962387374136
1789147782502133000,5.800133056640625,-5.599243902379274,-8.05057731655538,0.0839410240202676
1789147782512105000,5.81010498046875,-5.611491389533877,-8.041707196879386,0.1117716272918973
1789147782522078000,5.820077880859375,-5.616004483044147,-8.038208248847722,0.1345127436710987
1789147782532050000,5.8300498046875,-5.623059662252664,-8.032859289035201,0.1573802172431722
1789147782542023000,5.84002294921875,-5.6235401392459865,-8.03196730863154,0.183524109536875
1789147782551995100,5.8499951171875,-5.621731043997406,-8.032585148268938,0.2099936901209876
1789147782561966800,5.859966796875,-5.627535346361994,-8.027738877281546,0.2379932567513547
1789147782571939800,5.86993994140625,-5.649068548256159,-8.01184280449152,0.2622754102937877
1789147782581912000,5.879912109375,-5.654214678972959,-8.00751617346406,0.2827310460843145
1789147782591883800,5.8898837890625,-5.640678905573487,-8.016425456106662,0.3000932093715295
1789147782601857000,5.89985693359375,-5.6262359542012215,-8.026079419636726,0.3128907681569456
1789147782611829000,5.9098291015625,-5.6116883734107015,-8.035652719146013,0.3280796790583059
1789147782621801000,5.919801025390625,-5.59097057955265,-8.049211288899183,0.348768648680672
1789147782631774000,5.92977392578125,-5.563901955363154,-8.066829363176225,0.3736784874010831
1789147782641746000,5.939745849609375,-5.549378924492001,-8.07594264395833,0.3923378143593669
1789147782651718000,5.9497177734375,-5.544294168573618,-8.078788681039214,0.4054203640986233
1789147782661691000,5.95969091796875,-5.528009973248839,-8.089783537784218,0.4085276824641972
1789147782671663000,5.9696630859375,-5.508087129160762,-8.103474209484457,0.4062813648421317
1789147782681634800,5.979634765625,-5.493868634194135,-8.113011268636583,0.4084473837696015
1789147782691608000,5.989608154296875,-5.47446367650032,-8.125933294051885,0.4121302370008081
1789147782701580000,5.999580078125,-5.45395046530366,-8.139514660158753,0.4160707547875121
1789147782711553000,6.009552978515625,-5.434787499672174,-8.151837550637126,0.4254686611972749
1789147782721525000,6.01952490234375,-5.417372254490852,-8.16329768680632,0.4278325773170218
1789147782731497000,6.0294970703125,-5.413743542599677,-8.165510102158784,0.4315344275096431
1789147782741470200,6.03947021484375,-5.415438656079769,-8.164363270211219,0.4319594845212995
1789147782751442000,6.04944189453125,-5.421040129348635,-8.160550433924794,0.4337391344796866
1789147782761414100,6.0594140625,-5.419692221871018,-8.16151021886766,0.432531841049157
1789147782771387100,6.06938720703125,-5.405958295550942,-8.170771383687853,0.4295249873833731
1789147782781358800,6.07935888671875,-5.3835453882128,-8.18618171878755,0.4174239960273727
1789147782791331000,6.0893310546875,-5.356011484599113,-8.204948378577829,0.4029209484983235
1789147782801304000,6.099303955078125,-5.344206480515003,-8.21352273017764,0.384578468936868
1789147782811276000,6.109276123046875,-5.330995116764306,-8.222689786973595,0.3718248954236507
1789147782821248000,6.119248046875,-5.322486231616139,-8.228582936665415,0.3632611017504706
1789147782831221000,6.129220947265625,-5.31673921239674,-8.232630166229605,0.3556087603664025
1789147782841193000,6.13919287109375,-5.299120553597808,-8.244486608240008,0.3437172470426187
1789147782851165200,6.149165283203125,-5.291542227298021,-8.249905126157403,0.3301895838843658
1789147782861138200,6.15913818359375,-5.311197944882512,-8.237945223772526,0.3127808049764484
1789147782871110000,6.16910986328125,-5.334992661967873,-8.22337192401886,0.2904921085398644
1789147782881083100,6.179083251953125,-5.351371549838781,-8.213504025477171,0.2675196676228195
1789147782891055000,6.18905517578125,-5.365637975600362,-8.204826213502884,0.2472632259325124
1789147782901027000,6.199027099609375,-5.363230914458632,-8.206905942386388,0.2298283262026496
1789147782911000000,6.209,-5.362038489803672,-8.207998413798213,0.2183627101407386
1789147782920972000,6.218971923828125,-5.362998859268426,-8.207688032674788,0.2060891569631174
1789147782930944300,6.2289443359375,-5.3640439844071865,-8.207327382668852,0.1928905065635219
1789147782940917200,6.238917236328125,-5.352413167846202,-8.215335917079448,0.1741182024837471
1789147782950889500,6.248889404296875,-5.354285975980758,-8.214497712689637,0.1550329782635904
1789147782960861200,6.258861083984375,-5.367950928717852,-8.205939727702736,0.1343875007230788
1789147782970834200,6.268834228515625,-5.384249152567983,-8.19546977161467,0.120513097353233
1789147782980806400,6.278806396484375,-5.4090176831215615,-8.17933872102499,0.106430348462332
1789147782990778000,6.288778076171875,-5.430445086553693,-8.165335330113768,0.0890852276414632
1789147783000751400,6.29875146484375,-5.442015697360039,-8.157821885743736,0.0692242424089927
1789147783010723300,6.308723388671875,-5.455277329993248,-8.149126538112759,0.0454761683437973
1789147783020695300,6.3186953125,-5.462961454755067,-8.144083283248543,0.0184197894312324
1789147783030668300,6.328668212890625,-5.454439710125326,-8.14981335133314,-0.0007855222852722
1789147783040640300,6.33864013671875,-5.441218409502506,-8.158633786648512,-0.015272908523539
1789147783050613200,6.34861328125,-5.44039072650671,-8.159135306429862,-0.0326067887144745
1789147783060585200,6.358585205078125,-5.45419011927843,-8.14983322507739,-0.0489798199500422
1789147783070557400,6.368557373046875,-5.466783643391728,-8.141326093494891,-0.0588314021111698
1789147783080530200,6.3785302734375,-5.482264705640077,-8.130832756531237,-0.0687392125381389
1789147783090502100,6.388502197265625,-5.488949297970533,-8.126160673066973,-0.0856949458823539
1789147783100474400,6.398474365234375,-5.484697485744952,-8.128748935994505,-0.1092090924606658
1789147783110447000,6.408447021484375,-5.473918317577242,-8.135614145588875,-0.1355581976034212
1789147783120419300,6.41841943359375,-5.465423460954427,-8.140847954589129,-0.1616521224087104
1789147783130391300,6.428391357421875,-5.457385115927457,-8.14578658003509,-0.1830304260021075
1789147783140364300,6.4383642578125,-5.4406496697038405,-8.156571593421697,-0.200144642410241
1789147783150336300,6.448336181640625,-5.423478754672408,-8.167690368807316,-0.2123336591095663
1789147783160308500,6.45830859375,-5.415917379507422,-8.172478187605739,-0.2209529640959575
1789147783170281200,6.46828125,-5.413114012524486,-8.173977486252785,-0.2338273875098675
1789147783180253200,6.478253173828125,-5.409570640829205,-8.176033249738811,-0.2437471989018842
1789147783190225200,6.48822509765625,-5.405221797969937,-8.178473044106363,-0.2579730551910587
1789147783200198100,6.4981982421875,-5.400968232178688,-8.180704164159298,-0.2757228660889901
1789147783210170400,6.50817041015625,-5.409843028029799,-8.174298388770222,-0.2912633121080696
1789147783220143400,6.518143310546875,-5.422231384959817,-8.16559310426712,-0.3047380395026877
1789147783230115000,6.528114990234375,-5.424885114338994,-8.163479473114013,-0.3140006290949881
1789147783240087300,6.53808740234375,-5.425162177714705,-8.16311297788918,-0.318733722031489
1789147783250060300,6.548060302734375,-5.421378567522764,-8.165342344376445,-0.3259030291389673
1789147783260032300,6.5580322265625,-5.413775106781721,-8.16993960903883,-0.336912791192159
1789147783270004200,6.568004150390625,-5.411281536400318,-8.171297453388572,-0.3439674589440226
1789147783279977200,6.577977294921875,-5.3995116036295885,-8.17890909743607,-0.3479894810017198
1789147783289949200,6.58794921875,-5.391508329916,-8.184172717052698,-0.3483194070758297
1789147783299921200,6.597921142578125,-5.38673512416482,-8.18719118809104,-0.3512238232804462
1789147783309894400,6.607894287109375,-5.380461450722813,-8.191047863519191,-0.3574438668390736
1789147783319866000,6.6178662109375,-5.374285976958275,-8.194737950208783,-0.3656565455196425
1789147783329838300,6.62783837890625,-5.371773117354512,-8.196190487104653,-0.3699901908097788
1789147783339811300,6.637811279296875,-5.3687213285684585,-8.197990230002999,-0.3744027830876409
1789147783349783300,6.647783203125,-5.372496170932054,-8.195413072991371,-0.3766745274119079
1789147783359755300,6.65775537109375,-5.384865823161602,-8.18707720632255,-0.3812785140760242
1789147783369728300,6.667728271484375,-5.4020940213382245,-8.1754218398422,-0.3876143660340458
1789147783379700200,6.6777001953125,-5.422475130587816,-8.161760978758334,-0.3909049685446545
1789147783389673200,6.687673095703125,-5.434042818784714,-8.153779332354665,-0.3967980817038565
1789147783399645400,6.6976455078125,-5.438515580284595,-8.150381506609916,-0.4052343400072306
1789147783409617200,6.7076171875,-5.4363019958883525,-8.151497358897329,-0.4124249821636825
1789147783419590100,6.717590087890625,-5.439987990924716,-8.148698668089509,-0.4190878375863656
1789147783429562400,6.727562255859375,-5.433523763346671,-8.152789152273535,-0.4233592312952503
1789147783439534000,6.7375341796875,-5.42830573643744,-8.15611858895719,-0.4261464143283665
1789147783449507300,6.74750732421875,-5.42235471907854,-8.159822704172134,-0.4309808852801099
1789147783459479300,6.757479248046875,-5.419187194958329,-8.161472224944829,-0.4395015339313075
1789147783469451300,6.767451171875,-5.414693390670418,-8.163924878793955,-0.4492237038593739
1789147783479424300,6.77742431640625,-5.413261896562576,-8.164238182526827,-0.4606477092692628
1789147783489396200,6.787396240234375,-5.409142770805954,-8.166163013109564,-0.4747089313149452
1789147783499368200,6.7973681640625,-5.406665567037463,-8.167057331600784,-0.4873499112991616
1789147783509341200,6.807341064453125,-5.414202392283082,-8.161387469270824,-0.498556438033469
1789147783519313400,6.8173134765625,-5.421187428864837,-8.156039678502083,-0.5100195698773488
1789147783529285000,6.82728515625,-5.424792759880424,-8.153130513057112,-0.5181425244478508
1789147783539258400,6.83725830078125,-5.427219110244512,-8.151329016593099,-0.5210764590078965
1789147783549230300,6.847230224609375,-5.429378918626904,-8.149717489743232,-0.5237600355360656
1789147783559203000,6.857203125,-5.4284489443004125,-8.149934931886195,-0.5299854859221726
1789147783569175300,6.86717529296875,-5.4308887386679645,-8.14791307066977,-0.536046101135388
1789147783579147300,6.877147216796875,-5.435940761360526,-8.14384538283944,-0.5465495576342567
1789147783589120300,6.887120361328125,-5.447092854493856,-8.13586549000144,-0.5543148944061249
1789147783599092200,6.89709228515625,-5.454591101294755,-8.130316039180755,-0.5619556549502537
1789147783609064400,6.907064453125,-5.4611020906239744,-8.12528973545134,-0.5713323724415152
1789147783619037200,6.917037109375,-5.467965546652675,-8.119954804164172,-0.5814434320893138
1789147783629009200,6.927009033203125,-5.471493720778823,-8.116791371697188,-0.5923126896932721
1789147783638981400,6.9369814453125,-5.468230335068703,-8.118137525609136,-0.6038962695790454
1789147783648954000,6.9469541015625,-5.460123600980639,-8.122817792379855,-0.6142185242921113
1789147783658926300,6.95692626953125,-5.458066083928943,-8.123497006815672,-0.6234525819096713
1789147783668898300,6.966898193359375,-5.462544690647721,-8.119625718340277,-0.6345604705750942
1789147783678871000,6.97687109375,-5.460577189967036,-8.119895767453313,-0.6478929764874279
1789147783688843300,6.98684326171875,-5.457877867880463,-8.120798853772879,-0.659225540754199
1789147783698815200,6.996815185546875,-5.460489511683583,-8.118238647896051,-0.6690565413516014
1789147783708788200,7.006788330078125,-5.46019549717307,-8.117486368224025,-0.6804941003628074
1789147783718760200,7.01676025390625,-5.452116820135712,-8.122088893583417,-0.6902829423189163
1789147783728732400,7.026732421875,-5.449798021799325,-8.123077904620766,-0.6969141239617019
1789147783738705200,7.036705078125,-5.450753130567073,-8.121825858733057,-0.7040040091574191
1789147783748677400,7.046677490234375,-5.450132368320227,-8.121555809620022,-0.7118810261428355
1789147783758650400,7.056650390625,-5.448741790744662,-8.121701355570554,-0.7208113515734672
1789147783768622000,7.0666220703125,-5.447151306682825,-8.122063174620271,-0.7287122608911245
1789147783778594300,7.07659423828125,-5.442002837878466,-8.124854851165413,-0.7360159349679947
1789147783788567300,7.0865673828125,-5.439833092623949,-8.126017465204,-0.7392113700084387
1789147783798539300,7.096539306640625,-5.440567836639285,-8.125347603118419,-0.7411802589286118
1789147783808511200,7.10651123046875,-5.445656099689007,-8.121981926077604,-0.7406902103893458
1789147783818484200,7.116484130859375,-5.4487014587342735,-8.120157048738003,-0.7383045573618262
1789147783828456200,7.126456298828125,-5.450086191090941,-8.119797567775844,-0.7320082336965948
1789147783838428200,7.13642822265625,-5.447344783428311,-8.122356604608893,-0.7239751493666321
1789147783848401400,7.1464013671875,-5.440532765325903,-8.127576969605684,-0.7165748099822551
1789147783858373000,7.156373046875,-5.431592503023147,-8.134328781953453,-0.7077260253552347
1789147783868345300,7.166345458984375,-5.419176089042425,-8.143485901877284,-0.6975215152703225
1789147783878318300,7.176318359375,-5.407725305223464,-8.152266589704155,-0.6836904121860862
1789147783888290000,7.1862900390625,-5.411005057546496,-8.151637059628962,-0.6650033204380422
1789147783898262300,7.19626220703125,-5.419783407285809,-8.147019336700438,-0.6499216327708214
1789147783908235300,7.2062353515625,-5.424026451683044,-8.145164648744464,-0.6376593864385038
1789147783918207200,7.216207275390625,-5.431966597032547,-8.140995254105329,-0.6231435890257359
1789147783928179500,7.226179443359375,-5.437991848671436,-8.138153308677673,-0.607530607493408
1789147783938151700,7.236151611328125,-5.4409220569044345,-8.137401613527535,-0.5911493084697053
1789147783948123600,7.24612353515625,-5.4485103200763465,-8.133241571238637,-0.5783646091658622
1789147783958096400,7.256096435546875,-5.457298606687784,-8.128128173747658,-0.5672889422696084
1789147783968068600,7.266068603515625,-5.459201809960604,-8.127443114092946,-0.5587127640388906
1789147783978040600,7.27604052734375,-5.456428253594041,-8.13015821827054,-0.5461630790673196
1789147783988013600,7.286013671875,-5.456826897522807,-8.130728127112985,-0.533567801388353
1789147783997985500,7.295985595703125,-5.452957947134971,-8.134250456020235,-0.5192341556094586
1789147784007957800,7.305957763671875,-5.447791358152031,-8.138505775377153,-0.506632923113741
1789147784017930500,7.315930419921875,-5.44039014198482,-8.144290788519381,-0.4930192256398498
1789147784027902700,7.32590283203125,-5.429640784433484,-8.152323872849344,-0.4785502265108749
1789147784037874700,7.335874755859375,-5.420877632263302,-8.15908562206924,-0.4623873560108244
1789147784047847400,7.345847412109375,-5.416678427007794,-8.162641853246093,-0.4486215367151424
1789147784057819600,7.355819580078125,-5.419591684105992,-8.16145176667869,-0.4348730704130604
1789147784067791600,7.36579150390625,-5.425315906971693,-8.15841517546177,-0.4202343772729858
1789147784077764600,7.3757646484375,-5.424590515306591,-8.159526936095952,-0.4078138716390356
1789147784087736600,7.385736572265625,-5.435427551141381,-8.152972692146896,-0.3943925183994695
1789147784097708800,7.395708740234375,-5.4466199762851,-8.146195160835981,-0.3797471032576635
1789147784107681500,7.405681640625,-5.444231035321951,-8.148265537369252,-0.3694557916721329
1789147784117653500,7.415653564453125,-5.443816024780273,-8.148724971574545,-0.3654106079345569
1789147784127626800,7.425626708984375,-5.445069824233651,-8.14791190162599,-0.3648690849363804
1789147784137598500,7.435598388671875,-5.439724956074357,-8.151256535878778,-0.3698730307035148
1789147784147570700,7.44557080078125,-5.436314855369925,-8.15317318315506,-0.377649838717468
1789147784157543700,7.455543701171875,-5.4386324846625325,-8.151393898522853,-0.382676142446883
1789147784167515400,7.465515380859375,-5.432636459118127,-8.155203812199831,-0.3866457401975989
1789147784177487600,7.475487548828125,-5.432413756278157,-8.155349358150362,-0.3867053248977288
1789147784187460600,7.485460693359375,-5.448171297380328,-8.14504073010385,-0.3822473956407979
1789147784197432600,7.4954326171875,-5.46334840824604,-8.134915641930698,-0.3812568137008696
1789147784207404500,7.505404541015625,-5.462743428090215,-8.135526467305422,-0.3768571539698168
1789147784217377500,7.51537744140625,-5.45756748675704,-8.139061655694245,-0.3755044607192278
1789147784227349500,7.525349609375,-5.444058016842603,-8.148040496441721,-0.3768864531295374
1789147784237321700,7.53532177734375,-5.433650020074844,-8.155134254094957,-0.3736534625576809
1789147784247294700,7.545294677734375,-5.428555327284336,-8.158731401804088,-0.3691460316032171
1789147784257266400,7.555266357421875,-5.42532233671248,-8.161303882640599,-0.3597062588131055
1789147784267238700,7.56523876953125,-5.418705548921227,-8.166248937827348,-0.346977929338999
1789147784277211600,7.575211669921875,-5.414400545203685,-8.169663130185008,-0.3335599371002987
1789147784287183600,7.58518359375,-5.417298604732752,-8.16824157294929,-0.3210812350057065
1789147784297155600,7.595155517578125,-5.420269144976139,-8.166696097072958,-0.3100852092169225
1789147784307128600,7.605128662109375,-5.431271600505709,-8.159697031965852,-0.3016781404754147
1789147784317100500,7.6151005859375,-5.4476890668213365,-8.149096727496385,-0.2920535491703078
1789147784327073500,7.625073486328125,-5.454625003564358,-8.144810428479314,-0.2819969779224134
1789147784337045800,7.635045654296875,-5.459982146683335,-8.141613678264617,-0.2703659238994121
1789147784347017500,7.645017578125,-5.463401015216112,-8.13963156453669,-0.2608558440857567
1789147784356990500,7.654990478515625,-5.462811817151308,-8.14024765060842,-0.253864249899052
1789147784366962700,7.664962646484375,-5.456476184388995,-8.144799907085298,-0.2439167102498933
1789147784376934700,7.6749345703125,-5.451728113079071,-8.148186042392254,-0.2369014246603474
1789147784386907600,7.68490771484375,-5.448841159465909,-8.150278630757331,-0.2312371335546486
1789147784396879600,7.694879638671875,-5.454538494324684,-8.14670135679245,-0.2228452806485816
1789147784406851600,7.7048515625,-5.45967527269125,-8.14347479596138,-0.2148232109029777
1789147784416824600,7.714824462890625,-5.462047262519597,-8.142021674543619,-0.2095483209736645
1789147784426796800,7.724796875,-5.467649320310354,-8.138353215163946,-0.2059181295114569
1789147784436768500,7.7347685546875,-5.469608053162694,-8.13713273345828,-0.2021177325814962
1789147784446741500,7.744741455078125,-5.468486940178275,-8.138002502030133,-0.1973981749800033
1789147784456713700,7.754713623046875,-5.464383596512675,-8.140950245919823,-0.1892746906865388
1789147784466685400,7.764685546875,-5.461702394604683,-8.143055109244585,-0.1756276389323174
1789147784476658700,7.77465869140625,-5.454854136145115,-8.147986135905981,-0.1589722356749698
1789147784486630700,7.784630615234375,-5.450854252853989,-8.15093621788323,-0.1442947266281582
1789147784496603600,7.794603759765625,-5.44717877921164,-8.153641969710588,-0.1293930717029608
1789147784506575600,7.80457568359375,-5.440638563787937,-8.15818721192479,-0.1175163266900461
1789147784516547600,7.814547607421875,-5.434036389043927,-8.16272193274498,-0.1077811054841615
1789147784526520800,7.824520751953125,-5.432629444855452,-8.163803882762789,-0.0961010794865898
1789147784536492500,7.834492431640625,-5.435866527080536,-8.16179078937471,-0.0831590067971032
1789147784546464800,7.84446484375,-5.450720397341251,-8.152021675032376,-0.0676764193119481
1789147784556437800,7.854437744140625,-5.4628147397607565,-8.144040028628707,-0.0514460365336388
1789147784566409500,7.864409423828125,-5.466427669560909,-8.141689666110278,-0.0377447064420674
1789147784576381700,7.874381591796875,-5.467527155235409,-8.14099291601777,-0.027546196839679
1789147784586354700,7.884354736328125,-5.462194562035799,-8.144603507730364,-0.0159046442555496
1789147784596326700,7.89432666015625,-5.460741440618038,-8.145592518767714,-0.0038103380832515
1789147784606298600,7.904298583984375,-5.461943217623234,-8.14478003334105,0.0107628654868807
1789147784616271600,7.914271728515625,-5.469397040760517,-8.13974145465195,0.0260004812180413
1789147784626243600,7.92424365234375,-5.475486589807272,-8.135597778975963,0.0383168529073707
1789147784636215800,7.9342158203125,-5.486694212520122,-8.12799607180059,0.0473601234934525
1789147784646188800,7.944188720703125,-5.49675091163218,-8.121164764475822,0.0528928515081992
1789147784656160500,7.954160400390625,-5.504599871566891,-8.115808205878734,0.0585771898880833
1789147784666132700,7.9641328125,-5.508451286298036,-8.113145708671212,0.0649903448660159
1789147784676105500,7.97410546875,-5.513042121219635,-8.109971754810214,0.0714767523098271
1789147784686077700,7.98407763671875,-5.518977356487512,-8.10587600992918,0.0778076358317863
1789147784696050700,7.99405078125,-5.53280188370049,-8.096386297050119,0.0838115158890839
1789147784706022400,8.0040224609375,-5.5405292630821465,-8.091004604011774,0.0925710147974546
1789147784715994600,8.01399462890625,-5.546883016023039,-8.086527750858664,0.1026845312638208
1789147784725967600,8.023967529296876,-5.550266228720545,-8.084116598063707,0.1094516507785767
1789147784735939600,8.033939697265625,-5.543477006971836,-8.088701003244518,0.1147222481252625
1789147784745911600,8.04391162109375,-5.536191526138782,-8.09358643719852,0.1217809709977358
1789147784755884500,8.053884521484376,-5.5329322320818894,-8.0957865775913,0.1236284985605627
1789147784765856500,8.0638564453125,-5.542458185318112,-8.089249869298934,0.1248057621790096
1789147784775828500,8.073828369140625,-5.553351919776201,-8.081736424928904,0.1272901080743409
1789147784785801700,8.0838017578125,-5.551082805800438,-8.083225786703824,0.1316118254646658
1789147784795773400,8.0937734375,-5.544798026442527,-8.087479937016964,0.1351475892422255
1789147784805745700,8.10374560546875,-5.534966952779889,-8.094184987613557,0.1367507501225452
1789147784815718700,8.11371875,-5.520569594115019,-8.104039442151784,0.1350140259904321
1789147784825690600,8.123690673828126,-5.5016796002060175,-8.116848070320486,0.1366648619373794
1789147784835662600,8.13366259765625,-5.487679131904244,-8.126265302485226,0.1399250875760335
1789147784845635600,8.143635498046875,-5.481679014706612,-8.13023128350675,0.14462510022684
1789147784855607600,8.153607666015626,-5.47808303604126,-8.132593920984863,0.1480606185003183
1789147784865579500,8.16357958984375,-5.476045392733812,-8.133940074896811,0.1494297696953639
1789147784875552800,8.173552734375,-5.47442626709938,-8.135088660410046,0.1462095290072262
1789147784885524500,8.1835244140625,-5.472675624039769,-8.13629219098091,0.144734798545856
1789147784895497500,8.19349755859375,-5.464400547647476,-8.141808908575772,0.1471573129850439
1789147784905469700,8.2034697265625,-5.459343264257908,-8.145194459360837,0.1475480567351449
1789147784915441400,8.21344140625,-5.455942515903711,-8.147432593676447,0.1497580426685046
1789147784925414700,8.22341455078125,-5.449306438890099,-8.151802479323745,0.1534928178831935
1789147784935387000,8.233386962890625,-5.442020373535156,-8.156689082321524,0.1524386235219892
1789147784945359000,8.243359130859375,-5.436791240710019,-8.160178678002953,0.15225436212942
1789147784955331800,8.253331787109374,-5.430285512077808,-8.164553824347257,0.1497813596120104
1789147784965303800,8.2633037109375,-5.4199996803849935,-8.171437154120206,0.1469773807077203
1789147784975276000,8.273276123046875,-5.4087248376548285,-8.178949429446458,0.1444345460908021
1789147784985248800,8.283248779296875,-5.4115708747357125,-8.177073114180564,0.1440360117598902
1789147784995221000,8.293220947265626,-5.41620145714581,-8.174111926287413,0.1379923842140939
1789147785005193000,8.30319287109375,-5.415650837525725,-8.174587142583727,0.1312723369777668
1789147785015165700,8.313165771484375,-5.412306787794828,-8.176911201617122,0.1242315242213197
1789147785025138000,8.323137939453124,-5.4040790576756,-8.182446039390564,0.1178736522277351
1789147785035110000,8.33310986328125,-5.390560235410929,-8.19142429561615,0.1131643785582389
1789147785045083000,8.343082763671875,-5.386532295069098,-8.19414524501264,0.1078795152241829
1789147785055054800,8.353054931640624,-5.379157382386922,-8.19910783585608,0.0984090367685537
1789147785065027000,8.363027099609376,-5.371157031282782,-8.20447725393474,0.0873048287644051
1789147785074999800,8.372999755859375,-5.369291237410903,-8.205831591153144,0.0736168559113284
1789147785084972000,8.382971923828125,-5.372600800350308,-8.203791609758138,0.0579168399829417
1789147785094945000,8.392945068359374,-5.369180178251862,-8.20611976044476,0.0433680399162927
1789147785104916700,8.402916748046875,-5.3714808564096685,-8.204681252074241,0.0280666724832495
1789147785114889000,8.412888916015625,-5.386089227476716,-8.195140685790777,0.0102075126094627
1789147785124862000,8.422862060546874,-5.400699936631321,-8.185522962617874,-0.0068454414522188
1789147785134834000,8.432833984375,-5.409093086445331,-8.179961236837507,-0.0184719557265983
1789147785144806000,8.442805908203125,-5.418096477112174,-8.17396638033688,-0.0299401016723131
1789147785154779000,8.45277880859375,-5.424173751199245,-8.169854853364825,-0.0469073930235812
1789147785164750800,8.462750732421876,-5.422129093629121,-8.171071243417263,-0.0670708089684601
1789147785174722800,8.472722900390625,-5.422648149067163,-8.170539913019537,-0.0869195466407109
1789147785184696000,8.482696044921875,-5.413742958077788,-8.176215036046505,-0.1061891601176001
1789147785194667800,8.492667724609374,-5.410840222373604,-8.177906057873368,-0.1226873452529311
1789147785204640000,8.502639892578125,-5.408045038697123,-8.179499464544653,-0.1386526108216494
1789147785214613000,8.512613037109375,-5.4075838509261605,-8.179438089746236,-0.1587610406097024
1789147785224584700,8.522584716796874,-5.40835015912354,-8.178493502372502,-0.1799136091558262
1789147785234557000,8.532556884765626,-5.409663579809665,-8.17713682706654,-0.2008872044058516
1789147785244530000,8.542530029296875,-5.406621143373847,-8.178690486249327,-0.2187477822018787
1789147785254502000,8.552501953125,-5.400856588497757,-8.182002387276292,-0.2365728502931073
1789147785264473900,8.562473876953124,-5.395915624964237,-8.184768344858288,-0.2530667428458109
1789147785274446800,8.57244677734375,-5.4025002640515565,-8.180018519982696,-0.2658169005592353
1789147785284418800,8.582418701171875,-5.405954788419604,-8.177390509566663,-0.2762760977912694
1789147785294391000,8.59239111328125,-5.407440643063187,-8.175947325021028,-0.289602667153161
1789147785304364000,8.602364013671876,-5.410040011906624,-8.173422774979471,-0.3114968295805156
1789147785314335700,8.612335693359375,-5.41079404514432,-8.171879052668809,-0.3377455522218719
1789147785324309000,8.62230908203125,-5.409826661416888,-8.17154353710413,-0.3606034268485382
1789147785334281000,8.632281005859374,-5.414357875105738,-8.167460651704669,-0.38430538761653
1789147785344253000,8.6422529296875,-5.424095425266027,-8.159895184886455,-0.4070462848000228
1789147785354226000,8.652225830078125,-5.433423225581645,-8.15272427034378,-0.4259071622123941
1789147785364198000,8.662197998046874,-5.444871671313047,-8.14418382101357,-0.4427648465761915
1789147785374169900,8.672169921875,-5.456238868501782,-8.135283890721201,-0.4658259886899962
1789147785384142800,8.682142822265625,-5.4607186442643405,-8.130925695511698,-0.4888505616530775
1789147785394115000,8.692114990234375,-5.462291008147597,-8.128458428615332,-0.5117770080039278
1789147785404086800,8.702086669921876,-5.457176441612839,-8.130428851905465,-0.5345399343561381
1789147785414059800,8.712059814453125,-5.454262599992751,-8.130956090649962,-0.5558491547686979
1789147785424032000,8.722031982421875,-5.460578359010816,-8.125217254737018,-0.5773398692280054
1789147785434003700,8.732003662109374,-5.468157854354382,-8.118503436312078,-0.5996128931714222
1789147785443977000,8.74197705078125,-5.472036741614342,-8.114401261690258,-0.6194363320056349
1789147785453949000,8.751948974609375,-5.4756087548822165,-8.110375659435986,-0.6402318672750145
1789147785463921000,8.7619208984375,-5.477155399802327,-8.10716254260838,-0.6671463968813419
1789147785473894000,8.771893798828126,-5.473374127697944,-8.107593335241079,-0.6924515915948897
1789147785483865900,8.781865966796875,-5.4747021614313125,-8.104659619876742,-0.7158971299163996
1789147785493837800,8.791837890625,-5.483081867241859,-8.097680428513884,-0.7305898182660341
1789147785503810800,8.801810791015624,-5.488681586945057,-8.092274770078063,-0.7482234554383903
1789147785513783000,8.811782958984375,-5.488696199992299,-8.090717019242048,-0.7647758001800626
1789147785523754800,8.821754638671875,-5.489373076340556,-8.088320479494334,-0.7850101213701068
1789147785533728000,8.83172802734375,-5.485173286563158,-8.089004954627155,-0.8070024652086197
1789147785543700000,8.841699951171876,-5.482972561648488,-8.088247998780012,-0.8292351936742662
1789147785553673000,8.8516728515625,-5.470984017691016,-8.093617416858672,-0.8556165662519634
1789147785563645000,8.86164501953125,-5.4598412769079205,-8.098549612563849,-0.8797758058007806
1789147785573617000,8.871616943359374,-5.456003306180238,-8.098331585898995,-0.9052224548116324
1789147785583590000,8.88158984375,-5.466290306916832,-8.088657164102793,-0.9293396087843924
1789147785593561900,8.891561767578125,-5.478591570085287,-8.077686857277154,-0.952043023501709
1789147785603534000,8.9015341796875,-5.485164518734813,-8.070762026450037,-0.9727120097819716
1789147785613506800,8.9115068359375,-5.4888651268184185,-8.065789498734473,-0.9928695394087582
1789147785623478800,8.921478759765625,-5.492172936192155,-8.060747412914036,-1.0152715600267053
1789147785633451000,8.931450927734375,-5.50279311440587,-8.051030905541777,-1.0346747641548513
1789147785643423700,8.941423828125,-5.516195616814493,-8.039516993358731,-1.0526802303142846
1789147785653396000,8.95139599609375,-5.516683108070493,-8.036916455471514,-1.0698390165165066
1789147785663368000,8.961367919921875,-5.509504594743252,-8.039823282828927,-1.0848926471330225
1789147785673340700,8.971340576171874,-5.5121179921120405,-8.036223797032237,-1.098195342428982
1789147785683313000,8.98131298828125,-5.513624889543652,-8.033483558413385,-1.11061146414876
1789147785693284900,8.991284912109375,-5.506103846389055,-8.036717718029022,-1.1244422749720513
1789147785703257900,9.0012578125,-5.495044107714295,-8.042420898106693,-1.137694701385498
1789147785713229800,9.011229736328126,-5.5035962474823,-8.035300836968421,-1.1466229809895156
1789147785723202000,9.0212021484375,-5.527365830126405,-8.01842452096939,-1.150429168339446
1789147785733174800,9.0311748046875,-5.549132256254554,-8.002981452643871,-1.1531729871548713
1789147785743147000,9.04114697265625,-5.548931765246391,-8.001025642400979,-1.1676171075709163
1789147785753119000,9.051118896484375,-5.547344203794002,-7.999670136138796,-1.1843260311137884
1789147785763091700,9.061091796875,-5.538665807297826,-8.003307615858317,-1.2002614860661327
1789147785773064000,9.07106396484375,-5.539534991347789,-8.0013021212548,-1.2095849755328147
1789147785783037000,9.081036865234376,-5.551558606618642,-7.993329827201366,-1.207166662344709
1789147785793009000,9.0910087890625,-5.553600341579318,-7.99265178180933,-1.2022582128413022
1789147785802980900,9.10098095703125,-5.551615305241942,-7.9940388522535555,-1.2022019526094196
1789147785812953900,9.110953857421874,-5.546006817710399,-7.997475840964912,-1.2052222502786665
1789147785822925800,9.12092578125,-5.537273476156592,-8.003146287816762,-1.2077415396232156
1789147785832897800,9.130897705078125,-5.5282841140151024,-8.009283767658472,-1.2082349491633475
1789147785842871000,9.14087109375,-5.517197487333417,-8.016347714695334,-1.2120546535819767
1789147785852842800,9.1508427734375,-5.513686848863959,-8.018639040502906,-1.2128765644241124
1789147785862815000,9.16081494140625,-5.516376818600297,-8.016860924914479,-1.2124027363672851
1789147785872788000,9.1707880859375,-5.519437959736585,-8.014851338657737,-1.2117610043976454
1789147785882760000,9.180760009765624,-5.515246937787532,-8.0182596857965,-1.2082801034793258
1789147785892732000,9.19073193359375,-5.513664052510261,-8.019924404138326,-1.204452654145658
1789147785902705000,9.200704833984377,-5.508271253556013,-8.023807967573404,-1.20326249451302
1789147785912676900,9.2106767578125,-5.499943570193648,-8.030228940531611,-1.1985071897447108
1789147785922648800,9.22064892578125,-5.490695849376917,-8.037733032551408,-1.190579465485364
1789147785932622300,9.230622314453123,-5.488810766282677,-8.040678438353538,-1.179339767133817
1789147785942594600,9.240594482421876,-5.492523064804077,-8.040577900588511,-1.1626136001951992
1789147785952566300,9.250566162109376,-5.495232908284664,-8.041108061942458,-1.14602552655302
1789147785962539500,9.26053955078125,-5.494510439229011,-8.04259508562982,-1.139036617513746
1789147785972511500,9.270511474609377,-5.492725893899798,-8.044705209651589,-1.1327279458235948
1789147785982483500,9.2804833984375,-5.487785514888167,-8.049182062804698,-1.1248386538784951
1789147785992456400,9.29045654296875,-5.478948712959885,-8.056220290878414,-1.1175047307938335
1789147786002428400,9.300428466796877,-5.469228113934397,-8.064668385750055,-1.1041085850607604
1789147786012401700,9.310401611328125,-5.459191873088479,-8.073510448375345,-1.0890560504227875
1789147786022373400,9.320373291015626,-5.446336483168602,-8.083951762890814,-1.0758889642052352
1789147786032345600,9.330345703125,-5.435622781452536,-8.093131679168343,-1.0609496806833894
1789147786042318600,9.340318603515623,-5.426158787536621,-8.101438319742678,-1.0458894741956144
1789147786052290600,9.35029052734375,-5.418746465453506,-8.107899040189386,-1.034190122443065
1789147786062262500,9.360262451171875,-5.406788316634297,-8.117335561576486,-1.0226855626102536
1789147786072235500,9.370235595703123,-5.4036412507802245,-8.121659854516386,-1.004830391641706
1789147786082207500,9.38020751953125,-5.4093602129489184,-8.120601285374164,-0.9823654618553816
1789147786092179500,9.390179443359376,-5.417370500925183,-8.117787981519102,-0.9612512160256504
1789147786102152700,9.400152587890624,-5.425784109005332,-8.114401261690258,-0.9421966792047024
1789147786112124400,9.41012451171875,-5.437996524846554,-8.108498175126314,-0.9223999457143248
1789147786122096600,9.4200966796875,-5.445274406895041,-8.105291488039493,-0.907529051253572
1789147786132069600,9.430069580078126,-5.446669660645723,-8.106424875983596,-0.8888454666368663
1789147786142041300,9.440041259765623,-5.450712798556685,-8.10585847427249,-0.8690136618331075
1789147786152013600,9.450013671875,-5.461080463314056,-8.10104318294525,-0.8485707393936812
1789147786161986600,9.459986572265626,-5.4706221986413,-8.096317323467135,-0.8320639142941683
1789147786171958500,9.46995849609375,-5.476507749548554,-8.093630276340246,-0.8193927949000149
1789147786181930500,9.479930419921876,-5.484488226908445,-8.089083280560374,-0.8108762379020452
1789147786191903500,9.489903564453124,-5.49067071493566,-8.085931538531185,-0.8004005827255547
1789147786201875500,9.49987548828125,-5.492245416906476,-8.086225553041697,-0.7864987524926662
1789147786211847400,9.509847412109377,-5.492375180765986,-8.087555924862622,-0.7717763996571302
1789147786221820700,9.519820556640624,-5.499505178776383,-8.083669438818097,-0.7616483158092945
1789147786231792400,9.52979248046875,-5.504051590034365,-8.08119924931228,-0.7549918535947799
1789147786241764600,9.5397646484375,-5.50460279417634,-8.081356485700606,-0.7492778598621487
1789147786251737600,9.549737548828125,-5.506864893889427,-8.080362798488139,-0.7433410171590745
1789147786261709600,9.55970947265625,-5.506303168353438,-8.0811641779989,-0.7387712250255047
1789147786271682600,9.5696826171875,-5.501477355632185,-8.085124313801527,-0.7313607295732945
1789147786281654500,9.579654541015625,-5.501143593633175,-8.086017463248968,-0.7239743456490337
1789147786291626500,9.58962646484375,-5.505775345087051,-8.083164411905408,-0.7206121757395565
1789147786301599500,9.599599609375,-5.505351566717028,-8.083425693190097,-0.7209129122518002
1789147786311571700,9.60957177734375,-5.498533703395724,-8.087828896585107,-0.7235513709966093
1789147786321543400,9.61954345703125,-5.495909200111031,-8.089046455681324,-0.7298525900326669
1789147786331516400,9.629516357421876,-5.495018388751149,-8.089050547334551,-0.7364872788067907
1789147786341488600,9.639488525390624,-5.491181002545356,-8.091068316897749,-0.7429151929624378
1789147786351460400,9.64946044921875,-5.481086894032359,-8.097523192125559,-0.7471148366093635
1789147786361433600,9.65943359375,-5.472199238699674,-8.103250337600707,-0.7501629721336066
1789147786371405600,9.669405517578124,-5.47524752035439,-8.100733970865607,-0.7550847195100039
1789147786381377500,9.67937744140625,-5.47381135007143,-8.101268223872781,-0.7597508846901356
1789147786391350500,9.6893505859375,-5.464622081443667,-8.106924057677388,-0.7655531412281096
1789147786401322500,9.699322509765626,-5.454699237844348,-8.11302003646493,-0.7717210162080824
1789147786411294500,9.70929443359375,-5.444301177948713,-8.119425227332115,-0.7777650456126779
1789147786421267500,9.719267333984376,-5.434577071791887,-8.125839770549534,-0.7787806523960084
1789147786431239700,9.72923974609375,-5.423249037569761,-8.133837199044228,-0.7742417668573558
1789147786441211400,9.73921142578125,-5.419947073414922,-8.13687262121737,-0.7654117599960416
1789147786451184400,9.749184326171877,-5.418789135551452,-8.137768693274259,-0.7640833609364927
1789147786461156600,9.759156494140624,-5.409120558974147,-8.143580594423414,-0.7706348284065723
1789147786471128600,9.769128662109376,-5.397482728150487,-8.150360463821887,-0.7805155864298343
1789147786481101600,9.7791015625,-5.382040828868746,-8.159764836505055,-0.7888369131166487
1789147786491073500,9.789073486328125,-5.363623128646612,-8.171364088883996,-0.7941990977369249
1789147786501045500,9.79904541015625,-5.346410128039121,-8.1823419944942,-0.7972147922962903
1789147786511018500,9.8090185546875,-5.344311694455146,-8.18360689986348,-0.7983044872291386
1789147786520990700,9.81899072265625,-5.349454318040609,-8.180041900858283,-0.8003928378105163
1789147786530963500,9.82896337890625,-5.364539074447751,-8.170286815041303,-0.7990687495999038
1789147786540935400,9.838935302734376,-5.369187777036428,-8.166530092856288,-0.8062225668773054
1789147786550907600,9.84890771484375,-5.369496989116072,-8.165086908310652,-0.8186836967825889
1789147786560880400,9.85888037109375,-5.367498508775234,-8.164950714710354,-0.8330242106936872
1789147786570852600,9.8688525390625,-5.367976647680997,-8.16260678193271,-0.8526823394309729
1789147786580824300,9.87882421875,-5.380792290112376,-8.152472341409325,-0.8687152634084224
1789147786590797300,9.88879736328125,-5.394262597060203,-8.142920084688066,-0.8747457757443189
1789147786600769500,9.89876953125,-5.401906974333524,-8.136959714978932,-0.8829987864352762
1789147786610741500,9.908741455078124,-5.4064212368875735,-8.133577671325206,-0.8865225766472518
1789147786620714500,9.918714599609377,-5.4009886904448265,-8.136917044880986,-0.888989185956493
1789147786630686500,9.9286865234375,-5.38764931640029,-8.14502202540338,-0.8956712940689175
1789147786640658400,9.938658447265626,-5.385821516451239,-8.14541482411325,-0.9030629386901856
1789147786650631400,9.94863134765625,-5.392560469317436,-8.13987531016469,-0.9127497085113078
1789147786660603600,9.958603759765625,-5.399205314159393,-8.134925578802823,-0.9175805627338588
1789147786670575400,9.968575439453126,-5.406497809255123,-8.12987998585105,-0.9193613817360252
1789147786680548400,9.97854833984375,-5.421591918012499,-8.120034299141167,-0.9174863085791468
1789147786690520600,9.9885205078125,-5.434430356797575,-8.111929318618774,-0.9132154263269155
1789147786700492300,9.9984921875,-5.432454088288545,-8.113284824880957,-0.912927987687662
1789147786710465500,10.008465576171876,-5.432973143726587,-8.11272076125741,-0.914847557573393
1789147786720437500,10.0184375,-5.43953381741643,-8.108511619129777,-0.9131791129045188
1789147786730409500,10.028409423828125,-5.451144175711274,-8.101434812611341,-0.9067383392672984
1789147786740382500,10.038382568359374,-5.453535454761981,-8.100832170543073,-0.8976952741771936
1789147786750354400,10.0483544921875,-5.453308660268784,-8.10223969925344,-0.8863048422433435
1789147786760326400,10.058326416015625,-5.456511255702376,-8.100935046395659,-0.8784696185730397
1789147786770299400,10.06829931640625,-5.461064681223035,-8.098412834441662,-0.8734206646203995
1789147786780271600,10.078271728515626,-5.462390961390733,-8.098033479735255,-0.8686286811035125
1789147786790244600,10.08824462890625,-5.4615200237751,-8.099303645801543,-0.8622407336320728
1789147786800216300,10.09821630859375,-5.464264354047179,-8.09849057585299,-0.8524445120871067
1789147786810188500,10.1081884765625,-5.473451284587383,-8.093520970746875,-0.8406076515600085
1789147786820161500,10.11816162109375,-5.482337186354399,-8.088813231447338,-0.8279179005306213
1789147786830133500,10.128133544921877,-5.48567188373506,-8.08798847106099,-0.8137708633650094
1789147786840105500,10.13810546875,-5.488708474951983,-8.087421484827995,-0.7987954856164753
1789147786850078500,10.148078369140626,-5.486579646229743,-8.090254077905415,-0.7846190031606703
1789147786860050400,10.158050537109377,-5.483574034672976,-8.093692820182442,-0.770018523139134
1789147786870022700,10.168022705078124,-5.477244831651449,-8.099687092161178,-0.7518272520840168
1789147786879995600,10.17799560546875,-5.479057434031367,-8.100443463486432,-0.7301561760891229
1789147786889967400,10.18796728515625,-5.488443102014064,-8.095932123541832,-0.7094154397469014
1789147786899939600,10.197939697265625,-5.505971744441986,-8.086001681157946,-0.6864652106616645
1789147786909912600,10.20791259765625,-5.5220799986779685,-8.07685508262813,-0.664395344607532
1789147786919884500,10.217884521484375,-5.537327252170443,-8.068082578107715,-0.6437753851007669
1789147786929856300,10.227856201171877,-5.551812873640656,-8.059911546611785,-0.6209492207866162
1789147786939829200,10.237829345703124,-5.559997349140048,-8.056113907894492,-0.5965333395956084
1789147786949801200,10.24780126953125,-5.567663938245177,-8.052783886688948,-0.5693585150852799
1789147786959773200,10.257773193359377,-5.587737004458904,-8.041204508054255,-0.535354319478944
1789147786969746400,10.267746337890625,-5.599891552633046,-8.034913883477449,-0.5017470873009413
1789147786979718100,10.27771826171875,-5.60367107117176,-8.034376707860828,-0.4669407449988648
1789147786989690400,10.2876904296875,-5.601094498682022,-8.037876824936271,-0.4366329562250524
1789147786999663400,10.297663330078125,-5.593481685590744,-8.044848417514562,-0.4046776194399222
1789147787009635300,10.30763525390625,-5.583360689070821,-8.05365599334836,-0.3675342124924063
1789147787019607300,10.317607177734375,-5.5743859399765725,-8.061661020627618,-0.3259172768600284
1789147787029580300,10.327580322265623,-5.574705088928342,-8.0630165268898,-0.2842827325057238
1789147787039552300,10.33755224609375,-5.576325968128442,-8.063141614574194,-0.2464305014354176
1789147787049524200,10.347524169921876,-5.57248741287887,-8.066689077922701,-0.2151633661101572
1789147787059497500,10.35749755859375,-5.56855299603939,-8.070145940378309,-0.1853499549908563
1789147787069469200,10.36746923828125,-5.562482736214995,-8.074973506665229,-0.1548545164241455
1789147787079442200,10.377442138671874,-5.55661881261766,-8.079546805930137,-0.1236537608659826
1789147787089414400,10.387414306640624,-5.543842917674779,-8.08873432099223,-0.0925438436627388
1789147787099386000,10.39738623046875,-5.533703216454386,-8.095984145990014,-0.0596363618185045
1789147787109359400,10.407359375,-5.533199358585477,-8.096510215690731,-0.0247867009645095
1789147787119331300,10.417331298828126,-5.528963912972808,-8.099437501314283,0.0070562592040398
1789147787129303300,10.42730322265625,-5.526505413904786,-8.101033830595016,0.0370308362514013
1789147787139276300,10.4372763671875,-5.524200059571862,-8.102413886776565,0.0669928437948459
1789147787149248300,10.447248291015624,-5.519518039235472,-8.1052797976017,0.0987122757651377
1789147787159220200,10.45722021484375,-5.505046446290612,-8.114685339328647,0.1293228925435803
1789147787169193200,10.467193115234377,-5.490751378956436,-8.123845381861925,0.1586706406462006
1789147787179165400,10.47716552734375,-5.481766692990064,-8.129278512826561,0.1882832684963941
1789147787189137200,10.48713720703125,-5.474516867992282,-8.133470703819393,0.2161064008476212
1789147787199110100,10.497110107421875,-5.46476645835042,-8.139224152779578,0.2444075625067576
1789147787209082400,10.507082275390625,-5.455896923196315,-8.144396002459526,0.2690515898978337
1789147787219054300,10.517054443359376,-5.446389674660563,-8.150026117300987,0.2903434755831025
1789147787229027300,10.52702734375,-5.437857408636808,-8.154899276295303,0.3125993474623188
1789147787238999300,10.536999267578125,-5.422694326296448,-8.164172131553292,0.3332616848060861
1789147787248971300,10.54697119140625,-5.412236060646176,-8.170062943157554,0.3580098301587626
1789147787258944300,10.5569443359375,-5.4101598388940095,-8.170427684816717,0.3803355341374874
1789147787268916500,10.56691650390625,-5.41013996514976,-8.169667806360126,0.3966136650476604
1789147787278888200,10.57688818359375,-5.409914924222231,-8.169232922074197,0.4084598413923755
1789147787288861200,10.586861083984376,-5.401022008192539,-8.174405940797925,0.4224142420627176
1789147787298833400,10.59683349609375,-5.388440174517036,-8.181789036786556,0.4398092481736093
1789147787308805000,10.60680517578125,-5.380528086218238,-8.186214452013372,0.4540992374738678
1789147787318778400,10.6167783203125,-5.388700871279835,-8.180802363836765,0.454708601543866
1789147787328750300,10.626750244140624,-5.391878332272172,-8.17902015659511,0.4490753814298659
1789147787338722300,10.636722412109377,-5.392601970371604,-8.178804468017816,0.4442718901382759
1789147787348695300,10.6466953125,-5.393592150452733,-8.178285412579774,0.4418041117852553
1789147787358667300,10.656667236328126,-5.397376345166563,-8.175912253707647,0.4395122379884124
1789147787368639200,10.66663916015625,-5.393845248430967,-8.17834970998764,0.437507912428677
1789147787378612200,10.6766123046875,-5.391426496851444,-8.180131917229295,0.4339950089368969
1789147787388584400,10.68658447265625,-5.393792056939006,-8.178865842816233,0.4284318218518048
1789147787398557200,10.69655712890625,-5.39736348568499,-8.176884898132085,0.4211761516351252
1789147787408529400,10.706529296875,-5.396259908357262,-8.178015947988628,0.4132973810840398
1789147787418501400,10.71650146484375,-5.404329817566275,-8.172965094339848,0.4077295543564483
1789147787428474000,10.72647412109375,-5.415124183303117,-8.166060137256979,0.402844522261247
1789147787438446300,10.7364462890625,-5.426262247911096,-8.159004958048463,0.3958588646249845
1789147787448418300,10.746418212890624,-5.432890726140141,-8.155045991289615,0.3863981951773166
1789147787458391300,10.756391357421874,-5.43764931884408,-8.152312766933441,0.3770313414929434
1789147787468363300,10.76636328125,-5.445522244176268,-8.14733439399898,0.3709648445282131
1789147787478335500,10.77633544921875,-5.450021309161186,-8.144710475236177,0.3624133258147164
1789147787488308200,10.78630810546875,-5.448268912535905,-8.14625361302495,0.3539626005945727
1789147787498280200,10.7962802734375,-5.4447156039685005,-8.149010802778601,0.3450844072099774
1789147787508252400,10.80625244140625,-5.437531245422363,-8.15419785002768,0.3357199281457811
1789147787518225200,10.81622509765625,-5.429079643419384,-8.160138930514455,0.3280609743578359
1789147787528197400,10.826197265625,-5.419386516922712,-8.16682352284491,0.3219342716384679
1789147787538169300,10.83616943359375,-5.414755934512615,-8.170099768036604,0.3166801870351657
1789147787548142000,10.84614208984375,-5.411440526354313,-8.172477018561958,0.3119566291119903
1789147787558114300,10.8561142578125,-5.405377280792593,-8.17672649269998,0.3056625522027723
1789147787568086300,10.866086181640624,-5.395850743034481,-8.183156818008422,0.3018406923596747
1789147787578059300,10.876059326171877,-5.3848710838586085,-8.190566802003978,0.296923986484576
1789147787588031200,10.88603125,-5.374646626964212,-8.197358946362137,0.2947490353319794
1789147787598003500,10.89600341796875,-5.365289600554108,-8.20343154427409,0.2962537408065051
1789147787607976200,10.90597607421875,-5.366327126908302,-8.202731871572137,0.2968394865388982
1789147787617948400,10.915948486328125,-5.372160655367374,-8.198813236823678,0.2995833966858685
1789147787627920400,10.92592041015625,-5.375260374948383,-8.196694929495454,0.3019077114475891
1789147787637893000,10.93589306640625,-5.381005640602112,-8.192959834620357,0.3009530410712585
1789147787647865300,10.945865234375,-5.3919882223874325,-8.18593797315955,0.2954175639769993
1789147787657837300,10.95583740234375,-5.393062573620677,-8.185404889196157,0.2905454278959892
1789147787667810300,10.965810302734376,-5.399174334499239,-8.181653427708149,0.2825645304109901
1789147787677782300,10.9757822265625,-5.406310177728534,-8.177217491087317,0.2744235652597621
1789147787687754500,10.98575439453125,-5.416524697750806,-8.170713516020774,0.2666203989618457
1789147787697727200,10.995727294921876,-5.42325020661354,-8.166422540828584,0.2613097253330983
1789147787707699200,11.00569921875,-5.431949645897745,-8.160763784414529,0.2573915107097476
1789147787717672400,11.01567236328125,-5.435035921475291,-8.158987422391771,0.2483765026703476
1789147787727644200,11.02564404296875,-5.43367690808177,-8.160102690157293,0.2413775288947857
1789147787737616400,11.035616455078124,-5.43399313442409,-8.160171663740277,0.2317495948551222
1789147787747589400,11.04558935546875,-5.427610739910603,-8.164540964865685,0.2273874175902455
1789147787757561000,11.05556103515625,-5.427097529691458,-8.16482796511352,0.2292916803089901
1789147787767533300,11.065533203125,-5.422519554251432,-8.167965678617358,0.2258287899713963
1789147787777506300,11.07550634765625,-5.423239685219526,-8.167628994008899,0.2206552963236346
1789147787787478300,11.085478271484376,-5.421529374170303,-8.1687454308182,0.2213499092579819
1789147787797450200,11.0954501953125,-5.417197482445836,-8.171662195047736,0.2197296693786978
1789147787807423200,11.10542333984375,-5.412496757408976,-8.17495539137423,0.2129817660210654
1789147787817395200,11.115395263671877,-5.405619857376814,-8.179632151013612,0.2080053841142915
1789147787827367400,11.125367431640624,-5.403585721200704,-8.181007531020045,0.2067621791201643
1789147787837340400,11.13534033203125,-5.401950813475251,-8.182133904701471,0.2049112174912355
1789147787847312100,11.14531201171875,-5.400290186786651,-8.18321760828495,0.2054162261376157
1789147787857284400,11.155284423828125,-5.40014347179234,-8.183436803993581,0.2005041599050164
1789147787867257300,11.16525732421875,-5.40428422485888,-8.180861400547624,0.1938860569395124
1789147787877229300,11.175229248046875,-5.404553689450025,-8.18081346975267,0.1883559136074967
1789147787887201300,11.185201171875,-5.4037049636662005,-8.181498529407381,0.1828470322592184
1789147787897174300,11.19517431640625,-5.403782705077528,-8.181664533624053,0.1728561101260595
1789147787907146200,11.205146240234376,-5.409121143496036,-8.17836783016622,0.1615669648759067
1789147787917118200,11.2151181640625,-5.40687599491775,-8.1800296258986,0.1523152346043381
1789147787927091500,11.225091552734376,-5.404108283770084,-8.182030444326996,0.1427858107693959
1789147787937063400,11.2350634765625,-5.402973726782203,-8.182965679350495,0.1316514176895376
1789147787947035400,11.245035400390623,-5.399157967886328,-8.185624669426678,0.1225957031804136
1789147787957008400,11.25500830078125,-5.391577303498983,-8.190740989527105,0.1142225823742803
1789147787966980400,11.26498046875,-5.383799070712923,-8.196016299581528,0.1020754594547674
1789147787976952300,11.274952392578124,-5.390488923740387,-8.191784945622086,0.0876269642577041
1789147787986925300,11.28492529296875,-5.398005290719866,-8.186974330469965,0.0732955743679776
1789147787996897500,11.2948974609375,-5.405560820665955,-8.182094157212973,0.0602148603927809
1789147788006869200,11.304869140625,-5.418111674681305,-8.173883378228545,0.0456984008263098
1789147788016842200,11.31484228515625,-5.428145577439666,-8.167300492706895,0.0289098932581837
1789147788026814500,11.324814453125,-5.429987405914068,-8.166120927533507,0.0090706831785704
1789147788036786400,11.334786376953126,-5.431577305454016,-8.165062942913174,-0.0097251302117772
1789147788046759400,11.344759521484375,-5.439169075757265,-8.159966496556997,-0.0277350636254181
1789147788056731400,11.3547314453125,-5.447442398583889,-8.15434807215333,-0.0485500091314548
1789147788066703400,11.364703369140624,-5.450201926425099,-8.152371803644298,-0.0672634819963481
1789147788076676400,11.37467626953125,-5.451013242807984,-8.151632967975734,-0.0879126858639065
1789147788086648600,11.384648681640623,-5.453082450297474,-8.149976432940363,-0.1103221134701743
1789147788096620300,11.394620361328125,-5.453363020804524,-8.149445102542638,-0.1332531629309058
1789147788106593300,11.40459326171875,-5.452540598505735,-8.149649100682138,-0.1529688944737892
1789147788116565500,11.4145654296875,-5.453531363108754,-8.148494085428117,-0.1772584002056159
1789147788126537200,11.424537109375,-5.460509969949722,-8.143281319215893,-0.2004998125234618
1789147788136510500,11.434510498046874,-5.471313688036799,-8.135448725894094,-0.2226739426696672
1789147788146482400,11.444482421875,-5.484682872697711,-8.1256831186831,-0.2488212324968539
1789147788156454400,11.454454345703123,-5.491048316076397,-8.120395533668994,-0.2792091555684804
1789147788166427400,11.464427490234376,-5.490891664209961,-8.119480756911635,-0.3074691814996302
1789147788176399400,11.4743994140625,-5.485502372387051,-8.121962052333355,-0.3367105466183275
1789147788186372400,11.484372314453124,-5.479304102268815,-8.124975847196579,-0.3638426279654726
1789147788196344300,11.49434423828125,-5.480680066797137,-8.122897287356853,-0.3886785611994564
1789147788206316500,11.504316650390624,-5.482761549246311,-8.120081060892343,-0.4171087560657411
1789147788216289300,11.514289306640626,-5.4837868006408215,-8.117807270741462,-0.4468593493482097
1789147788226261500,11.524261474609377,-5.479689886716008,-8.11896754669249,-0.4751132743321359
1789147788236233500,11.5342333984375,-5.476729867866635,-8.119381972712278,-0.5014540957037359
1789147788246206200,11.544206298828126,-5.469832509568334,-8.12260502641201,-0.5240208418967202
1789147788256178400,11.554178466796875,-5.464558368557691,-8.125025531557203,-0.541239797320962
1789147788266150400,11.564150390625,-5.460969988676905,-8.126224385952948,-0.5591666452862322
1789147788276123400,11.574123291015624,-5.466950232130289,-8.120857890483736,-0.5783584716860205
1789147788286095400,11.584095458984375,-5.48020952667594,-8.111043767955898,-0.5904654543913901
1789147788296067600,11.594067626953125,-5.471083970934152,-8.115916926950216,-0.6078828549971804
1789147788306040300,11.604040283203124,-5.466980042746663,-8.117640097481011,-0.6216386643555015
1789147788316012300,11.61401220703125,-5.451497226932645,-8.126620107272267,-0.6400065340865403
1789147788325984500,11.623984619140623,-5.428074850291013,-8.14146111805141,-0.6503863276731222
1789147788335957200,11.633957275390625,-5.408737697136401,-8.154000866150856,-0.6543810233324766
1789147788345929500,11.643929443359376,-5.400909779989719,-8.158286580646038,-0.6655255907464772
1789147788355901400,11.6539013671875,-5.4077977859377855,-8.152783891576528,-0.6769221601601689
1789147788365874200,11.663874267578125,-5.422307372805476,-8.142367126980423,-0.6861670314326882
1789147788375846400,11.673846435546874,-5.433539545437693,-8.13413238259852,-0.6949263842105865
1789147788385818400,11.683818359375,-5.446926850277185,-8.124381388434767,-0.7041427600409835
1789147788395791400,11.693791259765623,-5.454474781438708,-8.118087841248512,-0.7181479775831103
1789147788405763300,11.703763427734376,-5.446230100184679,-8.12197140468359,-0.7365799985915422
1789147788415735600,11.713735595703126,-5.443762248766422,-8.122614378762245,-0.7476474091161042
1789147788425708300,11.723708251953123,-5.446528206348419,-8.120493733346462,-0.750532536098361
1789147788435680500,11.733680419921876,-5.449698068556189,-8.118017698621749,-0.7542987567640841
1789147788445652500,11.743652587890624,-5.45695140068531,-8.112734205260873,-0.7586917310260236
1789147788455625200,11.753625244140624,-5.466703563892841,-8.105731048500537,-0.7633244323279709
1789147788465597400,11.763597412109377,-5.467366411715745,-8.104594737946986,-0.7706110822048038
1789147788475569400,11.7735693359375,-5.472459935462474,-8.100654475888609,-0.7758668107759207
1789147788485542400,11.78354248046875,-5.483390494799614,-8.092548910844325,-0.7832382163267583
1789147788495514400,11.793514404296875,-5.507338356620073,-8.07551418941319,-0.7909980366732925
1789147788505486300,11.803486328125,-5.528415046918392,-8.060337663069367,-0.7987311151433736
1789147788515459300,11.813459228515624,-5.537071816104651,-8.053910844892263,-0.8035817700449377
1789147788525431300,11.823431396484375,-5.542743432000279,-8.04981334644556,-0.8055434985719621
1789147788535403300,11.8334033203125,-5.5351516616970295,-8.054218887928128,-0.8136535205956548
1789147788545376300,11.843376220703124,-5.522249510025977,-8.062489872667193,-0.8193895800296217
1789147788555348500,11.853348388671876,-5.523321523171663,-8.062017578980326,-0.8168043858420103
1789147788565320200,11.8633203125,-5.526785399889945,-8.060652135846018,-0.806795982851088
1789147788575293200,11.873293212890625,-5.527921125921607,-8.06096368601322,-0.7958376587241888
1789147788585265400,11.883265380859376,-5.530320003756881,-8.059616947579384,-0.7927947108317166
1789147788595237400,11.8932373046875,-5.535017221662402,-8.056460529375077,-0.792086124170944
1789147788605210400,11.90321044921875,-5.539550773438811,-8.053775235813855,-0.7877000180412084
1789147788615182300,11.913182373046874,-5.549395875626802,-8.047394010344147,-0.7836033233121037
1789147788625154300,11.923154296875,-5.556660313671827,-8.043092513757944,-0.7762544218540192
1789147788635127300,11.933127197265623,-5.557208595204353,-8.043148043337464,-0.7717450546707958
1789147788645099500,11.943099609375,-5.557652247318625,-8.043543180134892,-0.764395057234168
1789147788655071200,11.9530712890625,-5.555744952392578,-8.045440538188815,-0.7582710944611579
1789147788665044200,11.963044189453123,-5.546139504179358,-8.052495132875443,-0.7536927536949515
1789147788675016400,11.973016357421876,-5.5417684494882815,-8.055973622640966,-0.7486508870702236
1789147788684988200,11.98298828125,-5.53151593554318,-8.063243321382998,-0.7461978678949177
1789147788694961400,11.99296142578125,-5.518894354379177,-8.072253726312518,-0.74223042556867
1789147788704933400,12.002933349609377,-5.50760606764555,-8.080467427906393,-0.7366838242921978
1789147788714905300,12.0129052734375,-5.496842681568861,-8.088074980300664,-0.7335864427987485
1789147788724878300,12.02287841796875,-5.494611561515927,-8.08985368041098,-0.7306902099005878
1789147788734850300,12.032850341796877,-5.48979451662302,-8.093806801950931,-0.7230780543964356
1789147788744823600,12.042823486328125,-5.479036975765228,-8.101555808642505,-0.7178777092743664
1789147788754795300,12.052795166015626,-5.457711279141902,-8.11680306213498,-0.708022451018542
1789147788764767500,12.062767578125,-5.449777563533186,-8.123166167426108,-0.6960548767838627
1789147788774740500,12.072740478515623,-5.446817544683814,-8.126120925578475,-0.6846423060834408
1789147788784712200,12.082712158203124,-5.442636459606885,-8.13015529566109,-0.6698372434005141
1789147788794684400,12.092684326171875,-5.433593905973434,-8.13716955833733,-0.657961585232988
1789147788804657400,12.102657470703123,-5.426091567519307,-8.143143956571818,-0.6458516799181699
1789147788814629400,12.11262939453125,-5.418186493483185,-8.149020739650727,-0.6380380835577846
1789147788824601300,12.122601318359376,-5.408016981646418,-8.156451766434312,-0.6293036460254341
1789147788834574300,12.13257421875,-5.401500147098303,-8.161517233130335,-0.619540376901999
1789147788844546300,12.14254638671875,-5.395645575851201,-8.166238416433334,-0.6082406189262867
1789147788854518500,12.1525185546875,-5.393649433597922,-8.168210593289137,-0.5993767097953706
1789147788864491500,12.162491455078126,-5.391849690699577,-8.16980692256987,-0.5937988731304183
1789147788874463200,12.172463134765623,-5.387627104568481,-8.172594507461787,-0.5937774284835905
1789147788884435500,12.182435546875,-5.383272416490316,-8.17521550361514,-0.597171235640347
1789147788894408400,12.192408447265626,-5.385305383622646,-8.173473043861986,-0.6026609190978109
1789147788904380400,12.20238037109375,-5.391729863712191,-8.169033015587926,-0.6054136153394356
1789147788914352400,12.212352294921876,-5.399450228831172,-8.163963457238674,-0.6050038289621472
1789147788924325400,12.222325439453124,-5.403952800947428,-8.160999931257964,-0.6047838295359164
1789147788934296600,12.232296630859375,-5.407682050603628,-8.157971523347497,-0.6122562112431973
1789147788944268800,12.242268798828125,-5.402430121424794,-8.160569723147153,-0.6238803058024496
1789147788954241800,12.25224169921875,-5.394148030769824,-8.165341759854554,-0.6330505774687976
1789147788964213500,12.262213623046875,-5.3895291387975215,-8.167603275045751,-0.6431215973671526
1789147788974185700,12.272185791015623,-5.3972436586976045,-8.161655180296302,-0.6538535653922707
1789147788984158700,12.28215869140625,-5.406448709416389,-8.155062357902526,-0.660055561837554
1789147788994130700,12.292130615234376,-5.417367578315735,-8.147200538486242,-0.6675521281380206
1789147789004102700,12.3021025390625,-5.433581046491861,-8.13558316592872,-0.6773937231946736
1789147789014075600,12.31207568359375,-5.44781298546195,-8.125207902386784,-0.6875418999824673
1789147789024047600,12.322047607421876,-5.455475482913851,-8.119056394019722,-0.6993463195446878
1789147789034019600,12.33201953125,-5.45823734884262,-8.11628342217505,-0.709903296329081
1789147789043992800,12.341992919921877,-5.464902651950717,-8.111058381003142,-0.7182946925774216
1789147789053964500,12.351964599609374,-5.467836367315053,-8.108582346278428,-0.7239041299570351
1789147789063936800,12.361936767578126,-5.46950342374444,-8.106877880448103,-0.7303778560157865
1789147789073909800,12.37190966796875,-5.4725271554797885,-8.104266821166872,-0.7366859431840479
1789147789083881700,12.3818818359375,-5.475061642393469,-8.101461116096377,-0.7486098244074731
1789147789093853700,12.391853759765626,-5.4763411608099934,-8.09931007554233,-0.7624038834169506
1789147789103826700,12.40182666015625,-5.482983083042502,-8.093447320988775,-0.7767778612062335
1789147789113798700,12.411798583984377,-5.493926501861214,-8.085251155051589,-0.7847739014614373
1789147789123770600,12.4217705078125,-5.503831809803844,-8.077744724944234,-0.7926313369635493
1789147789133743900,12.431743896484376,-5.510916215106844,-8.071943345189094,-0.8024459709480405
1789147789143715600,12.441715576171877,-5.515225894999504,-8.067822465866804,-0.8141962491702288
1789147789153687800,12.451687744140624,-5.516262836831808,-8.066092865595222,-0.8242449841715395
1789147789163660800,12.461660888671876,-5.516164052632451,-8.065196209016442,-0.8336231995001435
1789147789173632500,12.471632568359375,-5.517818249580264,-8.063338013929128,-0.8406255525428802
1789147789183604700,12.481604736328125,-5.525997464382648,-8.05688138513565,-0.8487601244859397
1789147789193577700,12.49157763671875,-5.551490802079439,-8.039179724228381,-0.8502478788256644
1789147789203549700,12.5015498046875,-5.586249396249651,-8.015009159567951,-0.8507860773555934
1789147789213521700,12.511521728515625,-5.604816149553656,-8.001430131548643,-0.8564677762538194
1789147789223494700,12.52149462890625,-5.606740395614504,-7.99891785646677,-0.8672772664945572
1789147789233466600,12.531466552734376,-5.610559661641717,-7.994978178930282,-0.8788242041643708
1789147789243438800,12.54143896484375,-5.600723911803961,-8.000355195793508,-0.892524228214845
1789147789253411800,12.551411865234376,-5.609623257574439,-7.993821994632482,-0.8951749619193374
1789147789263383600,12.561383544921876,-5.605728588223457,-7.996407919472455,-0.8964747194062918
1789147789273355800,12.571355712890623,-5.587962629908323,-8.008830763193965,-0.8964850216045975
1789147789283328800,12.581328857421877,-5.571553346899152,-8.020136585584282,-0.8975404489416628
1789147789293300700,12.59130078125,-5.559206491023302,-8.028429782155156,-0.8999535744979977
1789147789303272700,12.601272705078124,-5.542914112392068,-8.038506355011462,-0.910444719504565
1789147789313245700,12.61124560546875,-5.524560709577798,-8.049171541410685,-0.9275999255102128
1789147789323217700,12.6212177734375,-5.522310884824395,-8.04875068565011,-0.9444996223848312
1789147789333189600,12.631189697265626,-5.548516170182824,-8.029682412564753,-0.9531841563608496
1789147789343163000,12.641162841796875,-5.572790779739618,-8.012764010989665,-0.9539349016629158
1789147789353134600,12.651134521484376,-5.570379042422771,-8.014681827309728,-0.9519156707949936
1789147789363106800,12.66110693359375,-5.56506573844552,-8.017709066176414,-0.9574862374689428
1789147789373079800,12.671079833984376,-5.544483553665876,-8.030420079189538,-0.9702838327869772
1789147789383051500,12.681051513671877,-5.53142065847516,-8.038948253560065,-0.9742090434066952
1789147789393023700,12.691023681640624,-5.532974317657947,-8.038907921549677,-0.965678165622428
1789147789402996700,12.700996826171876,-5.5523594016075135,-8.027430834245681,-0.94975878502205
1789147789412968700,12.71096875,-5.560246939986944,-8.023410492688416,-0.9375068408880384
1789147789422940700,12.720940673828125,-5.553060243353247,-8.029702286309004,-0.9261693081852048
1789147789432913700,12.73091357421875,-5.546687201189995,-8.034453280228377,-0.923155951713398
1789147789442885600,12.7408857421875,-5.526182173299789,-8.048364901202916,-0.9249454654786736
1789147789452857900,12.75085791015625,-5.499746586316824,-8.06762197485864,-0.9146779000949116
1789147789462830600,12.76083056640625,-5.4823108828693625,-8.081694923874736,-0.8949060087848454
1789147789472802600,12.770802490234376,-5.477900665211677,-8.086526581814885,-0.8781041462615132
1789147789482774800,12.78077490234375,-5.481874245017766,-8.084625132107734,-0.8707956498790532
1789147789492747500,12.79074755859375,-5.471324793952703,-8.091827610832452,-0.8702368469525128
1789147789502719700,12.8007197265625,-5.459626757374406,-8.09968475407362,-0.8706151056803763
1789147789512691700,12.810691650390623,-5.437371086424589,-8.115101518914104,-0.8663205502916127
1789147789522664400,12.82066455078125,-5.436027270600199,-8.117771030384302,-0.8495797703057527
1789147789532636700,12.83063671875,-5.450594140613079,-8.10962337976396,-0.8339215248595923
1789147789542608600,12.840608642578124,-5.457035571837425,-8.106014541617036,-0.8268519517995416
1789147789552581600,12.85058154296875,-5.452051353684068,-8.110087490144371,-0.8197642585609107
1789147789562553600,12.8605537109375,-5.443507981744408,-8.117052652981878,-0.8075085880998522
1789147789572525800,12.87052587890625,-5.433567017966508,-8.12504482077956,-0.7939656543072312
1789147789582498600,12.88049853515625,-5.412215017858148,-8.140554524600505,-0.7808280133798718
1789147789592470500,12.890470458984376,-5.3880748483359815,-8.15796275551915,-0.7659519312873482
1789147789602442800,12.90044287109375,-5.379799187421798,-8.164972342020272,-0.7492546981822699
1789147789612415500,12.91041552734375,-5.382397387221455,-8.164635657411813,-0.7341082747157662
1789147789622387700,12.9203876953125,-5.382727057567238,-8.165231285217404,-0.7250112874813377
1789147789632359700,12.930359619140624,-5.383932926225662,-8.165194460338354,-0.7164140664625912
1789147789642332700,12.940332763671876,-5.39070695040524,-8.161344799172877,-0.7093065725449472
1789147789652304600,12.9503046875,-5.381024345302581,-8.168153310143946,-0.7044351671162993
1789147789662276900,12.96027685546875,-5.374581160512566,-8.17299782756567,-0.6973932857807725
1789147789672249600,12.97024951171875,-5.382993015027046,-8.168378935593367,-0.6865414177030325
1789147789682221600,12.9802216796875,-5.395515811991691,-8.160748002323508,-0.6789573923148214
1789147789692193800,12.99019384765625,-5.405269144243001,-8.1548712192446,-0.6719631495133042
1789147789702166500,13.00016650390625,-5.418418548673391,-8.146654595041275,-0.6656934946592897
1789147789712138800,13.010138671875,-5.423468817800283,-8.143776993778348,-0.6597507336720824
1789147789722110700,13.02011083984375,-5.417762715113163,-8.147897873100638,-0.6557420094873756
1789147789732083500,13.03008349609375,-5.417195728880166,-8.14906808592379,-0.6458069639936089
1789147789742055700,13.0400556640625,-5.419974545943736,-8.148010685825348,-0.6357572791442274
1789147789752027600,13.050027587890623,-5.423562341302633,-8.146186977529526,-0.6284946677301079
1789147789762000600,13.060000732421877,-5.427867345020175,-8.143612743127346,-0.624659546546638
1789147789771972600,13.06997265625,-5.429280718949437,-8.142980290442704,-0.6206218154631554
1789147789781944800,13.07994482421875,-5.4254269661307335,-8.146009282875061,-0.6145447605717926
1789147789791917600,13.08991748046875,-5.424994419932365,-8.146950363117456,-0.6058298679901286
1789147789801889500,13.0998896484375,-5.436354602858424,-8.140126070055365,-0.5956372675387188
1789147789811861800,13.10986181640625,-5.449148617979884,-8.132094154769181,-0.5883944933362305
1789147789821834500,13.11983447265625,-5.460056380963326,-8.125356370946765,-0.5803005456645042
1789147789831806700,13.129806640625,-5.468401015460491,-8.120332405304909,-0.5720027094511315
1789147789841778700,13.13977880859375,-5.475352734294534,-8.116266471040248,-0.5631364622326568
1789147789851751700,13.149751708984375,-5.479039313852787,-8.114352746373415,-0.5547974902912974
1789147789861723600,13.1597236328125,-5.488333211898803,-8.108684053087234,-0.5457256374981254
1789147789871696000,13.16969580078125,-5.501940881490707,-8.100156463238596,-0.5352497996585444
1789147789881668600,13.179668701171876,-5.5109910339087245,-8.094679493132233,-0.5249090229080989
1789147789891640600,13.189640625,-5.522845722353458,-8.087081877610087,-0.5173739512281492
1789147789901612800,13.19961279296875,-5.534388860630989,-8.079203107059001,-0.5171070804528892
1789147789911585500,13.20958544921875,-5.541285634407401,-8.07433579328358,-0.5192580479416996
1789147789921557800,13.219557861328123,-5.548780958598852,-8.069056391575932,-0.5212848045289517
1789147789931530200,13.2295302734375,-5.547149558004737,-8.070097425061464,-0.5225347315248101
1789147789941503200,13.239503173828124,-5.537476305252313,-8.076957373958825,-0.5191314989525825
1789147789951475500,13.249475341796876,-5.536221921277046,-8.078219356718659,-0.5128451121594757
1789147789961447200,13.259447265625,-5.5339609906077385,-8.080175166961551,-0.5063996258145198
1789147789971420400,13.26942041015625,-5.53442334742248,-8.080001563960312,-0.5041101266378537
1789147789981392400,13.279392333984376,-5.527324329072236,-8.084807502937316,-0.5049387594817206
1789147789991364400,13.2893642578125,-5.5127036830455065,-8.094716902533174,-0.5059987899286672
1789147790001337300,13.29933740234375,-5.497187549483776,-8.105188027665019,-0.5071877074522897
1789147790011309300,13.309309326171874,-5.485589466148615,-8.113173765721916,-0.5050932924563065
1789147790021281300,13.31928125,-5.480266809821129,-8.117150268137454,-0.4989394825343042
1789147790031254300,13.329254150390623,-5.4846489704281085,-8.114550314772128,-0.4930423873197287
1789147790041226500,13.3392265625,-5.489022363206744,-8.111919381746649,-0.4876334774808958
1789147790051198200,13.3491982421875,-5.492011608150601,-8.110365138041972,-0.479768479726836
1789147790061171200,13.359171142578123,-5.494704500496387,-8.108945918893813,-0.4728675777645781
1789147790071143400,13.369143310546876,-5.493474666440487,-8.110000396382809,-0.4690526591189205
1789147790081115100,13.379115234375,-5.4857186454862354,-8.115756183430552,-0.4601889691837131
1789147790091088400,13.38908837890625,-5.482333679223061,-8.118567733719944,-0.4508499898869544
1789147790101060400,13.399060302734377,-5.478605598610639,-8.121713630530238,-0.4393506542185321
1789147790111032300,13.4090322265625,-5.473173636689782,-8.12577605766356,-0.4318901090795174
1789147790121005300,13.41900537109375,-5.465983432924747,-8.131181131577492,-0.4210757600005715
1789147790130977300,13.428977294921877,-5.454873425367475,-8.138849474248289,-0.4169761061294004
1789147790140949200,13.43894921875,-5.437535921597481,-8.150549264392255,-0.4148926874514669
1789147790150922200,13.448922119140626,-5.438004708153009,-8.150141852635144,-0.416759358106181
1789147790160894500,13.45889453125,-5.445114247897267,-8.145520038053393,-0.4142738979659974
1789147790170866200,13.4688662109375,-5.456961922079325,-8.137903133308887,-0.4080309849884361
1789147790180839400,13.47883935546875,-5.465801062095165,-8.13189249471724,-0.4095522032063454
1789147790190811400,13.488811279296876,-5.479317546272277,-8.122218657442927,-0.420743203577958
1789147790200783400,13.498783447265623,-5.483514997962117,-8.118765302118659,-0.4325472943466156
1789147790210756400,13.50875634765625,-5.480478406745196,-8.12014360473454,-0.4449760198196396
1789147790220728300,13.518728271484376,-5.49393526968956,-8.110493148335815,-0.4549315601121634
1789147790230700300,13.5287001953125,-5.509343851223588,-8.099445100098848,-0.4653132899275049
1789147790240673300,13.53867333984375,-5.516906979954243,-8.093928382503986,-0.4716430774709209
1789147790250645500,13.5486455078125,-5.520813924264908,-8.09090055911541,-0.4778439779376611
1789147790260617200,13.5586171875,-5.521705904668569,-8.08974320577383,-0.4870437314268201
1789147790270590200,13.568590087890623,-5.5166538819760085,-8.09276226133406,-0.4940740684550255
1789147790280562400,13.5785625,-5.510512310481071,-8.096540026307105,-0.5006854494187981
1789147790290534100,13.5885341796875,-5.510558487710356,-8.095863149958848,-0.5110028452936559
1789147790300507400,13.59850732421875,-5.508059072110057,-8.096781433847546,-0.5232559584714472
1789147790310479400,13.608479248046876,-5.498430243021249,-8.10257287673056,-0.5347476588226855
1789147790320451300,13.618451416015626,-5.487924631097912,-8.108864670351148,-0.5471458795595914
1789147790330424300,13.62842431640625,-5.474189535734057,-8.117343744882941,-0.5588883763341232
1789147790340396300,13.638396240234377,-5.461519439253211,-8.125202057167888,-0.568573209926486
1789147790350368300,13.6483681640625,-5.456252897027135,-8.128064460861683,-0.5781419063258916
1789147790360341200,13.65834130859375,-5.451812284231186,-8.13032539153099,-0.5881612691022455
1789147790370313200,13.668313232421877,-5.448719578912854,-8.13155697915256,-0.5996834011243656
1789147790380285200,13.67828515625,-5.447750441619753,-8.131458194953202,-0.609745580129139
1789147790390258400,13.688258544921876,-5.448294046977162,-8.13054867889285,-0.6169665808912366
1789147790400230100,13.698230224609375,-5.446444619718194,-8.131116249647736,-0.6257599820692091
1789147790410202400,13.708202392578125,-5.448402183526754,-8.129139981138707,-0.6343435398887842
1789147790420175400,13.71817529296875,-5.445390142229199,-8.130370984238386,-0.6443339688315988
1789147790430147000,13.72814697265625,-5.445446256330609,-8.129459714612365,-0.6552797988031059
1789147790440119300,13.738119384765625,-5.456489043870568,-8.121630628421903,-0.6604856968831271
1789147790450092300,13.74809228515625,-5.471289722639322,-8.111393312045932,-0.663828358374536
1789147790460064300,13.758064208984376,-5.473213384178281,-8.109694106912613,-0.668715692024678
1789147790470036200,13.7680361328125,-5.478244364082813,-8.106009865441917,-0.6721847563747316
1789147790480009200,13.77800927734375,-5.47123770019114,-8.110321298900246,-0.6772192434106021
1789147790489981200,13.787981201171876,-5.461247052052617,-8.116907107031345,-0.678961410902813
1789147790499953200,13.797953125,-5.468282942038774,-8.1123472517699,-0.6768204533513635
1789147790509926400,13.807926513671877,-5.476606533747911,-8.106611922988295,-0.6782398186299949
1789147790519898000,13.817898193359374,-5.484279552593827,-8.101072993561624,-0.6824036603111774
1789147790529870300,13.827870361328126,-5.4872395714432,-8.098422771313786,-0.6900285291664302
1789147790539843300,13.83784326171875,-5.486020843303203,-8.098502266290783,-0.6987232922755181
1789147790549815300,13.847815185546876,-5.481815208306909,-8.100198548814653,-0.7119415972236544
1789147790559787300,13.857787353515626,-5.480472561526298,-8.100427681395411,-0.7196342706181108
1789147790569760300,13.86776025390625,-5.489100104618072,-8.094692352613807,-0.7184154694128781
1789147790579732200,13.877732177734377,-5.494191874799132,-8.091224968764186,-0.7185510784912854
1789147790589704200,13.8877041015625,-5.495941348814964,-8.090399039334057,-0.7144645398300141
1789147790599677400,13.897677490234376,-5.501010907164216,-8.087424407437442,-0.7091044010363519
1789147790609649200,13.907649169921877,-5.499951168978214,-8.088404650646448,-0.70614474751316
1789147790619621400,13.917621337890624,-5.497876116269826,-8.090106778389215,-0.7027928798019886
1789147790629594400,13.927594482421876,-5.496921007502079,-8.09125536390245,-0.6970237218160182
1789147790639566000,13.937566162109375,-5.499397042226791,-8.090257585036754,-0.6890297273874283
1789147790649538300,13.947538330078125,-5.499494072860479,-8.090989406442642,-0.6795832691282033
1789147790659511300,13.95751123046875,-5.500664285683632,-8.091061887156963,-0.6691706692505628
1789147790669483300,13.967483154296875,-5.504475952926278,-8.089251038342713,-0.6596558949954807
1789147790679455200,13.977455322265625,-5.5056870822817086,-8.089192586153745,-0.6502056373439729
1789147790689428200,13.98742822265625,-5.505462625876069,-8.090179259103536,-0.6397508788250387
1789147790699400200,13.997400146484376,-5.496140086257458,-8.097426161491871,-0.6281159706108271
1789147790709372200,14.0073720703125,-5.49117515732646,-8.1019585442245,-0.6129075147587806
1789147790719345400,14.017345458984376,-5.488166623160243,-8.105148864698409,-0.5974830050032586
1789147790729317000,14.027317138671876,-5.490358580246568,-8.10477477068901,-0.5822158047012984
1789147790739289300,14.037289306640623,-5.491539898985624,-8.104704043540359,-0.5719669440180063
1789147790749262300,14.047262451171877,-5.490943102136254,-8.105699484318494,-0.5635231965279206
1789147790759234300,14.057234375,-5.484549017184972,-8.110714097610115,-0.5535648066911846
1789147790769206300,14.067206298828124,-5.477584438869357,-8.116363501673936,-0.5395455240910872
1789147790779179300,14.07717919921875,-5.477012776461243,-8.11786572293043,-0.5224589263422414
1789147790789151200,14.087151123046874,-5.4727475202322005,-8.12168908061087,-0.5075260360285639
1789147790799123200,14.097123291015626,-5.465632135269045,-8.12728529318273,-0.4944446553330868
1789147790809096400,14.107096435546875,-5.456199705535173,-8.134649099949002,-0.4772441123483702
1789147790819068200,14.117068115234376,-5.448413289442658,-8.140798854750395,-0.4610431383276357
1789147790829040400,14.127040283203126,-5.435208939954638,-8.150589596402645,-0.4435986670518294
1789147790839013400,14.137013427734376,-5.423562341302633,-8.1591955121845,-0.4276624449145048
1789147790848985000,14.146985107421877,-5.435704029995203,-8.151859177947044,-0.4131525657858699
1789147790858957300,14.156957275390624,-5.452991849404573,-8.141107482308149,-0.3970351783953607
1789147790868930300,14.166930419921876,-5.461505410727858,-8.136352981257438,-0.3769705877490341
1789147790878902300,14.17690234375,-5.466199121502042,-8.133845966872572,-0.3627806247571483
1789147790888874200,14.186874267578125,-5.470114249119162,-8.131827028265596,-0.3487501631759107
1789147790898847200,14.19684716796875,-5.459104779326916,-8.139870049467682,-0.3332714755477383
1789147790908819200,14.206819091796875,-5.46103662417233,-8.139526935118436,-0.3091434348547831
1789147790918791200,14.216791259765625,-5.469053926411271,-8.135042483180762,-0.2844677702164277
1789147790928764400,14.226764404296874,-5.470888156101108,-8.13450472304225,-0.2638022728011943
1789147790938735900,14.23673583984375,-5.469460169124603,-8.135998760992289,-0.2467860916737466
1789147790948708000,14.2467080078125,-5.472937489846348,-8.134006125870346,-0.2350857535405084
1789147790958681000,14.25668115234375,-5.4721349412918086,-8.134805167293548,-0.2259685820345766
1789147790968653000,14.266653076171876,-5.467534754019975,-8.138210007300973,-0.214438979092054
1789147790978625000,14.276625,-5.46409367365539,-8.140783657181263,-0.2042355284530669
1789147790988598000,14.286597900390625,-5.467141955310106,-8.138990344023703,-0.193875151953008
1789147790998570000,14.296570068359374,-5.468467650955915,-8.138302361759543,-0.1851691550638526
1789147791008542000,14.3065419921875,-5.46649898123145,-8.139850175723433,-0.1749816509126685
1789147791018515200,14.31651513671875,-5.464514529415965,-8.14133076967001,-0.1678945056633092
1789147791028487000,14.32648681640625,-5.460527505606413,-8.144132383087276,-0.1616619496829807
1789147791038459100,14.336459228515626,-5.453257222342491,-8.149139397594332,-0.1546155017701908
1789147791048432000,14.34643212890625,-5.452065966731309,-8.150088076621294,-0.1464158287016674
1789147791058404000,14.356404052734376,-5.451930942174792,-8.150280968844891,-0.1405353649614844
1789147791068376000,14.3663759765625,-5.452578592428565,-8.149924995014072,-0.1359802954730112
1789147791078348800,14.376348876953124,-5.453234425988793,-8.149475497680902,-0.1366418098553549
1789147791088321000,14.386321044921877,-5.453435501518845,-8.149358008781075,-0.135632112223003
1789147791098293000,14.39629296875,-5.452735244295001,-8.149867127346992,-0.1331925096516963
1789147791108266000,14.406265869140626,-5.4535506523311135,-8.149269161453843,-0.1363724365957546
1789147791118238000,14.416238037109377,-5.447572162443399,-8.153195394986868,-0.1405513753813691
1789147791128210200,14.426210205078124,-5.450291358274221,-8.15136408790648,-0.1412975815056357
1789147791138183000,14.436182861328126,-5.455940762338042,-8.147516180306672,-0.14513579882849
1789147791148155000,14.44615478515625,-5.460055211919546,-8.144676572966576,-0.1497909676905721
1789147791158127000,14.456127197265625,-5.4603468883425,-8.144368529930711,-0.1557775860858149
1789147791168099800,14.466099853515624,-5.458726009142398,-8.145254665115475,-0.1659044460909441
1789147791178072000,14.476072021484375,-5.454772887602448,-8.147588076499105,-0.180706129506696
1789147791188044000,14.4860439453125,-5.449917848786711,-8.150524714472889,-0.1942533924145623
1789147791198016800,14.496016845703124,-5.456712915754318,-8.145569137892126,-0.2106801562814973
1789147791207989000,14.505989013671876,-5.4633852331250905,-8.140689549157022,-0.2257900105972774
1789147791217961000,14.5159609375,-5.468768679729104,-8.136606663757561,-0.2420685250999406
1789147791227933000,14.525932861328124,-5.482025051665306,-8.127253729000687,-0.2560003851449117
1789147791237906000,14.535906005859376,-5.49098927936554,-8.120714098098874,-0.2709605653243139
1789147791247878100,14.545878173828124,-5.488690939295291,-8.12184164082408,-0.2834473593938164
1789147791257849900,14.555849853515625,-5.489409901219606,-8.120932709285617,-0.295311728982348
1789147791267823000,14.565822998046874,-5.488737701046467,-8.120892961797118,-0.3086073917493224
1789147791277795000,14.575795166015626,-5.488493955418467,-8.120617651987075,-0.3199633368916809
1789147791287767000,14.58576708984375,-5.485684158694744,-8.122038040179014,-0.3318720205459743
1789147791297740000,14.595739990234376,-5.487224958395958,-8.12051652970016,-0.343443946526572
1789147791307712000,14.6057119140625,-5.490771252700686,-8.117315687832235,-0.3619535262832418
1789147791317684000,14.61568408203125,-5.493472328352928,-8.114854850676656,-0.3758838884908705
1789147791327657000,14.625656982421877,-5.502861503466964,-8.10773771214783,-0.3917772213345393
1789147791337629200,14.635629150390624,-5.517030898594856,-8.097358941474557,-0.4068441132914274
1789147791347601000,14.645600830078124,-5.530069243866205,-8.087906053474544,-0.4177303950954228
1789147791357574000,14.655573974609377,-5.534987995567917,-8.083749518316983,-0.4327709470346569
1789147791367546000,14.665546142578124,-5.538271839544176,-8.0805691347152,-0.4498124635327607
1789147791377517800,14.675517822265626,-5.5360787134140725,-8.081254194369912,-0.4642683474518358
1789147791387491000,14.685490966796875,-5.533073101857304,-8.08270965387523,-0.4746454010920599
1789147791397463000,14.695463134765625,-5.521541069495678,-8.090120806914568,-0.482602022652328
1789147791407435000,14.70543505859375,-5.520463211131095,-8.09022777442038,-0.4930282126639038
1789147791417408000,14.715407958984375,-5.521578478896617,-8.088722630554438,-0.5050913562275469
1789147791427380000,14.7253798828125,-5.522646984910964,-8.087012904027103,-0.5205483434805647
1789147791437352000,14.73535205078125,-5.517338357108831,-8.0893708653301,-0.5398496581368148
1789147791447325000,14.745324951171876,-5.5100218966156245,-8.093233970499039,-0.5564193924047053
1789147791457297200,14.755297119140623,-5.498787970417737,-8.099694690945745,-0.5732814241500571
1789147791467268900,14.765268798828124,-5.494808545392751,-8.101059549558162,-0.591868014665693
1789147791477242000,14.7752421875,-5.501139501979947,-8.095423004975915,-0.6098993824513629
1789147791487214000,14.785214111328123,-5.503171300068497,-8.09281837543547,-0.6259308816567063
1789147791497186000,14.79518603515625,-5.499919604796171,-8.09397748234272,-0.6393862832963466
1789147791507159000,14.805158935546874,-5.499270785498619,-8.093475962561369,-0.6511811313126236
1789147791517131000,14.815131103515624,-5.49464371021986,-8.09567434938848,-0.6628207157019526
1789147791527103000,14.82510302734375,-5.483501553958655,-8.102145591229199,-0.6758877756111323
1789147791537076000,14.835075927734374,-5.473332042121887,-8.108054523012042,-0.687369904416427
1789147791547048200,14.845048095703126,-5.464192457854748,-8.1133900388211,-0.69706244639121
1789147791557020000,14.85502001953125,-5.458140318208932,-8.116522491627931,-0.7079273931462318
1789147791566993000,14.864992919921876,-5.455250441986322,-8.117940541732311,-0.7139253914520144
1789147791576965000,14.874965087890626,-5.457426032459735,-8.115892961552738,-0.7205251550432294
1789147791586936800,14.884936767578123,-5.460735595399141,-8.11294287957549,-0.728639999372512
1789147791596910000,14.89491015625,-5.457704264879227,-8.11428844896555,-0.7363191556982696
1789147791606882000,14.904882080078124,-5.448061407265067,-8.120029622966051,-0.7444017782583833
1789147791616854000,14.91485400390625,-5.452920537734031,-8.116547041547298,-0.7467946647442877
1789147791626827000,14.924826904296877,-5.470495941913128,-8.104761911207436,-0.7462591696280986
1789147791636799000,14.934799072265625,-5.488132720890641,-8.092743556633591,-0.7471809606481343
1789147791646771000,14.94477099609375,-5.493086543905735,-8.088750687605142,-0.7539815075084567
1789147791656744000,14.954743896484375,-5.496270434638857,-8.0859023124367,-0.7613024249810725
1789147791666716200,14.964716064453125,-5.481061759591102,-8.095427681151032,-0.7696822769220918
1789147791676688000,14.97468798828125,-5.477382778817415,-8.098337431117892,-0.7652363303638994
1789147791686661000,14.9846611328125,-5.473523180779814,-8.101336612933874,-0.7610938967969268
1789147791696633000,14.994633056640623,-5.470867113313078,-8.103187793758512,-0.7604882590539753
1789147791706605000,15.00460498046875,-5.468717241802811,-8.104236426028608,-0.7647695896349846
1789147791716578000,15.014578125,-5.469321052914857,-8.103364319369197,-0.7696680292010307
1789147791726550000,15.024550048828123,-5.476584906437993,-8.097813114982843,-0.7764123888947069
1789147791736522000,15.03452197265625,-5.474796269455552,-8.098634368237853,-0.7804523119352758
1789147791746495000,15.044494873046874,-5.475934333574772,-8.097684520167112,-0.7823300154406577
1789147791756467200,15.05446728515625,-5.483468236210942,-8.0927657684654,-0.7804550153490155
1789147791766439000,15.06443896484375,-5.486769031322002,-8.090774886909127,-0.7778924713846296
1789147791776412000,15.074411865234374,-5.48477756524384,-8.092695041316746,-0.7719351704154163
1789147791786384100,15.084384033203126,-5.487908264485001,-8.091652838787436,-0.7605291025210171
1789147791796355800,15.09435595703125,-5.490877635684609,-8.09086373423636,-0.7473800634168088
1789147791806328000,15.104328125,-5.488620796668529,-8.09347303995192,-0.7356191907353699
1789147791816301000,15.114301025390626,-5.489371322774887,-8.093599296680093,-0.7285911917947232
1789147791826273000,15.12427294921875,-5.501891197130084,-8.08573572369814,-0.7214176469035446
1789147791836245000,15.134244873046876,-5.515271487706899,-8.07709882825613,-0.715985977243632
1789147791846218000,15.144218017578124,-5.528574036872387,-8.068765299674869,-0.7072989590495824
1789147791856190000,15.15418994140625,-5.538662884688377,-8.062240866342187,-0.7027553973358124
1789147791866162200,15.164162109375,-5.5417187651276585,-8.060510681548713,-0.6984994934570044
1789147791876135200,15.17413525390625,-5.539186031779646,-8.06230867088139,-0.6978346728727222
1789147791886107000,15.18410693359375,-5.528587480875849,-8.070077551317214,-0.6920585736893117
1789147791896079000,15.1940791015625,-5.524791595724225,-8.073619169446825,-0.6809824684016406
1789147791906051800,15.2040517578125,-5.520187901321053,-8.077424406948685,-0.6731461487527937
1789147791916024000,15.214024169921874,-5.516440531486272,-8.080041895970702,-0.6724505677040666
1789147791925996000,15.22399609375,-5.510937257894874,-8.083332754209637,-0.6780027950037271
1789147791935969500,15.233969482421877,-5.501816962850094,-8.089080942472815,-0.6834995657891034
1789147791945941500,15.24394140625,-5.494322223180532,-8.094158099606632,-0.6836887316856533
1789147791955913500,15.25391357421875,-5.49919479765296,-8.090745660814642,-0.6849008108891547
1789147791965886700,15.26388671875,-5.503686848375201,-8.087470000144839,-0.68748322859779
1789147791975858400,15.2738583984375,-5.512646399900317,-8.081054872405529,-0.6911245077095926
1789147791985830700,15.28383056640625,-5.51469222651422,-8.080050079277157,-0.6865395910721271
1789147791995803600,15.2938037109375,-5.5214954767882825,-8.075974208140373,-0.6797855137020349
1789147792005775400,15.303775390625,-5.5248968096643685,-8.073951762402057,-0.6761665925525129
1789147792015747600,15.31374755859375,-5.523217478275299,-8.075136003750563,-0.6757404030296951
1789147792025720600,15.323720458984376,-5.521568542024493,-8.07657626568675,-0.671999462935701
1789147792035692500,15.333692626953123,-5.519193045064807,-8.078692234927415,-0.6660599898841232
1789147792045664500,15.34366455078125,-5.515404758697748,-8.081561068361998,-0.6626303076963871
1789147792055637500,15.353637451171876,-5.512560475182533,-8.083373670741915,-0.6641857935100793
1789147792065609500,15.363609375,-5.508016986533999,-8.086006941854953,-0.6697960346072912
1789147792075581400,15.37358154296875,-5.505912707731127,-8.08653593416512,-0.6806184573948383
1789147792085554700,15.3835546875,-5.502115653535723,-8.088069135081767,-0.6929922012776136
1789147792095526400,15.3935263671875,-5.501467418760061,-8.087286460271477,-0.7071390923127532
1789147792105498600,15.40349853515625,-5.513635995459556,-8.078149214091896,-0.7167319002401084
1789147792115471600,15.4134716796875,-5.527694915950298,-8.067855199092627,-0.7243523121159523
1789147792125443600,15.423443603515626,-5.532425451603531,-8.063373085242509,-0.7380188722882419
1789147792135415600,15.43341552734375,-5.53487109118998,-8.060117882838846,-0.755037957758829
1789147792145388500,15.443388427734376,-5.531408968037367,-8.060863732770084,-0.77224767043069
1789147792155360500,15.453360595703124,-5.523140905907749,-8.064853679189085,-0.7895867085706442
1789147792165332500,15.46333251953125,-5.51844134991467,-8.066595554420351,-0.8045077988486736
1789147792175305700,15.4733056640625,-5.518657623013854,-8.064944864603877,-0.819439629716426
1789147792185277400,15.48327734375,-5.519966367524862,-8.062396349164842,-0.8355269142296164
1789147792195249700,15.493249755859376,-5.524257927238941,-8.05733029794693,-0.8557922150798142
1789147792205222700,15.50322265625,-5.531544577115774,-8.049673645713925,-0.8804227984674274
1789147792215194400,15.5131943359375,-5.537678549826145,-8.042945798763633,-0.9030611851245164
1789147792225166600,15.52316650390625,-5.542466953146457,-8.037047972896694,-0.9259149680979548
1789147792235139600,15.5331396484375,-5.546943221777677,-8.031320242899655,-0.9485309967927634
1789147792245111600,15.543111572265625,-5.556442871528864,-8.02286338019967,-0.9643613839354366
1789147792255083500,15.55308349609375,-5.564899734228849,-8.015036632096766,-0.9805477449089288
1789147792265056500,15.563056396484376,-5.5668181350708,-8.011739928638935,-0.996466833248362
1789147792275028500,15.573028564453123,-5.567801885411143,-8.008906751039623,-1.0135950051166116
1789147792285000400,15.58300048828125,-5.563282362160086,-8.009427560043335,-1.0340903883956372
1789147792294972400,15.592972412109376,-5.559722623851895,-8.008815565624833,-1.0577096027836204
1789147792304945400,15.6029453125,-5.553964498716592,-8.01010794352293,-1.0779754150904717
1789147792314917600,15.612917724609376,-5.554190708687901,-8.007081289178133,-1.0990884918764232
1789147792324889300,15.622889404296876,-5.555774178487062,-8.003045165529846,-1.1202814289655536
1789147792334862600,15.632862548828124,-5.55842673882246,-7.998920779076218,-1.136464721199125
1789147792344834600,15.64283447265625,-5.560625710171461,-7.995004482415318,-1.1531422997556626
1789147792354806500,15.652806640625,-5.562474552908539,-7.991029733565449,-1.171630288735032
1789147792364779500,15.662779541015626,-5.560606420949101,-7.9901167103737585,-1.1866197680741548
1789147792374751500,15.67275146484375,-5.564028212091326,-7.985911075377464,-1.1988329145677388
1789147792384723500,15.682723388671874,-5.578406281533837,-7.974980516040325,-1.2047664693351834
1789147792394696400,15.692696533203126,-5.588557088670134,-7.967188254728913,-1.2092723293870686
1789147792404668700,15.702668701171875,-5.586469761002063,-7.967993141371012,-1.2136050248291343
1789147792414640400,15.712640380859376,-5.585588886514306,-7.967519678640365,-1.2207424024283886
1789147792424613400,15.72261328125,-5.57817656443119,-7.971410840860009,-1.2292036490425466
1789147792434585600,15.732585693359376,-5.567774412882327,-7.977112851893901,-1.2393348746955395
1789147792444557300,15.742557373046877,-5.563619631290435,-7.979629218629002,-1.241794396676868
1789147792454530600,15.752530517578125,-5.560762488293648,-7.981782012748718,-1.2407516096256672
1789147792464502500,15.76250244140625,-5.558489867186546,-7.983691645762324,-1.2386498150408267
1789147792474474500,15.772474609375,-5.554764709183574,-7.986343621575832,-1.2382643228545784
1789147792484447500,15.782447509765625,-5.554084325703978,-7.987305160084366,-1.2351109733901915
1789147792494419500,15.79241943359375,-5.554330993941426,-7.98759683650732,-1.2321098918780684
1789147792504391400,15.802391357421875,-5.547179953143,-7.992952810582518,-1.229585634097457
1789147792514364400,15.812364501953123,-5.537566321623325,-8.001300952211022,-1.2185801098279654
1789147792524336600,15.822336669921874,-5.528890847736597,-8.009619283223152,-1.2032183631103486
1789147792534308400,15.832308349609375,-5.522648153954744,-8.016051362097263,-1.1889724686801433
1789147792544281600,15.842281494140623,-5.52107052937448,-8.020003314593433,-1.16948706616126
1789147792554253600,15.852253662109376,-5.519426269298791,-8.02459824116826,-1.1454857936531304
1789147792564225500,15.8622255859375,-5.515257459181547,-8.030471517115831,-1.1242048129543665
1789147792574198500,15.872198486328124,-5.5094373747259375,-8.037700883847474,-1.1008355547394604
1789147792584170500,15.88217041015625,-5.517157155323028,-8.036157161536812,-1.0731025483570993
1789147792594142500,15.892142578125,-5.521996412047743,-8.036673878887296,-1.0439436008248475
1789147792604115500,15.902115478515626,-5.523744132497907,-8.038824919441343,-1.0178121113549918
1789147792614087700,15.912087646484377,-5.521258160901069,-8.043724966442584,-0.9922656552314758
1789147792624059400,15.922059326171874,-5.520319418746233,-8.04777921026945,-0.9642144497454166
1789147792634031600,15.932031494140626,-5.5152136200398205,-8.054819191908836,-0.934178938574344
1789147792644004600,15.942004638671875,-5.504625590530037,-8.06559368390143,-0.9031440411023796
1789147792653976300,15.951976318359376,-5.49788956027329,-8.074035349032282,-0.8680692936550826
1789147792663948500,15.961948486328126,-5.498638917335867,-8.07721105645895,-0.8330724337495863
1789147792673921500,15.971921630859375,-5.495441582599282,-8.081973156294227,-0.8075966317094861
1789147792683893500,15.9818935546875,-5.488584556311369,-8.088720876988768,-0.7863969726186245
1789147792693865500,15.991865478515624,-5.476970690885186,-8.098912600657343,-0.7621002242952585
1789147792703838500,16.00183837890625,-5.466017335194349,-8.10915517773032,-0.7311947253566234
1789147792713810400,16.011810546875,-5.45133765245676,-8.122316272598505,-0.693746453711018
1789147792723782700,16.02178271484375,-5.448241440007091,-8.127371217900514,-0.6579417114887386
1789147792733755600,16.031755615234374,-5.466200875067711,-8.118102454295753,-0.6224481541074812
1789147792743727400,16.041727294921873,-5.484543171966076,-8.108441476503014,-0.5859692389506846
1789147792753699600,16.051699462890625,-5.482030312362313,-8.111822351112961,-0.5621923132503405
1789147792763672600,16.061672607421876,-5.478115184745192,-8.115191535285115,-0.5516338020959869
1789147792773644500,16.07164453125,-5.46359098483026,-8.125894715607165,-0.5379523366155102
1789147792783616500,16.081616455078127,-5.450687664115429,-8.13619749843478,-0.512528447425738
1789147792793589500,16.091589599609375,-5.460277330237627,-8.132007645529509,-0.4756333892161026
1789147792803561500,16.1015615234375,-5.461463325151801,-8.132911900892854,-0.4455739491801708
1789147792813533400,16.111533447265625,-5.45439528646171,-8.139040612906218,-0.419486883373931
1789147792823506700,16.121506591796877,-5.445163347736001,-8.146303297385574,-0.3978976404435932
1789147792833478400,16.131478515625,-5.437094607570767,-8.152470003321767,-0.3815944116247817
1789147792843450600,16.14145068359375,-5.424677024546265,-8.161540029484033,-0.3640259121105074
1789147792853423600,16.151423583984375,-5.404330402088165,-8.176010453385114,-0.3412669312810525
1789147792863395300,16.161395263671874,-5.393589812365174,-8.183997360485792,-0.3189963184904307
1789147792873367600,16.171367431640626,-5.401228344419598,-8.179678912764787,-0.2999449600072577
1789147792883340500,16.181340576171873,-5.414087825992703,-8.171850411096214,-0.2808639553044922
1789147792893312500,16.1913125,-5.416820465826988,-8.170538159453868,-0.2659654239181429
1789147792903284500,16.201284423828124,-5.419630847072601,-8.169012557321786,-0.2553765906907618
1789147792913257500,16.211257568359375,-5.415762481206655,-8.171827614742517,-0.2472467314554378
1789147792923229400,16.2212294921875,-5.409783991318941,-8.176046109220385,-0.2385083118677139
1789147792933201700,16.23120166015625,-5.419677608823776,-8.169742040640115,-0.2297506030576303
1789147792943173400,16.24117333984375,-5.426894700595736,-8.16527337079346,-0.2179591525748372
1789147792953145600,16.2511455078125,-5.429697483056783,-8.16372731039524,-0.2057610392536036
1789147792963117600,16.26111767578125,-5.429350861576199,-8.164169208943843,-0.1971840573052875
1789147792973089500,16.271089599609375,-5.424067952737212,-8.167677509325742,-0.1972939291542395
1789147792983062500,16.2810625,-5.412793694528937,-8.175089831408858,-0.1998696248611435
1789147792993034500,16.291034423828126,-5.39035273014009,-8.189982280114293,-0.1966570194901898
1789147793003006500,16.30100634765625,-5.378552986752987,-8.19787332562506,-0.1908227055798284
1789147793012979500,16.3109794921875,-5.377452916556597,-8.198632035037875,-0.1892275270765647
1789147793022951700,16.32095166015625,-5.380909779012203,-8.196262383297086,-0.1935949285058304
1789147793032923400,16.33092333984375,-5.383596826139092,-8.194285530266166,-0.2024129892010241
1789147793042896400,16.340896484375,-5.385189063766599,-8.193100704395771,-0.2079457263489253
1789147793052868600,16.35086865234375,-5.381783054715394,-8.19522602598667,-0.2123011268131434
1789147793062840600,16.360840576171874,-5.388659370225668,-8.19050834981501,-0.2197906788509339
1789147793072813600,16.3708134765625,-5.406905805534124,-8.17821877708435,-0.2291118667626753
1789147793082785500,16.38078564453125,-5.427691988453269,-8.16417446964085,-0.2383227079014293
1789147793092757500,16.390757568359376,-5.442530076622963,-8.154045289814471,-0.2465940031677484
1789147793102730500,16.40073046875,-5.453138564398884,-8.146704863923787,-0.2546778495705686
1789147793112702700,16.41070263671875,-5.455857175707817,-8.14450121639967,-0.2666352677374147
1789147793122674400,16.42067431640625,-5.45267971471548,-8.1462167881459,-0.2789346312097273
1789147793132647400,16.4306474609375,-5.443703796577453,-8.1518673612535,-0.2890065461572259
1789147793142619600,16.44061962890625,-5.446176908692717,-8.149957143718003,-0.2962036545870825
1789147793152591400,16.45059130859375,-5.4451218466818325,-8.150351111471652,-0.3046571380198933
1789147793162564600,16.460564697265625,-5.440343380233645,-8.15315330941081,-0.3148689728947356
1789147793172536600,16.47053662109375,-5.437993602237105,-8.154026585114002,-0.3323499402560294
1789147793182508500,16.480508544921875,-5.440304801788926,-8.151703695124388,-0.3509824157400056
1789147793192481500,16.4904814453125,-5.439124067571759,-8.151644073891639,-0.3701529801560566
1789147793202453200,16.500453369140626,-5.433446606457233,-8.154505308541655,-0.3899916530920192
1789147793212425500,16.510425537109374,-5.436937955704331,-8.151351228424906,-0.4068928478039801
1789147793222398500,16.5203984375,-5.448254884010553,-8.143189549279212,-0.4187831190187484
1789147793232370400,16.530370361328124,-5.459871087524294,-8.134680664131045,-0.4326175465712323
1789147793242342400,16.54034228515625,-5.464316961017251,-8.13103500110507,-0.4448592615721747
1789147793252315600,16.550315673828123,-5.462320818763971,-8.131705447712541,-0.4569464801311492
1789147793262287400,16.560287353515626,-5.454658905833959,-8.136041431090236,-0.4710682367250323
1789147793272259600,16.570259521484374,-5.446588412103057,-8.140721697860956,-0.4834294133871793
1789147793282231600,16.5802314453125,-5.445523413220048,-8.14089997703731,-0.4923440297920257
1789147793292204300,16.590204345703125,-5.442315557089447,-8.142211059635876,-0.5059512609925121
1789147793302176500,16.600176513671876,-5.438984366840124,-8.14375185933709,-0.5168609967373311
1789147793312148500,16.6101484375,-5.4365363891661165,-8.144567851895093,-0.5295947330389171
1789147793322121500,16.62012158203125,-5.431907560321688,-8.146807739776373,-0.5424935967743396
1789147793332093400,16.630093505859374,-5.429971623823047,-8.147306921470165,-0.5542420483656227
1789147793342065700,16.640065673828126,-5.419304099336266,-8.153553122383356,-0.5666580970201641
1789147793352038400,16.650038330078125,-5.410622195708752,-8.158588193941116,-0.5770518460668623
1789147793362010400,16.66001025390625,-5.421272184538841,-8.151111574450134,-0.5827294898444786
1789147793371982600,16.669982666015624,-5.434143941071629,-8.142116951611637,-0.5885589631829411
1789147793381955300,16.679955322265624,-5.4398664103716605,-8.137491045376658,-0.5995535641996189
1789147793391927600,16.689927490234375,-5.4439604016870256,-8.133743675541877,-0.613103475722298
1789147793401899500,16.6998994140625,-5.435092035576701,-8.137912485659122,-0.6360404069345444
1789147793411872500,16.70987255859375,-5.428282355561852,-8.140482043886184,-0.6608333412770182
1789147793421844500,16.719844482421873,-5.434742491486668,-8.134567851406336,-0.6802637987382709
1789147793431816700,16.729816650390624,-5.439076721298695,-8.130580243074894,-0.6931736953243612
1789147793441789400,16.73978955078125,-5.444941229417919,-8.125740401828288,-0.7038127243690192
1789147793451761400,16.749761474609375,-5.443073681980371,-8.125894715607165,-0.7163689852118492
1789147793461733600,16.759733642578126,-5.444595776981115,-8.123515126994251,-0.7316210610099136
1789147793471706400,16.769706298828126,-5.44204959962964,-8.123786345151066,-0.7473861278314143
1789147793481678600,16.7796787109375,-5.434504591077566,-8.12739576781988,-0.7628744235381484
1789147793491650600,16.789650634765625,-5.430615182423591,-8.129143488270044,-0.7719016334719956
1789147793501623300,16.799623291015624,-5.429005993661284,-8.129240518903732,-0.7821340544771402
1789147793511595500,16.809595458984376,-5.425983430969715,-8.130544002717732,-0.7895296446211636
1789147793521567500,16.8195673828125,-5.423927667483687,-8.131191068449615,-0.7969508075978606
1789147793531540500,16.82954052734375,-5.421762598404288,-8.131970236128568,-0.803706638533622
1789147793541512400,16.839512451171874,-5.420069823011755,-8.132156114089488,-0.8131857569534331
1789147793551484700,16.849484619140625,-5.4157133813679215,-8.134190834787487,-0.8218173186331987
1789147793561456400,16.859456298828125,-5.416388504150509,-8.133259106895327,-0.8265584487456827
1789147793571429400,16.869429443359376,-5.420124183547497,-8.130590179947019,-0.8283466473367065
1789147793581401600,16.879401611328124,-5.426933863562345,-8.12588828586638,-0.8298837937761098
1789147793591373600,16.88937353515625,-5.429639030867815,-8.123826092639565,-0.8323811635497957
1789147793601346600,16.8993466796875,-5.4313890894055366,-8.122553003963828,-0.8333812805030495
1789147793611318500,16.909318603515626,-5.430287265643477,-8.123018283388019,-0.8360249268796295
1789147793621290500,16.91929052734375,-5.4232127972126,-8.127764601132274,-0.8358253857195377
1789147793631263500,16.929263427734377,-5.420041181439161,-8.129924994036555,-0.8353745732121169
1789147793641235700,16.939235595703124,-5.42975944237709,-8.124061070439218,-0.829287800644338
1789147793651207400,16.94920751953125,-5.445718643531203,-8.114113676920534,-0.8220012968979775
1789147793661180400,16.959180419921875,-5.451964844444394,-8.110570889747143,-0.815536484798044
1789147793671152600,16.969152587890626,-5.458681585478782,-8.106393311801552,-0.8121311333339661
1789147793681124400,16.979124267578126,-5.4587271781861775,-8.10682585799992,-0.8074983589667827
1789147793691097600,16.98909765625,-5.451586658781767,-8.112222164085507,-0.8015161427520215
1789147793701069600,16.999069580078125,-5.454129913523793,-8.112266587749122,-0.7835618953231722
1789147793711041500,17.00904150390625,-5.457746350455284,-8.11111566414833,-0.770192491466552
1789147793721014500,17.0190146484375,-5.458289955812693,-8.112037455168366,-0.7565031349405645
1789147793730986500,17.028986572265627,-5.455026570102572,-8.115079307082295,-0.7473675692614168
1789147793740958500,17.03895849609375,-5.451853200763464,-8.118294761997461,-0.7355060126844793
1789147793750931500,17.048931396484374,-5.448500383204221,-8.121749286365509,-0.7220931350123136
1789147793760903700,17.058903564453125,-5.441209641674161,-8.128186625936626,-0.7044203348733484
1789147793770875400,17.06887548828125,-5.438909548038244,-8.13129569786787,-0.6860582372959703
1789147793780848400,17.078848388671876,-5.440512307059764,-8.131571007677913,-0.6698948918718844
1789147793790820600,17.088820556640623,-5.440798722785711,-8.13235543605387,-0.657942515206337
1789147793800792600,17.09879248046875,-5.437895402559637,-8.13502553204596,-0.6488754116535186
1789147793810764500,17.1087646484375,-5.435834378376603,-8.137250222358107,-0.6381609792850911
1789147793820737500,17.118737548828125,-5.429415743505954,-8.142285293915867,-0.6285136646915227
1789147793830709500,17.12870947265625,-5.4205766034901135,-8.149225322312116,-0.6147186558339744
1789147793840681500,17.138681396484376,-5.411361615899205,-8.156275825345515,-0.6022454701647162
1789147793850654700,17.14865478515625,-5.418636575338244,-8.152475264018774,-0.5881359519978985
1789147793860626400,17.15862646484375,-5.432289253115654,-8.144263900512456,-0.5758416300268844
1789147793870598700,17.1685986328125,-5.438291123878956,-8.140717021685838,-0.5693035334950313
1789147793880571600,17.178571533203126,-5.4412353606373065,-8.138929553747177,-0.5667225770911202
1789147793890543400,17.18854345703125,-5.440678895798325,-8.139608183661103,-0.562288467101194
1789147793900515600,17.198515625,-5.4308887386679645,-8.146322002086043,-0.5596991812603548
1789147793910488600,17.208488525390624,-5.41983893686533,-8.154389573207498,-0.5492284945199266
1789147793920460500,17.21846044921875,-5.413285861960053,-8.159784710249305,-0.5335172402448952
1789147793930432500,17.2284326171875,-5.40639084174931,-8.165363971686363,-0.5178286361930892
1789147793940405500,17.238405517578126,-5.401413637858629,-8.169317093226313,-0.507313270060718
1789147793950377700,17.248377685546874,-5.398471739187836,-8.171716555583476,-0.4999347406493499
1789147793960349400,17.258349365234373,-5.395160422682761,-8.174449779939652,-0.4909078229764476
1789147793970322700,17.26832275390625,-5.391318944823742,-8.17752962577641,-0.4817437983877957
1789147793980294700,17.278294677734376,-5.386592500823736,-8.181355906066297,-0.4695120933242142
1789147793990266600,17.2882666015625,-5.391653875866532,-8.178865258294344,-0.454550196111761
1789147794000239600,17.298239501953127,-5.401777210474014,-8.173104795071483,-0.4376653680127114
1789147794010211600,17.308211669921874,-5.410765403571725,-8.168194811198115,-0.4178484685171395
1789147794020183600,17.31818359375,-5.416854952618479,-8.165325977763533,-0.3943624885873869
1789147794030155800,17.32815576171875,-5.420833793121576,-8.163906174093484,-0.3682211718432605
1789147794040128800,17.338128662109376,-5.419761195454001,-8.165819898760319,-0.3405532300537452
1789147794050100500,17.3481005859375,-5.423632483929396,-8.164531612515448,-0.3082462668193504
1789147794060072700,17.35807275390625,-5.434392362874746,-8.158501100179553,-0.2768143328538164
1789147794070045700,17.368045654296875,-5.442023880666494,-8.154139397838712,-0.2544880078205838
1789147794080017700,17.378017578125,-5.447262950363755,-8.151315572589635,-0.2318620057210326
1789147794089989600,17.38798974609375,-5.45551639944613,-8.146331938958168,-0.2121241080121137
1789147794099962600,17.397962646484373,-5.461873659518361,-8.142567033466696,-0.1921073568291962
1789147794109934600,17.4079345703125,-5.467037910413742,-8.139623381230235,-0.1685770263010635
1789147794119906600,17.417906494140624,-5.461141253590584,-8.143985668092965,-0.1477208560187835
1789147794129879800,17.4278798828125,-5.458955726245045,-8.145820482304691,-0.1256994778820313
1789147794139851500,17.4378515625,-5.472371088135242,-8.137153191724419,-0.1014321748488582
1789147794149823700,17.44782373046875,-5.481081048813462,-8.131514309054612,-0.0813591999666765
1789147794159796700,17.457796630859374,-5.484351448786258,-8.1294293194741,-0.0682437023724662
1789147794169768400,17.4677685546875,-5.490366763553023,-8.125435865923762,-0.0596957273229258
1789147794179740700,17.47774072265625,-5.487466365936398,-8.127423824870586,-0.0555353653736179
1789147794189713700,17.487713623046876,-5.4808922482430935,-8.131932826727628,-0.043232353206072
1789147794199685600,17.497685546875,-5.480415278381109,-8.132329717090725,-0.0253977044357452
1789147794209657600,17.50765771484375,-5.475216540694237,-8.135860813826323,-0.0127249433570657
1789147794219630600,17.517630615234374,-5.470343966221809,-8.13914524232447,-0.0062900954246666
1789147794229602600,17.5276025390625,-5.46769374397397,-8.140928618609905,6.3411145146e-06
1789147794239574800,17.53757470703125,-5.467542352804541,-8.141028571853042,0.0028470745501559
1789147794249547800,17.5475478515625,-5.469561875933408,-8.139672481068969,0.0030291599686592
1789147794259519500,17.55751953125,-5.474546678608656,-8.136319078987837,0.0054543290162924
1789147794269491700,17.56749169921875,-5.469275460207462,-8.139863619726896,0.0048328834953223
1789147794279463400,17.57746337890625,-5.478728932729363,-8.133501683479547,0.0088022763208835
1789147794289436700,17.587436767578126,-5.485250443452596,-8.12909614199698,0.0142171889255288
1789147794299408600,17.59740869140625,-5.487803050544858,-8.127368295291065,0.0168281797080999
1789147794309380600,17.607380615234376,-5.483034520968794,-8.130592518034577,0.0136181864193407
1789147794319353600,17.617353515625,-5.473207538959383,-8.137219242697954,0.0069269103322381
1789147794329325600,17.62732568359375,-5.457691405397653,-8.147636591815948,-0.0002846538476796
1789147794339297500,17.637297607421875,-5.450070993521809,-8.152733038172125,-0.0076688170240115
1789147794349270500,17.6472705078125,-5.45025745600462,-8.152596260049938,-0.0157034557027101
1789147794359242800,17.65724267578125,-5.451816375884413,-8.151539444473386,-0.0220319543296936
1789147794369214500,17.66721435546875,-5.449523881033063,-8.153046341904997,-0.0303051515754428
1789147794379187500,17.6771875,-5.450473144581913,-8.152368296512961,-0.0404441426930716
1789147794389159700,17.68715966796875,-5.452637044617533,-8.150864906212687,-0.0504300872570136
1789147794399131600,17.697131591796875,-5.4516889501124615,-8.151422540095448,-0.0614200623309239
1789147794409104600,17.707104736328127,-5.449020023164152,-8.153119991663099,-0.0721030812143581
1789147794419076600,17.71707666015625,-5.455644409739971,-8.14862209572196,-0.0793772232360672
1789147794429048600,17.727048583984374,-5.468730685806274,-8.139747299870848,-0.0888147584033198
1789147794439021600,17.737021484375,-5.48285624179244,-8.130144774267077,-0.0970630837860051
1789147794448993800,17.746993896484376,-5.49484887740314,-8.121888987097144,-0.1092509040420874
1789147794458965500,17.756965576171876,-5.502769149008393,-8.11628166860938,-0.1260983592728153
1789147794468938500,17.7669384765625,-5.502424281093478,-8.116214448592066,-0.1441001813035924
1789147794478910700,17.77691064453125,-5.503567021387815,-8.115100934392213,-0.1620676078744232
1789147794488882400,17.78688232421875,-5.511385586184263,-8.10941821258068,-0.179853933124151
1789147794498854700,17.796854736328125,-5.517391548600792,-8.104986367613076,-0.1948821370384655
1789147794508827600,17.80682763671875,-5.523119863119721,-8.100749752956629,-0.2083026317615061
1789147794518799600,17.816799560546876,-5.526102678322792,-8.09832047998309,-0.2231063244712539
1789147794528771600,17.826771484375,-5.525502374342084,-8.0983198954612,-0.2375224609018303
1789147794538744600,17.83674462890625,-5.5226224349915976,-8.099898689085245,-0.2503266503574326
1789147794548716500,17.846716552734375,-5.517380442684889,-8.103046923983097,-0.2636910127127543
1789147794558688800,17.856688720703126,-5.511661480516195,-8.106519568529725,-0.2762693027243018
1789147794568661800,17.866661865234374,-5.52140604493916,-8.099654943457246,-0.2829262398628517
1789147794578633500,17.876633544921877,-5.539744250184297,-8.087131561970711,-0.2827296030458994
1789147794588605700,17.886605712890624,-5.542598470571637,-8.084877061042189,-0.2911357402056455
1789147794598578700,17.89657861328125,-5.543576960214972,-8.083784589630366,-0.3026031280995346
1789147794608550700,17.906550537109375,-5.53194322104454,-8.091138459524512,-0.3185418892538175
1789147794618522600,17.916522705078126,-5.518121031919121,-8.099964740058779,-0.3336142245708033
1789147794628495600,17.92649560546875,-5.518913059079647,-8.099316505283117,-0.336261926067993
1789147794638467600,17.936467529296873,-5.528367116123437,-8.092863383620976,-0.3363216934312135
1789147794648439600,17.946439453125,-5.535611095902324,-8.087832988238334,-0.3381538042291999
1789147794658412800,17.956412841796876,-5.533391081765294,-8.089132380399107,-0.3433751556066796
1789147794668384500,17.966384521484375,-5.534298259738088,-8.087921251043676,-0.3570113206407055
1789147794678356700,17.976356689453127,-5.532774411171674,-8.088163827627897,-0.3746947883041575
1789147794688329700,17.986329833984374,-5.526271020627021,-8.091742855158447,-0.3929444750156253
1789147794698301400,17.996301513671874,-5.510760147762298,-8.101749285387992,-0.4044129406217485
1789147794708273700,18.006273681640625,-5.503158440586924,-8.10652833635807,-0.4120903799144551
1789147794718245600,18.01624560546875,-5.498424397802353,-8.109355668738484,-0.4195786533106118
1789147794728218600,18.026218505859376,-5.4973640750944615,-8.109763080495595,-0.4255683221794664
1789147794738190600,18.036190673828123,-5.498981447163224,-8.10829885316193,-0.4325442621393129
1789147794748162600,18.04616259765625,-5.502223790085315,-8.105718773540854,-0.4396088667633012
1789147794758135600,18.056135498046874,-5.501562695828079,-8.105664413005114,-0.4487637216648086
1789147794768107800,18.066107666015625,-5.50492018956244,-8.10302354310751,-0.4552360960166901
1789147794778079500,18.07607958984375,-5.511991150861978,-8.097903715875745,-0.4607461281424388
1789147794788052500,18.086052490234376,-5.5184150464296335,-8.093408742544055,-0.4628427350955084
1789147794798024700,18.096024658203124,-5.521379156932235,-8.09128868165016,-0.4645638232670724
1789147794807996400,18.105996337890623,-5.51862781239748,-8.09295106190443,-0.4682752084730193
1789147794817969700,18.1159697265625,-5.506233025726676,-8.101237244212626,-0.4708940857345238
1789147794827941600,18.125941650390622,-5.4980619942307465,-8.106877295926212,-0.4692880753099918
1789147794837913600,18.13591357421875,-5.4778883902519935,-8.120332989826798,-0.4725536529771983
1789147794847886600,18.145886474609377,-5.459486472120881,-8.132938788899779,-0.4687096909001469
1789147794857858600,18.155858642578124,-5.45128212287724,-8.138573579916358,-0.4664082820899784
1789147794867830500,18.16583056640625,-5.453245531904697,-8.137032195693253,-0.4703256016641855
1789147794877803500,18.175803466796875,-5.4555333505809305,-8.135128992420434,-0.4766782951591536
1789147794887775700,18.185775634765623,-5.450652592802047,-8.138331587854028,-0.4778444893943145
1789147794897747500,18.19574755859375,-5.440843730971217,-8.144975848174095,-0.4764066020783036
1789147794907719700,18.2057197265625,-5.438942865785956,-8.146566332235931,-0.470892405234091
1789147794917692700,18.215692626953125,-5.44399079682529,-8.143540262413024,-0.4648725969552993
1789147794927664600,18.22566455078125,-5.442136693391204,-8.145055343151093,-0.4600081327240913
1789147794937637000,18.23563720703125,-5.438721331989765,-8.147618471637367,-0.4549707961440086
1789147794947610000,18.245610107421875,-5.441726943546533,-8.145946154510975,-0.448963116694428
1789147794957582000,18.25558203125,-5.445962973681092,-8.143460182914138,-0.4426516319926828
1789147794967554000,18.26555395507813,-5.443525517401099,-8.145408978894352,-0.4367265893252566
1789147794977527000,18.275527099609373,-5.439033466678858,-8.1489202018857,-0.4270971757145598
1789147794987499000,18.2854990234375,-5.441227177330851,-8.147973860946298,-0.4170902705609798
1789147794997471000,18.295470947265624,-5.448573448440432,-8.143488824486733,-0.4087052309881895
1789147795007444200,18.3054443359375,-5.449463090756535,-8.143299439394474,-0.4005133028347045
1789147795017416000,18.315416015625,-5.446743894925714,-8.145398457500338,-0.3947771338028833
1789147795027388200,18.32538818359375,-5.437433045744895,-8.151694342774153,-0.3931715252371505
1789147795037361200,18.33536108398437,-5.424059769430756,-8.160786580768226,-0.3892574205333367
1789147795047333000,18.3453330078125,-5.405334026172757,-8.173302947992086,-0.3871385286832228
1789147795057305000,18.35530517578125,-5.395065145614743,-8.180248237085342,-0.3836792550748213
1789147795067278000,18.36527807617188,-5.391719342318177,-8.182592754384874,-0.380699654742144
1789147795077250000,18.37525,-5.391811696776747,-8.182637178048491,-0.3784260837869718
1789147795087222000,18.385221923828126,-5.391576134455204,-8.182704398065805,-0.3803272777657955
1789147795097194000,18.39519409179688,-5.390839052352309,-8.182998412576318,-0.3844139990901574
1789147795107167000,18.4051669921875,-5.388119271999598,-8.184644426217675,-0.3875143397256732
1789147795117139200,18.41513916015625,-5.38949465200603,-8.18375595294535,-0.3871166821775957
1789147795127111000,18.42511083984375,-5.397183452942967,-8.178601638922094,-0.3889190554244444
1789147795137084000,18.435083984375,-5.410630963537097,-8.169767759603262,-0.3877315261403098
1789147795147056000,18.44505615234375,-5.426188013631105,-8.159546809840203,-0.3855563375256955
1789147795157027800,18.45502783203125,-5.435352732339501,-8.153502853500843,-0.3843511629870161
1789147795167001000,18.4650009765625,-5.441809945654869,-8.148926631626486,-0.3899821180786937
1789147795176973000,18.47497314453125,-5.439760027387738,-8.149980524593591,-0.3965133464783429
1789147795186945000,18.484945068359377,-5.43707064217329,-8.151479823240637,-0.4025347256597131
1789147795196918000,18.49491796875,-5.432044922965765,-8.154817443230748,-0.4027832570606842
1789147795206890000,18.504889892578124,-5.429948827469349,-8.155809961399436,-0.4108591576190665
1789147795216862000,18.514862060546875,-5.425435733959079,-8.15845200034082,-0.4179551072293892
1789147795226835000,18.5248349609375,-5.423204613906145,-8.159292542818187,-0.4303139458039775
1789147795236807200,18.53480712890625,-5.424105362138151,-8.157854618969559,-0.445951769516617
1789147795246779000,18.54477880859375,-5.427948009040952,-8.154184406024218,-0.465878924453631
1789147795256752000,18.554752197265625,-5.4284793394386766,-8.152705565643311,-0.4851609864201396
1789147795266724000,18.56472412109375,-5.434429772275686,-8.147562357535957,-0.5045560072418303
1789147795276696000,18.574696044921875,-5.449103025272488,-8.136765653711556,-0.5202777098456397
1789147795286668000,18.58466796875,-5.461817545416951,-8.127281201529502,-0.5350004280073568
1789147795296641000,18.59464111328125,-5.470869451400637,-8.120007411134242,-0.552676662212424
1789147795306613000,18.60461303710937,-5.48662465441525,-8.108101284763217,-0.5709846915150061
1789147795316585000,18.6145849609375,-5.500716892653704,-8.097190599170327,-0.5899234564691782
1789147795326558200,18.62455810546875,-5.508671066528558,-8.090382088199258,-0.6088163364550099
1789147795336530000,18.63453002929688,-5.513794985413551,-8.085038973605633,-0.6329187677826732
1789147795346502100,18.644502197265624,-5.525100807803869,-8.075562120208144,-0.6549287203431129
1789147795356475100,18.65447509765625,-5.548304573258758,-8.057583395925164,-0.6797476659096777
1789147795366446800,18.66444677734375,-5.565680070951581,-8.04326728580296,-0.7067224743358791
1789147795376419000,18.67441918945313,-5.576165224608778,-8.033667682808638,-0.7327716192845255
1789147795386392000,18.68439208984375,-5.584454329526424,-8.025636352044344,-0.757248035023734
1789147795396364000,18.69436401367188,-5.583919491997361,-8.023389449900389,-0.7845140084162354
1789147795406336000,18.7043359375,-5.57834490673542,-8.024411778685451,-0.8131810807783156
1789147795416309000,18.71430908203125,-5.571209648028016,-8.02715377086997,-0.8347462121807039
1789147795426281000,18.72428100585937,-5.58052692694962,-8.018083744707702,-0.8593214851845056
1789147795436253200,18.73425317382813,-5.591107942196727,-8.008304108971357,-0.8814523607108742
1789147795446225000,18.744224853515625,-5.599422766077518,-7.999660783788562,-0.906789777193591
1789147795456198000,18.75419799804688,-5.602915284368396,-7.994242850393056,-0.9326371890250592
1789147795466170000,18.764170166015624,-5.606588419923186,-7.988738992279767,-0.9573973901417104
1789147795476141800,18.774141845703124,-5.605752553620934,-7.986326670441031,-0.9820988468084484
1789147795486115000,18.78411499023437,-5.612153652834892,-7.978574156618118,-1.008207686055079
1789147795496087000,18.794087158203126,-5.620440419664979,-7.96982386392951,-1.0309936644893138
1789147795506059000,18.80405908203125,-5.6286605509996415,-7.961222039800882,-1.0523857774123548
1789147795516032000,18.81403198242188,-5.633426157966256,-7.954953042533993,-1.0740651097789409
1789147795526004000,18.82400390625,-5.636504834759236,-7.950259916281699,-1.0925046565067025
1789147795535976000,18.833975830078124,-5.637445330479741,-7.946836371573806,-1.1123798620607703
1789147795545949000,18.843948974609376,-5.638689777582884,-7.943262604740261,-1.1314421437967568
1789147795555921200,18.853921142578123,-5.634691647857427,-7.943533822897076,-1.1493071055069566
1789147795565892900,18.863892822265623,-5.629089005544781,-7.9452996635258195,-1.1644498757116497
1789147795575865900,18.87386596679688,-5.6259571372598405,-7.945404292944073,-1.1787857134476305
1789147795585838000,18.883838134765625,-5.623764011129737,-7.945249979165196,-1.1902435115292669
1789147795595810000,18.89381005859375,-5.620908621698618,-7.945861389061808,-1.1996036797445266
1789147795605783000,18.903782958984376,-5.617829944905639,-7.946556970110535,-1.2093784201100468
1789147795615755000,18.913755126953124,-5.615708130446076,-7.946807145479321,-1.2175632609356195
1789147795625727000,18.92372705078125,-5.614219353193044,-7.947114019471407,-1.2224136235762386
1789147795635700000,18.933699951171874,-5.620030085298419,-7.942469993057847,-1.225897447104007
1789147795645672200,18.943672119140626,-5.631465087026357,-7.934395407673716,-1.2257060161851343
1789147795655644000,18.953643798828125,-5.6533764745831485,-7.920361621624231,-1.2155663880299776
1789147795665616100,18.9636162109375,-5.67150132933855,-7.909761901676655,-1.2000520080339163
1789147795675589000,18.973589111328124,-5.6686079459846015,-7.911772072455286,-1.2004697950545695
1789147795685560800,18.983560791015623,-5.666641614347696,-7.913607471188902,-1.197651888089627
1789147795695533000,18.99353295898437,-5.650369693982601,-7.925429426407813,-1.1963585603434592
1789147795705506000,19.003506103515623,-5.634851806855202,-7.937695618262887,-1.1881981963720172
1789147795715478000,19.01347802734375,-5.614683463573456,-7.954262722182273,-1.1727849386628717
1789147795725450000,19.02344995117188,-5.602547035577893,-7.96596309684813,-1.1512149849548936
1789147795735423000,19.033423095703125,-5.595398917388915,-7.973812056782841,-1.131460263975337
1789147795745395000,19.04339501953125,-5.592864430475235,-7.978184865039586,-1.1130280237711965
1789147795755367200,19.0533671875,-5.588727769061923,-7.984237589207291,-1.0901665689479558
1789147795765340200,19.063340087890627,-5.581186852163076,-7.991524239084124,-1.0753086800992488
1789147795775312000,19.07331176757813,-5.580933754184842,-7.9933958781749,-1.0626309848338364
1789147795785284000,19.0832841796875,-5.5900528801858425,-7.988885707274079,-1.0485220877215269
1789147795795256000,19.093256103515625,-5.584949419566988,-7.993971047714352,-1.036897481705621
1789147795805229000,19.10322900390625,-5.572673875361681,-8.004534527304768,-1.0213363399583846
1789147795815201000,19.113200927734376,-5.564178434216976,-8.01180481056869,-1.0105857402980327
1789147795825173200,19.12317333984375,-5.555977007582784,-8.019045283216238,-0.9982001598469912
1789147795835146000,19.13314599609375,-5.548518508270383,-8.025372732672095,-0.9888029475569724
1789147795845118000,19.14311791992188,-5.536919840413332,-8.034450357618928,-0.9800523626074196
1789147795855090200,19.153090087890625,-5.535000270527601,-8.037249048426746,-0.9678832744512706
1789147795865063000,19.16306298828125,-5.546165807664394,-8.031003432035446,-0.9557255844719708
1789147795875035100,19.17303515625,-5.550605835938454,-8.029026579004526,-0.9465198761660604
1789147795885007000,19.183007080078124,-5.540476071590184,-8.036184634065627,-0.9451263759810477
1789147795894979800,19.192979736328127,-5.528588065397739,-8.044723914352058,-0.9420837934147566
1789147795904952000,19.2029521484375,-5.513561761179566,-8.055769624501467,-0.935737127801776
1789147795914924000,19.212924072265626,-5.501668494290113,-8.065452814126015,-0.9222228355817496
1789147795924897000,19.22289697265625,-5.492931645604968,-8.072996069112419,-0.908196575251594
1789147795934869000,19.232868896484376,-5.499425683799386,-8.069764247584342,-0.8975511164661496
1789147795944841500,19.242841552734376,-5.526547499480843,-8.052582811158896,-0.885189355282113
1789147795954814500,19.252814453125,-5.552732911095023,-8.03588068268299,-0.8730140565808862
1789147795964786200,19.2627861328125,-5.558504480233788,-8.032074860659241,-0.8713068873368203
1789147795974758400,19.27275830078125,-5.542558138561248,-8.043363147392869,-0.8687641440514474
1789147795984730400,19.28273046875,-5.4895618769109245,-8.078859992709756,-0.8758499375939369
1789147795994703400,19.292703369140625,-5.477502021282911,-8.086006941854953,-0.8853521446283906
1789147796004675300,19.30267529296875,-5.448415043008327,-8.104692937624455,-0.8939289073809981
1789147796014647600,19.3126474609375,-5.434183688560128,-8.114165699368716,-0.8946272649087011
1789147796024620300,19.322620361328124,-5.410259792137146,-8.12982153366208,-0.8974880611672997
1789147796034592500,19.332592529296875,-5.392642886903881,-8.141077671691775,-0.901464052126184
1789147796044564500,19.342564453125,-5.37890194632113,-8.149542133176327,-0.9070661829821764
1789147796054537200,19.352537109375,-5.369079055964947,-8.155100351825356,-0.9152635910283774
1789147796064509400,19.362509521484377,-5.373193505546451,-8.151432476967573,-0.9237488030400126
1789147796074481400,19.3724814453125,-5.379999678429961,-8.145464508473873,-0.9367014427892864
1789147796084454400,19.382454345703124,-5.374804447874427,-8.147689783307909,-0.9471065900128334
1789147796094426400,19.39242626953125,-5.379850625348091,-8.143836615011095,-0.9515895806457848
1789147796104398300,19.4023984375,-5.390817425042391,-8.136351227691769,-0.9535548163041472
1789147796114371300,19.412371337890622,-5.398475246319174,-8.131005775010586,-0.9558267798241228
1789147796124343300,19.42234326171875,-5.401539894586802,-8.128963455528021,-0.9558769025761632
1789147796134315300,19.43231518554688,-5.406003888258337,-8.12616651828587,-0.9544214430708438
1789147796144287200,19.442287353515624,-5.419900896185636,-8.117379400718212,-0.950375309485197
1789147796154260500,19.45226049804688,-5.429375996017456,-8.111033246561885,-0.9504749704673886
1789147796164232200,19.46223217773437,-5.433944034585356,-8.10770322535634,-0.9527736758638172
1789147796174204400,19.47220434570313,-5.438870385071635,-8.104504721575974,-0.95188527565673
1789147796184177400,19.48217749023437,-5.44094894491136,-8.10331814213991,-0.9501010225884616
1789147796194149400,19.4921494140625,-5.442725891456008,-8.102569369599223,-0.9463045529149472
1789147796204121300,19.502121337890625,-5.429489393264055,-8.111576851919294,-0.9451779600378124
1789147796214094300,19.51209423828125,-5.402026216799021,-8.130150034964084,-0.9429575075093656
1789147796224066300,19.52206640625,-5.379408142277598,-8.145335329136252,-0.9412073028411716
1789147796234038300,19.532038330078127,-5.360836712798476,-8.15729230891168,-0.9436141447871924
1789147796244011500,19.54201147460937,-5.363161940875649,-8.155715853375195,-0.9440233831752092
1789147796253983200,19.55198315429688,-5.380198415872455,-8.144918565028906,-0.9403004171293228
1789147796263955500,19.56195556640625,-5.406075784450769,-8.128952934134006,-0.9299717692080884
1789147796273927400,19.571927490234376,-5.427403234639764,-8.116314401835202,-0.9160382286626844
1789147796283900200,19.581900146484376,-5.444534402182698,-8.10678961764276,-0.8985532792460172
1789147796293872400,19.591872314453123,-5.457452920466661,-8.099709888514877,-0.8839083755608648
1789147796303844400,19.60184423828125,-5.46970800640583,-8.093035817578434,-0.8691612536102533
1789147796313817300,19.6118173828125,-5.469776395466924,-8.093599881201982,-0.8634748054716735
1789147796323789300,19.621789306640625,-5.463468235233425,-8.098706848952174,-0.855490309523791
1789147796333761500,19.631761474609377,-5.467533584976196,-8.097454803064466,-0.841244488158822
1789147796343734300,19.641734375,-5.479582334688305,-8.091158333268762,-0.8232409216955303
1789147796353706200,19.651706298828124,-5.495478407478332,-8.082742971622944,-0.7996088478259742
1789147796363678500,19.661678466796875,-5.509100105595588,-8.076135536181926,-0.7721666410837322
1789147796373651200,19.671651123046875,-5.520208359587192,-8.071562236917018,-0.7399787741843611
1789147796383623400,19.68162353515625,-5.527886639130116,-8.068810307860375,-0.7121485910378396
1789147796393595400,19.691595458984374,-5.533612615561485,-8.066479819086194,-0.6938437766056508
1789147796403568400,19.701568359375,-5.533690941494703,-8.067657046172023,-0.6793864313818514
1789147796413540400,19.711540283203124,-5.532216777288913,-8.070564458051324,-0.6564703968271612
1789147796423512600,19.7215126953125,-5.524671768736839,-8.077762260600924,-0.6309937910694629
1789147796433484300,19.731484375,-5.516926269176602,-8.085166399377584,-0.603327054856345
1789147796443457300,19.741457275390623,-5.503264239048957,-8.095941475892067,-0.5832577149696648
1789147796453429500,19.75142944335937,-5.498593324628472,-8.10029967110157,-0.5665746930530294
1789147796463401200,19.76140112304688,-5.496655634564161,-8.102796164092421,-0.5494150666005909
1789147796473374500,19.77137451171875,-5.501203214865923,-8.100832755064964,-0.5325885810926556
1789147796483346400,19.78134643554688,-5.501085725966096,-8.101780265048145,-0.5192272144120186
1789147796493318400,19.791318359375,-5.491951402395963,-8.108724969619512,-0.5073751928484067
1789147796503291400,19.80129150390625,-5.499736064922809,-8.104545638108252,-0.4895272918708622
1789147796513263400,19.81126342773437,-5.511941466501355,-8.097447204279899,-0.4692924226915463
1789147796523235300,19.8212353515625,-5.513890847003459,-8.097190599170327,-0.4504355638671666
1789147796533208300,19.831208251953125,-5.510400666800141,-8.10065389136672,-0.4304350879656151
1789147796543180500,19.8411806640625,-5.506055915594101,-8.104653774657844,-0.4102591093666851
1789147796553152300,19.85115234375,-5.500919137227535,-8.109273251152038,-0.3872329655010253
1789147796563125200,19.861125244140624,-5.49320870898068,-8.115960181570053,-0.3552865792073309
1789147796573097500,19.87109741210937,-5.490698771986365,-8.119088542723656,-0.320933752826415
1789147796583069400,19.8810693359375,-5.487376934087276,-8.122536052829027,-0.2889361478021368
1789147796593041400,19.89104150390625,-5.482569826066493,-8.126817675670981,-0.2581576910429634
1789147796603014400,19.90101440429688,-5.477943919831514,-8.130770797210932,-0.2304202459475025
1789147796612986400,19.910986328125,-5.468204031583666,-8.13810420883894,-0.2009840523764491
1789147796622958300,19.920958251953124,-5.456978873214125,-8.146504372915626,-0.1619334601007402
1789147796632931600,19.930931640625,-5.436456894189119,-8.160891210186481,-0.1232525413876399
1789147796642903300,19.9409033203125,-5.421594256100058,-8.171258874943852,-0.0850825404718984
1789147796652875500,19.95087548828125,-5.423371202644706,-8.170355204102396,-0.0522031933101825
1789147796662848500,19.9608486328125,-5.43138265966475,-8.165175171115994,-0.0197362788572791
1789147796672820200,19.9708203125,-5.43470157495439,-8.162985552117227,0.008282176849115
1789147796682792400,19.98079248046875,-5.441379737544059,-8.158459014603496,0.0364229974182089
1789147796692765400,19.990765380859376,-5.455542118409276,-8.148820248642563,0.0646884986754972
1789147796702737400,20.0007373046875,-5.472098700934648,-8.137416226574778,0.0947147396947257
1789147796712709400,20.01070947265625,-5.481841511791944,-8.13043586616814,0.1257356817065738
1789147796722682400,20.02068237304688,-5.489660076588392,-8.12465494467914,0.154922266164422
1789147796732654300,20.030654296875,-5.5062207507669925,-8.112894364258647,0.1813121508421376
1789147796742626300,20.040626220703125,-5.5188709735035895,-8.103633199438452,0.2087513436433859
1789147796752598300,20.05059838867188,-5.526202047044039,-8.097963921630383,0.233365249890834
1789147796762571300,20.0605712890625,-5.530478993710875,-8.094398922625183,0.2547429872286506
1789147796772543500,20.07054345703125,-5.532160663187503,-8.092586320245266,0.275008562073484
1789147796782515200,20.08051513671875,-5.531562697294354,-8.092257234421371,0.2959378797903657
1789147796792488400,20.090488525390622,-5.5329129428595305,-8.090404884552955,0.3203471120448783
1789147796802460400,20.10046044921875,-5.530186148244142,-8.091393311068416,0.341752303645201
1789147796812432400,20.11043237304688,-5.526755004751682,-8.092755247071384,0.3642535103213042
1789147796822405400,20.1204052734375,-5.524080232584476,-8.093572408673166,0.3860227129284292
1789147796832377300,20.13037744140625,-5.522838123568892,-8.093423940113187,0.4063694084517658
1789147796842349300,20.14034936523437,-5.517722972512245,-8.096092282539606,0.4223782939665019
1789147796852322300,20.150322265625,-5.507057786113023,-8.102528453066945,0.4378632652049884
1789147796862294500,20.16029443359375,-5.504374830639362,-8.103554288983345,0.452377528247796
1789147796872266200,20.17026635742188,-5.522473381909728,-8.090550430503487,0.4643886128306388
1789147796882238500,20.180238525390624,-5.540566087961197,-8.07728470621705,0.4795687924362719
1789147796892211500,20.19021142578125,-5.545103731390833,-8.073954100489615,0.4832032764811068
1789147796902183200,20.20018310546875,-5.542659260848164,-8.07524998551905,0.489550782344304
1789147796912155400,20.2101552734375,-5.5260529939621685,-8.086545871037245,0.4908067372221499
1789147796922128400,20.22012841796875,-5.519791010957956,-8.090666165837645,0.4933753090685233
1789147796932100400,20.23010034179688,-5.517829940018058,-8.09205323628187,0.492562129522115
1789147796942072000,20.240072021484377,-5.509309364432096,-8.097961583542823,0.4908347942728548
1789147796952045000,20.250045166015624,-5.496256406113505,-8.1072747708112,0.483368988436833
1789147796962017000,20.26001708984375,-5.485481329599023,-8.115344095498322,0.4701635064376518
1789147796971989000,20.269989013671875,-5.477966716185212,-8.121284006941318,0.4549745955362915
1789147796981962000,20.2799619140625,-5.471431761458516,-8.126659270238877,0.4373007724840194
1789147796991934000,20.289933837890626,-5.461167557075619,-8.13453920983374,0.4187045738898217
1789147797001906000,20.299906005859373,-5.462811232629418,-8.134276759505271,0.4020171680590138
1789147797011879000,20.30987890625,-5.473090634581446,-8.128151554623246,0.3857623814918101
1789147797021851100,20.31985107421875,-5.482181703531742,-8.122926513451338,0.3662544383475556
1789147797031822800,20.32982275390625,-5.486160544034838,-8.121128524118662,0.3459901238780468
1789147797041795000,20.339795166015627,-5.491780722004175,-8.118247415724396,0.3237206801312044
1789147797051768000,20.34976806640625,-5.49337471319735,-8.118101869773865,0.2994216667855158
1789147797061740000,20.35973999023437,-5.493899613854289,-8.118610403817891,0.274992286792118
1789147797071712000,20.3697119140625,-5.503340811416506,-8.112849356073141,0.2555524587143212
1789147797081685000,20.37968505859375,-5.511724608880281,-8.107712577706575,0.2372025447650812
1789147797091657000,20.38965698242188,-5.515992787718773,-8.10527921307981,0.2205914921061135
1789147797101629000,20.39962890625,-5.517031483116746,-8.104974677175283,0.20530507564703
1789147797111602200,20.409602294921875,-5.517820003145933,-8.10490278098285,0.1860282013122923
1789147797121574000,20.41957397460937,-5.5180444595515725,-8.105198549059033,0.1653264087409712
1789147797131546000,20.42954614257813,-5.508069593504071,-8.11242031700611,0.1420503909006249
1789147797141519000,20.43951904296875,-5.497095195025206,-8.12025407937169,0.1175108559304848
1789147797151490800,20.44949072265625,-5.489199473339319,-8.125883609691261,0.0954096996889449
1789147797161463000,20.459463134765624,-5.484766459327936,-8.129091465821862,0.074831177304266
1789147797171435000,20.46943505859375,-5.482807726475596,-8.13058725733757,0.0526457540124887
1789147797181408000,20.47940795898437,-5.481389091849326,-8.131654594308138,0.0310078496348345
1789147797191380000,20.4893798828125,-5.477475133275985,-8.134345733088255,0.0083326569358265
1789147797201352200,20.49935229492188,-5.475513477814197,-8.135656815686822,-0.0151549504078982
1789147797211325000,20.50932495117188,-5.480847240057587,-8.131983095610142,-0.0395132504845503
1789147797221297200,20.519297119140624,-5.493350747799873,-8.123375426262617,-0.0652872819859767
1789147797231269000,20.52926904296875,-5.506248223295808,-8.114424058043957,-0.0879136265788227
1789147797241241900,20.53924194335937,-5.5118765845716,-8.110355201169847,-0.1083376342552248
1789147797251214000,20.549214111328126,-5.518996645709872,-8.105224268022178,-0.1281047123928554
1789147797261186000,20.55918603515625,-5.520616940388083,-8.103790435826777,-0.1475044641885906
1789147797271159000,20.56915893554688,-5.517800129401683,-8.10535520092547,-0.1657877426424063
1789147797281131000,20.579131103515625,-5.512830524295568,-8.108417511105538,-0.1807088329204358
1789147797291103200,20.589103271484376,-5.506994657748938,-8.112049145606159,-0.1950972776264883
1789147797301075000,20.599074951171875,-5.498702045699954,-8.117267172515392,-0.211306672415696
1789147797311048000,20.6090478515625,-5.494122901216149,-8.11999396713078,-0.2251807561251334
1789147797321020200,20.619020263671874,-5.49205018659532,-8.120996422171592,-0.2391071910763159
1789147797330991900,20.62899194335937,-5.493699707368016,-8.119567266151309,-0.2495424594434909
1789147797340965000,20.638965087890625,-5.4924868244469165,-8.120071708542108,-0.2596125660263933
1789147797350937000,20.64893701171875,-5.487800127935409,-8.12305218565762,-0.2654247777028009
1789147797360909000,20.65890893554688,-5.491505412194132,-8.120457492989301,-0.2681678841321729
1789147797370882000,20.668882080078124,-5.506949649563431,-8.110102103191613,-0.2648157606926746
1789147797380854000,20.67885400390625,-5.520132371741533,-8.101255364391207,-0.2611180934848264
1789147797390826000,20.68882592773437,-5.526605951669812,-8.09701699616909,-0.2555792371233925
1789147797400799000,20.698799072265626,-5.528558254781365,-8.09587951657176,-0.2493473204638809
1789147797410771200,20.708771240234373,-5.524303519946336,-8.098970468324422,-0.2431514797647483
1789147797420743000,20.71874291992188,-5.522640555170178,-8.100479703843593,-0.2303287500054575
1789147797430715100,20.728715087890624,-5.511310767382383,-8.108487653732299,-0.2196681484498083
1789147797440688000,20.738688232421875,-5.497398561885952,-8.118214682498573,-0.2087473433217033
1789147797450660000,20.74866015625,-5.486520609518886,-8.125743908959628,-0.201856341698952
1789147797460632000,20.75863208007813,-5.482283994862437,-8.128804465574026,-0.1936488689164631
1789147797470605000,20.76860498046875,-5.477710111075639,-8.132065513196586,-0.1859918330909684
1789147797480577000,20.77857690429688,-5.474062694483995,-8.134735609188676,-0.1763779641092754
1789147797490549000,20.788549072265624,-5.465914459341764,-8.140403133431077,-0.1673690935497172
1789147797500522200,20.79852221679688,-5.472325495427847,-8.136302712374926,-0.156926847452484
1789147797510494000,20.80849389648437,-5.4834734969079495,-8.129007294669746,-0.1454028522668406
1789147797520466200,20.818466064453126,-5.488579295614361,-8.125781902882457,-0.1324984447066206
1789147797530439200,20.82843920898437,-5.49567013065815,-8.121214448836445,-0.1177146440074313
1789147797540411000,20.83841088867188,-5.505121265092492,-8.114998058539628,-0.1040398274634499
1789147797550383000,20.848383056640625,-5.503449532487988,-8.116286344784498,-0.0911891137186903
1789147797560355000,20.85835498046875,-5.505830290144681,-8.114853681632876,-0.0732581101681105
1789147797570328000,20.868328125,-5.508486942133307,-8.113190716856717,-0.0555828303776914
1789147797580300000,20.878300048828127,-5.511349345827102,-8.111345381250977,-0.0387244244946865
1789147797590272000,20.88827197265625,-5.512683224779368,-8.110496070945262,-0.0239764645771472
1789147797600245000,20.89824487304688,-5.518386989378929,-8.106638810995221,-0.0136134394622757
1789147797610217200,20.90821728515625,-5.522219114887714,-8.104040611195563,-0.0038808537422941
1789147797620189000,20.91818896484375,-5.528651778283715,-8.099651436325907,0.0068758462944591
1789147797630162000,20.928161865234376,-5.527831109550595,-8.100196210727095,0.0167477679907169
1789147797640134100,20.938134033203124,-5.53580457264781,-8.094706965661048,0.0310407883566338
1789147797650105900,20.94810595703125,-5.549595782113075,-8.085183350512384,0.0468258293870836
1789147797660079000,20.9580791015625,-5.553399850571156,-8.082481105816363,0.060270161643438
1789147797670051000,20.968051025390626,-5.550868870788812,-8.084157514595985,0.0681363467075862
1789147797680023000,20.97802294921875,-5.546523535060882,-8.087137991711497,0.0682104211573721
1789147797689995000,20.9879951171875,-5.542094028180838,-8.090206731632351,0.0641782704313052
1789147797699968000,20.997968017578124,-5.547485073569416,-8.086494433110952,0.0663216985010542
1789147797709940000,21.00793994140625,-5.543821290364861,-8.088975728532672,0.0699827965581789
1789147797719912000,21.01791186523437,-5.537491502821445,-8.093245660936832,0.0770935510119888
1789147797729885200,21.02788525390625,-5.532133190658688,-8.09688840135336,0.0792656891529914
1789147797739857000,21.03785693359375,-5.531516520065069,-8.0973338070333,0.0768069252234883
1789147797749829000,21.0478291015625,-5.529540836077929,-8.098720292955637,0.072795607222896
1789147797759802000,21.057802001953124,-5.526684862124919,-8.10067434963286,0.0722507323570083
1789147797769774000,21.06777416992188,-5.5245683083623645,-8.102102921131253,0.0738476141935912
1789147797779746000,21.07774609375,-5.535332278960943,-8.094656112256645,0.0837315733875148
1789147797789719000,21.087718994140623,-5.538816029423475,-8.092127470561861,0.0968640175499487
1789147797799691000,21.09769091796875,-5.53170005993843,-8.096875541871785,0.1062299396525602
1789147797809663000,21.1076630859375,-5.525123019635677,-8.101276991701125,0.1127275032446254
1789147797819635200,21.11763525390625,-5.516768448266387,-8.106953283771873,0.1138667638070881
1789147797829608000,21.12760791015625,-5.503299310362339,-8.11601863375902,0.1196885835620574
1789147797839580200,21.137580078125,-5.492755119994283,-8.123036988088488,0.1276991181334946
1789147797849552000,21.1475517578125,-5.48009729847312,-8.13146579373777,0.1347872497635427
1789147797859524900,21.15752490234375,-5.466969521352649,-8.140159387803077,0.1430020564691163
1789147797869497000,21.1674970703125,-5.45937658200562,-8.14507813950479,0.152655517675681
1789147797879468800,21.17746875,-5.456425330984592,-8.146945686942338,0.1583937964661978
1789147797889442000,21.18744213867188,-5.453356006541848,-8.148859411609171,0.1655011807859875
1789147797899414000,21.1974140625,-5.449496993026137,-8.15145761140883,0.1646508293006569
1789147797909386000,21.207385986328124,-5.437141369321942,-8.159676573699713,0.1660152860542759
1789147797919359000,21.21735888671875,-5.430951867032051,-8.163694577169418,0.1710084912316873
1789147797929331000,21.2273310546875,-5.421935616883635,-8.169574867379666,0.1762048360320739
1789147797939303000,21.237302978515626,-5.414868747237325,-8.174123032203315,0.1824690657922998
1789147797949275000,21.24727490234375,-5.400260376170277,-8.183657753267884,0.187926271752268
1789147797959248000,21.257247802734376,-5.381421235665679,-8.195963108089567,0.1920133584028109
1789147797969219800,21.2672197265625,-5.358112256270647,-8.21118931879401,0.19336258105468
1789147797979191800,21.27719189453125,-5.346428248217702,-8.218919620785117,0.1882742449397221
1789147797989164800,21.287164794921875,-5.338408607891202,-8.224294884082674,0.1809624058227054
1789147797999137000,21.297136962890622,-5.32627159537375,-8.232388174167275,0.1702800856255926
1789147798009108700,21.307108642578125,-5.318458291274309,-8.23771258406043,0.156472144221235
1789147798019081700,21.317081787109377,-5.313159015822411,-8.241378705352544,0.1428312482131645
1789147798029054000,21.327053955078124,-5.306157612627745,-8.24610690291822,0.1295574228186626
1789147798039025700,21.337025634765624,-5.3020601141810415,-8.248933650776744,0.1167426389038097
1789147798048999000,21.3469990234375,-5.305363247379661,-8.246969657227396,0.1048076608976349
1789147798058971000,21.356970947265623,-5.320247512778639,-8.237473514607549,0.096897198300343
1789147798068942800,21.36694287109375,-5.333928247606754,-8.228694580346346,0.0904932130095548
1789147798078914800,21.37691479492188,-5.331359858423471,-8.23047854115367,0.078781759827258
1789147798088887800,21.3868876953125,-5.337518381053209,-8.226586794412135,0.0674825224413536
1789147798098859800,21.39685986328125,-5.334117632699012,-8.228867598825692,0.0576165190292289
1789147798108832000,21.40683203125,-5.34064908029437,-8.224666640004514,0.0520126026415266
1789147798118805000,21.416804931640623,-5.346306667664647,-8.221013962715864,0.0479865848287241
1789147798128776700,21.42677661132813,-5.352514874655008,-8.21700998777151,0.041382880281331
1789147798138749000,21.4367490234375,-5.360594720736145,-8.211780270424486,0.0327038010818534
1789147798148722000,21.446721923828125,-5.360300121703744,-8.211988944739103,0.0283784190132748
1789147798158694000,21.45669384765625,-5.35040416611135,-8.218457848492264,0.022821006365132
1789147798168665900,21.466665771484376,-5.340633298203349,-8.224829721611737,0.014254779847915
1789147798178638000,21.47663818359375,-5.334088991126418,-8.229083287402988,0.0089438082500011
1789147798188610800,21.48661083984375,-5.338424974504113,-8.226273490679263,0.0052110902783693
1789147798198582800,21.496582763671874,-5.359689296329021,-8.212435519462824,0.004288183586426
1789147798208555000,21.506554931640625,-5.394065613183379,-8.189893432787061,0.0090249186537053
1789147798218527700,21.51652783203125,-5.411720512339472,-8.178232221087812,0.0132317580847535
1789147798228500000,21.5265,-5.416749738678336,-8.174910383188724,0.0070450003077974
1789147798238472000,21.536471923828124,-5.418139147210121,-8.173992683821917,0.0015393215572359
1789147798248444700,21.546444580078123,-5.422644641935825,-8.171003438878058,-0.002857931302188
1789147798258417000,21.5564169921875,-5.434491147074103,-8.163127006414532,-0.0071972448563523
1789147798268388900,21.566388916015622,-5.451227177819609,-8.151950363361834,-0.0142505546223022
1789147798278361900,21.57636181640625,-5.456853201007843,-8.148170844823122,-0.0211940490506938
1789147798288333800,21.586333740234377,-5.462940996488928,-8.144075099942087,-0.0266804468558169
1789147798298305800,21.596305908203124,-5.470868866878748,-8.138707435429096,-0.0376346268138498
1789147798308277800,21.60627783203125,-5.476908147042989,-8.134587725150585,-0.0484146375150652
1789147798318251000,21.6162509765625,-5.471209058618546,-8.138340355682372,-0.0606004484771518
1789147798328222700,21.62622265625,-5.4644677676647895,-8.142775123259424,-0.0720150467378785
1789147798338195000,21.63619482421875,-5.469738986065983,-8.1390926353544,-0.0866219975993968
1789147798348168000,21.64616796875,-5.475719229519367,-8.13491271932125,-0.1003536588971503
1789147798358139600,21.6561396484375,-5.477712449163199,-8.133366658923029,-0.1158218616639263
1789147798368111900,21.66611181640625,-5.485096714195609,-8.128214098465442,-0.127405030557746
1789147798378084900,21.6760849609375,-5.494992669788003,-8.121255949890614,-0.1436173022906295
1789147798388056800,21.686056884765627,-5.5070648003757,-8.112749987351894,-0.1609665512973442
1789147798398028800,21.69602880859375,-5.531231273382902,-8.095874255874753,-0.1807963650734163
1789147798408001800,21.70600170898437,-5.552656923249364,-8.08069831405282,-0.2017395286525599
1789147798417973800,21.715973876953125,-5.560380795499682,-8.074907455691696,-0.2200388997246511
1789147798427945700,21.72594580078125,-5.560710465845466,-8.073966375449299,-0.2448479632180184
1789147798437918000,21.73591796875,-5.554637283411622,-8.077147343572975,-0.2758315871604718
1789147798447890700,21.745890625,-5.552445326325297,-8.077306333526968,-0.3128402070134878
1789147798457863000,21.75586279296875,-5.558716077157855,-8.071620104584097,-0.34642720012106
1789147798467835000,21.7658349609375,-5.552259448364377,-8.074476078537106,-0.3816266333939507
1789147798477807900,21.77580786132813,-5.550691760656237,-8.073997355109453,-0.4132390750255435
1789147798487779800,21.78577978515625,-5.559225195723772,-8.066160085612536,-0.4499518354708328
1789147798497752000,21.795751953125,-5.569446145486832,-8.056428965193033,-0.4955871033664792
1789147798507724800,21.805724853515624,-5.570706374680996,-8.052803760433196,-0.5384818769149482
1789147798517696800,21.81569677734375,-5.5710699472963805,-8.049783535829185,-0.5784004841968416
1789147798527669000,21.8256689453125,-5.567795455670357,-8.049351574152707,-0.6147889445912093
1789147798537640700,21.835640625,-5.568001207375526,-8.04634303998649,-0.6512362225007265
1789147798547614000,21.84561401367188,-5.570905112123489,-8.04128984825015,-0.6877872530456632
1789147798557586000,21.8555859375,-5.576327137172222,-8.034531021639705,-0.7219860944412648
1789147798567558000,21.865557861328124,-5.579038734218478,-8.029894009488821,-0.7520038507599384
1789147798577531000,21.87553076171875,-5.583738874733448,-8.02402307162881,-0.7792977350726723
1789147798587502800,21.8855029296875,-5.590512898913025,-8.016376940789819,-0.8088596373826265
1789147798597474800,21.895474853515623,-5.597452342787385,-8.00830001731813,-0.8402699440382421
1789147798607447800,21.90544775390625,-5.611311941313743,-7.995351688417791,-0.8705887291301041
1789147798617420000,21.915419921875,-5.650442174696922,-7.965573805269599,-0.8902419624965637
1789147798627391700,21.925391845703125,-5.650438083043694,-7.962485776126384,-0.9174716955319048
1789147798637364000,21.93536401367188,-5.618679839733242,-7.981884304079413,-0.9435873298455028
1789147798647337000,21.9453369140625,-5.594785753926635,-7.994112502011657,-0.9812857768598944
1789147798657309000,21.955308837890627,-5.583962162095308,-7.994037683209776,-1.0416837661340832
1789147798667281000,21.96528100585937,-5.571009157019853,-7.99845199252069,-1.0765694938153028
1789147798677254000,21.97525390625,-5.544440883567929,-8.014953045466541,-1.0909140263143926
1789147798687225900,21.985225830078125,-5.52047373252511,-8.028804460686445,-1.110424344078824
1789147798697197800,21.99519775390625,-5.524366648310423,-8.023371914243697,-1.130159775836021
1789147798707171000,22.005171142578124,-5.561698892360925,-7.995143598625064,-1.1469804891902953
1789147798717142800,22.015142822265624,-5.57112606139779,-7.986831112831831,-1.1590830879814922
1789147798727115000,22.02511499023437,-5.5447775681763884,-8.003986830294131,-1.1670581585139037
1789147798737088000,22.035087890625,-5.519226362812518,-8.018060363832115,-1.1913180819582194
1789147798747059700,22.04505981445313,-5.502280488708615,-8.02560537238419,-1.2185855166554451
1789147798757032000,22.05503198242188,-5.4997875028491015,-8.025052999198437,-1.2333878028593956
1789147798767003600,22.065003662109376,-5.4856040791958565,-8.03556328729689,-1.2281081088908017
1789147798776977000,22.074976806640624,-5.461515347599983,-8.052783886688948,-1.2226610224660486
1789147798786948900,22.08494897460937,-5.446957829937339,-8.063229292857647,-1.21876050789617
1789147798796920800,22.0949208984375,-5.445505293041467,-8.06568370027244,-1.2089685972001405
1789147798806893800,22.10489379882813,-5.43957064229548,-8.071586786836384,-1.1962222206126898
1789147798816866000,22.11486596679688,-5.422696664384008,-8.084858940863608,-1.1831358714811504
1789147798826837800,22.124837646484377,-5.415975247174501,-8.091085852554441,-1.1712914852347225
1789147798836810800,22.134810791015624,-5.42783870344758,-8.084538038346171,-1.1615448749851436
1789147798846783000,22.144782958984376,-5.441297319957614,-8.076656345185636,-1.153380200164765
1789147798856754700,22.154754638671875,-5.445855421653389,-8.074159852194786,-1.1493396195370704
1789147798866727000,22.164726806640623,-5.446848524343968,-8.072583981180191,-1.1556851161062718
1789147798876700000,22.17469995117188,-5.441369800671935,-8.074715147989988,-1.166556857928261
1789147798886672000,22.184671875,-5.440125353568792,-8.073900908997654,-1.1779388142947107
1789147798896643800,22.194643798828125,-5.444057432320713,-8.070113791674375,-1.1856966618798672
1789147798906616800,22.204616943359376,-5.446517100432515,-8.067862797877192,-1.1897134232405573
1789147798916588800,22.2145888671875,-5.440391895550489,-8.07172882565558,-1.1915239067286252
1789147798926560800,22.224560791015627,-5.446383829441666,-8.067800254034996,-1.1907559180308134
1789147798936534000,22.234533935546875,-5.455262716946005,-8.06247642866373,-1.186151639105752
1789147798946505500,22.24450537109375,-5.464370737031102,-8.057948137584328,-1.174944673980027
1789147798956477700,22.254477783203125,-5.469678195789456,-8.056188142174483,-1.1622509043626486
1789147798966450400,22.264450439453125,-5.477990681582689,-8.052111686515808,-1.151308070065826
1789147798976422700,22.27442260742188,-5.498752899104357,-8.039730343848467,-1.1387889994282274
1789147798986394600,22.28439453125,-5.514202981692552,-8.030354028216005,-1.1302052224129435
1789147798996366600,22.29436669921875,-5.519717361199856,-8.027423819983005,-1.1240933154039083
1789147799006339600,22.30433959960937,-5.524821406340599,-8.024176800885796,-1.1221893814787267
1789147799016311600,22.3143115234375,-5.521285048907995,-8.026606658381223,-1.1222228453569114
1789147799026283500,22.324283447265625,-5.514790426191687,-8.031915286183358,-1.1161568233162165
1789147799036256500,22.33425659179688,-5.510494190302491,-8.0364809866637,-1.104451187953353
1789147799046228700,22.344228759765624,-5.50380083014369,-8.042527281090617,-1.0937572869163006
1789147799056200400,22.354200439453123,-5.492860333934426,-8.050909909510612,-1.0870666301712393
1789147799066173400,22.36417333984375,-5.491473848012089,-8.051943344211578,-1.0864212449397892
1789147799076145700,22.37414575195313,-5.496257575157284,-8.049089708346129,-1.0833670450009405
1789147799086117600,22.38411767578125,-5.502079413178563,-8.045285639888048,-1.0820773705165834
1789147799096089600,22.394089599609377,-5.508414461418986,-8.040528216227889,-1.0851998133860528
1789147799106062600,22.4040625,-5.517655167973041,-8.03360396992266,-1.0895304630015046
1789147799116034600,22.41403466796875,-5.534505765008926,-8.021638222318888,-1.0922239398691802
1789147799126006500,22.424006591796875,-5.545251030907035,-8.014186152747273,-1.0924321027271449
1789147799135979800,22.433979736328126,-5.5490153518766165,-8.012508574923872,-1.0855921006392686
1789147799145951500,22.443951416015626,-5.546044811633229,-8.014829711347819,-1.0836411127019674
1789147799155923700,22.453923828125,-5.538463562723994,-8.01995304571092,-1.0845116849914191
1789147799165896400,22.463896484375,-5.532276983043551,-8.024229407855868,-1.0844597356084733
1789147799175868400,22.473868408203124,-5.505735013076663,-8.042666981822252,-1.082948527327925
1789147799185840600,22.483840576171875,-5.475757807964087,-8.06408094125092,-1.0756707914099095
1789147799195812400,22.49381225585937,-5.4420566138923165,-8.08769387202859,-1.069398287011683
1789147799205785600,22.50378564453125,-5.431563861450552,-8.094858941352367,-1.0685265456784516
1789147799215757600,22.51375756835937,-5.424041649252176,-8.10014944897592,-1.0666481115207076
1789147799225729500,22.5237294921875,-5.426528789892792,-8.09903242764473,-1.0624708989012983
1789147799235702500,22.53370263671875,-5.422681466814876,-8.101386881816387,-1.06416060555391
1789147799245674500,22.54367456054688,-5.427139615267515,-8.09768861182034,-1.0695618800755589
1789147799255646500,22.553646484375,-5.446565031227469,-8.084249869054556,-1.0724805440012366
1789147799265619500,22.563619384765627,-5.490196083161234,-8.054609348550438,-1.073036643514037
1789147799275591700,22.573591796875,-5.522953274381161,-8.032999574288725,-1.0669080045659094
1789147799285563400,22.5835634765625,-5.525717478397488,-8.030134832507372,-1.0741365675799548
1789147799295535600,22.59353564453125,-5.517942752742767,-8.034273247486352,-1.0831213266115636
1789147799305508600,22.60350854492188,-5.515259212747216,-8.034698779422044,-1.0935842684369534
1789147799315480600,22.61348046875,-5.514137515240908,-8.032820126068591,-1.1128609966412186
1789147799325452500,22.62345263671875,-5.524010674479603,-8.025085147902368,-1.1196909157264976
1789147799335425500,22.63342553710937,-5.509759446287155,-8.035027280724048,-1.1186035588812082
1789147799345397500,22.6433974609375,-5.501522363817691,-8.041968478164076,-1.109230531184375
1789147799355369500,22.653369384765625,-5.501518856686354,-8.043225784748792,-1.1000883165687323
1789147799365342700,22.6633427734375,-5.50180468789041,-8.043278976240753,-1.0982670924909412
1789147799375314400,22.673314453125,-5.499214671397209,-8.045764363315701,-1.0930227620966733
1789147799385286700,22.68328662109375,-5.502358230119944,-8.04369690939188,-1.092418147267029
1789147799395259600,22.693259765625,-5.523296973252296,-8.029346897000075,-1.0923146868925542
1789147799405231400,22.7032314453125,-5.539979812505841,-8.018325152248144,-1.0887907505501062
1789147799415203600,22.71320361328125,-5.538030432003736,-8.020336492070555,-1.0838854428518565
1789147799425175600,22.723175537109373,-5.537253602412343,-8.021675631719827,-1.0779315028835088
1789147799435148500,22.7331484375,-5.532645231834054,-8.025613555690645,-1.072264782358706
1789147799445120500,22.74312060546875,-5.533294051131606,-8.026952695339917,-1.0588050698701292
1789147799455092500,22.753092529296875,-5.537783179244399,-8.02644416129589,-1.0390052676398307
1789147799465065500,22.7630654296875,-5.551617058807612,-8.01995596832037,-1.0150067716106772
1789147799475037700,22.77303759765625,-5.573937027165293,-8.007797328492998,-0.9883297770872712
1789147799485009400,22.783009521484374,-5.5807759332746265,-8.006050777086616,-0.9635739598847926
1789147799494982400,22.792982421875,-5.574627932038903,-8.01146812596023,-0.9540919919207692
1789147799504954600,22.80295458984375,-5.570281427267194,-8.01551769361198,-0.9454327385164796
1789147799514926300,22.81292626953125,-5.565306561464071,-8.0194158700943,-0.9416639605674892
1789147799524898600,22.822898681640623,-5.553687435340881,-8.028131675991416,-0.9359739322323352
1789147799534871600,22.83287158203125,-5.544070881211757,-8.035782483005523,-0.9272843567550182
1789147799544843500,22.84284350585937,-5.534613901558518,-8.043664176166057,-0.9153741387307645
1789147799554815500,22.8528154296875,-5.530149907886981,-8.048177854198217,-0.9025932753518224
1789147799564788500,22.86278857421875,-5.522009271529317,-8.054887580969929,-0.8925109303418547
1789147799574760400,22.87276049804688,-5.514200643604993,-8.060987066888808,-0.8856927747596055
1789147799584732400,22.882732421875,-5.503857528766989,-8.068791603159903,-0.8789381859328598
1789147799594705700,22.89270556640625,-5.494089583468437,-8.076700184327363,-0.8673403217934071
1789147799604677400,22.90267749023437,-5.488733024871349,-8.081796046161651,-0.8536809220142662
1789147799614649600,22.91264965820313,-5.480964728957415,-8.088668270018696,-0.8383740472890436
1789147799624621600,22.92262158203125,-5.472665687167644,-8.096806568288802,-0.8136614116411656
1789147799634594600,22.93259448242188,-5.466912822729348,-8.103611572128534,-0.7840517246667296
1789147799644566500,22.94256640625,-5.46284513489902,-8.10910198623836,-0.7550969944696873
1789147799654538800,22.95253881835937,-5.457691405397653,-8.115299671834707,-0.725192635397613
1789147799664511500,22.96251147460937,-5.453794982481003,-8.12051652970016,-0.6954962199877948
1789147799674483500,22.9724833984375,-5.452630614876747,-8.123757703578471,-0.6661562898654491
1789147799684455700,22.98245556640625,-5.450765990048646,-8.127681599023937,-0.6327095820114016
1789147799694428400,22.99242846679688,-5.44863306967318,-8.13174344163537,-0.5979377265008166
1789147799704400600,23.002400634765625,-5.44921291538775,-8.133995019954442,-0.5608905830020084
1789147799714372600,23.01237255859375,-5.449885115560889,-8.136023895433544,-0.5236960669217631
1789147799724344600,23.022344482421875,-5.448021659776568,-8.139472574582696,-0.4882896398346871
1789147799734317600,23.032317626953127,-5.439591100561619,-8.147084218630194,-0.4541531596181914
1789147799744289500,23.04228955078125,-5.442445905470848,-8.147188263526559,-0.4165106805747374
1789147799754261500,23.052261474609374,-5.447956193324923,-8.145223100933432,-0.3814433492489159
1789147799764234500,23.062234375,-5.452784928655624,-8.143433879429102,-0.3492991022955626
1789147799774206700,23.072206787109376,-5.457814739516377,-8.141164765453338,-0.3226158972270787
1789147799784178400,23.08217846679688,-5.463884999340772,-8.138250923833251,-0.2919190178041346
1789147799794151400,23.0921513671875,-5.465052289554476,-8.138470704063772,-0.2624527761546895
1789147799804123600,23.10212353515625,-5.479267861911654,-8.129774187389016,-0.2340573603408411
1789147799814095600,23.112095703125,-5.518317431274056,-8.10432527335584,-0.1961416538465768
1789147799824067600,23.122067626953125,-5.515422294354439,-8.107132731992007,-0.1578389025297947
1789147799834040600,23.13204052734375,-5.493219814896583,-8.12228880006969,-0.1528010179604403
1789147799844012500,23.14201245117188,-5.465708707636595,-8.141161258322,-0.1338408266257494
1789147799853984500,23.151984619140624,-5.464480042624473,-8.14214851579368,-0.1234860670157242
1789147799863957800,23.161957763671875,-5.458952219113708,-8.14610280637741,-0.1060246172056533
1789147799873929500,23.17192944335937,-5.4458577597409485,-8.155070541208982,-0.0886140847320668
1789147799883901700,23.18190161132813,-5.435285512322187,-8.162305753159522,-0.0693755239805672
1789147799893874700,23.191874755859374,-5.4287417897671455,-8.166765070655941,-0.0555787432910408
1789147799903846400,23.20184643554688,-5.423706133687496,-8.170213749805093,-0.0372860120222903
1789147799913818600,23.211818603515624,-5.421719928306341,-8.17159906668365,-0.0172413624772278
1789147799923790300,23.221790283203124,-5.4171980669677255,-8.174614615112542,0.0054729772053688
1789147799933763600,23.231763671875,-5.412902415600419,-8.17741505948603,0.0274350623321137
1789147799943736600,23.241736572265623,-5.411410131216049,-8.178281905448436,0.0521528833284741
1789147799953708500,23.25170849609375,-5.416150603741407,-8.17497292703092,0.074312290829583
1789147799963681800,23.261681884765625,-5.423564679390192,-8.16980633804798,0.0979960537871811
1789147799973653500,23.271653564453125,-5.421449879193306,-8.170841526314616,0.1250202634462155
1789147799983625700,23.28162573242188,-5.415466713130474,-8.174547979617119,0.1409990826162509
1789147799993598700,23.2915986328125,-5.407796616894006,-8.179451533749699,0.150630669917725
1789147800003570400,23.3015703125,-5.4024786367416375,-8.18290021289885,0.1541149135706014
1789147800013542700,23.31154272460937,-5.393119856765866,-8.189004959514737,0.1576465400291606
1789147800023514600,23.3215146484375,-5.389244476637244,-8.191523664337396,0.1592656108646653
1789147800033487600,23.331487548828125,-5.3830257482528685,-8.195617655652761,0.1589918902235105
1789147800043459600,23.34145947265625,-5.37834138982892,-8.19884363196194,0.1509870364741888
1789147800053431600,23.351431640625,-5.37509729334116,-8.201281088241934,0.1330740800369531
1789147800063404500,23.361404541015624,-5.36174330624938,-8.210320134744048,0.1128609203659463
1789147800073376800,23.37137670898437,-5.3241883593589066,-8.234904540902376,0.0987672390890773
1789147800083348500,23.381348388671874,-5.31252539409399,-8.242538396781683,0.0895535758055746
1789147800093321500,23.39132153320313,-5.317917608526349,-8.23911192946434,0.0846501769366208
1789147800103293700,23.40129370117188,-5.34762534904778,-8.219933766263724,0.0773777656476944
1789147800113265400,23.411265380859376,-5.349180761796236,-8.219070427432655,0.0594867835802491
1789147800123237600,23.421237548828124,-5.342902996701002,-8.223268463644384,0.0403072321401443
1789147800133210600,23.43121069335937,-5.342250085750222,-8.223727313327789,0.0325119112219661
1789147800143182600,23.4411826171875,-5.354235707098245,-8.215916931837796,0.0354995784133789
1789147800153154600,23.451154541015622,-5.360016628587245,-8.212123384773731,0.0404583812809782
1789147800163127600,23.46112744140625,-5.364246813502907,-8.20932820109725,0.0465424595681717
1789147800173099500,23.471099609375,-5.386076367995143,-8.194999231493473,0.0504039162027183
1789147800183071500,23.481071533203124,-5.420500615644455,-8.172320951217413,0.0416773149169515
1789147800193044700,23.491044677734376,-5.449559536868334,-8.153056863299012,0.0189460977356124
1789147800203016400,23.501016357421875,-5.467321988052129,-8.141163011887668,-0.0155003035216475
1789147800212988700,23.51098876953125,-5.470610508203507,-8.138764134052396,-0.0576997631661593
1789147800222960600,23.52096069335937,-5.469920772373676,-8.138818494588136,-0.0999347941642627
1789147800232933600,23.53093359375,-5.4724698723346,-8.13653418304324,-0.1387749950923025
1789147800242905600,23.540905517578125,-5.478440763437748,-8.131848071053623,-0.1735326394144445
1789147800252877800,23.5508779296875,-5.483385234102607,-8.12780610218644,-0.2040687935840338
1789147800262850600,23.5608505859375,-5.48736933530271,-8.12441529070437,-0.2302878882721066
1789147800272822500,23.570822509765627,-5.498064916840195,-8.116191067716478,-0.262904209716618
1789147800282794800,23.58079467773437,-5.510615770855546,-8.106338366743921,-0.3012977811220101
1789147800292767500,23.590767578125,-5.519497580969333,-8.09876880827248,-0.3398085126336663
1789147800302739700,23.60073974609375,-5.52259846959412,-8.0950950881958,-0.3751382942879572
1789147800312711700,23.61071166992188,-5.519907915335893,-8.095087489411235,-0.4130008458228781
1789147800322683600,23.62068359375,-5.517314976233243,-8.094915055453777,-0.4493956628927961
1789147800332656600,23.63065673828125,-5.514614485102892,-8.094488354474306,-0.4885308647120371
1789147800342628600,23.64062866210937,-5.517490917322039,-8.090009747755527,-0.5285968080427498
1789147800352600600,23.6506005859375,-5.520027742323279,-8.085670841768383,-0.5671062791790813
1789147800362573600,23.66057348632813,-5.526663819336891,-8.078897402110695,-0.598158602709882
1789147800372545800,23.6705458984375,-5.544855309587716,-8.06436034271419,-0.6253489170502871
1789147800382517500,23.680517578125,-5.566285635629296,-8.047225668039918,-0.6549911180548369
1789147800392489700,23.69048974609375,-5.58337939377129,-8.032919494789839,-0.6844343624211847
1789147800402462700,23.70046264648437,-5.596522368460893,-8.020863146293163,-0.7176878857906908
1789147800412434700,23.7104345703125,-5.604315798816084,-8.012153770136832,-0.7532719709996134
1789147800422406700,23.72040673828125,-5.604205908700823,-8.008592862784862,-0.7910131611771881
1789147800432379600,23.73037963867188,-5.6040083403021095,-8.00505475178659,-0.8273916116341948
1789147800442351600,23.7403515625,-5.59949349322617,-8.00470053152144,-0.8607111129119992
1789147800452323600,23.750323486328124,-5.60005404971838,-8.001015121006965,-0.890807998881489
1789147800462296800,23.760296875,-5.599518627667427,-7.998187204104662,-0.919124577305466
1789147800472268500,23.7702685546875,-5.597099876087904,-7.995897631862759,-0.9531429475676269
1789147800482240800,23.78024072265625,-5.60585250686407,-7.986188138753175,-0.98264837044999
1789147800492212500,23.79021240234375,-5.620813929152488,-7.971843971580267,-1.0131832825105638
1789147800502185500,23.800185546875,-5.631753840839862,-7.960744485417008,-1.0393669405590742
1789147800512157700,23.81015771484375,-5.639977479305864,-7.951756876841187,-1.0632964630052446
1789147800522129400,23.82012939453125,-5.653673996224999,-7.938850048995017,-1.0867520112641156
1789147800532102700,23.8301025390625,-5.668503316566348,-7.924949533936381,-1.1106909591257572
1789147800542074600,23.84007470703125,-5.677139627486467,-7.91571934877634,-1.1321893089022488
1789147800552046600,23.85004663085937,-5.676139510533213,-7.914124773061275,-1.1482362614050508
1789147800562019600,23.86001953125,-5.673121624016761,-7.914173288378119,-1.1627273627679795
1789147800571991800,23.86999169921875,-5.672336611118912,-7.9130808169662945,-1.1739350585460662
1789147800581963500,23.87996362304688,-5.663962166005373,-7.917294050747156,-1.1859102315653114
1789147800591935700,23.889935791015624,-5.654637288299202,-7.922429660069942,-1.1960659340724349
1789147800601908700,23.89990869140625,-5.645853677862882,-7.927162533810734,-1.2061582159545272
1789147800611880400,23.90988037109375,-5.637118582743406,-7.930951989221572,-1.2220020471006632
1789147800621852700,23.91985278320313,-5.6348418699830765,-7.930425334998965,-1.2358346114896237
1789147800631825700,23.92982568359375,-5.630574275666475,-7.931277567914128,-1.2497431637242435
1789147800641797600,23.93979760742188,-5.626414233377576,-7.932437843865156,-1.2610627223789692
1789147800651769600,23.94976953125,-5.622607242310047,-7.933771138295531,-1.2696245067581533
1789147800661742600,23.95974267578125,-5.612479816049337,-7.939318835550546,-1.2797184691406789
1789147800671714600,23.96971459960937,-5.614941237726807,-7.936988931298256,-1.283369100602716
1789147800681686500,23.9796865234375,-5.6164586565524335,-7.935318952259421,-1.287045889419317
1789147800691658800,23.98965869140625,-5.613568780329823,-7.9370134812176225,-1.289199560321867
1789147800701631500,23.99963159179688,-5.602392137277126,-7.944820940098166,-1.2897317675024271
1789147800711603700,24.009603759765625,-5.589564804407954,-7.95408152039647,-1.2883083105705675
1789147800721575700,24.01957568359375,-5.58548776422739,-7.9576710693210355,-1.2838177211530506
1789147800731548700,24.029548583984376,-5.577823513209819,-7.963365481570363,-1.281828885423392
1789147800741520600,24.039520751953123,-5.561996414002776,-7.974816849911212,-1.279408818669617
1789147800751492600,24.04949267578125,-5.54820637358129,-7.985200296759605,-1.2745036571018398
1789147800761465600,24.05946557617188,-5.5463055083960295,-7.988318136519193,-1.2631897975355386
1789147800771437600,24.0694375,-5.543969758924842,-7.991839880904555,-1.2511071455538272
1789147800781409500,24.079409423828125,-5.545995711794495,-7.993027629384398,-1.2344330741286278
1789147800791381500,24.08938159179688,-5.548361271882057,-7.994059895041585,-1.2169917446579783
1789147800801354800,24.099354736328124,-5.550922062280774,-7.995017341896891,-1.1988904169086363
1789147800811326500,24.109326416015627,-5.568000622853637,-7.986652833655476,-1.1752080741565674
1789147800821298700,24.11929858398437,-5.582679721069336,-7.980462162321805,-1.1473024876862763
1789147800831271700,24.129271728515626,-5.594791014623642,-7.975574974802136,-1.1220094948671755
1789147800841243400,24.139243408203125,-5.602849233394861,-7.973282479950785,-1.0978321351397782
1789147800851215600,24.14921557617188,-5.601907568630576,-7.9769035930573935,-1.0761156856331973
1789147800861188600,24.159188720703124,-5.60400717125833,-7.978938898277282,-1.0497690921079368
1789147800871160600,24.16916064453125,-5.614740162196755,-7.974694100314378,-1.024363067368418
1789147800881132500,24.17913256835937,-5.611071118295192,-7.97937202899754,-1.0079121371746065
1789147800891104800,24.18910473632813,-5.610549140247702,-7.9818737826853985,-0.9908661636970936
1789147800901077500,24.19907739257813,-5.6100762620389455,-7.984108409869671,-0.9754187845226376
1789147800911049700,24.2090498046875,-5.611120802655816,-7.985435859081148,-0.958401598748192
1789147800921021700,24.219021728515624,-5.611172825103998,-7.987799665603041,-0.9381851054757832
1789147800930994400,24.228994384765624,-5.6111243097871535,-7.990141260293125,-0.9183238553818316
1789147800940966700,24.23896655273437,-5.613085965248942,-7.991226132920384,-0.8966335632298141
1789147800950937600,24.2489375,-5.632155407378077,-7.980754423266648,-0.8699328225046395
1789147800960909600,24.25890966796875,-5.634508692505955,-7.981039669948815,-0.8518811791159212
1789147800970882300,24.26888232421875,-5.61665213329792,-7.995113788008689,-0.8377143412712961
1789147800980854500,24.2788544921875,-5.6031321419894695,-8.006773246142268,-0.8166358974073081
1789147800990826500,24.288826416015624,-5.6022255485385655,-8.010448719784616,-0.7862391517084092
1789147801000799500,24.298799560546875,-5.604649560815096,-8.011202168500423,-0.7608715592831373
1789147801010771500,24.308771484375,-5.616325970083475,-8.00542709223032,-0.7351281923480332
1789147801020743700,24.31874365234375,-5.631473270332813,-7.996647573447227,-0.7145153932344168
1789147801030716400,24.32871630859375,-5.643743553841114,-7.989863027873635,-0.693280662830174
1789147801040688600,24.338688720703125,-5.639277806603908,-7.994325852501392,-0.6779996531985699
1789147801050660600,24.34866064453125,-5.634505185374617,-7.99923466733098,-0.6595308073110878
1789147801060632600,24.358632568359376,-5.632125596761703,-8.002192348092795,-0.643782983885333
1789147801070605600,24.36860546875,-5.63080808442235,-8.004649678117037,-0.624470672911033
1789147801080577500,24.37857763671875,-5.63632889367044,-8.002882083922625,-0.5967035815959796
1789147801090549500,24.38854956054688,-5.644898569095134,-7.9988383614897725,-0.5692832578919828
1789147801100522500,24.3985224609375,-5.652700767278671,-7.995030201378464,-0.5448281772017478
1789147801110494500,24.408494384765625,-5.657639392724633,-7.993161484897136,-0.5204630763499066
1789147801120466400,24.418466552734376,-5.657369928133488,-7.994996299108863,-0.4945674779951572
1789147801130439400,24.428439453125,-5.656396114665269,-7.997446030348539,-0.4652033632796257
1789147801140411400,24.438411376953123,-5.653960411950946,-8.000922766548396,-0.4340052380699664
1789147801150383400,24.44838330078125,-5.644139859682321,-8.009381967335939,-0.404816516453959
1789147801160355600,24.45835546875,-5.642027397572994,-8.012486363092064,-0.3714659624507651
1789147801170328300,24.468328369140625,-5.646707079821825,-8.010626414439082,-0.3390522509062662
1789147801180300500,24.478300537109376,-5.655212457838654,-8.005823982593416,-0.3094332846468314
1789147801190272500,24.4882724609375,-5.66547900030911,-7.999467891564965,-0.2850629596306011
1789147801200245500,24.49824560546875,-5.6764878855794665,-7.992533123865723,-0.259405553945899
1789147801210217500,24.508217529296875,-5.682549962097406,-7.989000273564457,-0.2342461609112098
1789147801220189700,24.518189697265623,-5.706707667276263,-7.972641843959689,-0.2020827708659693
1789147801230161400,24.528161376953125,-5.728461233922839,-7.957745888122916,-0.1714892239533364
1789147801240134400,24.538134521484373,-5.733577554023266,-7.954659028023481,-0.1410292037598788
1789147801250106600,24.548106689453125,-5.728121042183041,-7.958934805646538,-0.1199554086715448
1789147801260078300,24.558078369140624,-5.726452232187986,-7.960463330388069,-0.0956555368093308
1789147801270051600,24.568051513671875,-5.719611572512984,-7.965659729987382,-0.0685376483843196
1789147801280023600,24.5780234375,-5.7026019855231045,-7.978036981001495,-0.0404392199227819
1789147801289995500,24.58799560546875,-5.709826091557741,-7.972955147692561,-0.0159770952871185
1789147801299968500,24.59796850585937,-5.712467545977234,-7.971078247904777,0.0045097188096726
1789147801309940500,24.6079404296875,-5.703302827268838,-7.977603265759348,0.0234341492778155
1789147801319912400,24.617912353515624,-5.697046104961633,-7.982029265508055,0.0354479783735936
1789147801329884400,24.627884521484376,-5.694006006613374,-7.984132959789037,0.048020418599667
1789147801339857700,24.637857666015623,-5.688084799870849,-7.988266114071011,0.0606481966090155
1789147801349829400,24.647829345703126,-5.680512903311849,-7.99354668482244,0.0732443465042393
1789147801359801600,24.65780151367188,-5.668865720137953,-8.001725899624825,0.0819651573700364
1789147801369774600,24.667774658203125,-5.654229292020202,-8.011910024508833,0.0967996744763106
1789147801379746600,24.67774658203125,-5.635187906941771,-8.025106190690398,0.1127883939858526
1789147801389718500,24.687718505859376,-5.626939718556404,-8.030680775952339,0.1269355407493189
1789147801399690500,24.6976904296875,-5.614865249881148,-8.038888047805427,0.1412398782353382
1789147801409663500,24.70766357421875,-5.603515003827214,-8.04660373674929,0.1522040841137524
1789147801419635500,24.717635498046874,-5.593783883407712,-8.053255011332034,0.1583012410782277
1789147801429607400,24.727607421875,-5.582402657693624,-8.061066561865806,0.1623679425278678
1789147801439580400,24.737580322265625,-5.581572636610269,-8.061559898340702,0.1663479703410528
1789147801449552600,24.747552734375,-5.562889563450217,-8.074514072459936,0.1638715337575413
1789147801459524400,24.7575244140625,-5.536833331173658,-8.092531959709525,0.1574796590296551
1789147801469497300,24.767497314453124,-5.507575087985396,-8.112690950641035,0.1457462588770315
1789147801479469600,24.777469482421875,-5.477891312861442,-8.13293645081222,0.1357612184953875
1789147801489441300,24.78744116210937,-5.452356474110484,-8.150164064466953,0.130489844830567
1789147801499413500,24.79741357421875,-5.438472910186648,-8.159530443227291,0.1243218419864308
1789147801509386500,24.807386474609373,-5.426819297271966,-8.1673852483809,0.1176520910320803
1789147801519358500,24.8173583984375,-5.418889088794589,-8.172854035180807,0.1023549979153554
1789147801529330400,24.827330322265624,-5.403192922490835,-8.183418683815002,0.0869083311269525
1789147801539303400,24.837303466796875,-5.385383125033974,-8.19529967574477,0.0714272232128307
1789147801549275400,24.847275390625,-5.360987519446015,-8.211406176415085,0.0548616901960223
1789147801559247600,24.85724755859375,-5.357321398153901,-8.213887471836804,0.0394177861868636
1789147801569219600,24.86721948242188,-5.365345714655518,-8.208691656759381,0.0289371032088063
1789147801579192300,24.8771923828125,-5.371406622129679,-8.204746134003996,0.0229007342375698
1789147801589164500,24.88716455078125,-5.367615413153171,-8.207243796038627,0.0153936807924183
1789147801599136500,24.897136474609376,-5.376345247575641,-8.201541200482845,-0.0022615982458213
1789147801609109500,24.907109619140623,-5.373914805558323,-8.203097197753191,-0.0246955886149546
1789147801619081500,24.91708154296875,-5.373830049884319,-8.203074401399492,-0.0436555516207823
1789147801629053700,24.9270537109375,-5.383636573627591,-8.196575102508067,-0.0546999557290924
1789147801639026400,24.9370263671875,-5.392766805544495,-8.190544590172172,-0.0586533375639468
1789147801648998400,24.946998291015625,-5.39490264852941,-8.189138815027475,-0.0584540475656045
1789147801658970600,24.956970703125,-5.400391309073567,-8.185479123476147,-0.0639041570645058
1789147801668942300,24.9669423828125,-5.404928952503204,-8.182392847898601,-0.0745726907648611
1789147801678915600,24.97691552734375,-5.413669308319688,-8.17646638045907,-0.0892719184531364
1789147801688887600,24.986887451171874,-5.4143239728361365,-8.175819899249076,-0.1070377397709526
1789147801698859500,24.996859619140626,-5.409222265782952,-8.178979824584722,-0.1224258539056871
1789147801708832500,25.00683251953125,-5.423226241216063,-8.16950940092802,-0.1345668119458947
1789147801718804500,25.016804443359376,-5.450185559812188,-8.151352981990575,-0.1459550153900403
1789147801728776400,25.0267763671875,-5.462319065198302,-8.143018284365533,-0.1571966043045744
1789147801738748700,25.036748779296875,-5.457046677753329,-8.146431892201305,-0.1633639495615847
1789147801748721700,25.0467216796875,-5.449262599748373,-8.151579191961885,-0.1663556239245459
1789147801758693400,25.056693359375,-5.4445601211458445,-8.1545310275048,-0.1754018125534988
1789147801768665600,25.06666552734375,-5.442262365597486,-8.155767875823377,-0.1887009824518114
1789147801778638600,25.076638671875,-5.4402814209133386,-8.156746949988603,-0.202980267694965
1789147801788610600,25.086610595703124,-5.4428322744399305,-8.154691186502575,-0.2167316018075682
1789147801798582500,25.09658251953125,-5.441653878310323,-8.155089245909451,-0.2308829680884256
1789147801808555500,25.106555419921875,-5.443536623317003,-8.153474211928248,-0.243231760193035
1789147801818527500,25.116527587890623,-5.44098752335608,-8.154896938207745,-0.2523850259256549
1789147801828499500,25.12649951171875,-5.438934097957611,-8.15611917347908,-0.2571294257074594
1789147801838471400,25.13647143554688,-5.441278615257144,-8.15449420262575,-0.2590377435468137
1789147801848444400,25.1464443359375,-5.4537441290766,-8.14619691440165,-0.2579660774610005
1789147801858416600,25.15641674804688,-5.466110858696699,-8.138041664996743,-0.2535344151564873
1789147801868388400,25.16638842773437,-5.479662414187192,-8.129115431219338,-0.2472911916516721
1789147801878361300,25.176361328125,-5.491470925402641,-8.12137460783422,-0.2395723609026521
1789147801888333600,25.18633349609375,-5.491337654411792,-8.12173058166504,-0.2303754204250872
1789147801898305500,25.19630541992188,-5.497335433521866,-8.117973274958134,-0.2195064550820737
1789147801908277500,25.206277587890625,-5.516840928980708,-8.105106194600463,-0.2052292521981522
1789147801918250500,25.21625048828125,-5.529235715651512,-8.096929902407526,-0.1940612125770189
1789147801928222500,25.226222412109376,-5.534489398396015,-8.093620923990011,-0.1819688063862733
1789147801938194400,25.2361943359375,-5.539242145881056,-8.090567966160178,-0.1728628138614818
1789147801948167700,25.24616772460937,-5.544593443781137,-8.086942176878452,-0.1709905354498885
1789147801958140000,25.25613989257813,-5.54673337841928,-8.085406637874245,-0.1741755586941726
1789147801968111900,25.26611181640625,-5.545304222398996,-8.086314984890818,-0.1774822355567477
1789147801978084900,25.2760849609375,-5.538616122937202,-8.09086198067069,-0.1791177460703998
1789147801988056800,25.286056884765625,-5.546783647301793,-8.085279796624183,-0.1783827828593552
1789147801998028800,25.29602880859375,-5.564098354718089,-8.073494081762433,-0.1728630878561176
1789147802008000800,25.306000732421875,-5.57933274872899,-8.063105958738923,-0.1666074615274556
1789147802017974000,25.31597412109375,-5.5888557793557645,-8.05661951932907,-0.1611075854695402
1789147802027945700,25.32594580078125,-5.588979113474488,-8.056613089588284,-0.157132014635764
1789147802037918000,25.33591796875,-5.574072051721811,-8.066908858153223,-0.1584249039905145
1789147802047891000,25.345890869140625,-5.566377990087866,-8.072263663184643,-0.1561143802921287
1789147802057862700,25.355862548828124,-5.556779556137323,-8.078969298303127,-0.1511559633003082
1789147802067835000,25.3658349609375,-5.547969057694077,-8.085054755696653,-0.1493753817601595
1789147802077806600,25.375806640625,-5.539367818087339,-8.09095667321682,-0.149063128340058
1789147802087779800,25.38577978515625,-5.531112030917406,-8.09653184300065,-0.1528203345822636
1789147802097751800,25.39575170898437,-5.525511142170429,-8.100394363647698,-0.1507402312394231
1789147802107723800,25.405723876953125,-5.520036510151624,-8.104173297664522,-0.1481538771411869
1789147802117696800,25.41569677734375,-5.517515467241406,-8.105896468195319,-0.1478023602897767
1789147802127668700,25.42566870117188,-5.522610744553804,-8.10242557721436,-0.1478297688865102
1789147802137640700,25.435640625,-5.519157389229536,-8.104640330654382,-0.1551849174222908
1789147802147613000,25.44561303710937,-5.508272422599792,-8.111951530450582,-0.1598307887330651
1789147802157586000,25.4555859375,-5.498683340999484,-8.118354383230209,-0.1649003470823168
1789147802167557600,25.4655576171875,-5.486216658136248,-8.12665342501998,-0.1712517254030331
1789147802177529900,25.47552978515625,-5.469466014343499,-8.137808440762758,-0.1771986511087045
1789147802187502800,25.4855029296875,-5.458581047713756,-8.14498403148055,-0.1830749957961961
1789147802197474800,25.495474853515624,-5.4575581344068045,-8.145426514551042,-0.1935470159771852
1789147802207446800,25.50544677734375,-5.460656100422144,-8.143127005437016,-0.2027324486800469
1789147802217419800,25.51541967773437,-5.4626569188505405,-8.141448843091727,-0.2158117835489101
1789147802227391700,25.52539184570313,-5.467298022654652,-8.137961585497855,-0.2294086760184727
1789147802237363700,25.53536376953125,-5.464938307785988,-8.139195511206983,-0.2415021599214523
1789147802247335700,25.545335693359377,-5.458131550380587,-8.143480641180277,-0.2507981768593192
1789147802257308700,25.55530859375,-5.463579878914356,-8.139652607324718,-0.2563698395118117
1789147802267281000,25.565281005859376,-5.474007749426365,-8.132505658179522,-0.2607409855344332
1789147802277252600,25.575252685546875,-5.484425098544359,-8.125337666246294,-0.265244617096614
1789147802287225600,25.5852255859375,-5.487760964968801,-8.12297795137763,-0.268503399696853
1789147802297197800,25.59519775390625,-5.488834147158265,-8.122223333618045,-0.2693925670889206
1789147802307169800,25.605169677734374,-5.486036625394225,-8.124267406666279,-0.2646966278250329
1789147802317141800,25.615141845703125,-5.4850055287808175,-8.125003319725394,-0.26347397242859
1789147802327114800,25.62511474609375,-5.492315559533238,-8.120027284878493,-0.2646100637864321
1789147802337086700,25.63508666992188,-5.504368400898575,-8.11184456294477,-0.2651450657122768
1789147802347058700,25.64505859375,-5.518859283065796,-8.102046222507953,-0.2635151446891948
1789147802357032000,25.655031982421875,-5.529583506175875,-8.094605843374133,-0.267275483603403
1789147802367003600,25.66500366210937,-5.54302107989788,-8.085244725310803,-0.2722372707292437
1789147802376976000,25.674975830078125,-5.550290778639912,-8.079965323603153,-0.2807438908550888
1789147802386948900,25.684948974609377,-5.5537704374492165,-8.077188844627141,-0.2916200531238689
1789147802396920600,25.69492065429688,-5.56991434752047,-8.065800604650377,-0.2988230615715496
1789147802406892800,25.704892822265624,-5.5752925334274765,-8.061938084003328,-0.3027350108508951
1789147802416864800,25.71486474609375,-5.578652365249395,-8.059467309975624,-0.3066260086737573
1789147802426837800,25.72483764648437,-5.57979861267507,-8.058353795775771,-0.3149179266029969
1789147802436809700,25.73480981445313,-5.581427090659737,-8.056960880112648,-0.3216308682451024
1789147802446782000,25.74478198242188,-5.580281427755952,-8.05762781958878,-0.3247964926691725
1789147802456754700,25.75475463867188,-5.5830362794220445,-8.05576261023879,-0.3237035098006948
1789147802466726700,25.7647265625,-5.585018393149972,-8.05445503477156,-0.3220345536751672
1789147802476699000,25.77469897460937,-5.595576612043381,-8.047439018529653,-0.3140639401221647
1789147802486670800,25.7846708984375,-5.606926273575425,-8.039863614839314,-0.3055410629812627
1789147802496643800,25.79464379882813,-5.615781195682287,-8.033890970170498,-0.299959262527246
1789147802506615800,25.80461572265625,-5.6236038521319625,-8.028598708981274,-0.2950774453024379
1789147802516587800,25.814587890625,-5.630529852002859,-8.023838947233557,-0.2924515720445662
1789147802526560800,25.824560791015625,-5.631313695856928,-8.023470113921165,-0.2874354609156027
1789147802536533000,25.834532958984376,-5.640671306788921,-8.017125128808617,-0.2809141511217691
1789147802546504700,25.844504638671875,-5.645416455489396,-8.014121855339408,-0.27109889608277
1789147802556477000,25.854476806640623,-5.643966841202974,-8.015428846284747,-0.2625234485044144
1789147802566450000,25.86444995117188,-5.634318138369918,-8.022384072250127,-0.2572766521584242
1789147802576421600,25.874421630859374,-5.625597071775793,-8.028633195772766,-0.253163097626064
1789147802586393900,25.884393798828125,-5.615836725261807,-8.035465672141314,-0.2530795292621478
1789147802596366800,25.894366943359376,-5.602549958187342,-8.044765415406227,-0.2521074510932899
1789147802606338800,25.9043388671875,-5.592344205993413,-8.051780847126246,-0.2547199716792441
1789147802616310800,25.914310791015627,-5.5855818722516295,-8.056473973378539,-0.2547476816700771
1789147802626282800,25.92428271484375,-5.57942510318756,-8.06064921323657,-0.2575466647388413
1789147802636255700,25.934255859375,-5.5789358583658935,-8.06078131518364,-0.2639332787697203
1789147802646227700,25.944227783203125,-5.5760249393552535,-8.062567029556632,-0.270813667666912
1789147802656199700,25.95419970703125,-5.570322343799472,-8.066233150848745,-0.2788874858660623
1789147802666172700,25.96417260742188,-5.5713844200730325,-8.065290901562571,-0.2848394896056503
1789147802676145000,25.974144775390624,-5.573810185915232,-8.063588773819804,-0.285580352834519
1789147802686116600,25.98411669921875,-5.567022717732191,-8.068309957122802,-0.2846433825116604
1789147802696089900,25.99408984375,-5.554456081625819,-8.076925809776782,-0.2857913104377687
1789147802706061800,26.00406176757813,-5.542665690588951,-8.08491096331179,-0.2888783166676759
1789147802716033800,26.01403369140625,-5.5300411868155,-8.093367241489887,-0.2939917324249632
1789147802726005800,26.024005859375,-5.512719465136528,-8.105030791276693,-0.2979828478877432
1789147802735978800,26.033978759765624,-5.501180418512225,-8.112799087190627,-0.2997874861569143
1789147802745950700,26.04395068359375,-5.506240039989352,-8.109445100587607,-0.2976888333772309
1789147802755922700,26.053922607421875,-5.514913760310411,-8.10365599579215,-0.2947416009441949
1789147802765896000,26.06389599609375,-5.512829939773678,-8.10492207020521,-0.2988782258248887
1789147802775867600,26.07386767578125,-5.501987058719992,-8.11195503758192,-0.307747413919121
1789147802785839900,26.08383984375,-5.48882479480803,-8.12086899639964,-0.307704780353792
1789147802795811800,26.093811767578124,-5.467901833766699,-8.134891092011332,-0.3097980993712321
1789147802805784600,26.10378466796875,-5.467836367315053,-8.135047743877768,-0.3068490403072908
1789147802815756800,26.1137568359375,-5.474205317825079,-8.130919265770912,-0.3026785679559223
1789147802825728800,26.123728759765623,-5.483213384667039,-8.124995136418939,-0.2986720539946109
1789147802835701800,26.13370166015625,-5.485003190693259,-8.123849473515152,-0.2969838086467236
1789147802845673700,26.143673828125,-5.48761249640882,-8.122090647149086,-0.2968951987815089
1789147802855646000,26.15364599609375,-5.487203915607929,-8.12240044375062,-0.295960182953719
1789147802865617700,26.16361767578125,-5.491458650442958,-8.119611689814924,-0.2935654515706002
1789147802875591000,26.1735908203125,-5.500333446294069,-8.113474794495104,-0.2970495125603862
1789147802885563000,26.18356298828125,-5.515003192159533,-8.103359643194079,-0.3011392112931236
1789147802895534800,26.19353491210937,-5.528308663934469,-8.094328195476532,-0.300059416699782
1789147802905507800,26.2035078125,-5.52897852602005,-8.093922537285088,-0.2986749035388231
1789147802915479800,26.213479736328125,-5.529141023105383,-8.093814985257387,-0.2985720094199292
1789147802925451800,26.22345166015625,-5.517114485225081,-8.102007059541345,-0.2988498765132389
1789147802935423700,26.233423828125,-5.513408031922578,-8.104765418338776,-0.2924038604453206
1789147802945397500,26.2433974609375,-5.516064099389315,-8.103182533061505,-0.286105417888239
1789147802955369700,26.25336962890625,-5.517200409942865,-8.102484029403328,-0.2839753470569849
1789147802965341400,26.26334155273437,-5.51797373240292,-8.102025764241814,-0.2820289804958738
1789147802975314700,26.273314697265626,-5.520075673118233,-8.100621742662787,-0.2811883832195773
1789147802985286700,26.28328662109375,-5.526268682539463,-8.096397402966023,-0.2812408075265586
1789147802995258600,26.29325854492188,-5.530535107812285,-8.09339705210626,-0.2836971511701122
1789147803005231600,26.303231689453124,-5.526469758069515,-8.09608176114559,-0.2862907295935787
1789147803015203800,26.313203857421875,-5.524287153333425,-8.097636589372158,-0.284454362745583
1789147803025175600,26.32317553710937,-5.528370038732886,-8.094930253022909,-0.2821570821212604
1789147803035147800,26.33314770507813,-5.536577310585975,-8.089408859252929,-0.2795516853958368
1789147803045120800,26.34312084960937,-5.541131320628524,-8.08636583829522,-0.2773868720447644
1789147803055092500,26.35309252929688,-5.546112031650543,-8.083128171548246,-0.2721344679418951
1789147803065064700,26.363064697265624,-5.551664989602566,-8.07930013769269,-0.2726045331390574
1789147803075037700,26.37303759765625,-5.553603264188766,-8.077886179241538,-0.2750318150849081
1789147803085009700,26.383009765625,-5.561971864083409,-8.072016994947194,-0.2782014215643517
1789147803094981600,26.392981689453126,-5.566468590980768,-8.068786926984787,-0.2819432567074895
1789147803104953600,26.40295361328125,-5.569026458770036,-8.066875540405512,-0.2860942023744806
1789147803114926600,26.41292651367188,-5.566775464972853,-8.068305865469574,-0.2895660980024375
1789147803124898600,26.422898681640625,-5.565881731003523,-8.068788680550455,-0.2932643679984845
1789147803134870500,26.43287060546875,-5.565096133583784,-8.069311243119836,-0.2937687921229749
1789147803144843500,26.442843505859376,-5.552804807287454,-8.077771612951159,-0.2938470449909567
1789147803154815700,26.452815673828123,-5.537477474296093,-8.088339184194803,-0.2924041527062654
1789147803164787500,26.462787353515623,-5.529896809908747,-8.093619754946232,-0.289731937822327
1789147803174759700,26.472759765625,-5.531071114385128,-8.092845847964286,-0.2889263387941755
1789147803184732700,26.482732666015625,-5.531801182225347,-8.092176570400595,-0.2936752868869342
1789147803194704600,26.49270458984375,-5.528226246348023,-8.094600582677126,-0.2941775555869564
1789147803204676600,26.50267651367188,-5.5243263163000345,-8.097455387586354,-0.2888430261585861
1789147803214649600,26.512649658203124,-5.516003893634677,-8.103347368234395,-0.2825926605269312
1789147803224621600,26.52262158203125,-5.511529378569126,-8.10654645653665,-0.2781147296615876
1789147803234593500,26.53259350585937,-5.509761199852824,-8.107799671468138,-0.2765848897458054
1789147803244565800,26.542565673828125,-5.510671300435066,-8.107264833939075,-0.2741025166118517
1789147803254538500,26.55253857421875,-5.51073852045238,-8.10738524544835,-0.2691563654465601
1789147803264510700,26.5625107421875,-5.513178314819932,-8.10587776349485,-0.2645584797296673
1789147803274482700,26.572482666015624,-5.5188569449782365,-8.10203453207016,-0.2638810919247567
1789147803284455400,26.582455322265623,-5.523072516846656,-8.099090879833698,-0.2660505997172556
1789147803294427600,26.592427734375,-5.524862907394766,-8.097752324706315,-0.2695936608852818
1789147803304399600,26.60239965820313,-5.5259600549817085,-8.096900091791152,-0.2726679902967065
1789147803314371600,26.61237158203125,-5.527063047787546,-8.09612033959031,-0.2734737902542576
1789147803324344600,26.62234448242188,-5.525549136093258,-8.097180662298202,-0.2726801191259175
1789147803334316800,26.63231689453125,-5.520728584069014,-8.100414237391949,-0.2742827868158929
1789147803344288500,26.64228857421875,-5.513044459307193,-8.10564979995787,-0.2741876010794192
1789147803354261800,26.65226171875,-5.523973849600553,-8.098200068473815,-0.2743149720524437
1789147803364233700,26.662233642578126,-5.534800364041328,-8.090873671108485,-0.2722958873149939
1789147803374205700,26.67220581054688,-5.528412124308943,-8.095223098489642,-0.2727812414128333
1789147803384177700,26.682177734375,-5.51819818880856,-8.102139746010304,-0.2742213937511667
1789147803394150700,26.692150634765625,-5.506006815755367,-8.11022076113522,-0.2803549280701205
1789147803404122600,26.70212255859375,-5.494546679586172,-8.117949894082546,-0.2814857769972644
1789147803414094600,26.712094482421875,-5.48481555916667,-8.12463740902245,-0.2783102522336877
1789147803424067800,26.72206787109375,-5.478572280862927,-8.129089127734304,-0.2711717238569632
1789147803434039600,26.73203955078125,-5.482547614234686,-8.126646995279193,-0.2639456998598761
1789147803444011800,26.74201171875,-5.480829704400897,-8.127845849674939,-0.2627216562239453
1789147803453983500,26.7519833984375,-5.478197602331638,-8.129532195326686,-0.2654219098922796
1789147803463956500,26.76195654296875,-5.475632135757803,-8.131196329146624,-0.267381921386253
1789147803473928700,26.7719287109375,-5.481838004660606,-8.126995370325446,-0.2679497661357745
1789147803483900700,26.781900634765623,-5.4912669272631405,-8.120829833433032,-0.2616956011118367
1789147803493873700,26.791873779296875,-5.49445783225894,-8.11900554061532,-0.2511260936394334
1789147803503845600,26.801845703125,-5.4940188563197845,-8.119633901646733,-0.2401759710852987
1789147803513817600,26.811817626953125,-5.491693043720722,-8.12157626788616,-0.2273842575187794
1789147803523790600,26.82179052734375,-5.483652360606193,-8.12725022186935,-0.2185230883342213
1789147803533762800,26.8317626953125,-5.476186847031117,-8.132398690673709,-0.2141485813107341
1789147803543734500,26.841734619140624,-5.473329119512439,-8.134386649620533,-0.2116900457100942
1789147803553706800,26.85170678710937,-5.47688827329874,-8.132053822758794,-0.2092227605474181
1789147803563679700,26.8616796875,-5.486404289662838,-8.125809375411272,-0.2024551843749359
1789147803573651500,26.8716513671875,-5.496090401896834,-8.119562005454302,-0.1899839532007463
1789147803583623700,26.88162377929688,-5.497395054754614,-8.118757118812203,-0.186564938537497
1789147803593596700,26.8915966796875,-5.499234545141459,-8.117558848938346,-0.1845132484383881
1789147803603568600,26.901568603515624,-5.490838472718,-8.123265536147356,-0.1834389702703803
1789147803613540600,26.91154052734375,-5.491275695091486,-8.122894949269295,-0.1866811122630722
1789147803623512600,26.9215126953125,-5.50352201320231,-8.114656697756052,-0.1843180181272327
1789147803633485600,26.931485595703126,-5.514965198236704,-8.107042131099105,-0.17721165672075
1789147803643457500,26.94145751953125,-5.520942519080639,-8.103001331275701,-0.1759153150335885
1789147803653429500,26.951429443359373,-5.523711983793974,-8.101073578083515,-0.1777662583962082
1789147803663402500,26.961402587890625,-5.522955027946829,-8.101551716989277,-0.1795052292843349
1789147803673374700,26.971374755859376,-5.518960405352711,-8.104220059415697,-0.181887265582662
1789147803683346400,26.981346435546875,-5.507770318296552,-8.111680896815658,-0.1883418668158352
1789147803693318700,26.991318603515627,-5.505379623767733,-8.113219358429312,-0.1919479832827113
1789147803703291600,27.001291748046874,-5.507257692599296,-8.111859760513902,-0.1955130005542188
1789147803713263600,27.011263671875,-5.508482850480079,-8.111007527598739,-0.1963564108421094
1789147803723235600,27.021235595703125,-5.508772188815474,-8.110702407172322,-0.2007771864264272
1789147803733208600,27.03120849609375,-5.503341980460286,-8.114170375543832,-0.2094295899648219
1789147803743180500,27.0411806640625,-5.500730921179056,-8.115561537641286,-0.2236443586044013
1789147803753152500,27.051152587890623,-5.512574503707885,-8.107284123161435,-0.2320592453261837
1789147803763124700,27.06112475585937,-5.518369453722238,-8.103202406805753,-0.2368452009610831
1789147803773097500,27.07109741210937,-5.527083506053686,-8.097264833450318,-0.2367375393355265
1789147803783069700,27.081069580078125,-5.5287271816074846,-8.096161256122588,-0.2360790754267945
1789147803793041700,27.09104174804688,-5.5322483414709565,-8.093734905758499,-0.236788666734565
1789147803803014400,27.10101440429688,-5.534551942238212,-8.092003551921248,-0.2420714842420071
1789147803812986600,27.110986572265624,-5.54251780655086,-8.086352978813649,-0.2485668741432949
1789147803822958600,27.12095849609375,-5.549338007959723,-8.081391557013989,-0.2575849326563068
1789147803832930600,27.1309306640625,-5.567116825756431,-8.068920782497525,-0.2647909185123629
1789147803842903600,27.14090356445313,-5.587390382978319,-8.054875890532136,-0.2653882633510045
1789147803852875800,27.15087573242188,-5.594540839254856,-8.049811008358,-0.2684044876333326
1789147803862847500,27.160847412109376,-5.592772076016664,-8.050826907402277,-0.2747328686709515
1789147803872820700,27.17082080078125,-5.582150144237279,-8.057923003143072,-0.2826055382748134
1789147803882792700,27.18079272460937,-5.578918907231092,-8.059898102608322,-0.2899932373733259
1789147803892764700,27.1907646484375,-5.582495012152195,-8.057229175660014,-0.2952932069449685
1789147803902736600,27.200736572265622,-5.585750214555859,-8.05499922465086,-0.2945628833764233
1789147803912709600,27.21070971679688,-5.576512430611253,-8.061469881969689,-0.2925640377094037
1789147803922681600,27.220681640625,-5.56976704800427,-8.06620567831993,-0.2905291526146233
1789147803932653600,27.230653564453124,-5.562103381508589,-8.071406169572471,-0.2929109149183146
1789147803942626800,27.240626708984376,-5.558138569530844,-8.073989756324886,-0.29694338530479
1789147803952597500,27.25059741210937,-5.545021313804388,-8.082779211980103,-0.3030127318137325
1789147803962569500,27.260569580078126,-5.531635178008675,-8.091633549565076,-0.3112461792876944
1789147803972541700,27.27054174804688,-5.523705554053187,-8.096827026554942,-0.3169259419571608
1789147803982514700,27.2805146484375,-5.5217526664197445,-8.097834742292761,-0.325111001978442
1789147803992486400,27.290486328125,-5.524411071974039,-8.095752675321698,-0.331746457937546
1789147804002458600,27.300458740234376,-5.5293385915040965,-8.09237413879931,-0.332081242849864
1789147804012431600,27.310431640625,-5.531423581084609,-8.090984145745635,-0.3312414310248568
1789147804022403600,27.320403564453127,-5.542458769840001,-8.083520970258116,-0.3289955883268267
1789147804032375600,27.33037548828125,-5.555848997288942,-8.074332286152243,-0.3287681727791204
1789147804042347500,27.340347412109374,-5.560316498091817,-8.0711495644629,-0.3313778438208624
1789147804052320500,27.350320556640625,-5.554074388831854,-8.075224266555905,-0.3367577102283016
1789147804062292500,27.36029248046875,-5.54531591283679,-8.081030322486162,-0.3417648708658293
1789147804072264400,27.37026440429688,-5.537887224140763,-8.085966609844565,-0.3454297500489279
1789147804082237400,27.380237548828124,-5.531116707092523,-8.090514190146326,-0.3474495654387399
1789147804092209700,27.390209716796875,-5.50706421585381,-8.106855668616294,-0.348592232667841
1789147804102181400,27.40018139648437,-5.481984719654918,-8.123951180323958,-0.3458868461666629
1789147804112153600,27.410153564453125,-5.468531363841891,-8.133086088415979,-0.344171384018287
1789147804122126600,27.420126708984377,-5.473754651448131,-8.12969118528068,-0.3413292924601585
1789147804132098600,27.4300986328125,-5.479907913380861,-8.125536403688788,-0.3415394280795008
1789147804142070500,27.440070556640624,-5.479817897009849,-8.125660322329402,-0.3400495913805439
1789147804152043500,27.45004345703125,-5.486068189576268,-8.121678559216857,-0.3343210576659068
1789147804162015500,27.46001538085937,-5.496240624022484,-8.115071708297728,-0.3276324832800775
1789147804171987500,27.46998754882813,-5.49822390679419,-8.113740751954913,-0.3273211523085832
1789147804181959700,27.47995971679688,-5.48636278860867,-8.121663946169614,-0.3298207140393555
1789147804191932400,27.48993237304688,-5.4803790380239485,-8.126068903130292,-0.3206914685031399
1789147804201904600,27.499904541015624,-5.479694562891125,-8.127020504766703,-0.3080124580634757
1789147804211876600,27.50987670898437,-5.487044925653934,-8.12253254569769,-0.2952844391166232
1789147804221849300,27.51984936523437,-5.499702747175097,-8.11411835309565,-0.2910840830836445
1789147804231821600,27.52982153320313,-5.5098652447491885,-8.107308673080801,-0.2886353382246568
1789147804241793500,27.53979345703125,-5.507632955652476,-8.108830768081546,-0.2885067982078529
1789147804251765500,27.549765625,-5.499859399041533,-8.11419434094131,-0.2859935367452912
1789147804261738500,27.559738525390625,-5.497594376718998,-8.11572052759528,-0.2862209705593064
1789147804271710700,27.569710693359376,-5.496375064057111,-8.116481575095653,-0.2880542869336903
1789147804281682400,27.579682373046875,-5.490374362337589,-8.120693055310845,-0.2837496302760206
1789147804291655400,27.589655517578127,-5.486802933591604,-8.12329593128562,-0.2782886066574603
1789147804301627600,27.599627685546874,-5.491275695091486,-8.12045866203308,-0.2728103396431542
1789147804311599600,27.609599609375,-5.4976008064597846,-8.116297450700403,-0.2692333031402901
1789147804321571600,27.619571533203125,-5.501456312844157,-8.113699835422635,-0.2687843903290107
1789147804331544600,27.629544677734376,-5.505489513882995,-8.11094849088788,-0.2692244987793266
1789147804341516500,27.6395166015625,-5.5080456281065935,-8.109227658444642,-0.2687658682916313
1789147804351488500,27.649488525390623,-5.509766460549831,-8.108089594325422,-0.2678593296396546
1789147804361461800,27.659461669921875,-5.51241726731956,-8.10645176399052,-0.2628456479297951
1789147804371433500,27.66943359375,-5.51014113908112,-8.108003669607639,-0.2626794062511064
1789147804381405700,27.67940576171875,-5.504046913859248,-8.112159620243311,-0.262156295692455
1789147804391377400,27.68937744140625,-5.500005529513955,-8.114841406673193,-0.263981008635275
1789147804401350400,27.69935034179688,-5.493305155092478,-8.119281434947252,-0.2669092075742781
1789147804411322600,27.709322509765624,-5.4867894895881415,-8.12355370543897,-0.2709217311512679
1789147804421294300,27.71929443359375,-5.496095078071952,-8.117168972837925,-0.273671121190954
1789147804431267600,27.729267578125,-5.504744248473644,-8.111094036838411,-0.2798979415502399
1789147804441239600,27.73923950195313,-5.5133367202520365,-8.105100349381566,-0.2843240143641829
1789147804451211500,27.74921142578125,-5.516541653773189,-8.102637174138426,-0.2922609813759103
1789147804461183500,27.75918359375,-5.518386989378929,-8.10108293043375,-0.3004067323001101
1789147804471156500,27.769156494140624,-5.513997814509272,-8.103727891984581,-0.3095312651285901
1789147804481128400,27.77912841796875,-5.516131903928518,-8.10199653814733,-0.3167386026915162
1789147804491100700,27.7891005859375,-5.519295336395502,-8.0994988761127,-0.3253828411897644
1789147804501073700,27.79907373046875,-5.527964380541444,-8.093342107048631,-0.3313810586912557
1789147804511045400,27.80904541015625,-5.531172821193933,-8.090844445014,-0.33873401526995
1789147804521017600,27.819017578125,-5.53019023989737,-8.090878347283601,-0.3536490046007558
1789147804530989600,27.828989501953124,-5.524728467360139,-8.093671192872524,-0.3745006905041634
1789147804540962600,27.838962646484376,-5.517473966187239,-8.097575214573741,-0.3964117127347737
1789147804550934500,27.8489345703125,-5.506078711947798,-8.10464617587328,-0.4101112983938306
1789147804560906800,27.85890673828125,-5.501297907412052,-8.10744311311543,-0.4188993292769417
1789147804570879500,27.86887939453125,-5.509976303908228,-8.10152950515747,-0.4192326163519174
1789147804580851500,27.8788515625,-5.52198530613184,-8.093502850568294,-0.4162564500853419
1789147804590823700,27.88882373046875,-5.529457833969593,-8.088297683140635,-0.4182548573609441
1789147804600795400,27.89879541015625,-5.5413353187680245,-8.079816855043171,-0.4249005789857357
1789147804610768600,27.9087685546875,-5.5456204487413165,-8.076329012927413,-0.4351835246017203
1789147804620740600,27.91874072265625,-5.547003427532315,-8.07478529061675,-0.4460559605434536
1789147804630712600,27.92871264648437,-5.552658676815033,-8.070297331547737,-0.4567983768973499
1789147804640685600,27.938685546875,-5.546957834824919,-8.073356719118356,-0.4717494604548439
1789147804650657500,27.948657470703125,-5.5336389190465205,-8.081674465608597,-0.4855532006081193
1789147804660629500,27.95862939453125,-5.525519909998774,-8.086417860743403,-0.4988585262525826
1789147804670601700,27.968601806640624,-5.518286451613903,-8.090257000514864,-0.5163816887877881
1789147804680574500,27.978574462890624,-5.512202747786045,-8.093489406564832,-0.5305057104039937
1789147804690546400,27.98854638671875,-5.508946376338601,-8.095033713397383,-0.5406675138583407
1789147804700518700,27.9985185546875,-5.511574971276521,-8.092594503551721,-0.5503144996583461
1789147804710491400,28.00849145507813,-5.50868626409769,-8.093797449600697,-0.5614279047491029
1789147804720463600,28.01846362304688,-5.49820520209372,-8.09992674613595,-0.5755992726383731
1789147804730435600,28.028435546875,-5.489022947728634,-8.104687676927448,-0.5958599338460713
1789147804740407600,28.038407470703124,-5.4790510042905805,-8.109571357315778,-0.6206804868478327
1789147804750380500,28.04838061523437,-5.4738388226002455,-8.11156282339394,-0.6403293363001197
1789147804760352500,28.0583525390625,-5.465881726115942,-8.115581411385536,-0.6571673661153763
1789147804770324500,28.068324462890622,-5.467203914630413,-8.113903249040245,-0.6668104429252445
1789147804780296400,28.07829638671875,-5.469923694983124,-8.111025647777318,-0.6794049168866128
1789147804790269700,28.088269775390625,-5.472988343250751,-8.107769276329874,-0.6934421370021998
1789147804800241400,28.098241455078124,-5.474391195785999,-8.105476196956634,-0.7090068589460105
1789147804810213600,28.10821362304688,-5.471855539828539,-8.105629341691731,-0.7266066669140011
1789147804820186600,28.1181865234375,-5.469427435898781,-8.105809374433756,-0.7426974585585295
1789147804830158600,28.12815869140625,-5.474769381448626,-8.100981223624943,-0.7558998352851718
1789147804840130600,28.13813061523437,-5.478490447798371,-8.09731627137661,-0.7681107898216694
1789147804850102500,28.1481025390625,-5.483282358250022,-8.092905469197035,-0.7803073505066335
1789147804860075500,28.158075439453125,-5.48640019800961,-8.089502967277168,-0.7935617496814579
1789147804870047500,28.16804760742188,-5.492241909775138,-8.08407100535631,-0.8083676160819828
1789147804880019500,28.17801953125,-5.492579178905487,-8.082232684013247,-0.8243013174686581
1789147804889992400,28.187992431640627,-5.493053226158023,-8.080303761777282,-0.8398989918339997
1789147804899964700,28.19796459960937,-5.498040951442718,-8.075818725317717,-0.8503433020241558
1789147804909936400,28.20793627929688,-5.499408148142695,-8.073606894487142,-0.8624149942204355
1789147804919908600,28.21790869140625,-5.4994104862302535,-8.072475260108709,-0.8729309083420783
1789147804929881600,28.22788159179688,-5.507188134494424,-8.066084097766876,-0.8829200221106409
1789147804939853300,28.237853271484376,-5.515420540788769,-8.058587604531645,-0.8998338205758482
1789147804949825500,28.247825439453123,-5.52302984674871,-8.05156574307084,-0.9158736126855016
1789147804959798500,28.25779858398437,-5.53155100685656,-8.043944746673107,-0.9312820480890572
1789147804969770800,28.26777075195313,-5.544361388590931,-8.033507523810863,-0.9450959077775478
1789147804979742500,28.277742431640625,-5.549114136075973,-8.02864605525434,-0.9584151158168912
1789147804989714700,28.287714599609377,-5.547503193747997,-8.028427444067598,-0.969506053347513
1789147804999687700,28.297687744140624,-5.548319770827889,-8.026544699060917,-0.9803543412286788
1789147805009659600,28.30765966796875,-5.542485657846927,-8.029382552835346,-0.990078812711686
1789147805019631600,28.317631591796875,-5.539170834210514,-8.030979466637968,-0.995657928018272
1789147805029604600,28.3276044921875,-5.54291002073884,-8.027981453865767,-0.9990200248625128
1789147805039576600,28.33757666015625,-5.546177498102188,-8.024716899111867,-1.007081166243181
1789147805049548500,28.347548583984373,-5.541514766988158,-8.026570418024063,-1.0179210516221822
1789147805059520800,28.357520751953125,-5.5390597750514745,-8.026729992499947,-1.0299601567231118
1789147805069493500,28.367493408203124,-5.5388879256159065,-8.025563286808133,-1.0399247936375438
1789147805079465700,28.3774658203125,-5.539048084613681,-8.024750801381469,-1.04532168424502
1789147805089437700,28.387437744140627,-5.536915748760104,-8.025920429682731,-1.047638802080974
1789147805099410400,28.397410400390623,-5.540374364781379,-8.023604553955792,-1.0470928586360069
1789147805109382700,28.40738256835937,-5.540598236665129,-8.023613906306029,-1.0458378901388496
1789147805119354600,28.417354736328125,-5.540301884067058,-8.023710936939716,-1.0466668883088976
1789147805129326600,28.42732666015625,-5.535481332042813,-8.026642314216494,-1.04968360578157
1789147805139299600,28.43729956054688,-5.530878222161531,-8.029666630473733,-1.0508268575325608
1789147805149271800,28.447271728515624,-5.526260499233007,-8.032398101264238,-1.0542363737151026
1789147805159243500,28.457243408203126,-5.524838357475399,-8.032849352163076,-1.0582402025289832
1789147805169216500,28.46721655273437,-5.531859634414315,-8.027457722252606,-1.0624667341828349
1789147805179188700,28.47718872070313,-5.535434570291638,-8.024312409964203,-1.0675931372858585
1789147805189160700,28.48716064453125,-5.536966602164506,-8.022357184243202,-1.0743205458447336
1789147805199132700,28.497132568359376,-5.536187434485554,-8.022166045585275,-1.079748343047127
1789147805209105700,28.507105712890624,-5.532089351516961,-8.024048206070065,-1.0867548608083275
1789147805219077600,28.51707763671875,-5.523572283062339,-8.029604671153425,-1.0890288701549171
1789147805229049600,28.527049560546875,-5.521112614950537,-8.03123724079132,-1.089460977961868
1789147805239022800,28.53702294921875,-5.524909669145941,-8.028420429804921,-1.090975839504227
1789147805248994600,28.54699462890625,-5.525970576375722,-8.027391086757182,-1.0931756876360623
1789147805258966800,28.556966796875,-5.524336837694048,-8.02802821561694,-1.0967458012077955
1789147805268938500,28.5669384765625,-5.525215958616137,-8.026714210408926,-1.1019214502800256
1789147805278911500,28.576911376953124,-5.523566437843441,-8.026981921434402,-1.10822157333754
1789147805288883700,28.5868837890625,-5.520518740710616,-8.02845842372775,-1.1127086556237191
1789147805298855400,28.59685546875,-5.5265726339221,-8.023879863765835,-1.1156806571718303
1789147805308827600,28.60682763671875,-5.5378001303792,-8.01594381006956,-1.1170469770889728
1789147805318800600,28.616800537109373,-5.545904526379704,-8.010315448793769,-1.1172151732627302
1789147805328772600,28.626772705078125,-5.550725078403949,-8.007005885854364,-1.1170059874914586
1789147805338744600,28.63674462890625,-5.557452925354242,-8.002128635206818,-1.1184990025281905
1789147805348717600,28.646717529296875,-5.557368169680237,-8.001216196537017,-1.1254301169656216
1789147805358689500,28.656689453125,-5.556631087577343,-8.00091224515438,-1.1312116229765117
1789147805368661800,28.66666186523437,-5.563230339711904,-7.995456317836045,-1.137332517009601
1789147805378633500,28.67663354492188,-5.579573571747541,-7.983552529552578,-1.1408881636645645
1789147805388606500,28.6866064453125,-5.595233497694134,-7.972569363245367,-1.1409995150845498
1789147805398578700,28.69657861328125,-5.598903126117587,-7.969825617495179,-1.1421598641008135
1789147805408550400,28.70655029296875,-5.60533169786036,-7.964535694393515,-1.1475281862009317
1789147805418523600,28.716523681640624,-5.607037332734465,-7.962012897917628,-1.1566636788148432
1789147805428495600,28.72649560546875,-5.6094157523036,-7.958827253618836,-1.1670070859137922
1789147805438467600,28.73646752929688,-5.620962397712469,-7.950787155026197,-1.1662510799147188
1789147805448439600,28.746439453125,-5.631463917982578,-7.944135295921564,-1.1609093535605817
1789147805458412500,28.75641259765625,-5.634643717062473,-7.942778620615601,-1.1547468854080885
1789147805468384500,28.766384521484376,-5.629934808719158,-7.946748108768463,-1.1504022803325205
1789147805478356500,28.7763564453125,-5.621352858334779,-7.953278387320041,-1.1472310298852622
1789147805488329700,28.78632983398437,-5.6112032202422615,-7.960717012888193,-1.145319935566932
1789147805498301400,28.796301513671875,-5.6070455160409205,-7.964626295286417,-1.1384916239168494
1789147805508273700,28.806273681640626,-5.600675981009006,-7.97049489505887,-1.1287234594225883
1789147805518245600,28.81624560546875,-5.598311589965224,-7.974033590579032,-1.1153872271832077
1789147805528218600,28.826218505859377,-5.595869457510114,-7.977814278161525,-1.1005094645902511
1789147805538190600,28.836190673828124,-5.596427675914764,-7.979823864418267,-1.0829595601785926
1789147805548162800,28.846162841796875,-5.596787741398811,-7.981787857967615,-1.0664899983495473
1789147805558135600,28.856135498046875,-5.5951376361042255,-7.984853090757131,-1.052115874429792
1789147805568107500,28.866107421875,-5.594302354323864,-7.987731861063837,-1.0345629012782127
1789147805578079700,28.87607983398437,-5.591074039927125,-7.992510327512026,-1.014913832630217
1789147805588051500,28.88605151367188,-5.589718533664941,-7.996552296379208,-0.9902426249712704
1789147805598024700,28.896024658203125,-5.597843972453474,-7.993940068054199,-0.9651185589782894
1789147805607996700,28.90599658203125,-5.606870743995905,-7.991371094349026,-0.9334765624586492
1789147805617968600,28.91596875,-5.619752437400818,-7.98576786751449,-0.903485255755484
1789147805627940600,28.925940673828126,-5.625521668452024,-7.984263308170437,-0.8805818614866584
1789147805637913600,28.93591357421875,-5.616663823735713,-7.992854026383161,-0.8589336549106985
1789147805647885600,28.94588549804688,-5.624463099309802,-7.989912127712368,-0.8349233223132788
1789147805657857500,28.955857421875,-5.640626883125305,-7.981719468906522,-0.8036583424124866
1789147805667830800,28.96583081054688,-5.651662656402587,-7.97666744621396,-0.7758008328676224
1789147805677802500,28.975802490234376,-5.658776287800073,-7.973153885135054,-0.7598950424011797
1789147805687774700,28.985774658203123,-5.651216081678867,-7.979761320576071,-0.7466886470865458
1789147805697746400,28.995746337890623,-5.641472686299681,-7.98791364737153,-0.7330784932766109
1789147805707719700,29.0057197265625,-5.645585382315516,-7.986442405775189,-0.7172757978584617
1789147805717691600,29.015691650390625,-5.647908272305131,-7.985802938827872,-0.7060274778090417
1789147805727663600,29.02566357421875,-5.647430133399367,-7.986751033332943,-0.6990821887157856
1789147805737636600,29.03563671875,-5.644301187723875,-7.989307732078433,-0.6951333049595355
1789147805747608600,29.045608642578124,-5.650680075106024,-7.9848191884875295,-0.694889120940119
1789147805757580500,29.05558056640625,-5.652755712336301,-7.982638337317109,-0.7030063033569603
1789147805767552500,29.06555249023437,-5.655789380943775,-7.979525758254527,-0.7138648934364319
1789147805777525800,29.07552587890625,-5.675490106713771,-7.964446847066283,-0.7258074793603271
1789147805787497500,29.08549755859375,-5.689489990493655,-7.953346776381134,-0.7378150202792138
1789147805797469700,29.0954697265625,-5.688320362192392,-7.953189539992809,-0.7484466697350144
1789147805807442700,29.105442626953124,-5.690563172683119,-7.950977124640345,-0.7548784563481807
1789147805817414400,29.115414306640623,-5.694447905161977,-7.946931064119934,-0.7680717729855329
1789147805827386600,29.12538671875,-5.698494550204277,-7.942786219400167,-0.7808245793137699
1789147805837358600,29.13535864257813,-5.702563407078385,-7.938888042917847,-0.7906936468992382
1789147805847331600,29.14533154296875,-5.693967428168654,-7.944467304354905,-0.7965851160906254
1789147805857303600,29.15530346679688,-5.681472688254714,-7.95307555822432,-0.7999048350978643
1789147805867275800,29.16527587890625,-5.672824102374911,-7.958817316746711,-0.8041635885208844
1789147805877248500,29.17524853515625,-5.664304111310839,-7.964483671945333,-0.8081096957981586
1789147805887220700,29.185220703125,-5.655452696335315,-7.97032713727653,-0.8124714712042361
1789147805897192700,29.195192626953126,-5.651213743591308,-7.973243901506065,-0.813355195236206
1789147805907164700,29.20516455078125,-5.641601865637302,-7.97989400704503,-0.8148722487356513
1789147805917137700,29.2151376953125,-5.640871797797083,-7.980787156492471,-0.8111670375421642
1789147805927109600,29.225109619140625,-5.64306083227396,-7.9793433874249455,-0.8101482889536767
1789147805937081600,29.23508154296875,-5.65068942745626,-7.9744000858038655,-0.8056324920296668
1789147805947053600,29.245053466796875,-5.644940654671192,-7.978639623069763,-0.8039567408371716
1789147805957026800,29.25502685546875,-5.633848767292499,-7.986828190222382,-0.8004510708037763
1789147805966998500,29.26499853515625,-5.620767751923204,-7.996597889086604,-0.7948526662748306
1789147805976970800,29.274970703125,-5.610601162695884,-8.004314747074245,-0.7889809977624564
1789147805986943700,29.28494384765625,-5.603057323187589,-8.010543996852636,-0.7793016805954277
1789147805996915500,29.29491552734375,-5.601375653710961,-8.012694452884793,-0.7692209430206567
1789147806006887700,29.3048876953125,-5.602665693521499,-8.013130506214498,-0.7551566157024353
1789147806016859600,29.314859619140623,-5.608737122389674,-8.010176332584024,-0.7413030085254461
1789147806026832600,29.32483251953125,-5.6133501691430805,-8.008118815532326,-0.7285043902941047
1789147806036804600,29.3348046875,-5.629849468523264,-7.99798437500894,-0.7123352727163582
1789147806046776600,29.344776611328125,-5.653998990395665,-7.982639506360888,-0.6929211818680167
1789147806056749600,29.35474951171875,-5.674836026719213,-7.969374366596341,-0.675037880783528
1789147806066721800,29.3647216796875,-5.689003668281436,-7.96076026750803,-0.6572099631480872
1789147806076693500,29.374693603515624,-5.699670023724436,-7.954789960926771,-0.6367505279652774
1789147806086665700,29.38466577148437,-5.700553820821643,-7.955710582903027,-0.6170454182811081
1789147806096638700,29.394638671875,-5.699743088960648,-7.958003077754378,-0.5945668983608484
1789147806106610400,29.4046103515625,-5.704295929959416,-7.956851569631695,-0.5656122777616605
1789147806116582700,29.41458276367188,-5.720341055831312,-7.947561178717017,-0.5332514289155602
1789147806126554600,29.4245546875,-5.761868998005986,-7.920110277211665,-0.4930598864438012
1789147806136527600,29.434527587890624,-5.777960301107168,-7.9105200265675775,-0.4574064988583326
1789147806146499600,29.44449951171875,-5.759900328281521,-7.924254537409544,-0.4473431142771616
1789147806156471800,29.454471923828127,-5.746947323206067,-7.934540369102359,-0.4313317080117761
1789147806166444500,29.464444580078126,-5.71066663403511,-7.96139272019267,-0.4182018485320731
1789147806176416500,29.47441650390625,-5.698784473061561,-7.971811238354444,-0.3800847742468118
1789147806186388700,29.484388671875,-5.681340586307645,-7.985552763459086,-0.3517100724274292
1789147806196360700,29.494360595703125,-5.669775236198306,-7.994947783792019,-0.3238034995764494
1789147806206333700,29.504333740234376,-5.666664995223283,-7.998440302082896,-0.2902496232871897
1789147806216305700,29.5143056640625,-5.66693095268309,-7.999332282486558,-0.2587553281425498
1789147806226277600,29.524277587890627,-5.66402237176001,-8.002034527182579,-0.2380549968759529
1789147806236250600,29.534250732421874,-5.658257232362032,-8.006562233740091,-0.2223957102501765
1789147806246222800,29.544222900390626,-5.66107813500166,-8.004972334200144,-0.2073258774175308
1789147806256194600,29.554194580078125,-5.67715190244615,-7.994252202743291,-0.179603355896566
1789147806266166800,29.56416674804688,-5.689736658731103,-7.9859677740007635,-0.1469843127720058
1789147806276139800,29.574139892578124,-5.687230228868127,-7.988184865528344,-0.1212791498222854
1789147806286111500,29.584111572265623,-5.680999225524068,-7.992956317713856,-0.0963804352840874
1789147806296083700,29.59408374023437,-5.67273291696012,-7.999100227296352,-0.0698726507145911
1789147806306055400,29.60405541992188,-5.659648978981376,-8.008589355653523,-0.0353895558673772
1789147806316028700,29.614028564453125,-5.648288211533427,-8.016684399303793,0.0007568633026017
1789147806326000600,29.62400073242188,-5.626482037916779,-8.031950357496738,0.02940044183766
1789147806335972600,29.63397265625,-5.60588933174312,-8.046168267941475,0.0598070467768702
1789147806345945600,29.643945556640624,-5.5842333802521225,-8.060935044440626,0.0896922718902118
1789147806355917600,29.65391748046875,-5.564478293946385,-8.074290200576186,0.1131807999700773
1789147806365889500,29.6638896484375,-5.526323043075204,-8.100294410404562,0.1239620413638651
1789147806375861800,29.67386181640625,-5.483296971297264,-8.129217138028144,0.140236126286583
1789147806385834800,29.68383471679688,-5.490051121732592,-8.124221813958883,0.1635150667363777
1789147806395806500,29.693806396484376,-5.513243781271576,-8.108217604619265,0.1769920956859365
1789147806405778700,29.70377880859375,-5.535435154813528,-8.093198314663768,0.1716746452565304
1789147806415751700,29.71375170898437,-5.5473103015244005,-8.08496941550076,0.1760529516723006
1789147806425723600,29.7237236328125,-5.556797676315903,-8.078247413769365,0.1851899786561727
1789147806435695600,29.733695556640622,-5.541985891631246,-8.088159151452778,0.1960964812642894
1789147806445667600,29.74366748046875,-5.542179952898621,-8.087941709309815,0.1995296340507455
1789147806455640600,29.753640625,-5.537779672113061,-8.091040259847045,0.1961059432123787
1789147806465612500,29.763612548828124,-5.530146985277534,-8.09634479599595,0.1925146407221444
1789147806475584500,29.77358447265625,-5.515359165990352,-8.106200419577956,0.2017860164090991
1789147806485557500,29.7835576171875,-5.517231389603018,-8.104783538517355,0.2074203142353333
1789147806495529700,29.79352978515625,-5.503965665316581,-8.113880452686548,0.2041706647896208
1789147806505501400,29.80350146484375,-5.498631318551301,-8.117637759393453,0.198502227231767
1789147806515473700,29.8134736328125,-5.507442986038327,-8.111665114724635,0.1983416846415027
1789147806525446700,29.82344677734375,-5.531383249074221,-8.09532012912333,0.1999603718845173
1789147806535418600,29.83341870117188,-5.547766228598356,-8.084317089071869,0.1910409331740811
1789147806545390600,29.843390625,-5.561368052971363,-8.075406637385488,0.1714486910135485
1789147806555362800,29.85336279296875,-5.562130269515514,-8.075268105697631,0.1520922943023499
1789147806565335600,29.86333544921875,-5.57853136921823,-8.064300136959552,0.1320588111803401
1789147806575307500,29.8733076171875,-5.597139623576402,-8.051667449879647,0.1143235767970327
1789147806585279700,29.88327978515625,-5.599499338445067,-8.05022309629023,0.0995489001192152
1789147806595252500,29.89325244140625,-5.585620450696349,-8.059964738103746,0.0905642872180789
1789147806605224700,29.903224609375,-5.582790780228376,-8.061994782626629,0.0841911445901263
1789147806615196700,29.91319677734375,-5.58828528599143,-8.058297681674361,0.0726620257047936
1789147806625168600,29.923168701171875,-5.574603382119536,-8.06792008102238,0.0533973669642349
1789147806635141600,29.9331416015625,-5.561884185799956,-8.076808905398845,0.0315734019625699
1789147806645113600,29.943113525390626,-5.564997349384427,-8.074716317033767,0.0115667383488267
1789147806655085600,29.95308544921875,-5.569112383487821,-8.071880801346898,-0.0102955664938956
1789147806665057500,29.9630576171875,-5.56491610084176,-8.074710471814871,-0.0336496237147366
1789147806675030800,29.97303076171875,-5.552336605253816,-8.083224033138155,-0.0586817599408328
1789147806685002500,29.98300244140625,-5.552479813116789,-8.082888517573476,-0.0853011699249502
1789147806694974700,29.992974609375,-5.56379791046679,-8.074832052367926,-0.1077850144742988
1789147806704947700,30.00294775390625,-5.568306327801943,-8.071414352878927,-0.1289308244860731
1789147806714919700,30.012919677734374,-5.569753604000806,-8.070003317037225,-0.1525589984986465
1789147806724891600,30.0228916015625,-5.572649909964204,-8.067405701759457,-0.1814762736289762
1789147806734863600,30.032863525390624,-5.570416451823711,-8.06820357413888,-0.2119646979330107
1789147806744836600,30.04283666992188,-5.568532537773251,-8.068589358586072,-0.2443385889237746
1789147806754808600,30.05280859375,-5.573083625206351,-8.064335208272933,-0.2786045407388359
1789147806764780500,30.06278051757813,-5.559769970124959,-8.072362447384,-0.3103300873560831
1789147806774753500,30.07275341796875,-5.541358699643611,-8.083816153812409,-0.3400673462329432
1789147806784725800,30.082725830078125,-5.510810416644811,-8.103312296921015,-0.3710541667794808
1789147806794697500,30.092697509765625,-5.491297906923294,-8.114820948407054,-0.4070553448893129
1789147806804669700,30.102669677734376,-5.467829937574267,-8.129017816063762,-0.4385152263076975
1789147806814642700,30.112642578125,-5.453984367573261,-8.136377531176805,-0.4730748638397082
1789147806824614400,30.122614501953127,-5.44067071249187,-8.143255600252747,-0.5068289571424945
1789147806834586600,30.132586669921874,-5.440785278782248,-8.14125419730246,-0.5368704231303185
1789147806844558600,30.14255859375,-5.444041065707802,-8.1373016602844,-0.5631430746365338
1789147806854531600,30.152531494140625,-5.442423693639039,-8.136004606211184,-0.5965166441891342
1789147806864503600,30.162503662109376,-5.424046325427294,-8.145833341786265,-0.6288837401129305
1789147806874475800,30.172475830078124,-5.409347353467345,-8.153156816542149,-0.6598246756911278
1789147806884448500,30.182448486328123,-5.39721618616879,-8.15897280934453,-0.68673255636096
1789147806894420700,30.192420654296875,-5.3855432840317485,-8.164756068921088,-0.709272889471054
1789147806904392700,30.202392822265622,-5.372172930327057,-8.171517233619094,-0.7324195179112255
1789147806914364700,30.21236474609375,-5.369421585792303,-8.171063644632696,-0.757241824478656
1789147806924337700,30.222337646484377,-5.370585953396558,-8.167575217995047,-0.7860656948376447
1789147806934309600,30.2323095703125,-5.369347351512313,-8.16544288214147,-0.8161142116207629
1789147806944281600,30.242281494140624,-5.365646158906817,-8.164878818517924,-0.8455695117510855
1789147806954254800,30.2522548828125,-5.366687776914239,-8.161485084426403,-0.8713294644948094
1789147806964227000,30.26222705078125,-5.3777194585382935,-8.151586206224561,-0.8956431639529764
1789147806974198800,30.27219873046875,-5.383110503926873,-8.145411316981912,-0.9191158825423568
1789147806984171000,30.2821708984375,-5.392573328799009,-8.136911199662089,-0.9387256420932708
1789147806994144000,30.29214404296875,-5.402133184304833,-8.128365489634872,-0.957614466958493
1789147807004115700,30.30211572265625,-5.412562223860621,-8.119328781220316,-0.9752180012535304
1789147807014088000,30.312087890625,-5.42328878505826,-8.110083983013034,-0.9924014835055917
1789147807024060000,30.322059814453127,-5.443157853132486,-8.09507638349533,-1.006059933436662
1789147807034033000,30.33203295898437,-5.467359981974959,-8.077646525266767,-1.0148806610129772
1789147807044004900,30.3420048828125,-5.4923366023212665,-8.059690597337484,-1.0227416036464274
1789147807053977000,30.35197705078125,-5.513343734514713,-8.04403359400034,-1.0329269706394524
1789147807063949800,30.36194970703125,-5.531469173792004,-8.029795809811354,-1.046718107039481
1789147807073921800,30.371921875,-5.54165914389491,-8.021002847024798,-1.0601494702164085
1789147807083894000,30.38189404296875,-5.553004129251837,-8.011958539825677,-1.0691395630102605
1789147807093866000,30.391865966796875,-5.563942287373543,-8.003776986935735,-1.0735364827949554
1789147807103839000,30.4018388671875,-5.5726247755229465,-7.997211052548885,-1.0774255261227488
1789147807113811000,30.41181103515625,-5.574734899544716,-7.995292067185044,-1.0807515287403016
1789147807123783000,30.421782958984377,-5.574921362027526,-7.994218884995579,-1.087703832096234
1789147807133756000,30.431755859375,-5.5739159843772645,-7.993916102656722,-1.0950516375757753
1789147807143728000,30.44172802734375,-5.572132023569941,-7.994508223330974,-1.0998101572144776
1789147807153699800,30.451699951171875,-5.580272659927607,-7.988413998109102,-1.1028061972253025
1789147807163672000,30.461672119140623,-5.594618580666184,-7.978092510581016,-1.104838360640034
1789147807173645000,30.47164501953125,-5.598018744498491,-7.975724027884006,-1.1047149534560738
1789147807183616800,30.48161669921875,-5.602554634362459,-7.972493375399709,-1.1050417011924087
1789147807193589000,30.491589111328125,-5.602556972450017,-7.972180656188726,-1.1072826119869947
1789147807203560700,30.501560791015624,-5.598149092879891,-7.974778855988383,-1.1108616395175457
1789147807213534000,30.51153393554688,-5.5955655061274765,-7.976534175223112,-1.1112821299519389
1789147807223506000,30.521505859375,-5.59622952299416,-7.975932702198624,-1.1122538975935428
1789147807233478000,30.53147778320313,-5.584800366485118,-7.983442054915428,-1.115812247662246
1789147807243451000,30.54145092773437,-5.57769199578464,-7.988136350211501,-1.1177658659480512
1789147807253422800,30.5514228515625,-5.568845841506123,-7.99406866286993,-1.1194677744951098
1789147807263394800,30.561394775390625,-5.569734314778446,-7.993243317961692,-1.1209396006133407
1789147807273367000,30.571366943359376,-5.56282760412991,-7.997849934974313,-1.1223767207443711
1789147807283340000,30.581340087890624,-5.552255941233039,-8.00510735875666,-1.122986230944842
1789147807293311700,30.591311767578127,-5.541145349153876,-8.013144534739851,-1.1205329925738274
1789147807303284000,30.60128393554688,-5.542654584673047,-8.012427910903096,-1.1181935898408293
1789147807313256000,30.611255859375,-5.5389884633809325,-8.014984609648584,-1.1180459980636834
1789147807323229000,30.62122900390625,-5.5362353652805085,-8.01642954775989,-1.1213093837738035
1789147807333201000,30.631200927734376,-5.533484020745754,-8.018340349817276,-1.1212268200568851
1789147807343173000,30.641173095703124,-5.529361972379684,-8.021252437871695,-1.1207364061914384
1789147807353145900,30.651145751953123,-5.5278778713017696,-8.021914701172708,-1.1233124672245234
1789147807363117800,30.661117919921875,-5.522777333292365,-8.025079887205361,-1.125788575014472
1789147807373090000,30.671090087890622,-5.523914228367805,-8.024894593766332,-1.1215242686334996
1789147807383061800,30.681061767578125,-5.527115654757619,-8.023855313846468,-1.1131639251105487
1789147807393035000,30.691034912109377,-5.532687317410111,-8.021583861783146,-1.101797458574176
1789147807403006700,30.7010068359375,-5.54154925377965,-8.016605488848686,-1.0934627609491347
1789147807412979000,30.71097900390625,-5.548922412896156,-8.012073106116055,-1.089283137176931
1789147807422951000,30.72095092773437,-5.564940650761127,-8.002112853115797,-1.0807431993033736
1789147807432924000,30.730923828125,-5.585438079866766,-7.9898975146651265,-1.0652745581451804
1789147807442896000,30.74089575195313,-5.594480633500218,-7.9844766586601725,-1.0584440545380114
1789147807452868000,30.7508681640625,-5.6026674470871685,-7.979578949746489,-1.05204996958673
1789147807462840800,30.7608408203125,-5.6052954575032,-7.979621619844436,-1.0376293031115085
1789147807472812800,30.770812744140624,-5.599147456267476,-7.985632842957973,-1.0244943655978889
1789147807482785000,30.78078491210937,-5.588358351227641,-7.993761788877844,-1.0200062603984028
1789147807492756700,30.7907568359375,-5.581186267641186,-7.999713390758633,-1.0125888237487524
1789147807502730000,30.80072998046875,-5.57586478035748,-8.003974555334448,-1.008226683016494
1789147807512702000,30.81070190429688,-5.583345491501689,-8.000280376991629,-0.9960704543419182
1789147807522674000,30.820673828125,-5.59266744659841,-7.994882317340373,-0.9870659676965324
1789147807532647000,30.83064697265625,-5.6009279099434615,-7.989161017084121,-0.9865551686301828
1789147807542619000,30.840618896484376,-5.608263659659028,-7.982906048342585,-0.9954713924702256
1789147807552590800,30.8505908203125,-5.61402178479433,-7.977925337320566,-1.0029208316933362
1789147807562562800,30.860562744140623,-5.616078717324138,-7.975859636962413,-1.0078258471306414
1789147807572536000,30.8705361328125,-5.627666863787174,-7.969083859217166,-0.9967189813785254
1789147807582507800,30.8805078125,-5.6276265317767855,-7.970254656562209,-0.9875410378623752
1789147807592480000,30.89047998046875,-5.626634598129988,-7.972592744120955,-0.9742402422625572
1789147807602451700,30.90045166015625,-5.622570417430997,-7.976863845568895,-0.9626759150665252
1789147807612425000,30.910425048828124,-5.622745189476013,-7.978475372418761,-0.9481864211387931
1789147807622397000,30.92039697265625,-5.61985998942852,-7.981422531786561,-0.9404548039734364
1789147807632369000,30.93036889648437,-5.611646287834644,-7.987829476219415,-0.9350910849831998
1789147807642342000,30.940341796875,-5.605940769669413,-7.992432001578807,-0.9299733035780487
1789147807652313900,30.95031396484375,-5.6099985206276175,-7.992111683583259,-0.9079841015446932
1789147807662285800,30.96028588867188,-5.605571936357021,-7.9975342931538815,-0.8873558856662362
1789147807672257800,30.9702578125,-5.597540021070838,-8.004960643762349,-0.8709384193506091
1789147807682231000,30.98023095703125,-5.590379627922177,-8.011704857325553,-0.8547633834887296
1789147807692202800,30.99020263671875,-5.574346777009963,-8.023568313598632,-0.8481735567696392
1789147807702175000,31.00017504882813,-5.563824798473715,-8.031467542415857,-0.8424763680413365
1789147807712147000,31.01014697265625,-5.567131438803672,-8.030852625387906,-0.8263423948422074
1789147807722120000,31.02011987304688,-5.579152131465077,-8.025348182752728,-0.7982765032436698
1789147807732092000,31.030091796875,-5.585364430108666,-8.024403595378994,-0.7635613098237664
1789147807742063900,31.04006396484375,-5.57649957112968,-8.031757465273142,-0.7509365868546068
1789147807752036900,31.05003686523437,-5.569591691437363,-8.037588655644655,-0.7397376589048653
1789147807762008800,31.0600087890625,-5.559532069715857,-8.045309605285524,-0.7314297031562775
1789147807771981000,31.06998095703125,-5.5595899373829365,-8.047158448022603,-0.710353816575557
1789147807781952800,31.079952880859373,-5.549853556266426,-8.055680777174233,-0.6895744287233799
1789147807791926000,31.089926025390625,-5.54212676140666,-8.06331814018488,-0.6618985593557357
1789147807801898000,31.09989794921875,-5.538208126658201,-8.068007174783945,-0.6370970033153891
1789147807811870000,31.109869873046875,-5.541394355478882,-8.067981455820798,-0.609103702029027
1789147807821842000,31.119842041015627,-5.534653064525127,-8.074028919291496,-0.5899640076752751
1789147807831815000,31.12981494140625,-5.535446845251322,-8.074867708203197,-0.570731995395571
1789147807841787000,31.13978686523437,-5.542852737593651,-8.0712799128443,-0.5491850937696173
1789147807851758800,31.1497587890625,-5.547201580452919,-8.069741451230644,-0.5274579036733136
1789147807861732000,31.159732177734377,-5.544293584051728,-8.072984963196516,-0.5080505713593214
1789147807871703800,31.16970385742188,-5.540452106192708,-8.07648449575007,-0.4941344203401356
1789147807881676000,31.179676025390624,-5.541184512120485,-8.077101750865578,-0.4754761528277769
1789147807891647700,31.189647705078126,-5.538709646439552,-8.079532777404784,-0.4628402874100953
1789147807901621000,31.19962109375,-5.542168846982717,-8.077873319759965,-0.4502307254774496
1789147807911593000,31.20959301757813,-5.546196787324547,-8.075855550196767,-0.4366162242859602
1789147807921565000,31.21956494140625,-5.547903591242433,-8.075410729038715,-0.4229517464729025
1789147807931537000,31.229536865234376,-5.5427744116604325,-8.079417626592516,-0.4135791206348687
1789147807941510000,31.239510009765624,-5.53800529756248,-8.08306621222794,-0.4061030491331592
1789147807951481900,31.24948193359375,-5.531923347300291,-8.087794409793615,-0.3947120326774194
1789147807961453600,31.25945361328125,-5.523803169208764,-8.093849472048879,-0.3841760621484368
1789147807971426800,31.2694267578125,-5.511618810418248,-8.102474092531203,-0.3772994178446009
1789147807981398800,31.279398681640625,-5.514923112660646,-8.100981808146834,-0.3606940277414396
1789147807991370800,31.289370849609377,-5.521196786102652,-8.097560017004609,-0.3410148927487432
1789147808001342700,31.2993427734375,-5.532466952657699,-8.09056562807262,-0.3239459767870605
1789147808011315700,31.309315673828124,-5.542428374701738,-8.08429546176195,-0.309923881175369
1789147808021287700,31.31928759765625,-5.552167093905807,-8.078091346424818,-0.297091031880863
1789147808031259600,31.329259765625,-5.554840697029233,-8.076603153693675,-0.2874266017557121
1789147808041231600,31.33923168945313,-5.563889680403471,-8.070902896225451,-0.2721103929465636
1789147808051204600,31.34920458984375,-5.569357882681489,-8.067778626725078,-0.2521688806906342
1789147808061176800,31.3591767578125,-5.570605252394079,-8.067533712053299,-0.2316297678677365
1789147808071148500,31.3691484375,-5.565671887645125,-8.07138980295956,-0.2152913216050714
1789147808081121800,31.379121826171875,-5.563586898064613,-8.073042246341705,-0.2070204829964786
1789147808091093800,31.38909375,-5.557339528107643,-8.077410378423332,-0.2044891196216456
1789147808101065700,31.39906567382813,-5.564598120933771,-8.07243434357643,-0.2035546700494363
1789147808111037700,31.40903759765625,-5.57300997544825,-8.066588540157674,-0.2051429621541872
1789147808121010700,31.4190107421875,-5.57759905680418,-8.063286576002836,-0.2101909845250658
1789147808130982700,31.428982666015624,-5.582408502912521,-8.05983029806912,-0.2150637051279656
1789147808140954600,31.43895458984375,-5.589224612668156,-8.05486829174757,-0.2236903166379779
1789147808150926800,31.4489267578125,-5.591459239852428,-8.053128170081973,-0.2304284657865762
1789147808160899600,31.458899658203126,-5.595161601501703,-8.050338247102498,-0.2379465863317251
1789147808170871800,31.46887182617188,-5.597680306324363,-8.048447903311253,-0.2426053901893086
1789147808180843800,31.47884375,-5.60506924753189,-8.043219355008006,-0.2453818874316289
1789147808190816800,31.488816650390625,-5.622174111589789,-8.03134771542847,-0.2428739231986925
1789147808200788700,31.498788818359376,-5.632175281122327,-8.024185568714142,-0.24784637784902
1789147808210760700,31.5087607421875,-5.639439134645461,-8.018916688400507,-0.2531314603787846
1789147808220732700,31.518732666015627,-5.64595187754035,-8.014129454123973,-0.2594831126941367
1789147808230705700,31.52870556640625,-5.645025994867086,-8.014463800644874,-0.2691394325780682
1789147808240678000,31.538677978515626,-5.6457449567914,-8.013508691877126,-0.2821814859101548
1789147808250649600,31.548649658203125,-5.653367122232914,-8.007989051672816,-0.2862597316671162
1789147808260621800,31.55862182617188,-5.649493495669961,-8.010532306414841,-0.2915107292641885
1789147808270594800,31.5685947265625,-5.6391252463907,-8.017515589430928,-0.3001562098714523
1789147808280566800,31.57856689453125,-5.631207897394895,-8.022582225170732,-0.3131282301746309
1789147808290538800,31.58853881835937,-5.625070417553186,-8.026561065673828,-0.3213718154501169
1789147808300511700,31.59851171875,-5.611563870248198,-8.03526868826449,-0.3394142891516908
1789147808310483700,31.608483642578125,-5.600901021936536,-8.041841052392124,-0.3592763794958591
1789147808320455700,31.61845556640625,-5.59656562308073,-8.044426977232098,-0.3688268461188301
1789147808330427600,31.628427734375,-5.592379861828684,-8.046707781645654,-0.3823230912255123
1789147808340400600,31.638400634765624,-5.589924869892001,-8.047456554186343,-0.4019611635554582
1789147808350372900,31.64837280273437,-5.587907684850692,-8.047865134987235,-0.4213561113119125
1789147808360344600,31.658344482421874,-5.583151430234313,-8.050249399775266,-0.4384992615535855
1789147808370316800,31.66831689453125,-5.58011542353928,-8.051461113652586,-0.4546098538771271
1789147808380289800,31.67828979492188,-5.5842573456496,-8.048073809301853,-0.4636281498521566
1789147808390261800,31.68826171875,-5.583994895321131,-8.047422651916742,-0.4778911780802533
1789147808400233700,31.698233642578124,-5.590009625566005,-8.042448370635508,-0.4911240230103954
1789147808410206700,31.708206787109376,-5.593109345147013,-8.039570184850692,-0.5028048527255654
1789147808420178700,31.7181787109375,-5.597575676906109,-8.03587951363921,-0.5120400793869048
1789147808430150700,31.728150634765623,-5.595655522498488,-8.036322581231593,-0.5258678580028936
1789147808440123000,31.73812280273437,-5.584271958696842,-8.043218770486115,-0.5412119594659656
1789147808450095600,31.748095703125,-5.576883602011203,-8.047572289520502,-0.5525788643937558
1789147808460067800,31.75806787109375,-5.574728469803929,-8.049111920177936,-0.5518900418793782
1789147808470039800,31.76803979492188,-5.565456199067831,-8.05535169135034,-0.5544212043248117
1789147808480011800,31.77801171875,-5.557256525999307,-8.060424172309041,-0.562896369866468
1789147808489984800,31.78798486328125,-5.547351218056678,-8.0660601323694,-0.5796185182170942
1789147808499956700,31.79795678710937,-5.5340895854234695,-8.074206613945961,-0.5928044917982072
1789147808509928700,31.8079287109375,-5.52481848373115,-8.080128989732264,-0.5985525704635307
1789147808519901700,31.817901611328125,-5.526938544625043,-8.079164528614282,-0.591971292377077
1789147808529874000,31.8278740234375,-5.528592157050967,-8.078363149103522,-0.5874607926826924
1789147808539845600,31.837845703125,-5.531715842029452,-8.077022840410471,-0.576376942479983
1789147808549817900,31.84781787109375,-5.530187901809812,-8.07842510842383,-0.5713759558549151
1789147808559790800,31.85779077148437,-5.529399381780624,-8.07926155924797,-0.5671630508676171
1789147808569762800,31.8677626953125,-5.525166858777403,-8.08248695103526,-0.5624227975379675
1789147808579734800,31.87773486328125,-5.53209402769208,-8.078489405831695,-0.5516606901029124
1789147808589706800,31.887706787109376,-5.53712851472795,-8.075562704730034,-0.5439511751715094
1789147808599679700,31.8976796875,-5.547421360683441,-8.06928143250346,-0.5321517971105874
1789147808609651700,31.907651611328124,-5.553606771320104,-8.065641614696384,-0.5227394603166728
1789147808619623700,31.917623779296875,-5.566747407922148,-8.057119870066643,-0.5143139426030219
1789147808629595600,31.927595703125,-5.570354492503404,-8.054597073590754,-0.5147717693731189
1789147808639569000,31.93756884765625,-5.574331579440832,-8.05175337459743,-0.5162083049822599
1789147808649540600,31.94754052734375,-5.580765996402501,-8.047474089843034,-0.5134178340135142
1789147808659512800,31.957512939453125,-5.582583859479427,-8.046497938287258,-0.5089395195556804
1789147808669485800,31.96748583984375,-5.582916452434659,-8.0463991540879,-0.5068510228438302
1789147808679457800,31.977457763671875,-5.583504481455684,-8.045892958131432,-0.5084027823304758
1789147808689429800,31.9874296875,-5.585114254739881,-8.044953046932816,-0.5055911955084651
1789147808699401700,31.99740161132813,-5.579605135929584,-8.048103035396338,-0.5161666212650016
1789147808709374700,32.007374755859374,-5.572120333132148,-8.052701469102502,-0.5252320077847689
1789147808719346700,32.0173466796875,-5.577879042789339,-8.048722044077515,-0.5250859503775834
1789147808729319000,32.02731884765625,-5.589770556113123,-8.041123844033478,-0.5149434726782143
1789147808739290600,32.03729052734375,-5.599416920858621,-8.035028449767827,-0.50520332870204
1789147808749264000,32.04726391601562,-5.600922064724564,-8.034196090596915,-0.5017446396155283
1789147808759235800,32.05723583984375,-5.599874016976356,-8.034902777561545,-0.5021211082451045
1789147808769207800,32.067207763671874,-5.604605721673369,-8.031722393959761,-0.5002030361967161
1789147808779180800,32.077180908203125,-5.609389448818564,-8.029125947725772,-0.4881267774231732
1789147808789152800,32.08715283203125,-5.597042008420825,-8.038317554441093,-0.4784867328206077
1789147808799124700,32.097124755859376,-5.581898799824715,-8.049300720748304,-0.4706802603207528
1789147808809096700,32.1070966796875,-5.567651663285494,-8.059011382901668,-0.4732612532572821
1789147808819070000,32.117070068359375,-5.5553866404742,-8.06756936788857,-0.4715816661398858
1789147808829041700,32.12704174804688,-5.544160897582769,-8.075372150593996,-0.4701323441144078
1789147808839014000,32.137013916015626,-5.535621032774448,-8.08155463862121,-0.4644878354214131
1789147808848985600,32.14698559570313,-5.527245418617129,-8.087604440179467,-0.4589148575946688
1789147808858958800,32.15695874023437,-5.537993022602796,-8.081102803200483,-0.4436128051750361
1789147808868930800,32.16693090820313,-5.549297675949335,-8.074398337125778,-0.4239852907717227
1789147808878902800,32.17690283203125,-5.549072635021806,-8.074956555530429,-0.4162400469398126
1789147808888875800,32.186875732421875,-5.546590170556306,-8.076554053854942,-0.4183335486203431
1789147808898847700,32.19684765625,-5.540481916809082,-8.080823986259102,-0.4168076176946982
1789147808908819700,32.20681982421875,-5.529605718007684,-8.088039908987284,-0.4212468422511592
1789147808918791700,32.21679174804687,-5.536574972498417,-8.083466609722375,-0.4174755070189014
1789147808928765000,32.226764892578124,-5.538511493518948,-8.082477598685026,-0.4108838171362877
1789147808938736600,32.23673657226563,-5.536434102723002,-8.084322934290766,-0.4024821917548775
1789147808948708900,32.246708984375,-5.531455729788542,-8.087612623485922,-0.4048475691793486
1789147808958681000,32.25668115234375,-5.52739271813333,-8.090327727663517,-0.4060947196962312
1789147808968653800,32.26665380859375,-5.5264083832710975,-8.091017463493346,-0.4057402071701362
1789147808978626000,32.2766259765625,-5.526681354993581,-8.090892375808954,-0.4045176431052386
1789147808988598000,32.286597900390625,-5.524223440447449,-8.092395181587339,-0.4080200982682406
1789147808998570000,32.29657006835937,-5.528300480628014,-8.08980048891902,-0.4042242861818522
1789147809008543000,32.30654296875,-5.530387223774194,-8.088378931683302,-0.4041279862005263
1789147809018515200,32.31651513671875,-5.529539082512259,-8.088897987121344,-0.4053476276559755
1789147809028487000,32.32648681640625,-5.5289756034106015,-8.089017229586839,-0.4106299885056912
1789147809038460000,32.3364599609375,-5.544256174650788,-8.078608648297191,-0.4095001076929271
1789147809048432000,32.34643212890625,-5.5562090627729885,-8.070189194998145,-0.4134928671235218
1789147809058404000,32.356404052734376,-5.568942287617921,-8.061103971266746,-0.4193750204972922
1789147809068376000,32.3663759765625,-5.579045748481154,-8.053809722605347,-0.4251863371245563
1789147809078349000,32.37634912109375,-5.590757229062914,-8.045708249214291,-0.4247283276913687
1789147809088321000,32.38632104492188,-5.59624881221652,-8.041872032052279,-0.4250786024337634
1789147809098293000,32.39629296875,-5.601421246418356,-8.038104203951358,-0.4281775913624093
1789147809108265000,32.40626489257812,-5.60324261662662,-8.036687907412647,-0.4309415761830285
1789147809118238000,32.41623803710937,-5.603563519144058,-8.036248931473493,-0.4349357969183474
1789147809128210200,32.42621020507813,-5.6124663720458745,-8.029940771239996,-0.4366501630881801
1789147809138182000,32.436181884765624,-5.621715846428275,-8.023255594387651,-0.4405274429129436
1789147809148155000,32.44615478515625,-5.627362327882647,-8.01888980039358,-0.4478708279456943
1789147809158127000,32.45612719726562,-5.631774299106001,-8.015209066054224,-0.458178798405081
1789147809168098800,32.466098876953126,-5.638012316712737,-8.010570300337672,-0.4625525930425151
1789147809178071000,32.47607104492187,-5.638205793458223,-8.010098591172694,-0.4683322358898818
1789147809188044000,32.4860439453125,-5.638416221338511,-8.00975489230156,-0.471666677542217
1789147809198016000,32.49601611328125,-5.639138105872273,-8.009020148286224,-0.4755038080196827
1789147809207988000,32.505988037109375,-5.639248580509424,-8.008530903464555,-0.4823733649956062
1789147809217960200,32.51596020507812,-5.633000041508675,-8.011912947118281,-0.4989467890579253
1789147809227933000,32.52593286132812,-5.632991858202218,-8.010569715815782,-0.5201652259144932
1789147809237905200,32.5359052734375,-5.645027748432756,-8.001081756502389,-0.5354860195672139
1789147809247877000,32.545877197265625,-5.655304227775335,-7.992645936590432,-0.5527437360992655
1789147809257849000,32.55584912109375,-5.665359757843613,-7.984561414334178,-0.5664607112845406
1789147809267822000,32.56582202148437,-5.66784631396234,-7.981856831550598,-0.5795346758585422
1789147809277794000,32.5757939453125,-5.665332285314798,-7.982892019817233,-0.5897661835482344
1789147809287766000,32.58576611328125,-5.654466607907414,-7.989411192452907,-0.6055510510487482
1789147809297739000,32.595739013671874,-5.647556390127539,-7.993157977765798,-0.6204227857597172
1789147809307711200,32.60571118164062,-5.640756062462925,-7.996681475716829,-0.6366713983144611
1789147809317683000,32.615682861328125,-5.639502263009548,-7.996794288441539,-0.6462822533551603
1789147809327655200,32.6256552734375,-5.637879630243778,-7.997578716817498,-0.6507109565176069
1789147809337628200,32.635628173828124,-5.64000202922523,-7.995589588826895,-0.6567392038311809
1789147809347600000,32.64559985351563,-5.642774416548013,-7.992685684078931,-0.6681623689908534
1789147809357572000,32.655572021484375,-5.638703221586346,-7.994197257685661,-0.6842639012251049
1789147809367543800,32.66554370117188,-5.637338362973928,-7.993869340905547,-0.6991849915031343
1789147809377517000,32.67551708984375,-5.637346546280384,-7.993217598998546,-0.7065353542659432
1789147809387489000,32.68548901367188,-5.628488701564073,-7.998636701437831,-0.7157570638585835
1789147809397461000,32.6954609375,-5.616835673171281,-8.005951408365368,-0.7254533321604132
1789147809407434000,32.70543408203125,-5.613055570110678,-8.007841752156615,-0.7338014007236808
1789147809417406200,32.71540625,-5.612049023416638,-8.007922416177392,-0.7405931066904217
1789147809427378000,32.7253779296875,-5.610544464072585,-8.007983206453918,-0.7512598274596035
1789147809437350100,32.73535009765625,-5.619949421277642,-8.000346427965164,-0.7622389751788228
1789147809447323100,32.7453232421875,-5.623718418422341,-7.996090524086355,-0.7789206453885883
1789147809457294800,32.755294921875,-5.630749047711491,-7.989745538973808,-0.7931088913474231
1789147809467267000,32.76526708984375,-5.635902192690968,-7.985437612646818,-0.7998650145441293
1789147809477239000,32.77523901367187,-5.638133897265791,-7.983544930768012,-0.8030259627930819
1789147809487212000,32.7852119140625,-5.633236772873997,-7.986146053177118,-0.8114826062973588
1789147809497184000,32.79518408203125,-5.63006106544733,-7.987981451910733,-0.8154478566665202
1789147809507156200,32.80515625,-5.622018044245243,-7.993257931008935,-0.8192255485743284
1789147809517128000,32.8151279296875,-5.616477361252904,-7.997202284720539,-0.8187289972290396
1789147809527101000,32.82510083007813,-5.611294990178942,-8.000772544422745,-0.8193904568124561
1789147809537073200,32.8350732421875,-5.612496182662248,-7.999654938569664,-0.8220708550028503
1789147809547045000,32.84504516601562,-5.610933755651116,-8.000245305678249,-0.8269773317448794
1789147809557018000,32.85501806640625,-5.61079639300704,-8.00009332998693,-0.8293724832531064
1789147809566990000,32.86498999023438,-5.615558492842316,-7.996958539092541,-0.8273713725637644
1789147809576962000,32.874962158203125,-5.628038619709015,-7.988340348351001,-0.8258200514685362
1789147809586934000,32.88493408203125,-5.656630507943034,-7.968489984977245,-0.8222487688530236
1789147809596907300,32.8949072265625,-5.711512437209486,-7.93183286370933,-0.7968974699754268
1789147809606879000,32.90487890625,-5.737745779618621,-7.915367466598749,-0.7717609098270535
1789147809616851200,32.914851318359375,-5.7366521391630165,-7.915670248937606,-0.7767658785074949
1789147809626823000,32.92482299804688,-5.74336069689095,-7.910235364407301,-0.7825365708634257
1789147809636796000,32.9347958984375,-5.737108650758862,-7.914902771696448,-0.7812102176304906
1789147809646768000,32.94476806640625,-5.728890857511758,-7.920818717741966,-0.781555889263004
1789147809656739800,32.95473974609375,-5.722039676442742,-7.926910604876279,-0.7699030070006847
1789147809666712000,32.96471215820313,-5.71232609167993,-7.933630268520116,-0.7727960980936884
1789147809676685000,32.97468505859375,-5.702821181231736,-7.940894706565142,-0.7683738246720284
1789147809686657000,32.984656982421875,-5.694383023232222,-7.947048553019761,-0.767328772598505
1789147809696629000,32.99462890625,-5.697797215589881,-7.945325382488965,-0.7598007882464677
1789147809706602000,33.00460205078125,-5.697665113642811,-7.945604199430346,-0.7578685780748724
1789147809716574000,33.01457397460938,-5.69606410818696,-7.947531952622531,-0.7496423823256045
1789147809726546200,33.024546142578124,-5.683968596723675,-7.956668614280224,-0.7445294962912797
1789147809736518100,33.03451806640625,-5.672298032674193,-7.965215493351221,-0.7421365367401391
1789147809746491000,33.04449096679687,-5.649746009126305,-7.981082340046763,-0.7436926070757209
1789147809756463000,33.054463134765626,-5.638175982841849,-7.9900529974877825,-0.7351230047162621
1789147809766435000,33.06443505859375,-5.639399971678853,-7.990986478945612,-0.7153185993760823
1789147809776407000,33.07440698242188,-5.632370511433482,-7.996578015342354,-0.7081871400609612
1789147809786380000,33.08438012695313,-5.632897750177979,-7.996953862917422,-0.6997027317669242
1789147809796352300,33.09435229492188,-5.625234083682298,-8.002711988052726,-0.695511563687399
1789147809806324000,33.10432397460937,-5.621881266123056,-8.006014536729454,-0.6845267899449914
1789147809816296200,33.11429614257813,-5.609816734319925,-8.014626882252097,-0.6827191560011356
1789147809826269200,33.12426928710938,-5.591897046747803,-8.027444862771034,-0.6791175513125955
1789147809836241000,33.134240966796874,-5.518959820830822,-8.07676331269145,-0.6909148104816675
1789147809846213000,33.14421313476562,-5.4693818431913845,-8.110859059038757,-0.6857163650557399
1789147809856186000,33.15418603515625,-5.444122898772359,-8.12976717312634,-0.6624152036409825
1789147809866158000,33.164157958984376,-5.446266925063729,-8.13054984793663,-0.634604090521112
1789147809876130000,33.17413012695312,-5.4483384706407785,-8.13066207613945,-0.6150871238201856
1789147809886102000,33.18410205078125,-5.439782239219546,-8.13722742600441,-0.6038903878275305
1789147809896075000,33.19407495117188,-5.429622079733014,-8.144490695005654,-0.5973691328326239
1789147809906047200,33.204047119140625,-5.442556380107998,-8.137205214172601,-0.5786630441231653
1789147809916019000,33.21401904296875,-5.4394525688737625,-8.140068786910176,-0.5674794598730281
1789147809925991200,33.2239912109375,-5.4230444549083705,-8.150319547289609,-0.57728463190943
1789147809935964200,33.23396411132813,-5.422322570374607,-8.151019219991564,-0.5741899538297206
1789147809945936000,33.24393579101562,-5.4371068825304505,-8.142495137274265,-0.5550053608883172
1789147809955908000,33.253908203125,-5.46403755955398,-8.125847369334101,-0.5341110414195805
1789147809965881000,33.26388110351562,-5.473739453878999,-8.1197151501894,-0.5280047604337335
1789147809975853000,33.27385302734375,-5.473638331592083,-8.11989752101898,-0.5262481260247528
1789147809985825000,33.28382495117187,-5.465467884618044,-8.12547678245604,-0.5250485044440254
1789147809995797000,33.293796875,-5.461474431067705,-8.128414589473605,-0.521118909910135
1789147810005770000,33.30377001953125,-5.445179714348912,-8.139405354565382,-0.5200851464156061
1789147810015742000,33.313741943359375,-5.447303866896033,-8.138361398470401,-0.5141326677519827
1789147810025714000,33.3237138671875,-5.457163582131266,-8.132781552511453,-0.4976173305524513
1789147810035686100,33.33368603515625,-5.468297555086016,-8.126150736194848,-0.4835097851470112
1789147810045659100,33.3436591796875,-5.494505763053894,-8.109457960069179,-0.4663648448070511
1789147810055630800,33.353630859375,-5.509180769616365,-8.099830300024152,-0.4605131596367806
1789147810065603000,33.36360302734375,-5.518358932328224,-8.093720292711257,-0.4580378555644303
1789147810075574800,33.37357470703125,-5.530809833100438,-8.085467428150773,-0.4536000923126935
1789147810085548000,33.38354809570313,-5.563719584533572,-8.063684050887822,-0.4386438576560467
1789147810095520000,33.39352001953125,-5.574030550667644,-8.056469881725311,-0.4402872774815186
1789147810105492000,33.40349194335938,-5.589298262426257,-8.045922768747806,-0.4396063094800337
1789147810115465000,33.41346484375,-5.600923818290234,-8.038160318052768,-0.4336058269562199
1789147810125437000,33.42343701171875,-5.601518861573934,-8.037917741468549,-0.4304202557226643
1789147810135409000,33.43340893554687,-5.5883694571435445,-8.046813580107688,-0.4350768858894706
1789147810145380900,33.443380859375,-5.597670953974127,-8.040739228630066,-0.4277491002846509
1789147810155354000,33.45335400390625,-5.594512782204151,-8.043165578994154,-0.4234425987297668
1789147810165325800,33.463325927734374,-5.590107825243472,-8.046178204813598,-0.4243851768095046
1789147810175298000,33.47329809570312,-5.604816734075546,-8.036094617694616,-0.4214333412665873
1789147810185270000,33.48327001953125,-5.62168778937757,-8.024464385655522,-0.4183135652782395
1789147810195243000,33.49324291992188,-5.627812409737706,-8.020396113303303,-0.4139590233305469
1789147810205215000,33.503215087890624,-5.629077315106987,-8.01935975599289,-0.4168218288831412
1789147810215187200,33.51318725585938,-5.620778273317217,-8.025348767274618,-0.4135396288746967
1789147810225159000,33.523158935546874,-5.615938432070613,-8.028877525922656,-0.4107898187099024
1789147810235132000,33.5331318359375,-5.626654471874237,-8.021905348822473,-0.4002153428014368
1789147810245104000,33.54310424804687,-5.629560714709759,-8.019908622047305,-0.3993767000202089
1789147810255075800,33.553075927734376,-5.62864301534295,-8.0208497022897,-0.3933485988371074
1789147810265048000,33.563048095703124,-5.625056389027834,-8.023134013834595,-0.3980476068409159
1789147810275021000,33.57302099609375,-5.625961228913068,-8.022206377595662,-0.4039101056661456
1789147810284993000,33.58299291992188,-5.623367120766639,-8.023801537832616,-0.4083201041281223
1789147810294965000,33.592965087890626,-5.616957253724336,-8.028082576152682,-0.4123762111185118
1789147810304938000,33.60293798828125,-5.6190703003555535,-8.026807149389386,-0.4084113991407677
1789147810314910000,33.61290991210937,-5.6169438097208735,-8.028668267086148,-0.4010173433667048
1789147810324882000,33.6228818359375,-5.611658562794328,-8.032699714559316,-0.3942116454072296
1789147810334854000,33.63285400390625,-5.607143715718388,-8.036055454728007,-0.3900574483372271
1789147810344827000,33.642826904296875,-5.602098122766614,-8.039777105599642,-0.3858197011696174
1789147810354799000,33.65279907226562,-5.593803172630071,-8.045708249214291,-0.3825153623946011
1789147810364770800,33.662770751953126,-5.596462162706255,-8.044296628850699,-0.3731967682987451
1789147810374743000,33.67274291992187,-5.593809017848968,-8.046555805954336,-0.3641709466043859
1789147810384716000,33.682716064453125,-5.59041177662611,-8.049147576013207,-0.3590289806060492
1789147810394688000,33.69268798828125,-5.586306094872951,-8.052043881976603,-0.3579954728398472
1789147810404660000,33.702659912109375,-5.582975489145517,-8.05451407148242,-0.3543728253632783
1789147810414632200,33.71263208007812,-5.576099758157134,-8.059402428045868,-0.351469833930768
1789147810424605000,33.72260498046875,-5.5676405573695895,-8.06533006452918,-0.3496005329275503
1789147810434577000,33.73257690429688,-5.557101043176651,-8.072820128023624,-0.3443725691461935
1789147810444549000,33.742549072265625,-5.547033238148689,-8.07978412181735,-0.3433690911920741
1789147810454521900,33.75252197265625,-5.538368285655975,-8.085759689095616,-0.3425606974186375
1789147810464494000,33.762494140625,-5.531442870306968,-8.090586086338758,-0.3404926224403083
1789147810474466000,33.77246606445313,-5.526912825661897,-8.09392136824131,-0.3347592664200812
1789147810484438000,33.78243798828125,-5.520601158297062,-8.098262027794123,-0.3339235827809199
1789147810494411000,33.792410888671874,-5.52174156050384,-8.097740049746632,-0.3276476077839731
1789147810504383000,33.80238305664062,-5.523424399024248,-8.097056159135699,-0.3159884053787216
1789147810514355000,33.81235498046875,-5.522962626731395,-8.097719006958604,-0.3069587112268432
1789147810524327000,33.82232690429687,-5.514588766139745,-8.103664763620495,-0.3005201843456365
1789147810534300200,33.832300048828124,-5.503910135737061,-8.111254195836185,-0.2914008208826184
1789147810544272000,33.84227197265625,-5.492932230126858,-8.119047041669488,-0.2813600499920546
1789147810554244000,33.852244140625,-5.480503541186452,-8.127630161097645,-0.2758893452296965
1789147810564215800,33.8622158203125,-5.478105247873067,-8.129296048483251,-0.2744131899962201
1789147810574189000,33.87218896484375,-5.479367230632901,-8.128599882912635,-0.2697653459240682
1789147810584161000,33.8821611328125,-5.480340459579229,-8.128057446599007,-0.2663435365155339
1789147810594133000,33.892133056640624,-5.478821287187934,-8.129161023926734,-0.2639016597887501
1789147810604106000,33.90210595703125,-5.479142774227261,-8.12918908097744,-0.2562720051605254
1789147810614078000,33.91207788085938,-5.471127225553989,-8.134842576694489,-0.2479709723430685
1789147810624050000,33.9220498046875,-5.472619509938359,-8.13411017076671,-0.2388819857520051
1789147810634022000,33.93202197265625,-5.473609690019488,-8.13370042092204,-0.2299832793023437
1789147810643995100,33.9419951171875,-5.474910251224041,-8.133053355190157,-0.221797031970974
1789147810653966800,33.951966796875,-5.471616470375657,-8.135300257334112,-0.2206671694245189
1789147810663939000,33.96193896484375,-5.480853085276484,-8.129164531058073,-0.2175517590840347
1789147810673911000,33.9719111328125,-5.483977939298748,-8.127256651610136,-0.20995122095244
1789147810683884000,33.98188403320312,-5.493982615962624,-8.120706499314307,-0.2016655318345874
1789147810693856000,33.99185595703125,-5.506975953048467,-8.111998292201758,-0.1977033319390378
1789147810703828200,34.001828125,-5.514507517597079,-8.10682644252181,-0.1999216655756346
1789147810713800000,34.01180004882813,-5.519031132501364,-8.103915523511171,-0.1929638457943685
1789147810723773000,34.02177294921875,-5.519390028941631,-8.103848888015747,-0.1853660658754408
1789147810733745200,34.0317451171875,-5.51614593245387,-8.106163594698906,-0.1806343611784279
1789147810743716900,34.041716796875,-5.512518389606475,-8.108737829101084,-0.1757697873493656
1789147810753689000,34.05168920898438,-5.504684042719006,-8.114159854149818,-0.1710224649581126
1789147810763662000,34.061662109375,-5.504101858916878,-8.11464091566503,-0.1668450331429951
1789147810773634000,34.071634033203125,-5.508996645221114,-8.111337197944522,-0.1659736754022538
1789147810783606000,34.08160595703125,-5.517893068382143,-8.105254663160443,-0.1675977512064389
1789147810793579000,34.0915791015625,-5.526611796888709,-8.099228242477775,-0.1716177822364494
1789147810803551000,34.10155102539063,-5.533358933061361,-8.094604674330354,-0.1723289992457255
1789147810813523000,34.11152294921875,-5.538758161756396,-8.091000512358546,-0.1681132995131425
1789147810823495000,34.12149487304688,-5.551122553288936,-8.082679258736967,-0.1603889706050977
1789147810833468000,34.13146801757812,-5.549939480984211,-8.08358877479732,-0.1554065060174092
1789147810843440000,34.14144018554688,-5.543607355353236,-8.088072642213106,-0.1479275667051784
1789147810853411800,34.15141186523437,-5.532193396413326,-8.095909911710024,-0.1464990591388661
1789147810863384000,34.16138403320313,-5.522810066518187,-8.10234842032492,-0.1445755345972254
1789147810873357000,34.17135717773437,-5.516683692592382,-8.106571006456017,-0.1417643770334776
1789147810883329000,34.1813291015625,-5.514024117994309,-8.108302944815158,-0.1461217137264553
1789147810893301000,34.19130102539062,-5.514831927245855,-8.10766640047729,-0.1508515461267903
1789147810903274000,34.20127392578125,-5.519346189799904,-8.104486601397396,-0.1565157093683257
1789147810913246000,34.21124584960938,-5.5181654555827375,-8.105169907486438,-0.1626811366628855
1789147810923218000,34.221218017578124,-5.515062228870391,-8.107046807274221,-0.173985771743115
1789147810933190100,34.23119018554687,-5.505773591521382,-8.113153891977667,-0.1832467539002187
1789147810943163000,34.24116284179688,-5.496502489829063,-8.119204862579704,-0.193292566292081
1789147810953134800,34.251134765625,-5.484190705266594,-8.12730633597076,-0.202297893187683
1789147810963106600,34.2611064453125,-5.475801647105813,-8.132808440518378,-0.2083633489727973
1789147810973078800,34.27107885742188,-5.468907795938849,-8.137309259068966,-0.2136280463016591
1789147810983051800,34.2810517578125,-5.463466481667757,-8.140752677521109,-0.221495510007441
1789147810993023700,34.291023681640624,-5.461638681718707,-8.141545289203524,-0.2368814413182437
1789147811002995700,34.30099560546875,-5.462295684322714,-8.140588426870107,-0.254048611756321
1789147811012968000,34.310968017578126,-5.461195614126324,-8.140647463580965,-0.2749285556398332
1789147811022940700,34.320940673828126,-5.463966832405329,-8.137963923585414,-0.2983200622191652
1789147811032912600,34.33091259765625,-5.472790190330147,-8.13125770394504,-0.3187602812448516
1789147811042884900,34.340884765625,-5.4804503496944905,-8.125210240474344,-0.3405915527701377
1789147811052856600,34.350856689453124,-5.483296971297264,-8.122370048612355,-0.3618518560070544
1789147811062829800,34.360829833984376,-5.484825496038794,-8.120237128236889,-0.3857715511789545
1789147811072801800,34.3708017578125,-5.480979926526546,-8.121527168047427,-0.4123561912437901
1789147811082773800,34.380773681640626,-5.475076839962601,-8.123908510226011,-0.4427541790517046
1789147811092746800,34.39074682617188,-5.474675273424387,-8.122451297155022,-0.4733960951507091
1789147811102718700,34.40071875,-5.480996877661347,-8.116176454669237,-0.506704015588574
1789147811112690700,34.41069067382813,-5.487517803862691,-8.109519919389486,-0.5414980463983491
1789147811122662700,34.42066259765625,-5.493619043347239,-8.103110636869072,-0.5745719388846308
1789147811132636000,34.43063598632813,-5.504571229994297,-8.09321117414534,-0.6082976098105312
1789147811142607600,34.44060766601562,-5.512101040977239,-8.085085150834917,-0.6469388906329869
1789147811152579800,34.45057983398438,-5.515348060074448,-8.079856018009782,-0.6835629864141345
1789147811162551600,34.460551513671874,-5.522601392203569,-8.072090644705295,-0.7159700490221381
1789147811172524800,34.47052490234375,-5.538201112395525,-8.058311710199714,-0.749891388650611
1789147811182496800,34.48049682617187,-5.552188136693835,-8.045382670521736,-0.7844749185148626
1789147811192468700,34.49046875,-5.555412943959236,-8.040286808687448,-0.8133687853701412
1789147811202440700,34.50044067382812,-5.545088533821701,-8.044933757710456,-0.837516407546401
1789147811212413700,34.51041357421875,-5.535190240141749,-8.048831934192776,-0.865077491427958
1789147811222385700,34.5203857421875,-5.545808080267906,-8.038110049170255,-0.8962042319018393
1789147811232357600,34.530357666015625,-5.559874599543214,-8.024671306404471,-0.9288856544718146
1789147811242329900,34.54032983398437,-5.5642661125004285,-8.018079653054475,-0.9590265987787396
1789147811252302600,34.55030249023437,-5.560687669491768,-8.016910024753212,-0.9890871713258326
1789147811262274800,34.56027490234375,-5.573284700736403,-8.003783416676521,-1.0238855860497802
1789147811272246800,34.570246826171875,-5.582347128114104,-7.993437379229069,-1.0548637118332087
1789147811282219800,34.5802197265625,-5.583597420436144,-7.988979230776429,-1.0816837680891156
1789147811292191700,34.59019165039062,-5.577376938486099,-7.990142429336905,-1.1049291076634078
1789147811302163700,34.60016381835938,-5.581730457520485,-7.983572987818717,-1.1301431900274008
1789147811312135700,34.6101357421875,-5.580998636114597,-7.981034409251809,-1.1514909523520618
1789147811322108700,34.620108642578124,-5.579231626442074,-7.980240628525614,-1.1654711815834045
1789147811332081000,34.63008081054687,-5.578738289967179,-7.977605019325018,-1.1857000959459691
1789147811342052600,34.640052490234375,-5.579758865186572,-7.973651897785067,-1.2072891196805984
1789147811352024800,34.65002490234375,-5.580724495348334,-7.970697139632701,-1.2222433815758675
1789147811361997800,34.659997802734374,-5.587690827229618,-7.964061647140979,-1.2336154741354286
1789147811371969800,34.6699697265625,-5.6009851930886505,-7.952432584145665,-1.2482608162119984
1789147811381941800,34.679941650390624,-5.616517693263292,-7.940498400723934,-1.2544354131937026
1789147811391913700,34.68991381835937,-5.616958422768116,-7.939441585147381,-1.259143006362766
1789147811401886700,34.69988671875,-5.615108995509147,-7.939988697636127,-1.263929509986937
1789147811411858700,34.709858642578126,-5.603722509098053,-7.947281777253747,-1.2686125532366337
1789147811421830700,34.71983056640625,-5.586974787914753,-7.958082572731375,-1.2747614312551916
1789147811431802600,34.729802734375,-5.576726365622878,-7.964804574462771,-1.2776567143052815
1789147811441775900,34.73977587890625,-5.580065739178657,-7.962873898661136,-1.275098115863651
1789147811451747600,34.74974755859375,-5.585701699239015,-7.959754305335879,-1.2698935329578815
1789147811461719800,34.7597197265625,-5.5918497004747385,-7.956125593444704,-1.265565440625697
1789147811471691800,34.76969189453125,-5.596313694146275,-7.953138686588406,-1.2646148619025943
1789147811481664800,34.77966479492188,-5.604967540723085,-7.947492205134034,-1.2617857759565114
1789147811491636700,34.78963671875,-5.616183346742392,-7.94015002567768,-1.2581287147536873
1789147811501609000,34.79960888671875,-5.626645704045892,-7.934001439920067,-1.2501517445251344
1789147811511581700,34.80958178710937,-5.633662889331579,-7.930724025684595,-1.2392960039898753
1789147811521553700,34.8195537109375,-5.64054388101697,-7.928435622486472,-1.222523952082917
1789147811531526000,34.82952587890625,-5.65012828644216,-7.924927322104573,-1.2008228462759405
1789147811541497600,34.83949755859375,-5.660782366925478,-7.920812288001179,-1.17756917726472
1789147811551470800,34.84947094726562,-5.670761909148097,-7.91734198154211,-1.1526258016008883
1789147811561442800,34.85944287109375,-5.6808098404318095,-7.914255121442675,-1.1239866401590406
1789147811571414800,34.86941479492187,-5.689719123074412,-7.912277683889865,-1.0924064568292349
1789147811581386800,34.87938671875,-5.692537687626481,-7.914380793648958,-1.06205764192529
1789147811591359700,34.88935986328125,-5.690858356237412,-7.919891666024923,-1.0294846481658515
1789147811601331700,34.899331787109375,-5.683957490807772,-7.929519326069951,-0.9928366600524634
1789147811611303700,34.9093037109375,-5.6748027089715,-7.940996413373947,-0.9526677312713115
1789147811621275600,34.919275634765626,-5.66034865168333,-7.956319654712081,-0.9098487263727932
1789147811631248600,34.92924853515625,-5.645113673150539,-7.972125126609206,-0.865042858505994
1789147811641220900,34.939220947265625,-5.631379746830463,-7.985997000095248,-0.825717029485479
1789147811651192600,34.94919262695313,-5.624486480185389,-7.994430481919646,-0.7903229138907044
1789147811661164800,34.959164794921875,-5.625356248757242,-7.997203453764319,-0.7553014310006052
1789147811671137800,34.9691376953125,-5.623723679119348,-8.001879628881811,-0.7169574526242911
1789147811681109800,34.97910986328125,-5.618365366956591,-8.009718651944398,-0.6699035135697573
1789147811691081700,34.98908178710938,-5.602657510215043,-8.024480167746544,-0.6231615630738436
1789147811701054700,34.9990546875,-5.587191061013937,-8.03894240834117,-0.5736471521899104
1789147811711026700,35.009026611328125,-5.571569713512063,-8.052802006867527,-0.529510488821566
1789147811720998700,35.01899853515625,-5.560598822164535,-8.063104205173254,-0.4862789941320195
1789147811730971000,35.02897094726563,-5.553104082494974,-8.070527633172274,-0.4472113411236554
1789147811740943600,35.03894360351563,-5.549018859007954,-8.07528973300755,-0.4104617192666977
1789147811750915800,35.048915771484374,-5.543444858267903,-8.080890037232637,-0.373934909847565
1789147811760887800,35.0588876953125,-5.5367626040250055,-8.087115779879689,-0.3364628920001909
1789147811770859800,35.06885986328125,-5.529677614200115,-8.093491160130501,-0.2974190217262134
1789147811780832800,35.07883276367188,-5.519561878377199,-8.101738179472088,-0.2581865335449576
1789147811790804700,35.0888046875,-5.507965548607706,-8.110701238128543,-0.2218763077522627
1789147811800776700,35.09877661132813,-5.495078009983897,-8.120333574348688,-0.1862608958233148
1789147811810749000,35.1087490234375,-5.481050653675198,-8.130488473138213,-0.1537119405265897
1789147811820721700,35.1187216796875,-5.465992200753092,-8.141132032227516,-0.1236156847447622
1789147811830693600,35.12869360351562,-5.461561524829268,-8.144436334469914,-0.0994194011211861
1789147811840665900,35.138665771484376,-5.461939710491896,-8.144439841601253,-0.0754691281479317
1789147811850637600,35.14863745117187,-5.467125588697194,-8.141133785793185,-0.0534635366687783
1789147811860610800,35.15861083984375,-5.474970456978679,-8.135960182547569,-0.0351397869239677
1789147811870582800,35.16858276367188,-5.482351214879751,-8.131047860586643,-0.0168585337471682
1789147811880554800,35.1785546875,-5.483331458088755,-8.130403132942318,0.003808311950002
1789147811890527700,35.18852783203125,-5.49106234460175,-8.125152372807264,0.0228684005872579
1789147811900499700,35.19849975585937,-5.495398327979445,-8.122166634994745,0.0373609016061178
1789147811910471700,35.2084716796875,-5.496382662841677,-8.121431890979409,0.0502671106810681
1789147811920443600,35.218443603515624,-5.495864776447415,-8.12172765905559,0.0581577817325014
1789147811930417000,35.2284169921875,-5.496756172329187,-8.121091114717721,0.0628224034095183
1789147811940388600,35.238388671875,-5.492918201601505,-8.12368697642982,0.0628375507463002
1789147811950360800,35.24836083984375,-5.489987408846616,-8.125675519898534,0.0618237888601841
1789147811960333300,35.258333251953125,-5.488645346587896,-8.12661309300959,0.0576590795293217
1789147811970306300,35.26830639648438,-5.498184159305692,-8.120188028398156,0.0539869623212609
1789147811980278300,35.2782783203125,-5.508702046188712,-8.113089594569802,0.0485284548867726
1789147811990250200,35.28825024414063,-5.514661246854066,-8.109087957713008,0.0398021823945688
1789147812000222200,35.29822216796875,-5.520242846378684,-8.105331820049882,0.0301320417645503
1789147812010195200,35.3081953125,-5.51763880136013,-8.107139746254681,0.0182505817606113
1789147812020167400,35.31816748046875,-5.5159191379606725,-8.108326325690745,0.0082975091322761
1789147812030139100,35.32813916015625,-5.520386054241657,-8.105290903517604,-0.0003859709990096
1789147812040111400,35.338111328125,-5.521002140313387,-8.104862448972463,-0.0106839344821753
1789147812050084400,35.34808447265625,-5.521346423706412,-8.104598829600214,-0.0243445307045592
1789147812060056300,35.35805639648437,-5.519546096286177,-8.105757936507462,-0.0410120924738701
1789147812070028300,35.3680283203125,-5.515455612102151,-8.108428032499551,-0.0594931630886858
1789147812080001300,35.378001220703126,-5.510853086742759,-8.111402079874276,-0.0776819453591946
1789147812089973200,35.38797314453125,-5.503981447407603,-8.115844446235895,-0.0981700677803717
1789147812099945200,35.3979453125,-5.503001788720488,-8.116240752077102,-0.1183040704010985
1789147812109917400,35.40791748046875,-5.503152010846137,-8.115862566414474,-0.1359524941506329
1789147812119890200,35.41789013671875,-5.505153998318314,-8.114127120923996,-0.1568412880608811
1789147812129862400,35.4278623046875,-5.511912824928761,-8.108994434210658,-0.1827470424834638
1789147812139834400,35.43783447265625,-5.517423112782836,-8.10460759742856,-0.2092059372767805
1789147812149806300,35.447806396484374,-5.517865595853328,-8.103579423424602,-0.2356670240271836
1789147812159779300,35.457779296875,-5.516148855063319,-8.103847134450078,-0.2648334972787648
1789147812169751000,35.4677509765625,-5.521670833355188,-8.099203692558408,-0.2905913311306387
1789147812179723300,35.47772314453125,-5.526970108807086,-8.094450945073365,-0.320684235044755
1789147812189695200,35.4876953125,-5.528154934677481,-8.09248285987079,-0.348720133363828
1789147812199668200,35.49766821289062,-5.5326838102787725,-8.08813810866475,-0.3765798713983967
1789147812209640200,35.50764013671875,-5.536031951662897,-8.084431070840358,-0.4058293832909315
1789147812219612400,35.5176123046875,-5.533205788326264,-8.084794058933854,-0.4360321773203089
1789147812229584100,35.52758422851562,-5.529293583318591,-8.08589880530536,-0.4642689319737255
1789147812239557400,35.53755737304687,-5.53884350195229,-8.077895531591773,-0.4890912020085379
1789147812249529300,35.547529296875,-5.549460757556558,-8.069458542636037,-0.5076636544009671
1789147812259501300,35.557501220703124,-5.555972331407665,-8.063926627472043,-0.5240720606273039
1789147812269474300,35.567474365234375,-5.562867936140298,-8.058281899583339,-0.5375581861987709
1789147812279446300,35.5774462890625,-5.562915282413363,-8.057156110423803,-0.5537125080661848
1789147812289418200,35.587418212890626,-5.561919257113337,-8.056720641615986,-0.5698268632493912
1789147812299390200,35.59739013671875,-5.568208128124475,-8.051326089096069,-0.5844633278997614
1789147812309363500,35.607363525390625,-5.5753410487443205,-8.045282132756709,-0.5994912395531311
1789147812319335200,35.61733520507813,-5.588362442880869,-8.035463918575644,-0.6098461544267832
1789147812329307400,35.627307373046875,-5.592068896183371,-8.032041542911529,-0.6208560626104473
1789147812339279000,35.63727905273438,-5.59794626378417,-8.02721046949327,-0.630303836043924
1789147812349252000,35.64725219726562,-5.598844673928618,-8.025740396940707,-0.6409576242662965
1789147812359224300,35.65722436523438,-5.603810771903396,-8.021562818995118,-0.649795302977413
1789147812369196300,35.6671962890625,-5.595254540482163,-8.02638980076015,-0.663760773031041
1789147812379168300,35.67716821289063,-5.589075559586286,-8.029248697322606,-0.6810167359974235
1789147812389141200,35.68714135742187,-5.580142311546206,-8.033995599588751,-0.698078272370249
1789147812399113200,35.69711328125,-5.5747004127532245,-8.036631208789348,-0.7110987897239625
1789147812409085200,35.70708520507812,-5.574813809999824,-8.035440537700056,-0.7235516632575542
1789147812419057400,35.71705737304688,-5.577680889868736,-8.032634832629562,-0.7325543232720345
1789147812429030100,35.72703002929688,-5.580736185786128,-8.029594734281302,-0.7425445330191404
1789147812439002400,35.73700244140625,-5.5950014425039285,-8.018796276891232,-0.7518359468471258
1789147812448974300,35.74697436523437,-5.6071244264960285,-8.009201934593916,-0.7636977956850082
1789147812458946300,35.7569462890625,-5.607089355182647,-8.007827139109372,-0.7782314210154115
1789147812468919300,35.76691918945313,-5.601414232155681,-8.010954915741085,-0.7868607176728546
1789147812478891300,35.776891357421874,-5.59164161068201,-8.01725021649301,-0.7922251673154532
1789147812488863200,35.78686328125,-5.577675044649839,-8.027083628243208,-0.7911110685937106
1789147812498835200,35.796835205078125,-5.552292181590199,-8.045212574651837,-0.7854849723402411
1789147812508808400,35.806808349609376,-5.527938077056407,-8.062352510023116,-0.7815112464036792
1789147812518780200,35.8167802734375,-5.505924982690811,-8.07747058417797,-0.7807958646759391
1789147812528752400,35.82675244140625,-5.498143827295303,-8.08269328726232,-0.7815840924441814
1789147812538725400,35.83672534179688,-5.494356125450134,-8.085014423686266,-0.7842071344241499
1789147812548697300,35.846697265625,-5.492583855080604,-8.085946736100315,-0.7870067020148038
1789147812558669300,35.85666943359375,-5.486079295492172,-8.089677154800295,-0.7940024791862815
1789147812568641300,35.86664135742188,-5.488360099905729,-8.087724851688742,-0.7981199975077062
1789147812578614300,35.8766142578125,-5.489617991012334,-8.086843392679095,-0.7984059748422354
1789147812588586200,35.886586181640624,-5.489379506081343,-8.087550664165615,-0.7928575469348579
1789147812598558200,35.89655810546875,-5.486543405872583,-8.090384426286816,-0.7835171793986111
1789147812608530200,35.9065302734375,-5.483868049183488,-8.093055106800794,-0.7746204639766365
1789147812618503400,35.91650341796875,-5.477718294382095,-8.098202406561374,-0.7642695311583578
1789147812628475100,35.92647509765625,-5.477198654422164,-8.09955323664844,-0.7536064636509865
1789147812638447400,35.936447265625,-5.471231854972243,-8.10421655228436,-0.7467842164155095
1789147812648419300,35.94641943359375,-5.461847940555215,-8.111347134816645,-0.7380042592409998
1789147812658392000,35.95639208984375,-5.450471975538134,-8.119704628795384,-0.7301598293509334
1789147812668364300,35.9663642578125,-5.442955608558655,-8.125183936989307,-0.7252650430466979
1789147812678336300,35.976336181640626,-5.4322512591928245,-8.13274823476374,-0.7207181203320622
1789147812688308200,35.98630810546875,-5.4218181279838085,-8.140176338937879,-0.7154095655951649
1789147812698281200,35.99628125,-5.41357169316411,-8.146354735311865,-0.7074773843564093
1789147812708253400,36.00625341796875,-5.411989976930618,-8.148268459978699,-0.6974686891045421
1789147812718225200,36.01622509765625,-5.415999212571978,-8.14630914260447,-0.689196316125989
1789147812728198400,36.02619848632813,-5.429729047238826,-8.137852864426375,-0.6810143979098647
1789147812738170400,36.03617041015625,-5.439740153643489,-8.131925227943062,-0.6718642191834747
1789147812748142300,36.04614233398438,-5.448030427604913,-8.127481692537664,-0.6583169745419174
1789147812758114300,36.0561142578125,-5.461239453268051,-8.119558498322963,-0.6465398813780396
1789147812768087300,36.06608740234375,-5.4752931130617855,-8.110703576216101,-0.6387748733997345
1789147812778059300,36.07605932617187,-5.488316260764003,-8.102619638481736,-0.6295312442362309
1789147812788031200,36.08603125,-5.500840226772428,-8.09498344451487,-0.6183798817552626
1789147812798003200,36.09600317382812,-5.507577426072955,-8.091102219167352,-0.6091393213316798
1789147812807976200,36.10597607421875,-5.510968237555026,-8.08948192448914,-0.5999203882180154
1789147812817948400,36.11594848632812,-5.51459753396809,-8.087454218053818,-0.5938797928795219
1789147812827920100,36.125920166015625,-5.518426152345538,-8.085045987868309,-0.5911040810884908
1789147812837892400,36.13589233398437,-5.524799779030681,-8.080982976213097,-0.5870949915776029
1789147812847865300,36.145865234375,-5.528615537926554,-8.078708601540326,-0.5824685008207335
1789147812857837300,36.15583740234375,-5.531050071597099,-8.077335559621453,-0.5783762996036559
1789147812867809300,36.16580932617188,-5.535814509519934,-8.074272664919494,-0.5755634706726297
1789147812877781500,36.17578149414062,-5.539836020120978,-8.071646408069133,-0.5737041430741548
1789147812887754200,36.18575415039062,-5.54076540992558,-8.071158916813134,-0.5715724282750859
1789147812897726200,36.19572631835938,-5.548416801461577,-8.066032659840584,-0.5697143062530086
1789147812907698400,36.20569848632813,-5.555505298417806,-8.061364083507657,-0.5667124210232869
1789147812917670100,36.21567016601563,-5.566415399488807,-8.054015474310518,-0.5641371637078002
1789147812927643400,36.22564331054687,-5.576718182316422,-8.047069600695371,-0.561501079583168
1789147812937615400,36.235615478515626,-5.590342218521237,-8.037873317804932,-0.5577213053161278
1789147812947587300,36.24558740234375,-5.600319422656297,-8.031099878147243,-0.5552001528080552
1789147812957559600,36.2555595703125,-5.618228004312515,-8.018717950958013,-0.5532203406350686
1789147812967531500,36.26553149414063,-5.636357535243034,-8.005848532512784,-0.5552027100913226
1789147812977503500,36.27550341796875,-5.65484771617949,-7.992682176947593,-0.5568759040005504
1789147812987475500,36.28547534179688,-5.666238294243812,-7.984566675031185,-0.5575157728066668
1789147812997448400,36.29544848632813,-5.669124663335085,-7.982498636585474,-0.5577887079965322
1789147813007420400,36.30542041015625,-5.657552298963069,-7.990418323668837,-0.561868122797273
1789147813017392400,36.31539233398438,-5.638008225059509,-8.003937730455398,-0.5658934693232178
1789147813027364600,36.325364501953125,-5.6195671439617865,-8.016666863647103,-0.5691186053821816
1789147813037337600,36.335337646484376,-5.606512432077527,-8.025425924164056,-0.574403925373964
1789147813047309300,36.34530932617187,-5.602220872363448,-8.028395879885554,-0.5747704571314156
1789147813057281500,36.35528149414063,-5.605615190976858,-8.026180541923642,-0.5726186859250069
1789147813067253500,36.36525341796875,-5.602916453412175,-8.027931769505143,-0.5744744698595255
1789147813077226500,36.3752265625,-5.598917739164829,-8.030265180888772,-0.5808161305038259
1789147813087198500,36.38519848632812,-5.593162536638975,-8.033561884346604,-0.5905894095646217
1789147813097170700,36.39517065429688,-5.58684794666469,-8.03705849429071,-0.602663695576787
1789147813107142400,36.40514233398437,-5.588630738428234,-8.035243553823232,-0.6102966746732592
1789147813117115400,36.41511547851562,-5.5902820127666,-8.034043530383705,-0.6109746104674414
1789147813127087600,36.42508764648438,-5.591956667980552,-8.0330860835284,-0.6082203433232382
1789147813137059300,36.435059326171874,-5.594217598649859,-8.031682646471262,-0.6059570745663717
1789147813147031600,36.44503149414062,-5.596510678023099,-8.030282132023572,-0.6033436041323468
1789147813157004500,36.45500463867187,-5.593657042157649,-8.032200532865524,-0.6042760261442512
1789147813166976500,36.4649765625,-5.590667212691903,-8.03429545931816,-0.6040765580493956
1789147813176948500,36.47494848632813,-5.591707077133656,-8.033692232728004,-0.602483845497854
1789147813186920400,36.48492041015625,-5.596615891963243,-8.030521785998344,-0.5991654781974852
1789147813196893400,36.4948935546875,-5.598242616382241,-8.029943693849443,-0.5916726747566834
1789147813206865700,36.50486572265625,-5.596233614647388,-8.031673294121026,-0.5871746326850726
1789147813216837400,36.51483740234375,-5.593378809738159,-8.0339985221982,-0.5825435388183221
1789147813226810400,36.52481030273437,-5.586705907845497,-8.03890558346212,-0.5788800113420933
1789147813236782600,36.53478247070313,-5.576158794867992,-8.046613089099527,-0.573452908259444
1789147813246754300,36.54475439453125,-5.573045046761632,-8.049150498622655,-0.568100843174383
1789147813256726500,36.5547265625,-5.572310887268185,-8.050084564602374,-0.5620342000791803
1789147813266699500,36.56469946289062,-5.574246239244937,-8.04923583881855,-0.5549466164384037
1789147813276671500,36.57467138671875,-5.579157976683974,-8.04595199484229,-0.5532002842277288
1789147813286643500,36.5846435546875,-5.582978996276856,-8.043610400152206,-0.548684889162518
1789147813296615700,36.59461572265625,-5.582592042785882,-8.04401255121231,-0.5467373718239367
1789147813306588400,36.60458837890625,-5.581829826241731,-8.044818606898188,-0.5426423210626468
1789147813316560400,36.614560302734375,-5.586040721935033,-8.042350755479932,-0.5358492999216541
1789147813326532600,36.62453271484375,-5.588789728382229,-8.040888866233825,-0.5290802076455206
1789147813336504600,36.63450463867188,-5.586800015869736,-8.04278154811263,-0.5212612409902736
1789147813346477600,36.6444775390625,-5.586425921860337,-8.043228122836352,-0.5183761870732531
1789147813356449500,36.65444946289063,-5.587533590841293,-8.042493378821014,-0.5178427377836778
1789147813366421500,36.66442138671875,-5.58028493488729,-8.047421482872963,-0.5194440720330924
1789147813376393500,36.6743935546875,-5.57200225971043,-8.0531720092237,-0.5192233054218813
1789147813386366700,36.68436669921875,-5.572421361905336,-8.053031139448285,-0.5168991367906332
1789147813396338400,36.69433837890625,-5.577166510605812,-8.050255244994164,-0.5089052519598976
1789147813406310700,36.704310546875,-5.582605486789346,-8.047002380678057,-0.5006419025380164
1789147813416283600,36.71428369140625,-5.59332094207108,-8.040159967437386,-0.4908845882313326
1789147813426255400,36.72425537109375,-5.6037084805727,-8.033242150872946,-0.4856477835563942
1789147813436227600,36.7342275390625,-5.608034527078271,-8.030564456096291,-0.4799551979379728
1789147813446199300,36.74419921875,-5.606031370562315,-8.032256646966934,-0.4750112752623855
1789147813456172500,36.75417260742187,-5.610284351831674,-8.02980048598647,-0.4662567082574591
1789147813466144500,36.76414453125,-5.613834737789631,-8.027688023877143,-0.4598602486860006
1789147813476116500,36.77411645507812,-5.610816851273179,-8.030200883480907,-0.4527681715331971
1789147813486088400,36.78408837890625,-5.61042171447575,-8.030748580491542,-0.447914411359094
1789147813496061400,36.7940615234375,-5.605328775250912,-8.034495365804434,-0.444472600342147
1789147813506033400,36.80403344726562,-5.594939483183622,-8.041877292749286,-0.4418692129107192
1789147813516005600,36.81400561523437,-5.587731743761897,-8.046949773707986,-0.4407324639657512
1789147813525977600,36.8239775390625,-5.575927324199676,-8.055114959985017,-0.4410757609780877
1789147813535950300,36.833950439453126,-5.559670601403713,-8.066165346309543,-0.4443232915319502
1789147813545922600,36.843922607421874,-5.541894706216454,-8.07818019375205,-0.448093932644464
1789147813555894300,36.85389428710938,-5.5246407890766855,-8.089715148723124,-0.4530317178402095
1789147813565866500,36.86386645507813,-5.504106535091996,-8.103437969127297,-0.4577009152276441
1789147813575839500,36.873839599609376,-5.495058136239647,-8.109180896693468,-0.4646639226406812
1789147813585811500,36.8838115234375,-5.493980277875066,-8.109403015011548,-0.4734329200297594
1789147813595783400,36.893783447265626,-5.497613081419468,-8.106344211962819,-0.4835416781226173
1789147813605755600,36.90375561523437,-5.500478407722711,-8.103416341817379,-0.4997620509635657
1789147813615728400,36.91372827148437,-5.506763771602511,-8.098208251780271,-0.5147478405082598
1789147813625700400,36.92370043945313,-5.509800947341323,-8.095303177988528,-0.5277837380941957
1789147813635672600,36.93367260742188,-5.509297673994302,-8.095036051484941,-0.5370444645229727
1789147813645645300,36.94364526367188,-5.500040016305446,-8.100759105306864,-0.5455673416638747
1789147813655617500,36.95361743164062,-5.493265407603979,-8.105301424911618,-0.5463626567600295
1789147813665589500,36.96358959960938,-5.492176443323492,-8.105376828235388,-0.5560996954636648
1789147813675561500,36.9735615234375,-5.495421124333143,-8.102329131102561,-0.5683220116443932
1789147813685534500,36.983534423828125,-5.496254652547836,-8.100718188774586,-0.5830296783674508
1789147813695506700,36.99350659179687,-5.499834264600277,-8.097226839527487,-0.597589935976453
1789147813705478400,37.003478515625,-5.4960664364993566,-8.098608064752817,-0.6133435680884868
1789147813715450600,37.01345068359375,-5.492618926393986,-8.09992557709217,-0.6266802387192845
1789147813725423600,37.023423583984375,-5.498673988649249,-8.09498402903676,-0.6373419179871678
1789147813735395300,37.03339526367188,-5.506141255789995,-8.089094970998168,-0.6475593606188893
1789147813745367600,37.04336743164063,-5.504534405115247,-8.089497706580161,-0.6561351004581898
1789147813755339300,37.05333935546875,-5.500345721253752,-8.091856836926937,-0.6621366058953106
1789147813765312500,37.0633125,-5.495094376596808,-8.095057678794861,-0.6666150664836168
1789147813775284500,37.07328442382813,-5.488366529646515,-8.099042949038743,-0.673584686300531
1789147813785256400,37.08325634765625,-5.490041184860468,-8.096990108162164,-0.6845263515535742
1789147813795228400,37.093228515625,-5.502352969422936,-8.087235022345185,-0.700798856440559
1789147813805201400,37.10320141601562,-5.517160077932477,-8.075984729534387,-0.7140090511474758
1789147813815173400,37.11317333984375,-5.527191642603277,-8.067831818217039,-0.7284494452364743
1789147813825145600,37.1231455078125,-5.536259330677986,-8.06051652676761,-0.7404669960927218
1789147813835117600,37.13311767578125,-5.536036627838016,-8.059610517838596,-0.7519055780172348
1789147813845090300,37.14309033203125,-5.542476890018582,-8.05460525689721,-0.7580673155173658
1789147813855062500,37.1530625,-5.550263890632987,-8.049108997568487,-0.7594758671410381
1789147813865034500,37.16303442382812,-5.549787505292892,-8.04904879181385,-0.7635758498057723
1789147813875006500,37.17300634765625,-5.550891082620621,-8.047690362942218,-0.769851496009156
1789147813884979500,37.1829794921875,-5.557049020728469,-8.042648277121781,-0.7780750614099204
1789147813894951700,37.19295166015625,-5.559630853915214,-8.03991037659049,-0.7878644878879189
1789147813904923400,37.20292333984375,-5.563865715005994,-8.035949656265974,-0.7983114284265785
1789147813914896400,37.212896484375,-5.576833333128691,-8.02650202896297,-0.8028631734468042
1789147813924868600,37.22286865234375,-5.590272075894474,-8.017086550363898,-0.8034738526910543
1789147813934840300,37.23284033203125,-5.5986891911059615,-8.01137577150166,-0.8018322960291058
1789147813944812500,37.2428125,-5.604177851650118,-8.007799666580558,-0.7991999016989022
1789147813954785800,37.25278588867187,-5.607753372049332,-8.005939133405684,-0.7927375007517635
1789147813964757800,37.2627578125,-5.604862326782942,-8.008934223568438,-0.7828625879473984
1789147813974729700,37.27272973632813,-5.606340582641959,-8.008974555578828,-0.7717932777266949
1789147813984701700,37.28270166015625,-5.604498169645667,-8.01098297279179,-0.7642918160554021
1789147813994674700,37.2926748046875,-5.598605604475736,-8.015994078952074,-0.754882036544755
1789147814004646700,37.302646728515626,-5.59158608110249,-8.021672709110378,-0.7465463160064071
1789147814014618600,37.31261865234375,-5.589582924586535,-8.023648977619409,-0.7402673088021576
1789147814024590800,37.3225908203125,-5.591702400958538,-8.022503899237513,-0.7366724991805851
1789147814034563800,37.33256372070313,-5.591296158245205,-8.023046335551141,-0.7338371296241879
1789147814044535600,37.34253564453125,-5.587903593197464,-8.025763777816294,-0.7299499859925359
1789147814054507800,37.3525078125,-5.577630620986223,-8.033602216356993,-0.7222546822495758
1789147814064479700,37.362479736328126,-5.575244602632522,-8.03571467846632,-0.7171542173054068
1789147814074452700,37.37245263671875,-5.577661600646376,-8.0344462659657,-0.7125646975580603
1789147814084424700,37.3824248046875,-5.584847712758183,-8.02980048598647,-0.7086391216121614
1789147814094397000,37.39239697265625,-5.5891193987280126,-8.02691294785142,-0.7076725416023284
1789147814104368600,37.40236865234375,-5.593696789646148,-8.023632026484607,-0.708710725543648
1789147814114341600,37.412341552734375,-5.5950306685984135,-8.022727186599374,-0.7084251866005361
1789147814124313900,37.42231396484375,-5.599267867776751,-8.019894593521952,-0.7070250374790281
1789147814134285600,37.43228564453125,-5.598446029999852,-8.020604787617922,-0.7054780272327363
1789147814144257800,37.4422578125,-5.59565318441093,-8.022317436754703,-0.7081441046368331
1789147814154230800,37.45223071289063,-5.590923817801476,-8.025316618570685,-0.7115176727231591
1789147814164202800,37.46220263671875,-5.589681124264001,-8.026194570448995,-0.7113807484705
1789147814174174700,37.4721748046875,-5.5866433640033,-8.02844088807106,-0.7098823266062885
1789147814184146700,37.48214672851562,-5.587130855259299,-8.028389450144767,-0.7066223749622702
1789147814194119700,37.49211962890625,-5.59238746061325,-8.025060013461113,-0.702849870686233
1789147814204092000,37.502091796875,-5.5980602455526585,-8.02159613674283,-0.697202147122845
1789147814214063600,37.512063720703125,-5.603927676281333,-8.017899620312452,-0.6925790173668414
1789147814224036600,37.52203662109375,-5.611752670818567,-8.012749982464314,-0.6888004486761987
1789147814234008800,37.5320087890625,-5.6175067043006415,-8.008799783533812,-0.687837814189121
1789147814243980500,37.54198046875,-5.618994897031784,-8.008061532387137,-0.6842832635127007
1789147814253952800,37.551952880859375,-5.619852975165844,-8.007573456609249,-0.6829447083853185
1789147814263925800,37.56192578125,-5.617676800170541,-8.009504132410884,-0.6781965640101582
1789147814273897700,37.57189770507812,-5.626120218867063,-8.00411951676309,-0.6717389853686094
1789147814283869700,37.58186962890625,-5.637312644010782,-7.996841634714602,-0.6645332917734981
1789147814293842000,37.59184204101562,-5.639371914628148,-7.995905815169214,-0.6582936667315662
1789147814303814700,37.60181469726562,-5.641541075360775,-7.99475781417787,-0.6536473022304475
1789147814313786600,37.61178662109375,-5.641079887589812,-7.995082808348536,-0.6536540972974151
1789147814323758800,37.6217587890625,-5.635570768779516,-7.99886057332158,-0.6549468405216932
1789147814333730800,37.63173071289062,-5.628454214772582,-8.004060480052232,-0.6526082415062934
1789147814343703800,37.641703857421874,-5.621134247148037,-8.009290781921148,-0.6515269490756094
1789147814353675800,37.65167578125,-5.613654120525718,-8.014838479176163,-0.6477880548082292
1789147814363647700,37.66164770507813,-5.608574625304341,-8.018589356142282,-0.6453698146853596
1789147814373619700,37.67161962890625,-5.604061531794071,-8.021966139099002,-0.642604660820961
1789147814383593000,37.68159301757812,-5.595906282389164,-8.027714911884068,-0.6418921286374331
1789147814393564700,37.691564697265626,-5.58724191441834,-8.034076848131418,-0.6377496950704604
1789147814403537000,37.70153686523437,-5.590881147703528,-8.031764479535818,-0.6349773077476769
1789147814413508600,37.71150854492188,-5.592869106650352,-8.030906401401758,-0.6282949804395437
1789147814423481600,37.72148168945313,-5.593280025538802,-8.031075912749767,-0.6224323720164596
1789147814433453800,37.73145385742188,-5.592838126990198,-8.031543530261516,-0.620355492677167
1789147814443425500,37.74142553710937,-5.591148858729005,-8.03263541715145,-0.6214505944374948
1789147814453397800,37.751397705078126,-5.584385940465331,-8.03741271455586,-0.6205038881719112
1789147814463370800,37.76137084960938,-5.5840702986449,-8.037817203703522,-0.6180967539649457
1789147814473342700,37.7713427734375,-5.58213085501492,-8.039149329090119,-0.6182887694057076
1789147814483314700,37.78131469726563,-5.580040020215511,-8.040815216475725,-0.6154979696433991
1789147814493287700,37.79128759765625,-5.578520847824215,-8.041861510658263,-0.6156017953440547
1789147814503259600,37.801259765625,-5.580797560584545,-8.040347598963976,-0.6147348763164132
1789147814513232000,37.81123193359375,-5.5808396461606025,-8.04024589215517,-0.6156899850841612
1789147814523203800,37.82120385742188,-5.579157976683974,-8.04133018026054,-0.616766382144019
1789147814533176600,37.83117651367188,-5.57312337269485,-8.045482623764872,-0.6171580848753452
1789147814543148800,37.84114868164063,-5.578135063377022,-8.042145588296652,-0.615381138330698
1789147814553120800,37.85112084960937,-5.587219702586531,-8.036005185845493,-0.6131803403507918
1789147814563092700,37.8610927734375,-5.60083730905056,-8.026621855950355,-0.6118366706568747
1789147814573065700,37.87106567382813,-5.616012081828713,-8.015980050426721,-0.6122472972843795
1789147814583038000,37.88103784179688,-5.633644769152999,-8.003240980362891,-0.6168867936532945
1789147814593009700,37.891009765625,-5.64397385546565,-7.995539904466271,-0.6223167828127741
1789147814602982000,37.90098193359375,-5.655040608403087,-7.987454797688126,-0.6256679929368197
1789147814612955000,37.91095483398438,-5.654209418275952,-7.987742966979741,-0.6294985110104083
1789147814622926600,37.92092651367187,-5.646823984199762,-7.9926278164118525,-0.6337736310463399
1789147814632898800,37.93089892578125,-5.633094734054803,-8.001991272562742,-0.6377797979477793
1789147814642870800,37.940870849609375,-5.620615191709995,-8.01053581354618,-0.6406051575668156
1789147814652843800,37.95084375,-5.605129453286528,-8.021152484628558,-0.6434403809927404
1789147814662815700,37.96081567382812,-5.587051944804191,-8.033188374859094,-0.6504761248484253
1789147814672787700,37.97078759765625,-5.580553230434656,-8.037068431162833,-0.6582917670354247
1789147814682759700,37.980759765625,-5.591751500797272,-8.028542010357976,-0.6672462039940059
1789147814692733000,37.99073291015625,-5.598900203508138,-8.022814280360937,-0.676125749085471
1789147814702704600,38.00070458984375,-5.59294743258357,-8.026231979849934,-0.684780691640824
1789147814712676900,38.0106767578125,-5.588339646527171,-8.028988585081697,-0.6900644041974097
1789147814722648800,38.02064892578125,-5.580409438049793,-8.033955267578364,-0.6964018635906278
1789147814732621600,38.03062158203125,-5.57219164480269,-8.039186153969169,-0.701825423009321
1789147814742593800,38.04059375,-5.578637167680263,-8.034926158437132,-0.6993920583825558
1789147814752565800,38.050565673828125,-5.583123373183608,-8.032220406609774,-0.6946596230331807
1789147814762537700,38.06053784179687,-5.591282129719853,-8.02733964883089,-0.6854022576052695
1789147814772510700,38.0705107421875,-5.595328774762153,-8.025238292637466,-0.6769355310983955
1789147814782482700,38.08048266601563,-5.597133193835616,-8.024215963852406,-0.6741338446158915
1789147814792454700,38.09045458984375,-5.597731744250655,-8.023873434025049,-0.6732333886448294
1789147814802427000,38.10042700195312,-5.596636350229383,-8.025036632585525,-0.668455433653295
1789147814812399600,38.11039965820312,-5.582624191489815,-8.035211989641189,-0.6633687049735337
1789147814822371800,38.12037182617188,-5.5641246582031245,-8.0484338747859,-0.658503656220436
1789147814832343800,38.13034375,-5.549367818576097,-8.059036517342925,-0.6533217966031283
1789147814842316500,38.14031665039062,-5.533746471074223,-8.070364551565051,-0.6459437421157955
1789147814852288800,38.15028881835938,-5.519473031049967,-8.081020970135926,-0.6347443027094006
1789147814862260700,38.1602607421875,-5.508293465387821,-8.089601166954637,-0.622435586886853
1789147814872232700,38.17023266601562,-5.501399029698968,-8.094958894595504,-0.6137099171828478
1789147814882205700,38.18020581054687,-5.51017796396017,-8.089740283164382,-0.6036707902600988
1789147814892178000,38.19017797851563,-5.5242970902055495,-8.080638692820072,-0.5964911809543147
1789147814902149600,38.20014965820312,-5.534074972376227,-8.074570186561346,-0.5879658926606178
1789147814912121900,38.21012182617188,-5.539527392563223,-8.071628287890553,-0.5769266122519969
1789147814922094800,38.2200947265625,-5.54072800052464,-8.07180072184801,-0.5628176786070689
1789147814932066600,38.23006665039063,-5.534583506420255,-8.077364785715938,-0.543106833301857
1789147814942038800,38.24003881835937,-5.5338247970074415,-8.07946731095314,-0.5190079456381499
1789147814952010800,38.2500107421875,-5.540920892748236,-8.075840352627635,-0.4993800293760373
1789147814961983700,38.25998364257813,-5.545982267791032,-8.073588774308561,-0.4791933832526207
1789147814971955500,38.26995556640625,-5.544910254645347,-8.07538501007557,-0.4609797177026048
1789147814981927700,38.279927734375,-5.552751031273603,-8.070797682285308,-0.4467238133350387
1789147814991899600,38.289899658203126,-5.563652364516258,-8.06393071912527,-0.4349562917171046
1789147815001872600,38.29987255859375,-5.558087716126441,-8.068085500717162,-0.429000598183088
1789147815011844600,38.3098447265625,-5.554823745894431,-8.070629924502969,-0.4233724195703864
1789147815021816800,38.31981689453125,-5.568024588251114,-8.062045051509141,-0.4134015721108764
1789147815031788500,38.32978857421875,-5.577870859482884,-8.055699481874704,-0.4042786101849749
1789147815041761500,38.339761474609375,-5.575927908721566,-8.057433758321404,-0.3964471128417178
1789147815051733800,38.34973364257812,-5.580718065607547,-8.05430890429914,-0.3925517493709922
1789147815061705500,38.35970556640625,-5.584261437302827,-8.051961464390159,-0.3902808818295598
1789147815071677700,38.369677734375,-5.596044814077019,-8.043988585814834,-0.3859004747882485
1789147815081650700,38.379650634765625,-5.609197141116857,-8.035002730804681,-0.3821409395916387
1789147815091622700,38.38962255859375,-5.618701467043161,-8.028396464407443,-0.3813510313229635
1789147815101594600,38.3995947265625,-5.626582575681805,-8.022986714318394,-0.378996613683924
1789147815111566600,38.40956665039062,-5.627783768165111,-8.022194687157869,-0.3779336971601471
1789147815121539600,38.41953955078125,-5.619703922083974,-8.02780901990831,-0.3789467466602101
1789147815131511800,38.42951171875,-5.615147573953867,-8.030839765906334,-0.3822611684378236
1789147815141483500,38.4394833984375,-5.603575794103741,-8.038613907039165,-0.3885869739258661
1789147815151455700,38.44945581054687,-5.588869223359227,-8.048754777303337,-0.3904770985214039
1789147815161428700,38.4594287109375,-5.582995362889767,-8.053086084505916,-0.3851590453037992
1789147815171400400,38.469400390625,-5.5889756063431495,-8.049147576013207,-0.3807361873602494
1789147815181372700,38.47937255859375,-5.595283766576648,-8.045071120354534,-0.3741811762262135
1789147815191345700,38.489345703125,-5.598315681618452,-8.043202403873204,-0.3689710038298741
1789147815201317600,38.49931762695312,-5.603126296770572,-8.040105022379755,-0.3634107393542304
1789147815211289600,38.50928955078125,-5.609373666727542,-8.03580761744678,-0.362084970643185
1789147815221261600,38.51926147460937,-5.616764946022629,-8.030719938918947,-0.3603847425965592
1789147815231234600,38.529234619140624,-5.61650249569416,-8.030904647836088,-0.3603440087273716
1789147815241206500,38.53920654296875,-5.611023772022127,-8.03479873266518,-0.3588987052898854
1789147815251178500,38.54917846679688,-5.604146871989965,-8.039521085011959,-0.3605861834527924
1789147815261150700,38.55915063476562,-5.596428260436654,-8.044729759570956,-0.3642700595973059
1789147815271123700,38.56912377929687,-5.5859308318197725,-8.051818256527184,-0.3687549499263987
1789147815281095400,38.579095458984376,-5.570770087566971,-8.06193749948144,-0.3769176154527813
1789147815291067600,38.58906762695312,-5.557186383372545,-8.070854380908608,-0.3864876635590568
1789147815301039600,38.59903955078125,-5.552625359067321,-8.07351980072558,-0.3962338719498366
1789147815311012600,38.6090126953125,-5.549167912089825,-8.075284472310543,-0.4085440490771084
1789147815320984600,38.61898461914063,-5.548248459157348,-8.075145356100798,-0.4234969227328896
1789147815330956800,38.628956787109374,-5.546574388465285,-8.075408390951155,-0.4400853251686319
1789147815340928500,38.63892846679688,-5.543236183953285,-8.076867942109704,-0.4550988795030862
1789147815350901500,38.64890161132813,-5.545500621753931,-8.074612272137403,-0.4673698205985128
1789147815360873700,38.65887377929688,-5.544561879599094,-8.074806917926669,-0.4750844866290688
1789147815370845400,38.66884545898437,-5.544149207144975,-8.074660202932357,-0.4823335444418713
1789147815380817700,38.678817626953126,-5.543686265808344,-8.074472571405767,-0.4907265481254085
1789147815390790700,38.68879077148438,-5.54100740198791,-8.075731047034264,-0.5001930993245914
1789147815400762600,38.6987626953125,-5.5343087811321015,-8.079638575866818,-0.5111303441308438
1789147815410734600,38.70873461914063,-5.527119161888956,-8.083762962320446,-0.523566412660107
1789147815420706600,38.71870654296875,-5.514864075949788,-8.091654592353105,-0.5308364036630839
1789147815430679600,38.728679443359376,-5.508511492052674,-8.095480872642993,-0.5384099807225168
1789147815440651800,38.73865185546875,-5.506556850853562,-8.096356486433743,-0.5451928823282942
1789147815450623500,38.74862353515625,-5.508389911499619,-8.094377879837156,-0.5559439569126814
1789147815460595700,38.758595703125,-5.510332277739048,-8.092219240498542,-0.5679929623531177
1789147815470568700,38.768568603515625,-5.509904992237686,-8.091342457664012,-0.5843802161935716
1789147815480540400,38.77854052734375,-5.508064917328953,-8.09151664518714,-0.5991260595025494
1789147815490512600,38.7885126953125,-5.515001438593864,-8.085653890633582,-0.6142964848991483
1789147815500484600,38.79848461914062,-5.5221729376584285,-8.079592398637534,-0.6294318755149841
1789147815510457600,38.80845751953125,-5.529273709574341,-8.07364664197564,-0.6432331679828465
1789147815520429600,38.8184296875,-5.532200995197892,-8.070536985522509,-0.6569481704067438
1789147815530401800,38.82840185546875,-5.535218881714344,-8.067329713913798,-0.6707780313819647
1789147815540374500,38.83837451171875,-5.535317665913701,-8.065878346061707,-0.6872055076349526
1789147815550346500,38.84834643554687,-5.539341514602303,-8.061634717142582,-0.7043644399676472
1789147815560318700,38.85831860351563,-5.547463446259498,-8.054439837202429,-0.7225238545797765
1789147815570290700,38.868290771484375,-5.5575686606884,-8.04600752442181,-0.7386329125333577
1789147815580263700,38.878263671875,-5.561828071698546,-8.041576848497986,-0.7546472048755735
1789147815590235600,38.88823559570312,-5.572303873005509,-8.032889684173464,-0.7697330572612583
1789147815600207600,38.89820751953125,-5.582714792382717,-8.024028332325816,-0.7865352851107716
1789147815610179600,38.9081796875,-5.589131089165806,-8.017879162046313,-0.803502494263649
1789147815620152800,38.91815283203125,-5.594705089905858,-8.01251383562088,-0.8180988826319575
1789147815630124500,38.92812451171875,-5.607194569122791,-8.002578717061876,-0.8297454082187264
1789147815640096800,38.9380966796875,-5.617390384444594,-7.994000858330726,-0.8433598728775977
1789147815650068500,38.948068359375,-5.62403756737411,-7.987920661634206,-0.8565629802566022
1789147815660041500,38.95804150390625,-5.6307858725905415,-7.981863261291384,-0.8686183058399707
1789147815670013700,38.968013671875,-5.638265414690971,-7.9749998052626845,-0.8830189524404704
1789147815679985400,38.9779853515625,-5.64030013538897,-7.972213389414549,-0.8951012390960007
1789147815689957600,38.98795751953125,-5.639262024512886,-7.97142720747292,-0.9085467038635164
1789147815699930600,38.9979306640625,-5.646498990029096,-7.965089236623048,-0.9191216546960176
1789147815709902600,39.00790258789063,-5.653887931236625,-7.958653650617599,-0.9293919965587556
1789147815719874600,39.01787451171875,-5.652936329600214,-7.958332163578271,-0.9378912370957434
1789147815729846800,39.0278466796875,-5.649691064068675,-7.959315329396724,-0.9490322243131696
1789147815739819500,39.03781958007813,-5.640130039519072,-7.964559659790992,-0.9618300388269124
1789147815749791700,39.04779174804688,-5.631019681346416,-7.969618696746229,-0.973238298678398
1789147815759763700,39.057763671875,-5.618389916875958,-7.977233263403177,-0.9837790549803525
1789147815769735700,39.06773559570313,-5.611992909315228,-7.980580820265412,-0.9931063438393176
1789147815779708700,39.07770874023438,-5.606043061000109,-7.984104902738332,-0.9983698173254728
1789147815789680600,39.0876806640625,-5.603035111355781,-7.985355779582261,-1.005230935266614
1789147815799652600,39.09765258789062,-5.600229406285286,-7.986376939323544,-1.0127131077155471
1789147815809624600,39.10762451171875,-5.59464488415122,-7.9890622328847645,-1.0223619566790758
1789147815819597800,39.11759790039063,-5.589577663889527,-7.991545281872153,-1.0306292881563306
1789147815829569500,39.12756958007813,-5.590301301988959,-7.990415401059389,-1.035457512030378
1789147815839541800,39.13754174804688,-5.586338243576884,-7.99296800815165,-1.0371518217928708
1789147815849513500,39.14751342773437,-5.580985192111134,-7.996667447191476,-1.0374529966965318
1789147815859486500,39.157486572265626,-5.574029381623864,-8.001513133656978,-1.0374848531395195
1789147815869458700,39.16745874023437,-5.566755006706714,-8.006404997351765,-1.0388017078917473
1789147815879430700,39.1774306640625,-5.557629450964927,-8.012520849883556,-1.040503981764987
1789147815889402600,39.187402587890624,-5.549680537787079,-8.01795631893575,-1.0410616887129842
1789147815899375600,39.19737573242188,-5.547877872279286,-8.019391904696821,-1.039608713425696
1789147815909347600,39.20734765625,-5.548930011680722,-8.019000859552621,-1.0370044492114334
1789147815919319600,39.217319580078126,-5.550338709434866,-8.018899737265706,-1.0302245067477225
1789147815929291800,39.22729174804687,-5.556028445509075,-8.015959007638692,-1.0224120063658804
1789147815939264500,39.23726440429687,-5.5607730096876615,-8.013795107603073,-1.013539986993745
1789147815949236700,39.24723681640625,-5.564696320611239,-8.012131558305025,-1.0051299591101706
1789147815959209000,39.257208984375,-5.559691059669852,-8.016421364453434,-0.9986103480830788
1789147815969181000,39.26718090820312,-5.555919724437594,-8.020130155843496,-0.9897751535899936
1789147815979154000,39.27715380859375,-5.565865948912501,-8.014830295869707,-0.9767384888190777
1789147815989126000,39.2871259765625,-5.579834268510341,-8.006771492576599,-0.9630447483789176
1789147815999097900,39.29709790039063,-5.59052283578515,-8.000802939561009,-0.9505796729508786
1789147816009070800,39.30707080078125,-5.604955850285291,-7.991729406267404,-0.941873584730178
1789147816019043000,39.31704296875,-5.615903360757232,-7.985158795705437,-0.9323328723162412
1789147816029014800,39.32701489257813,-5.620514069423079,-7.982909555473923,-0.9237718916546552
1789147816038987000,39.33698706054688,-5.628728355538844,-7.978131673547625,-0.914995222415775
1789147816048960000,39.3469599609375,-5.637828192317485,-7.973061530676484,-0.9030919455889612
1789147816058931700,39.356931640625,-5.64673513687253,-7.968205907338858,-0.8902011190295219
1789147816068904000,39.36690405273438,-5.651557442462444,-7.966139037936926,-0.8780242859583347
1789147816078876000,39.3768759765625,-5.656087487107515,-7.964267983368039,-0.8657291602697222
1789147816088849000,39.38684887695312,-5.658026346215605,-7.964188488391041,-0.8537058372598141
1789147816098820900,39.39682080078125,-5.660966491320729,-7.963345607826113,-0.8420025399845092
1789147816108792800,39.406792724609375,-5.667165345960855,-7.960021431839466,-0.8316681929748505
1789147816118764800,39.41676489257812,-5.679343275010585,-7.953008338207006,-0.8155266940563917
1789147816128738000,39.426738037109374,-5.690066329076886,-7.947291714125871,-0.7962981889080256
1789147816138709800,39.43670971679688,-5.690163359710573,-7.948930713504552,-0.7790588117502629
1789147816148682000,39.44668188476562,-5.687962634795904,-7.951808899289369,-0.7656359241407364
1789147816158654000,39.45665405273437,-5.683093567454814,-7.956411424648762,-0.7538882762670517
1789147816168626700,39.46662670898438,-5.681887698796391,-7.958593444862961,-0.7398112355977297
1789147816178599000,39.476598876953126,-5.681967778295278,-7.96014359691441,-0.7223080198720098
1789147816188571000,39.48657080078125,-5.680377878755331,-7.963003662520647,-0.7030448818016797
1789147816198542800,39.49654296875,-5.676851458194852,-7.967003545811772,-0.6859975200846791
1789147816208515800,39.50651586914063,-5.674827843412756,-7.9698156806230545,-0.6698838590212166
1789147816218488000,39.516488037109376,-5.670912131273746,-7.973904995763301,-0.6541949261758476
1789147816228459800,39.52645971679687,-5.668836494043469,-7.976625360637903,-0.6388418742213398
1789147816238432000,39.536431884765626,-5.65749501581788,-7.985664407140016,-0.6263453076764941
1789147816248405000,39.54640502929688,-5.632593798795342,-8.004515822604299,-0.6099117670089006
1789147816258377000,39.556376953125,-5.607549373909831,-8.023471867486833,-0.5913329214083031
1789147816268349000,39.56634887695313,-5.59475769687593,-8.03384830007255,-0.5712671982508153
1789147816278321000,39.57632080078125,-5.587331346267462,-8.040293822950124,-0.5529883585100993
1789147816288294000,39.5862939453125,-5.579385940220952,-8.046811826542019,-0.5381987125920131
1789147816298265900,39.59626586914062,-5.566797092282772,-8.056503783994913,-0.5233628894446417
1789147816308237800,39.60623779296875,-5.559876353108883,-8.062099412044882,-0.5106071970395744
1789147816318209800,39.61620971679688,-5.565909203532338,-8.058785757452249,-0.4970089528631418
1789147816328183000,39.62618310546875,-5.573139739307761,-8.054732098147273,-0.4814479207137599
1789147816338154800,39.63615478515625,-5.570826201668381,-8.05742206788361,-0.4628434292152524
1789147816348127000,39.646126953125,-5.567213856390119,-8.060884775558113,-0.4456950182765722
1789147816358099000,39.65609887695312,-5.561548670235276,-8.065446968907118,-0.4337249598238616
1789147816368071700,39.66607177734375,-5.553963329672813,-8.071397986266016,-0.4199985592231154
1789147816378044000,39.6760439453125,-5.54703206910491,-8.076850406453014,-0.4065796171363443
1789147816388015900,39.68601586914063,-5.534885119715333,-8.085989990720153,-0.3901123568622395
1789147816397987800,39.69598779296875,-5.524169664433599,-8.093938319376111,-0.3769376718601211
1789147816407960800,39.7059609375,-5.518481097403169,-8.098317557373642,-0.3660578563295305
1789147816417933000,39.71593310546875,-5.512455845764279,-8.102697964414954,-0.3598557502863928
1789147816427904800,39.72590478515625,-5.508647101131081,-8.105583748984337,-0.3531568371696397
1789147816437877000,39.735876953125,-5.501307259762287,-8.11074273918271,-0.3490620056040585
1789147816447849700,39.745849609375,-5.495056967195868,-8.115317207491398,-0.341130226224102
1789147816457822000,39.75582202148438,-5.500796972152591,-8.111942762622236,-0.3286353767123073
1789147816467794000,39.7657939453125,-5.506699474194646,-8.108565395143629,-0.31274047296606
1789147816477766000,39.77576586914063,-5.5102206340581175,-8.10660081707239,-0.30144780231826
1789147816487739000,39.78573876953125,-5.511047148010134,-8.106289266905188,-0.2946502328663133
1789147816497710800,39.7957109375,-5.504069710212946,-8.111196328169108,-0.2900046538164839
1789147816507682800,39.80568286132812,-5.5077334934175015,-8.108799788421392,-0.2874724501914344
1789147816517655800,39.81565576171875,-5.513403940269351,-8.105178090792894,-0.2808151111940853
1789147816527628000,39.8256279296875,-5.512344786605238,-8.106150735217332,-0.2734306452322751
1789147816537599700,39.835599853515625,-5.513440765148401,-8.10559427037835,-0.2677970780584029
1789147816547572000,39.84557202148437,-5.519210580721497,-8.101894246816634,-0.2608102513783611
1789147816557545000,39.855544921875,-5.522658675348758,-8.099694106423854,-0.2560589834643528
1789147816567517000,39.86551684570313,-5.526732208397984,-8.097088307839632,-0.2505601303197443
1789147816577489000,39.875489013671874,-5.524247405844927,-8.098858824643493,-0.2481319898573681
1789147816587460900,39.8854609375,-5.527678549337387,-8.096635887897014,-0.2442107064940966
1789147816597433900,39.89543383789062,-5.532408500468731,-8.09356597893238,-0.2388200264316983
1789147816607405800,39.90540576171875,-5.537695500960946,-8.090140096136928,-0.2322778199803084
1789147816617377800,39.91537768554687,-5.539891549700498,-8.088738412645458,-0.2287068478920496
1789147816627349800,39.92534985351563,-5.539785166716575,-8.088881620508431,-0.2261964542400091
1789147816637323000,39.93532299804688,-5.5375189753502605,-8.090361045411228,-0.2287306123601272
1789147816647294700,39.94529467773437,-5.543952223268151,-8.085838015028834,-0.2328198727014474
1789147816657267000,39.95526684570312,-5.553561178612709,-8.079147577479482,-0.236051840359997
1789147816667239000,39.96523901367188,-5.564470695161819,-8.071711289998888,-0.2334957078700885
1789147816677211600,39.97521166992188,-5.575656690564752,-8.064029503324628,-0.2320814023590646
1789147816687184000,39.985183837890624,-5.586020848190784,-8.056992444294691,-0.2272401546066626
1789147816697155800,39.99515576171875,-5.590789962288737,-8.053845378440618,-0.2214367107586003
1789147816707127800,40.0051279296875,-5.594050425389408,-8.051839299315214,-0.2118059454410336
1789147816717100800,40.015100830078126,-5.592354142865538,-8.053217601931095,-0.2040602632177062
1789147816727073000,40.02507299804687,-5.5922711407572026,-8.053474207040667,-0.1960476006212644
1789147816737044700,40.035044677734376,-5.594712104168534,-8.05199478213787,-0.186987036407087
1789147816747017000,40.04501684570312,-5.59887799167633,-8.049257466128468,-0.1800259286901913
1789147816756990000,40.054989990234375,-5.604885123136639,-8.045237709093094,-0.1726542126120999
1789147816766962000,40.0649619140625,-5.610358001589775,-8.041611919811368,-0.1635481470220722
1789147816776934000,40.07493383789063,-5.614848883268237,-8.038629689130186,-0.1558522404909133
1789147816786905900,40.08490576171875,-5.625089122253656,-8.031588538447021,-0.1495351206328254
1789147816796878800,40.09487890625,-5.6275832771569485,-8.029975258031486,-0.1421011895061004
1789147816806850800,40.10485083007813,-5.627246008026599,-8.030374486482144,-0.1325993934636004
1789147816816822800,40.11482275390625,-5.624166162189841,-8.03271432760656,-0.1210363723086658
1789147816826794800,40.12479467773438,-5.620924988311529,-8.035169904065132,-0.107850416993862
1789147816836768000,40.13476806640625,-5.615843155002594,-8.038868174061179,-0.0963724163744133
1789147816846739700,40.14473974609375,-5.609402308300137,-8.043459008982778,-0.0881582033238839
1789147816856712000,40.1547119140625,-5.604017108130455,-8.047254894134403,-0.0840961597830522
1789147816866684000,40.16468383789063,-5.613606774252653,-8.04063869086504,-0.0771214710653759
1789147816876657000,40.17465698242187,-5.628295809340477,-8.030445213630795,-0.0680135742778657
1789147816886628900,40.18462890625,-5.640332868614792,-8.022031605550646,-0.0636209607755299
1789147816896601000,40.19460107421875,-5.649502263498306,-8.015558025622367,-0.0658197494614403
1789147816906572800,40.20457275390625,-5.655046453621983,-8.011646989658475,-0.0658599855737062
1789147816916545800,40.2145458984375,-5.651837428447604,-8.01394825233817,-0.0613057746017584
1789147816926518000,40.22451806640625,-5.651930951949954,-8.01394766781628,-0.05199007114931
1789147816936489700,40.23448974609375,-5.641631091731786,-8.021262374743818,-0.0415160690737888
1789147816946462000,40.2444619140625,-5.622944511440396,-8.034400088736415,-0.0359166210819385
1789147816956435000,40.25443505859375,-5.609218183904886,-8.044020734518766,-0.0278660307780373
1789147816966407200,40.2644072265625,-5.5940849121809,-8.054571354627608,-0.0217286445511621
1789147816976379100,40.27437915039062,-5.581420076397061,-8.063361979326606,-0.0183162685496092
1789147816986351400,40.28435131835938,-5.570785869657993,-8.070714680176973,-0.017386497435806
1789147816996324000,40.29432397460938,-5.56491610084176,-8.074756649044156,-0.0201534265571157
1789147817006296000,40.30429614257813,-5.574843620616197,-8.067904883453249,-0.0204657872917829
1789147817016268300,40.31426831054687,-5.584189541110396,-8.061441240397095,-0.0195762796897091
1789147817026240000,40.324239990234375,-5.582902423909307,-8.062322114884854,-0.0236294138383003
1789147817036213200,40.334213134765626,-5.583030434203147,-8.062210471203922,-0.0304998612967901
1789147817046185200,40.34418530273437,-5.576413061890006,-8.066781432381271,-0.0321052232673508
1789147817056157200,40.3541572265625,-5.574345023444295,-8.068222863361239,-0.0291430626932415
1789147817066129200,40.36412915039063,-5.581821642935275,-8.0630732255131,-0.0223960064356913
1789147817076102100,40.37410205078125,-5.597947432827949,-8.051897166982293,-0.0177437544748361
1789147817086074000,40.38407421875,-5.617088186627626,-8.038562469112872,-0.0149650196096568
1789147817096046300,40.39404638671875,-5.624036398330331,-8.033692817249893,-0.019433628949162
1789147817106018000,40.40401806640625,-5.622932821002602,-8.034432237440347,-0.0300403974087443
1789147817115991000,40.41399096679688,-5.614153886741399,-8.040498405611515,-0.0451973194363759
1789147817125963300,40.42396337890625,-5.598620217522979,-8.051260038122534,-0.0551914747062372
1789147817135935000,40.43393505859375,-5.577034408658743,-8.066138458302616,-0.0669037590055959
1789147817145907200,40.4439072265625,-5.5600680762887,-8.077690364408493,-0.0833714987703133
1789147817155880200,40.45388012695312,-5.541346424683928,-8.090314283660053,-0.1033425750474445
1789147817165852200,40.46385205078125,-5.529134593364596,-8.098333923986553,-0.1266544131198432
1789147817175824100,40.47382421875,-5.52649723059833,-8.099708134949207,-0.1514496764167212
1789147817185796400,40.48379638671875,-5.527369921779632,-8.098685221642254,-0.1728313044783659
1789147817195769000,40.49376904296875,-5.538529029175638,-8.09056328998506,-0.1946126907136291
1789147817205741000,40.50374096679688,-5.557853907370567,-8.076603153693675,-0.2216617516861297
1789147817215713300,40.51371337890625,-5.573249629423022,-8.06521783632636,-0.248081684442237
1789147817225685000,40.52368505859375,-5.574522718098759,-8.063466608744859,-0.2749543476682156
1789147817235658200,40.533658203125,-5.571348179715871,-8.06488173623979,-0.2969144514712505
1789147817245630200,40.543630126953126,-5.565688838779926,-8.067655877128242,-0.3262275483855977
1789147817255602200,40.55360229492187,-5.5616860328793525,-8.069106075936556,-0.3571711508449167
1789147817265574100,40.56357421875,-5.548424984768033,-8.076966141787171,-0.3846919392487034
1789147817275547400,40.57354736328125,-5.540965900933743,-8.080984145256876,-0.4071729799196124
1789147817285519000,40.58351904296875,-5.53932748607695,-8.081078253281117,-0.4270920246154069
1789147817295491300,40.5934912109375,-5.5463832498073575,-8.07497292214334,-0.4503787191133946
1789147817305463000,40.603463134765626,-5.5552182981699705,-8.06725138798058,-0.4789493818962946
1789147817315436000,40.61343603515625,-5.566318953377008,-8.057673412296175,-0.5102769056392833
1789147817325408300,40.623408203125,-5.570554983511567,-8.05261262177527,-0.5428913273876532
1789147817335380000,40.6333798828125,-5.575187904009223,-8.047099411311745,-0.5760774846093729
1789147817345352200,40.64335229492188,-5.580297209846973,-8.041351807570457,-0.6060754402490333
1789147817355325200,40.6533251953125,-5.580348647773265,-8.03910782803595,-0.6346956412620842
1789147817365297200,40.66329711914062,-5.570785285136103,-8.043683465388417,-0.6602225159022956
1789147817375269000,40.67326904296875,-5.563180655351281,-8.047077784001827,-0.6825980138394981
1789147817385241300,40.683241455078125,-5.556753252652287,-8.049565509164333,-0.7052447299335152
1789147817395214000,40.693214111328125,-5.5581204493522645,-8.046821763414144,-0.7254883304085582
1789147817405186300,40.70318627929687,-5.561329474526644,-8.042996067646145,-0.7431043588589876
1789147817415158300,40.713158203125,-5.567257111009955,-8.037627234089374,-0.7566893051624297
1789147817425131000,40.72313110351563,-5.576494310432672,-8.029773597979545,-0.7719026563853025
1789147817435103200,40.73310327148437,-5.576764359545708,-8.027829478174448,-0.7899571493182331
1789147817445075200,40.7430751953125,-5.572310887268185,-8.028760621544718,-0.8116263986822218
1789147817455047200,40.75304711914063,-5.564418672713637,-8.031800135371089,-0.8353628097090869
1789147817465019100,40.76301904296875,-5.557555216684937,-8.034224732169509,-0.8574420281134545
1789147817474992400,40.772992431640624,-5.550132373207807,-8.037421482384204,-0.8753783745594322
1789147817484964000,40.78296411132813,-5.543455964183807,-8.040799434384704,-0.8865846090327948
1789147817494936300,40.79293627929688,-5.536875416749716,-8.044215380308032,-0.8966575286272913
1789147817504908000,40.80290795898438,-5.538783296197653,-8.041026228877902,-0.9133272892035544
1789147817514881000,40.81288110351562,-5.540595314055681,-8.037832985794545,-0.9302860227890312
1789147817524853200,40.82285327148438,-5.546614720475674,-8.031580939662456,-0.948245603980124
1789147817534825000,40.83282495117187,-5.553155520421266,-8.024626882740854,-0.9686162649009376
1789147817544798200,40.84279809570312,-5.562952107292413,-8.016072989407181,-0.9831180337883532
1789147817554770200,40.85277026367187,-5.568968591102958,-8.01010794352293,-0.9975685108799488
1789147817564742100,40.8627421875,-5.5699213617831465,-8.007865133032203,-1.0101712412130086
1789147817574714000,40.87271411132812,-5.566397863832115,-8.008922533130646,-1.0211522886283697
1789147817584686000,40.88268603515625,-5.563002960696816,-8.009682411587239,-1.0336213826443998
1789147817594659000,40.8926591796875,-5.555681239506602,-8.01275582768321,-1.0490685426231474
1789147817604631300,40.90263134765625,-5.546893537417054,-8.016678554084896,-1.06547336865291
1789147817614603000,40.91260302734375,-5.535939012682437,-8.02209941008985,-1.0815222208518531
1789147817624576000,40.92257592773438,-5.536742145758867,-8.01960174805522,-1.0958422034315765
1789147817634548200,40.93254833984375,-5.544419256258011,-8.012855780926346,-1.106315447455272
1789147817644520000,40.94252001953125,-5.548500388091802,-8.008798029968142,-1.1152020068094133
1789147817654492200,40.9524921875,-5.550321173778176,-8.006255944269896,-1.1243542313624173
1789147817664465200,40.96246508789063,-5.547622436213493,-8.006252437138556,-1.1376248510196805
1789147817674437000,40.97243701171875,-5.543688019374013,-8.00678669014573,-1.1529391783989966
1789147817684409000,40.9824091796875,-5.550458536422252,-8.00029615908265,-1.165354204140231
1789147817694381300,40.99238134765625,-5.552374599176645,-7.998392955809831,-1.1692843101307748
1789147817704353000,41.00235302734375,-5.553442520669102,-7.997643014225363,-1.1693480960819869
1789147817714326000,41.01232592773437,-5.5525698294878,-7.998269621691107,-1.1692009426962584
1789147817724298200,41.02229833984375,-5.550908618277311,-7.998924870729446,-1.172604467529431
1789147817734270200,41.03227026367188,-5.543233845865726,-8.003576495927572,-1.1771672454003244
1789147817744243200,41.0422431640625,-5.537004011565447,-8.006343622553349,-1.18761484352611
1789147817754215200,41.05221508789062,-5.536580817717313,-8.005610047581792,-1.1945071603231132
1789147817764187100,41.06218725585938,-5.539396459659934,-8.002994312125445,-1.1989776568006725
1789147817774159000,41.0721591796875,-5.541031367385387,-8.001002846047282,-1.204701879666373
1789147817784132400,41.08213232421875,-5.546543993327021,-7.995880680727958,-1.2133129100147635
1789147817794104000,41.09210400390625,-5.553002375686169,-7.989400086537003,-1.226390929709375
1789147817804076300,41.102076171875,-5.556769619265198,-7.984709298372268,-1.2398068761214611
1789147817814048000,41.11204809570312,-5.560208946064114,-7.980254657050967,-1.2529963203012942
1789147817824021000,41.12202099609375,-5.571203802809119,-7.971110981130599,-1.2623226593121886
1789147817833993200,41.1319931640625,-5.582230223736167,-7.962096484547853,-1.2704764474123715
1789147817843965000,41.14196484375,-5.590943691545725,-7.95523945825994,-1.2751122905194758
1789147817853937200,41.15193725585937,-5.5996162428230045,-7.94828306325078,-1.2804193108864128
1789147817863909000,41.1619091796875,-5.606053582394122,-7.942904292821884,-1.2856218479655683
1789147817873882000,41.17188208007813,-5.608507989808917,-7.940130736455321,-1.2920283540070057
1789147817883854000,41.18185400390625,-5.601887694886327,-7.9438442040204995,-1.2979092287391425
1789147817893826300,41.19182641601562,-5.601112034338712,-7.943756525737046,-1.3017866546943784
1789147817903799000,41.20179907226562,-5.6051773840814825,-7.940680771553516,-1.3030610585443674
1789147817913771300,41.21177124023438,-5.609603968352079,-7.937753485929965,-1.301840284577757
1789147817923743200,41.2217431640625,-5.612655172616243,-7.936136698383092,-1.2985443117722868
1789147817933715200,41.23171508789063,-5.610709299245476,-7.937462978550791,-1.2988498705901206
1789147817943687200,41.241687255859375,-5.605576612532139,-7.940576726657151,-1.301975163003802
1789147817953660200,41.25166015625,-5.598579300990701,-7.9448285388827316,-1.3061390046849846
1789147817963632000,41.26163208007812,-5.593506235510111,-7.9482719573348755,-1.306926940192282
1789147817973603800,41.271603759765625,-5.590943691545725,-7.950453393027186,-1.304614571596682
1789147817983576000,41.281576171875,-5.588841750830412,-7.952999570378661,-1.2980898460030554
1789147817993549000,41.29154907226562,-5.591657392773032,-7.952121618500351,-1.291326635478437
1789147818003521000,41.30152099609375,-5.594419258701801,-7.950917503407597,-1.2867699950873852
1789147818013493000,41.31149291992188,-5.597492090275884,-7.949441001114248,-1.28252271290645
1789147818023465000,41.32146484375,-5.606657393506169,-7.943857648023963,-1.2770670778490605
1789147818033438000,41.33143798828125,-5.623765180173516,-7.933360803928971,-1.267054217878729
1789147818043410200,41.34141015625,-5.638314514529704,-7.9245187413036815,-1.2576951456420122
1789147818053382000,41.3513818359375,-5.6487423850417136,-7.91868462832272,-1.247607759130746
1789147818063354000,41.36135400390625,-5.656205560529232,-7.914532184818387,-1.2401193030714988
1789147818073327000,41.3713271484375,-5.656728707620501,-7.915020845118165,-1.234603023868054
1789147818083298800,41.381298828125,-5.6569420581102365,-7.915957833707332,-1.227596359976381
1789147818093271000,41.39127099609375,-5.647887814038992,-7.92347770781815,-1.2207568693451585
1789147818103242800,41.40124267578125,-5.646144185242057,-7.926522482341528,-1.209002134143561
1789147818113216000,41.41121606445312,-5.648267168745398,-7.927195267036557,-1.1945905277576296
1789147818123188000,41.42118798828125,-5.651646289789676,-7.926601392796635,-1.1824831066608428
1789147818133160000,41.43115991210937,-5.654388281974196,-7.92593854497373,-1.1737878320951014
1789147818143132000,41.4411318359375,-5.658844092339277,-7.924138217553496,-1.1644327784463762
1789147818153105000,41.45110498046875,-5.655335791957378,-7.927426737704873,-1.159082649590075
1789147818163076900,41.46107690429688,-5.653668735527992,-7.92989283555746,-1.1503154057666658
1789147818173049000,41.47104907226562,-5.65288781428337,-7.931968472787737,-1.1397940848175436
1789147818183021000,41.48102099609375,-5.648977947363257,-7.936277568158506,-1.1291297021359206
1789147818192993800,41.490993896484376,-5.648807266971469,-7.938139854899048,-1.1168323844902217
1789147818202966000,41.50096606445312,-5.647124428451061,-7.941006934767961,-1.1048878258049488
1789147818212938000,41.51093798828125,-5.644655407989025,-7.944252200299501,-1.09412232083641
1789147818222910000,41.520909912109374,-5.643719003921747,-7.946394473025202,-1.0833435910601168
1789147818232883000,41.53088305664063,-5.642533009007573,-7.948795688948035,-1.071843049815297
1789147818242855200,41.54085522460937,-5.639222861546278,-7.952917737314104,-1.0586096934285014
1789147818252827000,41.55082690429688,-5.637274650087952,-7.956036746117472,-1.045472417827323
1789147818262799000,41.56079907226562,-5.632777338668704,-7.9613371906131505,-1.0292292851652949
1789147818272772000,41.57077221679688,-5.628626648730039,-7.96650436411798,-1.011809948330745
1789147818282743800,41.58074389648438,-5.623773363479971,-7.972324448573588,-0.9927753583192824
1789147818292716000,41.590716064453126,-5.615130622819065,-7.980351687684655,-0.97708109171167
1789147818302688000,41.60068798828125,-5.601910491240024,-7.991690827822684,-0.9601393823262304
1789147818312661000,41.61066088867187,-5.597509041410684,-7.9968428037583825,-0.9427548245441169
1789147818322633000,41.62063305664063,-5.598322695881128,-7.9984537460863585,-0.9240630566209554
1789147818332605000,41.63060498046875,-5.600974087172746,-7.998871679237484,-0.9041796677604316
1789147818342577000,41.64057690429688,-5.606009158730506,-7.997542476460337,-0.8845107253681868
1789147818352550100,41.65055004882812,-5.612374017587304,-7.995307849276065,-0.864109523178637
1789147818362521900,41.66052197265625,-5.614743084806204,-7.995918090128898,-0.8428099839098752
1789147818372494000,41.670494140625,-5.619499339422584,-7.994679488244652,-0.8226288542117923
1789147818382466000,41.68046606445313,-5.618066676270962,-7.997625478568673,-0.803559704343602
1789147818392438800,41.69043872070313,-5.6125937978178255,-8.003295925420522,-0.7851374010115861
1789147818402411000,41.70041088867188,-5.609112385442852,-8.00730749914944,-0.768943441253528
1789147818412383000,41.71038305664062,-5.607067727872729,-8.010290314352511,-0.7526158451784402
1789147818422355000,41.72035498046875,-5.604979231160879,-8.01335087096691,-0.735391884785518
1789147818432328000,41.73032788085938,-5.600969410997629,-8.017668734166026,-0.718695090071857
1789147818442300200,41.740300048828125,-5.598458304959535,-8.020912830653787,-0.7018660472806543
1789147818452271900,41.75027197265625,-5.601870159229636,-8.020057090607285,-0.6841915666412561
1789147818462244000,41.760244140625,-5.603448368331789,-8.020447551229596,-0.6664765347957611
1789147818472217000,41.77021704101563,-5.602807147818804,-8.022299316576122,-0.6493389375120401
1789147818482189000,41.78018896484375,-5.600367937973141,-8.025427093207835,-0.6314889541752636
1789147818492161000,41.7901611328125,-5.596176916024088,-8.02998870203495,-0.6103112511878833
1789147818502133000,41.80013305664063,-5.59619445168078,-8.031607827669381,-0.5884570371784269
1789147818512106000,41.81010595703125,-5.59949407774806,-8.030624077329039,-0.5701952581703662
1789147818522078000,41.82007788085937,-5.600516406533122,-8.030901140704751,-0.5560910007005557
1789147818532050000,41.8300498046875,-5.603741213798522,-8.029538035658002,-0.5431410643650219
1789147818542022000,41.84002197265625,-5.611235368946194,-8.025215496283769,-0.5294808608682826
1789147818551995100,41.8499951171875,-5.614733732455969,-8.023743085643648,-0.5144827232986688
1789147818561966800,41.859966796875,-5.619935977274179,-8.021144885843992,-0.4979330089055001
1789147818571939000,41.86993896484375,-5.62319877846241,-8.019726251217723,-0.4837560880582779
1789147818581911000,41.8799111328125,-5.624657160577177,-8.019597656401992,-0.4686784920442849
1789147818591883800,41.8898837890625,-5.63740967464447,-8.011516641277074,-0.453426598909311
1789147818601856000,41.89985595703125,-5.664756531253457,-7.993298263019323,-0.4337112235594541
1789147818611828000,41.909827880859375,-5.682593216717243,-7.982002962023019,-0.4076053434548899
1789147818621800000,41.91980004882812,-5.685597074708342,-7.980443457621336,-0.3961072133628651
1789147818631772200,41.92977221679688,-5.681487301301956,-7.983757112213968,-0.388206742436625
1789147818641745200,41.9397451171875,-5.668838247609139,-7.993149794459343,-0.3797536060636863
1789147818651716900,41.949716796875,-5.666610050165653,-7.9949021910846225,-0.3760974947089329
1789147818661689000,41.95968920898437,-5.66655919676125,-7.995210818642377,-0.3702480380283668
1789147818671660800,41.96966088867188,-5.647967893537879,-8.008980985319614,-0.3564687381966039
1789147818681634000,41.979634033203126,-5.635572522345185,-8.018226952570677,-0.3446006788136437
1789147818691606000,41.98960595703125,-5.623472334706783,-8.027289379948376,-0.3310135040204972
1789147818701578000,41.99957788085938,-5.617333685821294,-8.032117530757189,-0.3178522264892235
1789147818711550000,42.009550048828125,-5.613752904725074,-8.035016759330034,-0.307662512114644
1789147818721523000,42.01952294921875,-5.609046918991208,-8.038728473329543,-0.2963368707790039
1789147818731495000,42.02949487304687,-5.612803641176224,-8.036435393956303,-0.2872571086740121
1789147818741467000,42.039466796875,-5.611221340420842,-8.03770731358826,-0.282548547390569
1789147818751439000,42.04943920898437,-5.603094732588529,-8.043578251448274,-0.2766817559827119
1789147818761411800,42.05941186523437,-5.591560362139344,-8.05188430750072,-0.2683060687601566
1789147818771384000,42.06938403320312,-5.584814979532361,-8.05684631382227,-0.2596901247746311
1789147818781356000,42.07935595703125,-5.578088301625847,-8.061903012689948,-0.2470679042898118
1789147818791328000,42.08932788085937,-5.581905229565501,-8.059688259249926,-0.2326902549724094
1789147818801301000,42.09930102539062,-5.578447198066115,-8.062567029556632,-0.2152367236073128
1789147818811273200,42.10927319335938,-5.5702650606542825,-8.068699833223222,-0.1965093729141168
1789147818821245000,42.11924487304688,-5.559850049623846,-8.07614722661972,-0.1851799687188118
1789147818831217200,42.12921704101562,-5.554675861856341,-8.079889335757494,-0.1770530868918635
1789147818841190100,42.13919018554687,-5.547313224133849,-8.085091580575703,-0.1702519920422695
1789147818851161900,42.149161865234376,-5.529870506423712,-8.097198782476783,-0.162126461922191
1789147818861134000,42.15913403320312,-5.504446142309904,-8.114733270123601,-0.1502007175352424
1789147818871105800,42.16910571289063,-5.484211748054623,-8.12866476484239,-0.1363989958091173
1789147818881079000,42.1790791015625,-5.474675273424387,-8.135289735940098,-0.1239811387899797
1789147818891051000,42.18905102539063,-5.469143942782282,-8.139192588597536,-0.1113507349987048
1789147818901023000,42.19902294921875,-5.456481445086002,-8.147831237605214,-0.1002618341615423
1789147818910995000,42.20899487304688,-5.441127224087714,-8.158215268975496,-0.089617644884577
1789147818920968000,42.21896801757813,-5.437725306689739,-8.160577906453609,-0.080588790982915
1789147818930940000,42.22893994140625,-5.442468701824546,-8.157523195058108,-0.068813652314106
1789147818940912000,42.238912109375,-5.443695028749108,-8.156815923571585,-0.0540683478612452
1789147818950884000,42.248884033203126,-5.441657969963551,-8.158269629511237,-0.0373199051587376
1789147818960856300,42.258856201171874,-5.444724371796846,-8.156276409867406,-0.0226381994274212
1789147818970828300,42.26882836914063,-5.44413809634149,-8.156693173974752,-0.0097546748250257
1789147818980800500,42.278800537109376,-5.441126055043935,-8.158708020928502,0.0024141947062365
1789147818990772500,42.2887724609375,-5.445719228053092,-8.15563109770119,0.0141530159568937
1789147819000745200,42.2987451171875,-5.452836366581916,-8.150842694380879,0.0270886394976405
1789147819010717400,42.30871752929688,-5.458569941797852,-8.1469591309458,0.0382536195120075
1789147819020689400,42.318689453125,-5.466601857084036,-8.141524830937385,0.0472474979984108
1789147819030661400,42.32866137695312,-5.484212332576513,-8.129630979526043,0.0539409312224481
1789147819040633300,42.33863330078125,-5.497734077450633,-8.12044171089828,0.0610213773029623
1789147819050606600,42.34860668945313,-5.511168144041299,-8.111273485058545,0.0682961175462929
1789147819060578300,42.35857836914062,-5.521921008723974,-8.103852395147085,0.0797285391580779
1789147819070550500,42.36855053710938,-5.538790310460329,-8.09222508571744,0.0899893277411814
1789147819080522200,42.37852221679688,-5.564235717362165,-8.074650850582122,0.0983778653121553
1789147819090495200,42.3884951171875,-5.593344322946668,-8.054432238417863,0.104869729815796
1789147819100467500,42.39846752929687,-5.625512316101789,-8.0318901517421,0.1128582808842882
1789147819110439400,42.408439453125,-5.662229058602452,-8.005937964361905,0.1203964487036224
1789147819120411400,42.41841137695312,-5.693286460167169,-7.98377347882688,0.1274662866251543
1789147819130384400,42.42838427734375,-5.725479587763547,-7.960619397732615,0.1334293962806463
1789147819140356400,42.4383564453125,-5.752898925086855,-7.940769618880748,0.1367947079952806
1789147819150328300,42.44832836914063,-5.778017584252357,-7.922439012420177,0.1409173408832401
1789147819160300500,42.45830053710937,-5.816745082053542,-7.893925450119376,0.1476919861173257
1789147819170273300,42.46827319335937,-5.848879757460952,-7.870023181006312,0.1540129145008511
1789147819180245500,42.47824560546875,-5.863886187934875,-7.858758275148272,0.1585222451514564
1789147819190217500,42.48821752929688,-5.869475970765948,-7.854481328481436,0.16361914816536
1789147819200189400,42.498189453125,-5.863859884449839,-7.858564798402786,0.1687941579167731
1789147819210162400,42.50816235351562,-5.863679267185926,-7.8586431243360035,0.1713658167693764
1789147819220134400,42.51813452148438,-5.8594064121723175,-7.861748104614019,0.1750781518233939
1789147819230106400,42.5281064453125,-5.849266710951924,-7.869247520458698,0.1772079121273942
1789147819240078300,42.53807836914063,-5.8305240165591234,-7.8831386831670995,0.1775049771115183
1789147819250051600,42.54805151367187,-5.813380574056506,-7.8958871055811635,0.1730890238327905
1789147819260023300,42.558023193359375,-5.798126306301355,-7.907221569544077,0.1672487185730598
1789147819269995500,42.56799560546875,-5.784568905591964,-7.917301065009832,0.1597029428360052
1789147819279967200,42.57796728515625,-5.778512674292922,-7.921849229833483,0.1532822804050519
1789147819289939500,42.587939453125,-5.77560701597929,-7.924083272495865,0.1470963126459624
1789147819299912400,42.597912353515625,-5.769785177958012,-7.928392952388524,0.1433867997366935
1789147819309884400,42.60788452148437,-5.76247690077126,-7.933762370467186,0.1401686231414787
1789147819319856400,42.6178564453125,-5.758402198678255,-7.936784348636865,0.1365870109281968
1789147819329828600,42.62782861328125,-5.749679963040352,-7.94319070854783,0.1315107123109046
1789147819339801300,42.63780126953125,-5.740915057304501,-7.949623956465721,0.1255562243532855
1789147819349773300,42.64777319335938,-5.7272109416008,-7.959623956954479,0.1175995571272447
1789147819359745500,42.65774560546875,-5.708959245595335,-7.972890850284696,0.1057737385839689
1789147819369717200,42.66771728515625,-5.681484963214397,-7.992611449798941,0.0963393726213369
1789147819379690500,42.6776904296875,-5.651623493435978,-8.013857651445269,0.0872957595419604
1789147819389662500,42.68766235351563,-5.626047153630853,-8.031931652796269,0.0778375377797055
1789147819399634400,42.697634521484375,-5.602977828210592,-8.048149212625622,0.0656791399809299
1789147819409606400,42.7076064453125,-5.5806818252503865,-8.06370743176341,0.0547234736019978
1789147819419579400,42.71757934570312,-5.558982619139552,-8.078765884685517,0.0404671399761689
1789147819429551400,42.72755126953125,-5.524516870436072,-8.102432591477037,0.0259816075542126
1789147819439523600,42.737523681640624,-5.488554161173105,-8.126866190987824,0.0140775201599346
1789147819449495300,42.74749536132813,-5.470436905202269,-8.139084452047944,3.65119926954e-05
1789147819459468300,42.75746826171875,-5.473578125837445,-8.136947440019249,-0.020201747794426
1789147819469440500,42.7674404296875,-5.463098817399144,-8.143879285109042,-0.04644198116865
1789147819479412200,42.777412109375,-5.437638797450066,-8.160791841465235,-0.0626911417126655
1789147819489384400,42.78738452148438,-5.429028790014982,-8.166434815788268,-0.0733771380044752
1789147819499356400,42.7973564453125,-5.421504239729047,-8.171346553227306,-0.0823081164556555
1789147819509329400,42.80732934570312,-5.41310641373992,-8.17680131150186,-0.0926204616960603
1789147819519301400,42.81730126953125,-5.398934096002578,-8.186044940665363,-0.1027438693687785
1789147819529273600,42.82727368164063,-5.397114479359984,-8.187145010861753,-0.110508621618757
1789147819539245300,42.83724536132812,-5.397454671099782,-8.186841059479116,-0.1161823746725451
1789147819549218300,42.84721826171875,-5.395803396761417,-8.187841176432372,-0.1222625805022195
1789147819559190500,42.8571904296875,-5.400056378030777,-8.184981695348023,-0.1258743229922838
1789147819569162500,42.86716259765625,-5.408677491381764,-8.179222401168943,-0.1300812914291396
1789147819579134500,42.87713452148437,-5.4195653806209565,-8.171906525197624,-0.1365647625637706
1789147819589107500,42.887107421875,-5.433683337822556,-8.162351345866918,-0.1466181189412716
1789147819599079400,42.897079345703126,-5.450467299363017,-8.151002853378653,-0.1547818165141157
1789147819609051400,42.907051513671874,-5.463506813678145,-8.142165466928482,-0.1601071397227235
1789147819619023400,42.9170234375,-5.478329704278707,-8.132162543830274,-0.1619453880005516
1789147819628996400,42.92699633789063,-5.493323275271058,-8.122066097229718,-0.1607458942839875
1789147819638968600,42.936968505859376,-5.504532651549577,-8.11454856120646,-0.1568808528862893
1789147819648940300,42.94694018554687,-5.508783879253268,-8.111704277691244,-0.1547414479711092
1789147819658912500,42.95691259765625,-5.501321288287639,-8.116919381991028,-0.1465278833745513
1789147819668884500,42.96688452148437,-5.491273357003927,-8.123953518411517,-0.1329860820930916
1789147819678857200,42.97685717773437,-5.482983083042502,-8.12976541956067,-0.1192197239412926
1789147819688829400,42.98682934570313,-5.48019023745358,-8.131742272591591,-0.1125531147920992
1789147819698801400,42.99680151367188,-5.468075436767935,-8.139882324427365,-0.1134391129795461
1789147819708773400,43.0067734375,-5.45546028534472,-8.148246248146892,-0.1200516264544799
1789147819718746400,43.01674633789062,-5.447521309038996,-8.153408745476604,-0.1296940913429949
1789147819728718600,43.02671850585938,-5.446691872477532,-8.153878116554022,-0.1349019530512392
1789147819738690300,43.03669018554688,-5.442637044128776,-8.156516648364066,-0.1390004287454765
1789147819748662500,43.04666259765625,-5.432353550523519,-8.163399978137015,-0.1372022110839374
1789147819758635500,43.05663549804687,-5.42735471932292,-8.166848072764276,-0.1296510285194032
1789147819768607500,43.066607421875,-5.424698067334294,-8.16880154491961,-0.1170884566667955
1789147819778579500,43.07657934570312,-5.421525867038965,-8.17109462429285,-0.1032317624835763
1789147819788551400,43.08655151367188,-5.411999913802743,-8.177506244900822,-0.0951204252856317
1789147819798524400,43.0965244140625,-5.398310411146283,-8.186614849507809,-0.0893436867814045
1789147819808496400,43.10649633789063,-5.394523878344893,-8.189217725482582,-0.0788682873332407
1789147819818468400,43.11646826171875,-5.377025046533346,-8.200853218218684,-0.0632412498760968
1789147819828440300,43.1264404296875,-5.378911883193254,-8.199732105234265,-0.0455771947325905
1789147819838413600,43.13641357421875,-5.383535451340675,-8.196782023257017,-0.0262330364484572
1789147819848385300,43.14638525390625,-5.387079407557845,-8.194485436752439,-0.0130899064952274
1789147819858357500,43.156357421875,-5.394507511731982,-8.189600587320328,-0.0112284794128558
1789147819868329500,43.16632958984375,-5.402196312668919,-8.184528106361627,-0.012598305319692
1789147819878301400,43.17630151367187,-5.405148732733726,-8.182568788987398,-0.0177842919812013
1789147819888274400,43.1862744140625,-5.410905688825249,-8.178758290788531,-0.0199343724123784
1789147819898246400,43.19624633789063,-5.4177036784023045,-8.17426448650062,-0.0162652371792704
1789147819908218400,43.20621826171875,-5.437845133677125,-8.160891794708371,-0.008030319838252
1789147819918190600,43.21619067382812,-5.452893649727105,-8.150849124121665,-0.0012534062996164
1789147819928163600,43.22616357421875,-5.462690821120143,-8.144284943300486,0.002384208562049
1789147819938135300,43.23613525390625,-5.469151541566848,-8.1399483754009,0.0012209557734677
1789147819948107500,43.246107421875,-5.460730334702133,-8.1455989485085,-0.0050740221785265
1789147819958079200,43.25607934570313,-5.442443567383289,-8.157819547656178,-0.0127227936408191
1789147819968052700,43.266052734375,-5.42709226899445,-8.168028806981443,-0.0188087179668713
1789147819978024700,43.27602465820313,-5.430701107141375,-8.165624083927273,-0.0211272491584881
1789147819987997000,43.28599682617188,-5.435329351463913,-8.162558266615868,-0.0153272667759913
1789147819997968600,43.29596875,-5.42686956615448,-8.168193057632445,-0.0097469025105237
1789147820007940900,43.30594091796875,-5.422221448087692,-8.171284009385108,-0.0050100381520256
1789147820017913900,43.31591381835938,-5.422136692413687,-8.171340708008408,-0.0036354969687541
1789147820027885600,43.32588549804687,-5.409401129481196,-8.179770098179578,-0.0108683979457884
1789147820037857800,43.33585791015625,-5.422748686832189,-8.170904070156812,-0.0225600333244074
1789147820047829500,43.34582958984375,-5.424330987587571,-8.169851346233486,-0.0235208822797751
1789147820057802800,43.355802734375,-5.4282846936494105,-8.16725314643383,-0.0097344072134874
1789147820067774700,43.36577465820312,-5.432770314630866,-8.164273838362098,0.0064480561863107
1789147820077746700,43.37574658203125,-5.427519554495811,-8.167741222211719,0.0203104117836919
1789147820087718700,43.38571875,-5.415552637848258,-8.17566616999209,0.0254835994707769
1789147820097691600,43.395691650390624,-5.409703327298164,-8.179538042989373,0.0256651985488017
1789147820107663600,43.40566357421875,-5.408650018852949,-8.180241222822666,0.0234937088617705
1789147820117635800,43.4156357421875,-5.412275808134675,-8.177838253334164,0.024758244338294
1789147820127607800,43.42560791015625,-5.426604777738452,-8.16831639175117,0.0310120234864531
1789147820137579800,43.43557983398438,-5.445455608680844,-8.155721698594093,0.0400932468961691
1789147820147552800,43.445552734375,-5.453348407757282,-8.150422423142194,0.0445470068680588
1789147820157524700,43.45552465820312,-5.457317311388254,-8.14776577115357,0.0447336246144957
1789147820167496700,43.46549658203125,-5.453246700948476,-8.150513608556986,0.04003412798692
1789147820177468700,43.47546875,-5.45600038357079,-8.148687562173604,0.036424707601394
1789147820187442000,43.48544189453125,-5.461413056269287,-8.145071125242113,0.0343137136466568
1789147820197413600,43.49541357421875,-5.459295917984843,-8.146478653952478,0.0370307746026082
1789147820207385900,43.5053857421875,-5.457269380593299,-8.147814870992303,0.0414608819875633
1789147820217357600,43.515357666015625,-5.460153996118903,-8.145883026146889,0.0412943252150435
1789147820227330600,43.52533056640625,-5.458123367074132,-8.147273019200563,0.0347687274051597
1789147820237302800,43.535302734375,-5.455825611525774,-8.148841291430593,0.027115509238257
1789147820247274800,43.54527465820313,-5.438750558084249,-8.160282722899318,0.0125300932134676
1789147820257246700,43.555246826171874,-5.422742841613292,-8.170939141470193,0.0007144179658793
1789147820267219000,43.56521899414062,-5.41918485687077,-8.173293011119961,-0.0095426383678975
1789147820277191700,43.57519165039062,-5.425093204131722,-8.169370869240165,-0.0117985172611079
1789147820287163600,43.58516357421875,-5.432343613651395,-8.164546225562692,-0.0144447894196142
1789147820297135900,43.59513598632813,-5.448202277040481,-8.153968717446922,-0.0162902837139146
1789147820307107600,43.60510766601563,-5.450951868009567,-8.15212688897252,-0.0181384951216867
1789147820317080800,43.61508081054688,-5.447932227927447,-8.154136475229263,-0.0217061952573363
1789147820327052800,43.625052734375,-5.453921823731064,-8.150119640803336,-0.0260295543321874
1789147820337024800,43.63502465820312,-5.471377985444665,-8.138385948389768,-0.0330600055248243
1789147820346996700,43.64499682617188,-5.470552640536427,-8.138927800181508,-0.0359955361036234
1789147820356969700,43.6549697265625,-5.467782006779313,-8.140790086922049,-0.0358051760471193
1789147820366941700,43.664941650390624,-5.48119736866951,-8.131767991554737,-0.0347224588443292
1789147820376913700,43.67491357421875,-5.489480628368258,-8.126187561073898,-0.0326177690495038
1789147820386885600,43.6848857421875,-5.491877168115973,-8.124555575957894,-0.0355785025682183
1789147820396858600,43.694858642578126,-5.488431996098161,-8.126883726644515,-0.035434545786574
1789147820406830800,43.70483081054687,-5.498516752260923,-8.120074046629666,-0.0330942731206072
1789147820416802600,43.714802490234376,-5.506479109442234,-8.114677156022191,-0.0329482819287921
1789147820426774800,43.72477490234375,-5.511630500856041,-8.111167686596513,-0.0356677426210953
1789147820436746800,43.73474682617187,-5.5168093647986645,-8.10764594221115,-0.0356534538008389
1789147820446719700,43.7447197265625,-5.521513596966862,-8.10443925512433,-0.0364966266267118
1789147820456691700,43.75469165039063,-5.519759446775913,-8.105648046392202,-0.0334238201688043
1789147820466664000,43.764663818359374,-5.519667092317342,-8.10572578780353,-0.0295250819974811
1789147820476635600,43.7746357421875,-5.525225895488262,-8.101953868049383,-0.0246679699556669
1789147820486608600,43.78460864257813,-5.533434920907021,-8.096357655477524,-0.0217947160742944
1789147820496580900,43.79458081054688,-5.5362786199003455,-8.094415873759985,-0.0208409681465709
1789147820506552600,43.80455249023437,-5.542810067495704,-8.089946034869552,-0.0203894090037676
1789147820516524800,43.81452490234375,-5.54712383904159,-8.086991861239076,-0.0191089247561525
1789147820526497800,43.82449780273438,-5.549781660073995,-8.085176920771598,-0.0150064909810724
1789147820536469800,43.8344697265625,-5.551827486687898,-8.083782251542805,-0.0077593813842948
1789147820546441700,43.84444165039063,-5.558274178609252,-8.07935449822843,0.0007266242128454
1789147820556413700,43.85441357421875,-5.56842264765799,-8.072358940252661,0.009497305955406
1789147820566385700,43.8643857421875,-5.576904060277342,-8.06648800239265,0.0172997655754908
1789147820576359000,43.87435888671875,-5.577307380381226,-8.066197495013474,0.022023622609477
1789147820586330600,43.88433056640625,-5.575315329781175,-8.067571121454238,0.02332772062812
1789147820596302800,43.894302734375,-5.566403709051013,-8.07372496790886,0.0223277246891637
1789147820606274800,43.90427490234375,-5.557804223009944,-8.079640329432488,0.0244941865746281
1789147820616247600,43.91424755859375,-5.5558156795412295,-8.080994666650891,0.028473613882903
1789147820626219800,43.9242197265625,-5.553737704223394,-8.082399857273698,0.0345342747618909
1789147820636191700,43.93419165039062,-5.549062113627791,-8.085577902787923,0.041667067517573
1789147820646163700,43.94416381835938,-5.542248926481604,-8.090234788683057,0.0444533874675864
1789147820656135700,43.9541357421875,-5.535874715274572,-8.094583631542324,0.0468222400573547
1789147820666109000,43.96410888671875,-5.5286979555130005,-8.09947666428089,0.0486312576741213
1789147820676080600,43.97408056640625,-5.52110793877542,-8.104652605614065,0.0485969124465249
1789147820686052900,43.98405297851563,-5.51140955158174,-8.111233153048158,0.0513857440140331
1789147820696024600,43.99402465820312,-5.502106885707378,-8.11751384075284,0.0563660942764487
1789147820705997800,44.003997802734375,-5.494700408843159,-8.122488122034072,0.0619429536938667
1789147820715969800,44.0139697265625,-5.487005178165435,-8.127683352589607,0.0627299073870526
1789147820725941800,44.02394165039063,-5.477128511795401,-8.134342225956916,0.0626575545368949
1789147820735913700,44.03391381835937,-5.469009502747655,-8.13979756875336,0.0632860982313985
1789147820745886000,44.04388598632813,-5.456051821497082,-8.148485902121662,0.0637437697378685
1789147820755858700,44.05385864257813,-5.448870970082282,-8.153290087532996,0.0636654301049187
1789147820765830700,44.06383056640625,-5.455860098317265,-8.148581179189682,0.0679003825272433
1789147820775803000,44.07380297851562,-5.465041183638572,-8.1423741412431,0.0739140396264614
1789147820785774600,44.083774658203126,-5.466730451899767,-8.141166519019007,0.0815577730123885
1789147820795747800,44.09374780273438,-5.471548665836453,-8.137890858349204,0.0852982290491927
1789147820805719800,44.1037197265625,-5.471415394845605,-8.137988473504782,0.0845396475005429
1789147820815691800,44.11369189453125,-5.470007281613349,-8.138914940699934,0.0864172870738431
1789147820825663700,44.123663818359375,-5.46415037227869,-8.142769862562417,0.0935434674256481
1789147820835636700,44.13363671875,-5.471775460329652,-8.137558265393972,0.1009916371402796
1789147820845608700,44.14360864257812,-5.487811233851313,-8.126646410757303,0.1092365193237084
1789147820855581000,44.15358081054688,-5.502797206059098,-8.116327261316776,0.1218310572171583
1789147820865552600,44.163552734375,-5.520313573527336,-8.104362682756781,0.1258437725903932
1789147820875524900,44.17352490234375,-5.516419488698244,-8.107034532314538,0.1244742652023211
1789147820885497900,44.18349780273437,-5.49703031309545,-8.120231283017992,0.1220800544090103
1789147820895469600,44.19346948242188,-5.4890206096410745,-8.125665583026409,0.1208075776546262
1789147820905441800,44.20344189453125,-5.489184275770187,-8.125597778487204,0.1179047506188973
1789147820915413800,44.21341381835938,-5.4894841354995965,-8.12532772937417,0.1224772552993614
1789147820925386800,44.22338671875,-5.495820937305688,-8.12079593116343,0.1378747857164125
1789147820935358700,44.233358642578125,-5.501961339756846,-8.116445919260382,0.1487219045537989
1789147820945331000,44.2433310546875,-5.505955377829075,-8.113618002358079,0.1550750273070298
1789147820955302700,44.253302734375,-5.503271837833523,-8.115434111869334,0.1552535256790928
1789147820965274600,44.26327465820312,-5.505580699297785,-8.113917862087488,0.1526668245209846
1789147820975247600,44.27324755859375,-5.5141936293423175,-8.108181364262103,0.1464411184065509
1789147820985219800,44.2832197265625,-5.522185212618112,-8.102802593833207,0.1430278119648806
1789147820995191600,44.29319165039063,-5.528915982177853,-8.098157982897758,0.145952476373082
1789147821005163800,44.30316381835937,-5.534416333159804,-8.094322350257634,0.1501989822358824
1789147821015136800,44.31313671875,-5.5372682154595845,-8.092268340337275,0.1556695226014591
1789147821025108500,44.3231083984375,-5.527054864481091,-8.09912361305952,0.1620196222805418
1789147821035080700,44.33308081054688,-5.527903590264916,-8.098429201054573,0.1676322745305486
1789147821045052400,44.34305249023438,-5.526224258875846,-8.09949536898136,0.1714493120680563
1789147821055025700,44.35302563476562,-5.532766227865219,-8.094826792648433,0.1807114632689394
1789147821064997600,44.36299755859375,-5.538381145137548,-8.090907573378086,0.1841841991471126
1789147821074969600,44.37296948242187,-5.54807660972178,-8.084131795632839,0.1898615689300931
1789147821084941600,44.38294165039063,-5.542208594471216,-8.088025880461931,0.1953236885271966
1789147821094913800,44.392913818359375,-5.546374481979012,-8.085062939003109,0.199682669187989
1789147821104886500,44.402886474609375,-5.555728001257777,-8.078520970013738,0.2043417287738993
1789147821114858800,44.41285864257812,-5.58153288912177,-8.060598944354057,0.2088865143303759
1789147821124830700,44.42283081054688,-5.595738524606824,-8.050627000916004,0.2133345615141093
1789147821134802700,44.432802734375,-5.596172824370861,-8.05030025317967,0.2142200939106754
1789147821144775700,44.44277563476562,-5.583515002849698,-8.058995016288756,0.2175620064834132
1789147821154747600,44.45274755859375,-5.578580469056964,-8.062264247217774,0.2229860042935237
1789147821164719600,44.4627197265625,-5.571541656461358,-8.06706375645399,0.2253685155158862
1789147821174691600,44.47269165039062,-5.55769842454791,-8.07653885628581,0.2278037250398658
1789147821184663600,44.48266357421875,-5.547835202181339,-8.083150967901945,0.2336133611666969
1789147821194636500,44.49263647460938,-5.537776749503612,-8.09002143819332,0.2344522596762515
1789147821204608800,44.50260888671875,-5.540619279453158,-8.08808199456334,0.2342170809471979
1789147821214580500,44.51258056640625,-5.542095197224617,-8.087023425421119,0.2358534682436846
1789147821224552700,44.522552734375,-5.54097057710886,-8.087824220409988,0.2348104619967751
1789147821234525700,44.532525634765626,-5.54227581448853,-8.086995368370413,0.2325418229450471
1789147821244497700,44.54249755859375,-5.551446378415823,-8.080711758056282,0.232197302090004
1789147821254469600,44.5524697265625,-5.557715960204601,-8.076344795018434,0.2341637067921459
1789147821264441900,44.56244189453125,-5.559574155291915,-8.075047156423329,0.2347851814250461
1789147821274413600,44.57241357421875,-5.559760033252835,-8.074791135835648,0.239165789395757
1789147821284386600,44.58238647460937,-5.5600102086216205,-8.074512318894266,0.2427667730297893
1789147821294358800,44.59235888671875,-5.560574856767058,-8.073962283796071,0.2480269768466241
1789147821304330500,44.60233056640625,-5.555328772807121,-8.07745363304317,0.2519171709518879
1789147821314302700,44.612302734375,-5.543951054224372,-8.08523011226356,0.2530601304419339
1789147821324275700,44.62227563476562,-5.54175208287537,-8.086741685870289,0.2529333987897262
1789147821334247700,44.63224755859375,-5.539140439072251,-8.088556626337766,0.2521265759188681
1789147821344219600,44.6422197265625,-5.536137750124931,-8.090775471431016,0.2468179115841165
1789147821354191600,44.65219165039063,-5.535547383016348,-8.091334858879447,0.2416757994553074
1789147821364163600,44.66216357421875,-5.533970342957973,-8.092613792774081,0.2348653157228603
1789147821374136600,44.672136474609374,-5.525259213235974,-8.098689897817373,0.2304864795841276
1789147821384108500,44.68210864257812,-5.507908265462517,-8.110544586262106,0.2289231027249246
1789147821394080500,44.69208056640625,-5.505277916958928,-8.11232854706943,0.2289797465492971
1789147821404052700,44.702052734375,-5.518526690110564,-8.103343276581167,0.2282336774223484
1789147821414025500,44.712025390625,-5.533238521552086,-8.09336256531477,0.2261504414075054
1789147821423997700,44.72199780273438,-5.535755472809076,-8.091884309455752,0.2172838836617767
1789147821433969700,44.7319697265625,-5.540184979689121,-8.089063991338014,0.2092308159897103
1789147821443941600,44.74194165039062,-5.533023417496681,-8.094138225862384,0.2023964581913314
1789147821453913600,44.75191357421875,-5.5420040118098255,-8.088037570899724,0.200573352683708
1789147821463886600,44.761886474609376,-5.555820355716348,-8.078594619771838,0.1988821847263723
1789147821473858600,44.77185864257813,-5.555653182455897,-8.078766469207405,0.1965709121093153
1789147821483830800,44.78183081054687,-5.548230923500657,-8.084002616295217,0.1908380127468146
1789147821493802500,44.791802490234375,-5.536918086847662,-8.091973156782984,0.1814006145768798
1789147821503775500,44.801775390625,-5.520981682047248,-8.103129926091432,0.1686377800449728
1789147821513747700,44.81174780273437,-5.504301180881262,-8.114681832197308,0.1580591576843522
1789147821523719400,44.82171948242188,-5.490591219958663,-8.124182650992275,0.1464616771373897
1789147821533691600,44.831691650390624,-5.4873868709594005,-8.126554640820622,0.1344174209373071
1789147821543663600,44.84166357421875,-5.501057668915391,-8.117468248045444,0.124301146258274
1789147821553636600,44.85163671875,-5.524049837446213,-8.101964973965286,0.1158909722442273
1789147821563608600,44.861608642578126,-5.534638451477885,-8.094882906749843,0.1050058777503203
1789147821573580500,44.87158056640625,-5.539487645074725,-8.091764482468367,0.0883455151900649
1789147821583552500,44.88155249023438,-5.534415164116025,-8.095401962187886,0.071409477493586
1789147821593525800,44.89152587890625,-5.527518390339613,-8.100220760646462,0.0578153843358857
1789147821603497500,44.90149755859375,-5.527444156059622,-8.100334742414951,0.0481357246755622
1789147821613469700,44.9114697265625,-5.541374481734633,-8.090854381886125,0.0404060209060786
1789147821623441700,44.92144165039063,-5.545062814858556,-8.08834619845748,0.0364533080747933
1789147821633413600,44.93141357421875,-5.547606654122472,-8.08662828862369,0.0296180004283436
1789147821643386600,44.94138671875,-5.552442403715848,-8.083349120822549,0.0153295649059989
1789147821653358600,44.95135864257813,-5.55085484226346,-8.084453282672166,-0.0006752735509904
1789147821663330600,44.96133056640625,-5.546914580205082,-8.087141498842835,-0.015985849415732
1789147821673302500,44.97130249023437,-5.5324774740517135,-8.096983093899487,-0.0306813028278993
1789147821683275800,44.98127587890625,-5.524014181610942,-8.102699717980622,-0.0437283063297392
1789147821693247500,44.99124755859375,-5.519809715658426,-8.105455154168606,-0.0606296197727089
1789147821703219700,45.0012197265625,-5.52287904010117,-8.1031714271456,-0.0825154847291763
1789147821713191400,45.01119140625,-5.527510207033157,-8.099751389569043,-0.1050784041304141
1789147821723163600,45.02116357421875,-5.533951638257503,-8.095031959831713,-0.1274105926488526
1789147821733136600,45.03113671875,-5.535635061299801,-8.093549027797579,-0.146911978188157
1789147821743108600,45.04110864257812,-5.5327334946393965,-8.095265184065699,-0.1609813470076769
1789147821753080600,45.05108056640625,-5.535781191772222,-8.092843509876728,-0.1771777361848391
1789147821763052800,45.061052734375,-5.533518507537245,-8.094049378535152,-0.1921587947554886
1789147821773025500,45.071025634765626,-5.525889912354946,-8.098773484447598,-0.2116523440482094
1789147821782997500,45.08099755859375,-5.521330641615391,-8.10134479624033,-0.2313333604707382
1789147821792969700,45.0909697265625,-5.517873779159784,-8.103047508504986,-0.2531086822913959
1789147821802941400,45.10094140625,-5.504518623024225,-8.111530090168118,-0.2715580380271188
1789147821812913700,45.11091357421875,-5.484418084281683,-8.124481341677903,-0.2904196278255432
1789147821822886700,45.12088671875,-5.475009035423398,-8.130168155142664,-0.3082598569532856
1789147821832858600,45.130858642578126,-5.481202629366517,-8.125207902386784,-0.3283300736228003
1789147821842830600,45.14083056640625,-5.4858764663964505,-8.121123847943544,-0.3505682089159265
1789147821852802600,45.150802490234376,-5.492413174688815,-8.115859059283137,-0.3696176311703398
1789147821862774500,45.1607744140625,-5.505818015184998,-8.105995252394676,-0.3862619285117835
1789147821872747800,45.170747802734375,-5.520075673118233,-8.095402546709776,-0.4044709178866818
1789147821882719500,45.18071948242188,-5.527998282811045,-8.088848887282609,-0.4267842373078688
1789147821892691700,45.19069165039063,-5.533583389467001,-8.083840703731775,-0.4487251066874712
1789147821902663700,45.20066357421875,-5.541683693814277,-8.077102335387467,-0.4696244311248883
1789147821912636400,45.21063647460937,-5.545317081880569,-8.073489990109206,-0.4884761023174971
1789147821922608600,45.22060864257813,-5.543461224880814,-8.073542012557386,-0.5082674289803951
1789147821932580600,45.23058056640625,-5.544090170434117,-8.0718410538584,-0.5280400874754414
1789147821942552600,45.24055249023438,-5.545976422572136,-8.068940656241773,-0.5520162255423143
1789147821952524500,45.250524658203126,-5.547357063275575,-8.066453515601157,-0.5740555137950927
1789147821962497800,45.26049780273438,-5.547202164974808,-8.065039557150007,-0.5950453295275568
1789147821972469500,45.27046948242187,-5.548427907377481,-8.062553585553168,-0.6169034525271505
1789147821982441700,45.28044165039063,-5.54386103785336,-8.063843040841817,-0.6406474623385816
1789147821992413400,45.29041333007813,-5.53571163366735,-8.067320361563564,-0.6667931995294988
1789147822002385700,45.3003857421875,-5.525597066888213,-8.071888400131463,-0.6948167863562703
1789147822012358700,45.31035864257812,-5.514138099762797,-8.07743375929892,-0.7209260639943182
1789147822022330600,45.32033056640625,-5.4999312952339645,-8.08517282911837,-0.7423742910187691
1789147822032302600,45.33030249023437,-5.4922945167452095,-8.088540844246745,-0.7619727254580706
1789147822042274800,45.34027490234375,-5.499903822705149,-8.081810659208893,-0.7783144961889833
1789147822052247600,45.35024755859375,-5.511921008235216,-8.07226717031598,-0.7922134038124233
1789147822062219500,45.36021948242188,-5.52565844168663,-8.06139330960214,-0.8071126475848257
1789147822072191700,45.37019165039062,-5.537976655989885,-8.050975960484147,-0.826434091713652
1789147822082163500,45.38016357421875,-5.5523658313483,-8.03854785606563,-0.8505042647395282
1789147822092135700,45.3901357421875,-5.559625593218207,-8.030852625387906,-0.8754146149165928
1789147822102108700,45.400108642578125,-5.566500739684701,-8.023990922924876,-0.8944423367958515
1789147822112080600,45.41008056640625,-5.576817551037669,-8.01510677472353,-0.9096969698771834
1789147822122052600,45.420052490234376,-5.588104084205627,-8.006520148164034,-0.9160294608343392
1789147822132024600,45.43002465820312,-5.596402541473507,-8.000274531772732,-0.9199306329913436
1789147822141997600,45.43999755859375,-5.599791599389911,-7.996845141845941,-0.929077450716868
1789147822151969800,45.4499697265625,-5.600745539113879,-7.994244603958726,-0.9455581184618176
1789147822161941500,45.45994140625,-5.599015938842296,-7.993144533762336,-0.9649067428585142
1789147822171913700,45.46991381835937,-5.593987297025323,-7.994637987190485,-0.9815582371257244
1789147822181885700,45.4798857421875,-5.585256878080964,-7.998799783045053,-0.9972426399264483
1789147822191858400,45.4898583984375,-5.579941236016154,-8.000921012982726,-1.0099026534046978
1789147822201830700,45.49983056640625,-5.578974436810612,-7.999545632976293,-1.0260075466398149
1789147822211802600,45.509802734375,-5.583028680637479,-7.9948677042931315,-1.0403212456092237
1789147822221774600,45.519774658203126,-5.588101746118069,-7.989410023409127,-1.0549070395182818
1789147822231747600,45.52974755859375,-5.589923700848222,-7.986244837376475,-1.0691281648334114
1789147822241719800,45.5397197265625,-5.591204972830415,-7.983378926551341,-1.0837355129871518
1789147822251691500,45.54969140625,-5.5928901494383805,-7.980579066699743,-1.0955965581074356
1789147822261663700,45.559663818359375,-5.598388162332773,-7.975422414588928,-1.1050246039271354
1789147822271635500,45.56963549804688,-5.602091693025827,-7.971756293296814,-1.1126822060082109
1789147822281608700,45.57960864257812,-5.598211052200198,-7.973671187007427,-1.1184775213487446
1789147822291580700,45.58958056640625,-5.58257801426053,-7.982931767305732,-1.1304955836616457
1789147822301552600,45.599552734375,-5.566972448849678,-7.99128867676258,-1.1482593500196934
1789147822311524600,45.60952465820313,-5.549588183328509,-8.000865483403205,-1.1655998494643718
1789147822321496800,45.61949682617188,-5.536479695430398,-8.00704972499609,-1.185293853232637
1789147822331469600,45.62946948242188,-5.5317579276055096,-8.007826554587483,-1.2019778615299612
1789147822341441500,45.63944165039062,-5.526227181485295,-8.008794522836803,-1.2208287655375898
1789147822351413800,45.64941381835938,-5.514585259008407,-8.013139274042844,-1.244726796866953
1789147822361385500,45.65938549804687,-5.5046659225404255,-8.016154237949848,-1.268975979721546
1789147822371358700,45.669358642578125,-5.488538963603973,-8.022815449404716,-1.296441786535084
1789147822381330700,45.67933056640625,-5.481361619320512,-8.023497586449981,-1.322327484550327
1789147822391302700,45.689302734375,-5.475763068661093,-8.02364605500996,-1.3444387785933911
1789147822401274600,45.69927465820312,-5.468517335316538,-8.0252137427181,-1.3644191980876028
1789147822411246600,45.70924658203125,-5.470011373266577,-8.021678554329275,-1.3791424277059734
1789147822421219600,45.71921948242188,-5.477936321046948,-8.013473036041855,-1.3952917446047066
1789147822431191800,45.72919189453125,-5.481359865754842,-8.008164992761612,-1.412219790790975
1789147822441163500,45.73916357421875,-5.483167791959643,-8.003619750547408,-1.430849380198121
1789147822451135700,45.7491357421875,-5.489809129670262,-7.995638688665628,-1.4498724989674985
1789147822461107700,45.75910766601562,-5.492787268698216,-7.989822695863246,-1.4705083136305213
1789147822471080400,45.76908056640625,-5.498579296103119,-7.98222566486299,-1.489994227606058
1789147822481052700,45.779052734375,-5.505854255542158,-7.974147572347522,-1.5062985889360307
1789147822491024600,45.789024658203125,-5.504429775696993,-7.972039201891421,-1.5225735780410468
1789147822500996600,45.79899658203125,-5.496282709598541,-7.974861273574828,-1.5371568146668373
1789147822510969600,45.80896948242187,-5.489172585332393,-7.976548788270354,-1.5537199730634688
1789147822520941800,45.81894189453125,-5.478795568224787,-7.980122555103898,-1.571881652697921
1789147822530913500,45.82891357421875,-5.471487291038036,-7.981719468906522,-1.5891431686222552
1789147822540885800,45.8388857421875,-5.467452920955419,-7.9809385476619,-1.6068516976617275
1789147822550857500,45.848857421875,-5.467184040886163,-7.977814278161525,-1.6231990213505922
1789147822560830700,45.85883081054688,-5.463474080452323,-7.976862676525116,-1.64027728966251
1789147822570802700,45.868802734375,-5.456292644515633,-7.978040488132834,-1.6583515832744538
1789147822580774700,45.87877465820313,-5.453026920717955,-7.976976073771715,-1.6741420037329195
1789147822590746600,45.88874658203125,-5.456984133911132,-7.971920543947816,-1.6852898590825498
1789147822600718800,45.89871875,-5.47125582036972,-7.960536980146169,-1.6928075412362813
1789147822610691600,45.90869165039062,-5.486981797289848,-7.948694566661119,-1.6975480137616394
1789147822620663600,45.91866357421875,-5.506922177034616,-7.934304222258925,-1.7002948282517492
1789147822630635500,45.92863549804687,-5.532858582323789,-7.916243664911389,-1.7002768542036413
1789147822640607500,45.938607421875,-5.54897151273489,-7.903754770216345,-1.7058599150329827
1789147822650580700,45.94858081054687,-5.551465083116293,-7.899733259615302,-1.7163444841682909
1789147822660552400,45.958552490234375,-5.544583506909013,-7.902748223522305,-1.7246907261006532
1789147822670524700,45.96852465820312,-5.543589235174656,-7.902896107560395,-1.7272028550520535
1789147822680496600,45.97849658203125,-5.548377053973079,-7.900563280698656,-1.7224994996666907
1789147822690468600,45.98846850585937,-5.540904526135325,-7.90716019474566,-1.7162705421492457
1789147822700441600,45.99844165039063,-5.528347242379188,-7.916658675453067,-1.712974277082831
1789147822710413600,46.00841357421875,-5.53100973958671,-7.915470926973223,-1.709868420021981
1789147822720385500,46.01838549804688,-5.534944156426191,-7.913261434230208,-1.7073577523753043
1789147822730357800,46.02835766601562,-5.538460055592656,-7.911193395784497,-1.7055385741241276
1789147822740329500,46.03832958984375,-5.540543291607499,-7.910045394793152,-1.7040958279699083
1789147822750302500,46.04830249023438,-5.546662066748738,-7.9072145552814,-1.6973152279190715
1789147822760274700,46.058274658203125,-5.55393118096888,-7.90430597435832,-1.687064759800583
1789147822770246400,46.06824633789063,-5.56381544612348,-7.899492436596751,-1.6770130291245875
1789147822780218600,46.078218505859375,-5.571333566668629,-7.89652832609415,-1.6659712644979356
1789147822790191600,46.08819165039063,-5.579835437554121,-7.893306441438198,-1.652736812132597
1789147822800163600,46.09816357421875,-5.586070532551408,-7.891873193764686,-1.6384585498027502
1789147822810135600,46.10813549804688,-5.592732328528165,-7.890260497871041,-1.6234240622781215
1789147822820107800,46.118107666015625,-5.602407334846258,-7.886406160530448,-1.6087347349293528
1789147822830079500,46.12807958984375,-5.610486596405506,-7.883596363806724,-1.5942859383381902
1789147822840052500,46.13805249023437,-5.61364827530682,-7.884133539423346,-1.5804378841191529
1789147822850024700,46.14802465820313,-5.606626998367905,-7.891458767744898,-1.5687589906327426
1789147822859996700,46.15799658203125,-5.598181241583824,-7.900770785969495,-1.551961585088819
1789147822869968600,46.16796875,-5.58834081557095,-7.911886638745665,-1.5306518166869878
1789147822879940600,46.177940673828125,-5.578640674811601,-7.923406980669498,-1.5062448129221797
1789147822889913600,46.18791357421875,-5.566108525496721,-7.936694916787743,-1.4824606172308326
1789147822899885600,46.19788549804687,-5.564032888266444,-7.942305157884955,-1.4600386498034
1789147822909857500,46.207857421875,-5.5655877164930105,-7.944777685478329,-1.440536076954007
1789147822919829500,46.21782958984375,-5.567575675439834,-7.946932817685604,-1.420828921443224
1789147822929801700,46.2278017578125,-5.569829007324576,-7.949494192606211,-1.3974761029064655
1789147822939774500,46.2377744140625,-5.573636582913995,-7.951349465084076,-1.371498488824069
1789147822949746700,46.24774658203125,-5.573061997896432,-7.9567884412676095,-1.3419737036541104
1789147822959718700,46.25771875,-5.568931766223908,-7.964905112227797,-1.3106006602689624
1789147822969691000,46.26769091796875,-5.568127464103698,-7.969910957691073,-1.2833072874128817
1789147822979664000,46.27766381835937,-5.579723793873191,-7.966333099204301,-1.2548353722967207
1789147822989635800,46.2876357421875,-5.594527395251393,-7.959926739293336,-1.229319822768122
1789147822999607800,46.29760791015625,-5.603924169149995,-7.9573717941135165,-1.2027657970372587
1789147823009579800,46.30757983398438,-5.612378109240532,-7.95466078158915,-1.1810890950191766
1789147823019551700,46.3175517578125,-5.615298380601406,-7.955725780472159,-1.159849323113635
1789147823029524700,46.32752465820312,-5.612929313382506,-7.961080000981688,-1.1342849660072476
1789147823039497000,46.3374970703125,-5.605720989438892,-7.969388979643583,-1.1113614787984638
1789147823049468700,46.34746875,-5.599025291192532,-7.977280609676241,-1.0882498486064374
1789147823059441000,46.35744091796875,-5.585907450944185,-7.989856598132849,-1.0631144575018434
1789147823069412900,46.36741284179688,-5.576297326555848,-7.99990452941656,-1.0377022222172467
1789147823079385900,46.3773857421875,-5.567776166447997,-8.009002612629532,-1.0129825723066923
1789147823089357800,46.38735791015625,-5.556060594213008,-8.020293821972608,-0.9876551657613366
1789147823099330000,46.397330078125,-5.541039550691843,-8.033203572428226,-0.9669024467203764
1789147823109301800,46.4073017578125,-5.52694555888772,-8.0454300167948,-0.9456786761015652
1789147823119274800,46.41727465820313,-5.517497931584716,-8.054894595232605,-0.9199277834471314
1789147823129247000,46.4272470703125,-5.513453624629974,-8.060756765264273,-0.8924242749717086
1789147823139218700,46.43721875,-5.511642191293835,-8.064518163624406,-0.8693356603290885
1789147823149191000,46.44719091796875,-5.5153702719062565,-8.064035933065414,-0.8499331868533044
1789147823159163000,46.45716284179687,-5.519710346937179,-8.062964504441618,-0.8317314674694091
1789147823169135900,46.46713598632813,-5.52080983261168,-8.063717368635535,-0.8170130601566284
1789147823179107800,46.47710791015625,-5.520877052628994,-8.064685336884855,-0.8069416018668562
1789147823189079800,46.48707983398437,-5.516093910005688,-8.0690411940068,-0.796024559598416
1789147823199051800,46.4970517578125,-5.5176382168382405,-8.069131210377812,-0.7843328796956688
1789147823209024000,46.50702392578125,-5.518491618797182,-8.069867123436927,-0.7706298599705099
1789147823218996700,46.51699682617188,-5.516199708467721,-8.072861044555902,-0.7555448113024235
1789147823228969000,46.526968994140624,-5.529319302281737,-8.065096255773305,-0.7424473562549799
1789147823238941000,46.53694091796875,-5.5488703904479735,-8.05304049179852,-0.727297352591902
1789147823248913000,46.54691284179688,-5.560987529221177,-8.046062469479441,-0.7118085454285145
1789147823258884900,46.556884765625,-5.55743714326322,-8.049007290759683,-0.7062355676017701
1789147823268857900,46.56685791015625,-5.549778737464547,-8.054723914840817,-0.7012546373840421
1789147823278829800,46.57682983398438,-5.5463540237128734,-8.057635418373346,-0.6948696125220507
1789147823288801800,46.5868017578125,-5.54525979873538,-8.059473155194521,-0.6821877525381743
1789147823298773800,46.59677368164063,-5.544767631304263,-8.061494431889058,-0.6620123949937522
1789147823308746000,46.60674609375,-5.552239574620128,-8.057664644467831,-0.6457949812948703
1789147823318719000,46.61671899414063,-5.558283530959487,-8.054411195629834,-0.6342942939195781
1789147823328690700,46.62669067382812,-5.55896683704853,-8.054445097899437,-0.6278454100411385
1789147823338663000,46.63666284179688,-5.555978176626563,-8.056663942992687,-0.6258297593697906
1789147823348635000,46.646634765625,-5.547676796749234,-8.062223915207385,-0.627862580371648
1789147823358608000,46.65660791015625,-5.546691877365112,-8.062678088715671,-0.6307228651735931
1789147823368579800,46.66657983398437,-5.555996296805143,-8.056386295095086,-0.6292382526390254
1789147823378552000,46.67655200195313,-5.562440066117048,-8.052295810911058,-0.6246507056530565
1789147823388523800,46.68652368164062,-5.57317890227437,-8.044989871811866,-0.6230680395714938
1789147823398496000,46.69649609375,-5.584085496214032,-8.037125129786133,-0.6269026492983102
1789147823408469000,46.70646899414062,-5.591136583769321,-8.031566911137103,-0.6352324515525252
1789147823418440700,46.71644067382813,-5.596998753800988,-8.026771493554115,-0.6441551781985908
1789147823428413000,46.72641284179687,-5.598688606584072,-8.024663123098016,-0.655631607915461
1789147823438385000,46.73638500976563,-5.597957954221964,-8.024372031196952,-0.6653569561813026
1789147823448356900,46.74635693359375,-5.604514536258578,-8.019204857692122,-0.6724263831108808
1789147823458329900,46.75632983398437,-5.606994662636518,-8.016587368670105,-0.6828747118890285
1789147823468301800,46.7663017578125,-5.605971749329567,-8.016229056751728,-0.6953706208467483
1789147823478273800,46.77627368164063,-5.608404529434442,-8.013141027608514,-0.7111699552640318
1789147823488246000,46.78624609375,-5.610166862931847,-8.010243552601336,-0.7296584557000547
1789147823498217700,46.7962177734375,-5.610101981002092,-8.008537917727232,-0.7486336436744779
1789147823508191000,46.80619091796875,-5.598233848553896,-8.015307265731693,-0.7648579255055635
1789147823518163000,46.81616284179688,-5.584356129848957,-8.024027163282037,-0.7748189822234213
1789147823528135000,46.82613500976562,-5.58880784856081,-8.019814514023064,-0.7862450699925422
1789147823538107000,46.83610693359375,-5.595724496081471,-8.013942991641164,-0.7968584531392902
1789147823548078800,46.84607885742187,-5.593536046126484,-8.013890969192982,-0.8125943669315427
1789147823558051800,46.8560517578125,-5.5914358589768405,-8.014044698449968,-0.8254165121689439
1789147823568023800,46.86602392578125,-5.5880602450639,-8.015359872701763,-0.8354485882963985
1789147823577995800,46.875995849609374,-5.5783361389070745,-8.021682061460615,-0.8397349603787064
1789147823587968000,46.88596801757812,-5.568633660060167,-8.028053350058197,-0.8432394613683223
1789147823597941000,46.89594091796875,-5.572931064993143,-8.024546803241968,-0.8482208299774676
1789147823607912700,46.90591259765625,-5.587132608824968,-8.013527396577595,-0.8589051594685763
1789147823617885000,46.91588500976562,-5.590483672818541,-8.0102569966048,-0.8675621478505432
1789147823627857000,46.92585693359375,-5.59141890784204,-8.00820707833767,-0.8803606930166482
1789147823637828900,46.93582885742188,-5.5932461232692,-8.005561532264947,-0.8927254498753696
1789147823647801900,46.9458017578125,-5.583534292072057,-8.012043880021572,-0.8953742108184843
1789147823657774000,46.955774169921874,-5.574212921497225,-8.018463683936,-0.8959854745846241
1789147823667745800,46.96574584960938,-5.57148203522861,-8.019667799028754,-0.9021588294573128
1789147823677718000,46.97571801757813,-5.563170133957266,-8.023543763679266,-0.9188369194705038
1789147823687689700,46.98568969726563,-5.5581140196114776,-8.025625830650329,-0.931167627929151
1789147823697662700,46.99566284179687,-5.555712803688645,-8.025229524809122,-0.9487494618490336
1789147823707635000,47.005635009765626,-5.550944274112582,-8.026696674752236,-0.964125164026767
1789147823717606700,47.01560668945312,-5.545510558626056,-8.029047621792554,-0.9757548846092076
1789147823727579000,47.02557885742188,-5.539750095403194,-8.03220813165009,-0.9824386001568288
1789147823737550800,47.03555078125,-5.543721337121725,-8.028470114165543,-0.990559216639772
1789147823747523800,47.04552392578125,-5.547761552423238,-8.02497233517766,-0.9962663422401994
1789147823757495800,47.05549584960937,-5.552269969758391,-8.021481570452451,-0.9992542720098048
1789147823767468000,47.06546801757813,-5.55529253244996,-8.019190829166769,-1.0008388377875088
1789147823777439700,47.07543969726562,-5.562691995051503,-8.014065156716107,-1.000799382559955
1789147823787412000,47.08541186523438,-5.568433169052004,-8.010121387526393,-1.0004418012939391
1789147823797385000,47.09538500976562,-5.573574623593688,-8.006894242173432,-0.9976409915942698
1789147823807357000,47.10535693359375,-5.566046566176414,-8.01380036830008,-0.984132398462668
1789147823817329000,47.11532885742187,-5.565466720461845,-8.015262842068076,-0.975462915925309
1789147823827300900,47.12530078125,-5.56586770247817,-8.014765998461842,-0.9772489225592464
1789147823837272800,47.13527294921875,-5.562347711658478,-8.017035112437606,-0.9786785900361836
1789147823847245800,47.145245849609374,-5.5534074493557215,-8.02493200316727,-0.9646323828965424
1789147823857217800,47.1552177734375,-5.548683343443274,-8.029384890922904,-0.9547053015135228
1789147823867189800,47.165189697265625,-5.543128047403693,-8.034265648701787,-0.9458831856977196
1789147823877162000,47.17516186523437,-5.538641841900349,-8.038043413674831,-0.9400508993476628
