x,y,z
-0.2838298976421356,0.367066890001297,0.0051339282654225
-0.3809360861778259,0.3227294981479645,0.0357804857194423
-0.3644764125347137,0.1572968512773513,0.0435198992490768
-0.1933717429637909,-0.0223959740251302,-0.0744858160614967
-0.1039603725075721,-0.0069855921901762,-0.1538264453411102
-0.1956090182065963,0.138692244887352,-0.0029626584146171
-0.301941841840744,0.1156151592731475,0.0903276056051254
-0.2453345507383346,-0.0670899748802185,-0.0228106174618005
-0.1211558654904365,-0.1519260257482528,-0.1900576502084732
-0.0844694450497627,-0.0894818007946014,-0.1735812723636627
-0.1356109231710434,-0.0857046395540237,0.0010717643890529
-0.03519182279706,-0.1561715900897979,0.0338856987655162
0.0708187669515609,-0.1797594726085662,-0.0946027636528015
0.0341549068689346,-0.1092087551951408,-0.1224404573440551
-0.1034543588757515,-0.027711234986782,-0.0867823287844657
-0.0173373334109783,-0.1401234567165374,-0.0749436914920806
0.0578929707407951,-0.1929821521043777,-0.1202230229973793
0.2492049634456634,-0.1866194158792495,-0.2244818657636642
0.3005134165287018,-0.0541519224643707,-0.2099548429250717
0.140839621424675,0.0924496427178382,-0.0738696381449699
0.1099807769060134,-0.0226207543164491,-0.0633024796843528
0.0328683778643608,-0.0021793274208903,-0.1445394307374954
0.2072191536426544,0.0217473115772008,-0.1469298750162124
0.3254806101322174,-0.0771647095680236,-0.1354836970567703
0.3384946882724762,-0.1064624115824699,-0.0255947429686784
0.41518035531044,0.0999249070882797,0.0273756310343742
0.5283641219139099,0.093999907374382,-0.1027426868677139
0.5609694123268127,-0.0419851802289485,-0.1427352577447891
0.5996143221855164,-0.0678697749972343,-0.0979733765125274
0.5670644640922546,0.024269975721836,-0.0633397996425628
0.6611249446868896,0.0091331014409661,-0.0092033231630921
0.613277018070221,0.0040306872688233,-0.035590287297964
0.3103256523609161,0.2129112035036087,0.0699265524744987
0.1709887087345123,0.3606458604335785,0.1258562505245208
0.2963644862174988,0.1701422184705734,0.007528013549745
0.4187657535076141,-0.0880156084895134,-0.128202736377716
0.3361939191818237,-0.025419607758522,-0.2131565064191818
0.266345351934433,0.1366656124591827,-0.0816991925239563
0.1631584912538528,0.1095370501279831,0.1437746733427047
-0.0013372494140639,0.0378064066171646,0.157413512468338
-0.0077970130369067,-0.0076063484884798,0.0533899217844009
0.0878457725048065,-0.1947594583034515,-0.0919758826494216
0.2072241008281707,-0.3172526061534881,-0.110813483595848
0.0481788255274295,-0.0964095368981361,-0.0267556495964527
-0.2460341602563858,0.0416205003857612,0.1458123922348022
-0.1115534529089927,-0.0314279086887836,0.1612187474966049
-0.1551803052425384,-0.0680471733212471,0.1148448511958122
-0.3805851340293884,0.1240743920207023,0.2612750828266144
-0.2637647986412048,0.1651869416236877,0.3312288522720337
0.1059132292866706,-0.0595635846257209,0.1764366775751114
-0.2259877324104309,0.1301954239606857,0.1343728452920913
-0.2071480005979538,0.3347305357456207,0.2404807209968567
0.2683961689472198,0.0628792941570282,0.1574635952711105
-0.0146994199603796,0.0739563927054405,0.117534190416336
-0.4303304255008697,0.4878784716129303,0.4056626558303833
-0.3614725768566131,0.5356795787811279,0.5483927726745605
-0.1683768928050995,0.2527562975883484,0.4790735840797424
-0.2488730549812317,0.3972356021404266,0.4762302339076996
-0.235326886177063,0.5911704301834106,0.3746167719364166
-0.0986260622739791,0.4200506210327148,0.3040273189544678
0.0980995148420333,0.2495223134756088,0.2977675795555115
0.0968965739011764,0.1760244965553283,0.0609682202339172
-0.008426385000348,0.2545057237148285,-0.0517348945140838
-0.1504816561937332,0.3172696530818939,0.154063731431961
0.0534759983420372,0.1399896889925003,0.2380619645118713
0.1923137158155441,0.0065655466169118,0.017848826944828
0.2133169919252395,0.0154125681146979,-0.2024366706609726
0.1342561990022659,0.0501402169466018,-0.1022927537560463
0.2622823417186737,0.0503231771290302,-0.0138499708846211
0.1523900032043457,0.0269270129501819,0.0045364848338067
0.0478180460631847,0.0696827247738838,-0.0176396574825048
0.1448816061019897,-0.0704685449600219,-0.0829923301935195
0.0977748110890388,-0.0861513689160347,-0.1845727562904358
0.1808767020702362,0.0283197276294231,-0.1436027735471725
0.3029805123806,0.0094959717243909,-0.0986744314432144
0.1233593374490737,0.0106890080496668,-0.1714533865451812
-0.1347299963235855,0.076963372528553,-0.1016961261630058
-0.0939421132206916,0.0534763000905513,0.0438148528337478
0.3442800045013428,-0.1132719367742538,0.106561854481697
0.1385555416345596,0.176325261592865,-0.01579518802464
0.1145066544413566,0.3460802137851715,-0.0348935164511203
0.1627476960420608,0.2187494188547134,-0.4159961342811584
0.1550229340791702,0.0756380632519722,-0.2103540152311325
0.1161461696028709,0.3136824071407318,-0.0344465002417564
-0.0269699804484844,0.3257135152816772,0.0715553015470504
-0.1417717486619949,0.2697839736938476,0.1179291754961013
-0.093390092253685,0.2587675452232361,0.1683390885591507
0.0012548634549602,0.2300969660282135,0.0598077736794948
-0.0549319759011268,0.2512224912643432,-0.1083356887102127
0.0182235371321439,0.1969462186098098,-0.1667520701885223
0.0527610071003437,0.0778813585639,-0.2970669269561767
0.1171110421419143,-0.0370227098464965,-0.446192979812622
0.0226465910673141,-0.0460929051041603,-0.415980190038681
-0.0662600621581077,-0.0458008162677288,-0.224919393658638
-0.2033633142709732,-0.0034791906364262,-0.1316997110843658
-0.1650868356227874,-0.0294879712164402,-0.0680750533938407
0.0383887849748134,-0.1278190612792968,-0.0946371555328369
0.0395925343036651,-0.1285895556211471,-0.1504465937614441
0.022524069994688,-0.0844231620430946,-0.1798782497644424
0.1021043136715889,-0.0630886629223823,-0.0834975317120552
0.0872052609920501,0.0094009861350059,-0.0679215043783187
0.1576636582612991,0.0528920590877532,-0.1365963518619537
0.2665432393550873,0.0555613413453102,-0.0800787359476089
0.3931020200252533,0.1238226369023323,0.0290330313146114
0.1835796684026718,0.2162042260169983,0.0669612437486648
-0.125370442867279,0.3198528587818146,0.1514745205640792
-0.1178278475999832,0.3067530393600464,0.2296899557113647
-0.0730936005711555,0.2765509486198425,0.0762939974665641
-0.1124910712242126,0.2999864816665649,-0.0713615044951438
-0.0311871599406003,0.3016046285629272,-0.0405426137149333
0.2182138860225677,0.22298464179039,-0.0140441600233316
0.0354789532721042,0.1640286445617675,-0.0921938195824623
-0.0449961833655834,0.2022748291492462,-0.1668835133314132
-0.1037593558430671,0.1545867770910263,-0.1470185816287994
-0.0852120369672775,0.0772270187735557,-0.1123516783118248
0.0170685220509767,0.1175786480307579,-0.1534051746129989
-0.0488005056977272,0.1203179731965065,-0.2604709267616272
-0.1234728395938873,0.0987718775868415,-0.2954244613647461
0.1135580837726593,0.0156724639236927,-0.3375420868396759
-0.0895706415176391,0.050028245896101,-0.5175771117210388
-0.0114185791462659,-0.001307378988713,-0.5837633013725281
0.0074345231987535,-0.240549698472023,-0.5619431138038635
0.214277446269989,-0.4275930821895599,-0.5757478475570679
0.1571681648492813,-0.309154748916626,-0.5963942408561707
-0.0380737632513046,-0.2008440047502517,-0.4253575503826141
0.0144706750288605,-0.4360170364379883,-0.4492945075035095
0.0729435682296752,-0.6906128525733948,-0.5670520067214966
0.3543146550655365,-0.6522358059883118,-0.6983432769775391
0.0768817141652107,-0.4724489450454712,-0.6887601613998413
-0.1753047108650207,-0.4276331067085266,-0.5438616871833801
-0.1703530997037887,-0.5060510039329529,-0.5073500275611877
-0.0790339112281799,-0.5084537863731384,-0.4944425523281097
0.0684660673141479,-0.4833917915821075,-0.426054447889328
0.1863960921764373,-0.4628030061721802,-0.4068275988101959
0.1618894189596176,-0.5074466466903687,-0.4948397576808929
0.1061995923519134,-0.568166971206665,-0.5891702175140381
-0.1477631628513336,-0.6448074579238892,-0.6240842938423157
-0.1376037448644638,-0.6858426332473755,-0.6329527497291565
-0.0806741490960121,-0.7460002899169922,-0.6429747343063354
-0.1356748938560485,-0.8474921584129333,-0.6691399812698364
-0.0626289024949073,-0.8632349371910095,-0.6811156272888184
0.1033738553524017,-0.8421132564544678,-0.6107321381568909
0.0629662424325943,-0.7959383130073547,-0.497431993484497
0.2389324456453323,-0.7146264314651489,-0.4595051109790802
0.3602122664451599,-0.7101448774337769,-0.4853481352329254
0.0756878182291984,-0.6482313871383667,-0.4073279798030853
-0.2133429199457168,-0.5589411854743958,-0.2834444046020508
0.0371512845158577,-0.5975621938705444,-0.2855552732944488
0.2264607697725296,-0.5751705765724182,-0.3510636985301971
0.0451372936367988,-0.4649520516395569,-0.3015609979629516
0.0131031945347785,-0.3153004944324493,-0.0845671743154525
0.092411883175373,-0.2123491764068603,0.1154572144150734
-0.0129371797665953,-0.2113257199525833,0.1543100625276565
-0.1791206747293472,-0.2303777933120727,0.1796787977218628
-0.1754628121852874,-0.2474923282861709,0.2147915065288543
-0.0168770607560873,-0.2055391371250152,0.280285120010376
0.0435876175761222,-0.1320641189813614,0.3494093120098114
-0.051998496055603,-0.1181916519999504,0.3762971758842468
0.1192962899804115,-0.1623210310935974,0.2360452562570572
0.281689316034317,-0.1381947249174118,0.2893657088279724
0.2871091067790985,0.0358638949692249,0.4318522810935974
-0.2305939346551895,0.2451344430446624,0.6062570214271545
-0.3144249320030212,0.2642420828342438,0.6600046753883362
-0.1828438192605972,0.1281588822603225,0.6434752941131592
0.100872054696083,0.1761985719203949,0.6680954098701477
-0.004374929703772,0.369015485048294,0.6832584738731384
-0.2789987623691559,0.4252340197563171,0.7335565090179443
-0.3098669350147247,0.3305558860301971,0.6768826842308044
-0.1804127991199493,0.1879939287900924,0.5199732780456543
0.0216197706758976,0.1940940916538238,0.3590804636478424
0.0408659018576145,0.2204820364713668,0.3599084317684173
-0.1996646374464035,0.2639650106430053,0.3058100640773773
-0.169235348701477,0.2442602813243866,0.3975413143634796
0.0178936310112476,0.2537823319435119,0.5552051067352295
-0.0286206062883138,0.2539713978767395,0.4506104588508606
-0.2215254753828048,0.2950518727302551,0.4321865439414978
-0.0851939991116523,0.3015214800834656,0.5022119879722595
0.0426369234919548,0.3639397323131561,0.4346954524517059
0.1774916797876358,0.3213134706020355,0.3348125219345093
-0.0319048129022121,0.2643273174762726,0.1691616773605346
-0.0868996232748031,0.2804796695709228,0.1488502770662307
0.160025879740715,0.255537748336792,0.2282334119081497
0.2522189319133758,0.1535035073757171,0.2212996035814285
0.1157827898859977,0.0950870439410209,0.1866378635168075
0.0184935256838798,0.1521418243646621,0.2188889980316162
0.1310634613037109,0.1337294429540634,0.2951711118221283
0.0972967073321342,0.0913763865828514,0.2653149366378784
-0.080542467534542,0.1160464137792587,0.1495790481567382
0.0858923122286796,0.0491573959589004,0.0819547399878501
0.2010673582553863,0.0291324239224195,0.0503365956246852
0.1669109910726547,0.0210430696606636,0.0707289576530456
0.0486330315470695,0.0382788181304931,0.069642387330532
-0.1385461837053299,0.0430687814950943,0.0966857224702835
-0.1795747876167297,0.0453683845698833,0.0814833343029022
-0.1122937500476837,0.0362659655511379,0.1118199303746223
-0.1550228744745254,0.0940187200903892,0.1207529008388519
0.172130212187767,0.0489231497049331,0.1235076785087585
0.1987220495939254,0.0553997419774532,0.0828796625137329
-0.1209278628230094,0.0920546874403953,-0.0669790729880333
-0.1909776180982589,0.0940247029066085,-0.170848473906517
-0.1670909225940704,0.097870834171772,-0.1820745021104812
-0.0733236968517303,0.0669335201382637,-0.0971877798438072
0.0813636183738708,0.0296428743749856,0.0494517236948013
0.0276846718043088,0.0113277230411767,0.0476982295513153
0.0202712304890155,0.016003169119358,0.0473173968493938
0.1323546022176742,0.0597037002444267,0.0989390909671783
0.124513179063797,0.020098503679037,-0.0292945113033056
-0.0860878229141235,0.0148467049002647,-0.0943484753370285
0.0619176179170608,0.0042563783936202,-0.0226399358361959
0.0990698486566543,-0.0257115215063095,0.0588137581944465
-0.1293904781341552,0.0190777890384197,0.0820682197809219
-0.1490869224071502,0.0191050879657268,0.1050294041633606
-0.0117913801223039,0.0304656010121107,0.173585832118988
-0.0351500064134597,0.0407202914357185,0.1684122234582901
-0.1759100556373596,0.0615376904606819,0.138600006699562
0.0462790057063102,0.0569795668125152,0.1214557886123657
0.217759683728218,0.07052493840456,0.0994445011019706
0.0946941450238227,0.1198185458779335,0.0565530359745025
-0.0035844901576638,0.1133092418313026,0.0093136196956038
0.0447598695755004,0.1322822570800781,0.1275844871997833
0.0327681824564933,0.1519062966108322,0.2019979953765869
0.0288013201206922,0.1336735486984253,0.1588541567325592
0.019744174554944,0.1252566277980804,0.125785693526268
-0.1365396529436111,0.1227038279175758,0.0618469677865505
-0.2215477526187896,0.0859181135892868,0.0683195143938064
-0.042175967246294,0.0883939117193222,0.0529310517013073
0.0699231401085853,0.0517685301601886,0.0177698694169521
-0.0221553370356559,0.0648251697421073,-0.0011452380567789
-0.1587675213813781,0.0455856993794441,-0.0843948498368263
-0.0109504032880067,-0.0179867222905159,-0.0629253014922142
0.1511586159467697,-0.0461094342172145,-0.0059224627912044
-0.035519078373909,-0.040148913860321,0.0496308580040931
0.0223367623984813,-0.0490798242390155,0.1351601481437683
-0.0911961793899536,-0.0554837174713611,0.0921888947486877
-0.066863939166069,-0.0311658605933189,0.045911680907011
-0.1781906634569168,-0.0450645722448825,0.0072476835921406
-0.0697597861289978,-0.008251161314547,0.0074194576591253
0.0136748421937227,-0.0023659043945372,-0.0187653172761201
0.0760727077722549,-0.0483019687235355,0.0477042533457279
0.0474264957010746,-0.0730593204498291,-0.0145655227825045
-0.2404265850782394,-0.0271128695458173,-0.0590008944272995
-0.1337396502494812,-0.0038045439869165,0.0061285807751119
-0.029006041586399,-0.0351329036056995,0.1395428329706192
0.0980962067842483,-0.0472458638250827,0.1473863273859024
-0.0354810282588005,0.0204500965774059,0.1309125423431396
0.0685404241085052,0.1046842038631439,0.2124309688806533
0.1588977575302124,0.1343638151884079,0.2002147883176803
0.1703665107488632,0.1267794817686081,0.145332470536232
-0.0048356661573052,0.167632907629013,0.1248431652784347
-0.0961398109793663,0.2265980988740921,0.188007116317749
-0.0154739990830421,0.2162370681762695,0.2712274193763733
-0.0523253791034221,0.2360926121473312,0.266624242067337
0.0350031331181526,0.2307495176792144,0.2161107510328292
0.0984027236700058,0.2448552101850509,0.2176858931779861
-0.043169055134058,0.2590573132038116,0.1870677918195724
0.0138266552239656,0.2458003759384155,0.1080057993531227
0.0776740759611129,0.2429374754428863,0.1154195070266723
-0.0650718361139297,0.2723731100559234,0.2048923969268798
-0.1586055010557174,0.2690734565258026,0.2230064123868942
0.0398824773728847,0.2685313820838928,0.2458394467830658
0.3266173303127289,0.260109931230545,0.3112698495388031
-0.0007905908278189,0.2407771497964859,0.2448334991931915
-0.0074964305385947,0.1867264360189438,0.0817798525094986
-0.0563031658530235,0.2178380787372589,0.0025910097174346
-0.123483270406723,0.2116792500019073,0.087758369743824
-0.0891866758465766,0.1692101657390594,0.0311133973300457
0.1463512778282165,0.1896715015172958,-0.0090281628072261
0.1613131612539291,0.1653022170066833,0.0277388375252485
0.0719643756747245,0.1466955095529556,-0.0115965837612748
0.0826185569167137,0.1162159889936447,-0.1245816424489021
-0.0107452105730772,0.1147110313177108,-0.1073374152183532
-0.1203487664461135,0.0755564346909523,-0.0178527720272541
-0.0458292551338672,0.0402679517865181,-0.017451699823141
-0.0235375668853521,0.0515352375805377,-0.0483050234615802
0.1554183363914489,0.0405595526099205,-0.071842573583126
0.1230955496430397,0.0614280812442302,-0.0228452011942863
0.2603839039802551,0.0562453009188175,-0.0116458097472786
0.1531357318162918,-0.0021961699239909,-0.0733848065137863
0.0493773855268955,0.0363237932324409,-0.0246335137635469
0.0591224953532218,0.0428021810948848,-0.0806317403912544
-0.0189382173120975,0.0180161390453577,-0.1195154935121536
0.1012522652745246,0.0468711405992507,-0.0651357099413871
0.0473520196974277,0.1104045733809471,-0.0901846066117286
-0.0603783354163169,0.0988646522164344,-0.1211301684379577
-0.0006577468011528,0.0584533140063285,-0.1849770545959472
-0.0090884622186422,0.0397551357746124,-0.1240774989128112
0.078245110809803,0.0188455916941165,-0.0712664797902107
0.1689886003732681,-0.0151897054165601,-0.0559644997119903
-0.0660646632313728,-0.0026057362556457,0.0082965092733502
-0.09854257106781,0.0130662694573402,0.0167405046522617
-0.0431373678147792,0.0230728313326835,0.1078925132751464
-0.043844074010849,0.0563001073896884,0.0737362578511238
-0.2473463267087936,0.0697748959064483,0.0614862479269504
-0.0693833902478218,0.1139074340462684,0.1306801289319992
0.2698356807231903,0.1283114105463028,0.0520340539515018
0.0040822369046509,0.1166953742504119,-0.0001435135491192
-0.1128547638654708,0.1843873411417007,-0.0211489293724298
-0.1156226322054863,0.2743454873561859,0.0762937366962432
0.0086572393774986,0.2755652368068695,0.1039722338318824
0.0168139953166246,0.2220298498868942,0.1857569962739944
0.1410160958766937,0.2399947345256805,0.2374183237552642
-0.0153308389708399,0.254215806722641,0.1707518547773361
-0.1101183295249939,0.2509851157665252,0.0864670574665069
-0.1401529461145401,0.248843252658844,-0.0429789349436759
-0.1254432499408722,0.2377386540174484,0.0018497894052416
0.1734282970428466,0.2380025684833526,0.037012867629528
0.1946022808551788,0.2260497659444809,0.0801145285367965
0.1344405263662338,0.187704250216484,0.0659222528338432
-0.0224353764206171,0.2037940174341201,-0.0034978380426764
-0.1488296389579773,0.2342744171619415,-0.0410020388662815
-0.0626454800367355,0.2045535296201706,-0.0801209509372711
0.0999400690197944,0.1950583159923553,-0.0277794748544693
0.0510361790657043,0.1762292236089706,-0.0733024850487709
-0.0066117979586124,0.1214317306876182,-0.0867331027984619
-0.0414376892149448,0.0819857791066169,-0.1026745215058326
-0.0110432971268892,0.0781892538070678,-0.1792131066322326
0.1371965110301971,0.0129774939268827,-0.2418530434370041
0.1691532433032989,-0.020689683035016,-0.2004414647817611
0.1908598691225052,-0.0586493164300918,-0.1970714926719665
-0.0638861507177352,-0.1145142018795013,-0.276169866323471
-0.0654089450836181,-0.1930486857891082,-0.3405496478080749
-0.0454293191432952,-0.2429548054933548,-0.3737260401248932
-0.1063762977719307,-0.2081507593393325,-0.3606890738010406
-0.074638694524765,-0.2569717764854431,-0.4164250195026397
-0.0170574281364679,-0.3108054399490356,-0.467881828546524
0.0925420895218849,-0.3598510324954986,-0.4645350575447082
-0.0651370212435722,-0.375476062297821,-0.4826426804065704
-0.0708272457122802,-0.4075692892074585,-0.441224455833435
0.0460090935230255,-0.4301720559597015,-0.3991749882698059
0.0360066667199134,-0.4073389172554016,-0.3338062465190887
-0.0615387968719005,-0.4351947605609894,-0.3841367959976196
-0.1307481378316879,-0.466788649559021,-0.4375654458999634
-0.0270126778632402,-0.4586939513683319,-0.4147152602672577
-0.0446664877235889,-0.3942991197109222,-0.4076263308525085
-0.0786084756255149,-0.3468333184719085,-0.412259966135025
-0.0849365517497062,-0.2942570447921753,-0.3814996480941772
-0.14142806828022,-0.2440894842147827,-0.2419164627790451
-0.1071053072810173,-0.1770517230033874,-0.2111445516347885
0.0004589674063026,-0.1709919571876526,-0.1602861732244491
0.0864850059151649,-0.1691783517599105,-0.1427821069955825
-0.0568732246756553,-0.101429671049118,-0.1043670773506164
0.1023432910442352,-0.0634368136525154,0.0117766689509153
0.1688488125801086,-0.0487678572535514,0.0137199768796563
-0.0695571601390838,-0.0064911064691841,0.0186407808214426
-0.1770503371953964,0.0633353739976883,0.0534506924450397
0.0266845971345901,0.0998522639274597,0.1758410036563873
0.0729485005140304,0.0840693116188049,0.200607344508171
-0.0608803406357765,0.0895262882113456,0.2692355215549469
-0.0247202068567276,0.1262384951114654,0.3344414234161377
0.056871835142374,0.1389191150665283,0.3573191463947296
-0.1259573698043823,0.1788281798362732,0.312568724155426
-0.1229262799024581,0.1983494758605957,0.2364547103643417
-0.0107989450916647,0.1691593527793884,0.269400417804718
0.0177582763135433,0.1722366213798523,0.2781001329421997
0.0220931060612201,0.1663177460432052,0.2870978713035583
0.0484166853129863,0.1429070234298706,0.297124981880188
0.0133764119818806,0.1622860431671142,0.2565008699893951
-0.1320664882659912,0.1974431425333023,0.2820245325565338
0.033912893384695,0.2114785313606262,0.3336323201656341
0.0911309570074081,0.1903489232063293,0.3816133439540863
-0.0228816326707601,0.1859214156866073,0.3560310304164886
0.0830129161477088,0.1838937997817993,0.2489490807056427
0.1809961944818496,0.183168888092041,0.1516640782356262
0.1132655292749404,0.1950653791427612,0.0820421576499939
0.012874474748969,0.1817317306995391,-0.0321272909641265
-0.0679168924689292,0.1630589812994003,-0.1653357893228531
-0.0258301608264446,0.1756466776132583,-0.0831570252776146
0.0306755099445581,0.1995263546705246,0.0180938839912414
0.0745675936341285,0.1435490995645523,0.058595236390829
-0.0408341214060783,0.1410282105207443,-0.0348281152546405
-0.1892451643943786,0.1383040696382522,-0.0590362511575222
-0.0366653837263584,0.1022211536765098,-0.1542587876319885
0.249610036611557,0.051423754543066,-0.261132001876831
0.2984877228736877,-0.0415801182389259,-0.2888206243515014
0.1695494353771209,-0.1447147578001022,-0.3981444537639618
-0.1015467643737793,-0.2157755345106125,-0.4459476768970489
0.0524419993162155,-0.2430100739002227,-0.3880305588245392
-0.0428432300686836,-0.1745739430189132,-0.2486415356397628
0.0846782401204109,-0.2383177727460861,-0.2491488754749298
0.2016731053590774,-0.3537424802780151,-0.3481965065002441
0.1081231832504272,-0.4041369557380676,-0.3359776437282562
0.1765491664409637,-0.4014648199081421,-0.4646870195865631
0.0565527155995368,-0.4398364424705505,-0.5595227479934692
0.0671087205410003,-0.4269838631153106,-0.5047290325164795
-0.1590562462806701,-0.4154635369777679,-0.4160917997360229
0.1039367690682411,-0.4210063219070434,-0.2752918004989624
0.0905434638261795,-0.4360955357551574,-0.2224365919828415
-0.059129524976015,-0.3798365592956543,-0.268632024526596
-0.1634716391563415,-0.3326938152313232,-0.3007665276527405
-0.0853921473026275,-0.2409353703260421,-0.2959156036376953
0.1832302510738372,-0.1756503731012344,-0.1996819972991943
0.1567543596029281,-0.188382014632225,-0.0698972940444946
0.005980038549751,-0.1594076305627823,-0.0813622027635574
-0.0103081446141004,-0.1189608052372932,-0.0371984019875526
-0.08841173350811,-0.0854284092783927,0.0307407025247812
0.0646246075630188,-0.0931967422366142,0.0875472128391265
0.1433561742305755,-0.0927099138498306,0.1327756643295288
-0.0508556552231311,-0.0554181560873985,0.1568788886070251
-0.190717414021492,-0.0165282823145389,0.1267918199300766
-0.056813109666109,-0.0329097919166088,0.1736031919717788
0.2052267640829086,-0.0737821236252784,0.1471481472253799
0.0686713308095932,-0.0338815450668334,0.0866562351584434
-0.0096852565184235,0.0409679263830184,0.1420875489711761
0.0488595217466354,0.0816969498991966,0.2024622708559036
0.0048883380368351,0.0852283015847206,0.2803623974323272
-0.1578205525875091,0.1769212633371353,0.2265121787786483
-0.2249705642461776,0.2335152924060821,0.2582091391086578
0.0071407249197363,0.1815878897905349,0.240174189209938
0.2015325725078582,0.1592958867549896,0.1986512541770935
0.1667822003364563,0.1846955269575119,0.2802827060222626
0.0554000027477741,0.2213414311408996,0.2669788897037506
-0.3219012320041656,0.238126590847969,0.2022036910057068
-0.3413923680782318,0.2215193808078766,0.1448913961648941
0.0294963289052248,0.1105875223875045,0.1264194697141647
0.0831611603498458,0.1283779591321945,0.1385501623153686
0.0928554758429527,0.1455050259828567,0.1605685502290725
0.0553350001573562,0.1016616746783256,0.1730433255434036
0.0966525375843048,0.0921348184347152,0.1268393099308014
-0.070239245891571,0.0658837705850601,0.0345908626914024
-0.0079454341903328,0.0221324637532234,0.0450316369533538
-0.0006289316224865,0.0083761718124151,0.133093848824501
-0.0960927158594131,-0.0207650028169155,0.1977511048316955
-0.0668144598603248,-0.0303031150251626,0.1794589161872863
-0.0621917806565761,0.0016181608662009,0.0423559956252574
-0.2465765327215194,0.0062368810176849,-0.0409516766667366
-0.1557216495275497,0.0153838507831096,-0.0851022452116012
0.0076385075226426,-0.0279561672359704,-0.0162323713302612
0.1229787170886993,-0.0586885213851928,0.0372536852955818
-0.0429175719618797,-0.0502239316701889,0.013149413280189
-0.1267760843038559,-0.0198810137808322,0.0046879071742296
0.0968218669295311,-0.0202226974070072,-0.00661002099514
0.1740380525588989,0.0117139387875795,-0.0080709597095847
0.0509875044226646,0.0083037596195936,-0.0459336526691913
0.0800989270210266,-0.0523852705955505,-0.1595798283815384
-0.0449894815683364,-0.10632786154747,-0.1969916522502899
-0.0128220478072762,-0.1258972436189651,-0.2229458540678024
0.0068230265751481,-0.0808434933423996,-0.2202738970518112
-0.025171710178256,-0.1187268942594528,-0.1081059426069259
-0.1225142404437065,-0.1404668092727661,-0.0474508553743362
-0.1301613599061966,-0.1374519616365432,-0.0482812710106372
-0.0381752550601959,-0.1492383182048797,-0.1151963919401168
-0.2739199697971344,-0.112433910369873,-0.1955320686101913
-0.2193850725889206,-0.1138379275798797,-0.232968121767044
-0.030745405703783,-0.1045962125062942,-0.1943205446004867
0.0402376912534236,-0.1175319850444793,-0.1076788529753685
0.0077973771840333,-0.1443784534931183,-0.1129014268517494
-0.1677456796169281,-0.1374033689498901,-0.118055447936058
0.029874000698328,-0.0986368581652641,-0.0339686796069145
0.0953568667173385,-0.0837718918919563,0.0111593855544924
0.1587868928909301,-0.0852904990315437,0.0708580240607261
0.1671550720930099,-0.0883422195911407,0.0913121700286865
0.0176491010934114,-0.0365621782839298,0.1021053865551948
-0.1753097027540207,0.020581267774105,0.058969896286726
-0.063278704881668,-0.0002623321488499,0.020459908992052
0.1946630775928497,-0.0116324322298169,0.0860690101981163
0.1330834329128265,0.0001545310951769,0.1670417338609695
0.0266041290014982,0.0068744854070246,0.1360539942979812
-0.1187686622142791,0.0033215880393981,0.1015834063291549
0.003275221446529,0.0246718842536211,0.082509845495224
-0.0191732868552207,0.0152691816911101,0.101215474307537
-0.1138712987303733,0.0019118301570415,0.0558085739612579
-0.042830791324377,-0.0216679107397794,0.0788472741842269
0.0636176243424415,-0.0191882420331239,0.1233444362878799
-0.0274950489401817,0.0061303861439228,0.1240020543336868
0.0530195012688636,-0.0307943411171436,0.0252150241285562
-0.0418683625757694,-0.0255943350493907,0.048115536570549
-0.0916771963238716,0.0030077472329139,0.1072845831513404
-0.2040388286113739,-0.0021341354586184,0.0456582903861999
-0.0182857420295476,0.0074298088438808,0.0795968100428581
0.0828253626823425,0.0192335881292819,0.0608592964708805
-0.0929259583353996,-0.0027630566619336,0.0290220063179731
0.1214760467410087,-0.0305575747042894,-0.1009172722697258
0.2837874591350555,-0.0458039045333862,-0.0831409394741058
0.1347644180059433,-0.0283301956951618,-0.0134758474305272
-0.050992127507925,0.0027358443476259,-0.0020564785227179
-0.0601778998970985,-0.076406642794609,0.0445967763662338
0.0434867069125175,-0.099915437400341,0.1343823224306106
0.1592880338430404,-0.0501880683004856,0.2013943344354629
0.1713670641183853,-0.082609124481678,0.2166723608970642
0.1275077015161514,-0.0750872045755386,0.1394610106945037
-0.0743620544672012,0.0006818622350692,0.0565823726356029
-0.1458820402622223,-0.0307043343782424,-0.0697124451398849
-0.0910627245903015,-0.0207829922437667,-0.1284242421388626
-0.2029486149549484,0.017834672704339,0.0192940142005682
-0.0674919784069061,0.0118761155754327,0.0831302478909492
0.1185736581683158,-0.0211767107248306,0.1339102983474731
0.0117694493383169,0.0167214013636112,0.2048356086015701
-0.0543512888252735,0.1078332960605621,0.1789204627275467
-0.1869961619377136,0.0869008526206016,0.0561892166733741
-0.0199842918664217,0.0027811881154775,0.0162392109632492
0.1586925089359283,0.0594516545534133,0.1392258405685424
0.3133015930652618,0.0444468185305595,0.244647741317749
0.1613666415214538,0.0048698456957936,0.1767288744449615
-0.1500656902790069,0.1142064854502677,0.1781787425279617
-0.0625733882188797,0.2264174371957779,0.2119399011135101
-0.0905243158340454,0.1325675547122955,0.1862784773111343
-0.0566931143403053,0.1002993658185005,0.1043170243501663
-0.1142606362700462,0.135411337018013,0.1506583094596862
-0.1264757663011551,0.1145718321204185,0.2443650960922241
0.0135209495201706,0.0556540228426456,0.2478968650102615
0.0558076836168766,0.0714556276798248,0.1014632284641265
-0.0840350612998008,0.0710564106702804,-0.0034681437537074
-0.2140987962484359,0.0170088857412338,0.0218225661665201
-0.2440604716539383,0.0804856047034263,0.0935833826661109
0.0183096267282962,0.0981388986110687,0.1440340280532837
0.0641806125640869,-0.0204936787486076,0.153715118765831
0.124916136264801,-0.0342220067977905,0.1084808036684989
-0.0164676271378994,0.0312842540442943,-0.0242950916290283
-0.1180938482284545,0.0448626466095447,-0.0537650994956493
0.0131377167999744,-0.0128003563731908,-0.0394198708236217
-0.042676281183958,-0.0030004568397998,-0.0370983928442001
0.0908169671893119,-0.0084326183423399,0.0309983398765325
0.0509342700242996,-0.0503768734633922,0.085365705192089
0.2457428276538849,-0.0769078060984611,0.0722532421350479
0.0732368379831314,-0.0724339634180069,0.042308397591114
-0.4104364216327667,-0.0143685983493924,0.0819438397884368
-0.3662356734275818,-0.011178663931787,0.0579511597752571
-0.1255673319101333,-0.0192113928496837,0.0404572375118732
0.1126918420195579,-0.0541174449026584,0.1161000654101371
0.2514123618602752,-0.1695266366004943,0.1484986394643783
0.2580904960632324,-0.199570819735527,0.1288461089134216
0.0933474004268646,-0.1102520376443862,0.0820018276572227
-0.0930067598819732,-0.018546350300312,0.1123871654272079
0.1182885095477104,-0.0612134896218776,0.1638920158147812
-0.0693975016474723,-0.082695871591568,0.1854724138975143
0.0163751244544982,-0.037612184882164,0.2374047189950943
0.1634239703416824,0.0208750907331705,0.1700038462877273
0.0851581618189811,0.0221003200858831,0.1334197372198104
0.036104068160057,0.0355181246995925,0.0428293906152248
0.0312798619270324,0.029590219259262,-0.01105298101902
0.0533840991556644,0.0808121263980865,0.0880959704518318
-0.0120543502271175,0.1150603964924812,0.1534122824668884
-0.127890408039093,0.0787505879998207,0.2343766391277313
-0.1087399199604988,0.0675046443939209,0.2506510317325592
-0.1539436131715774,0.1370461732149124,0.3202101290225982
-0.1838135570287704,0.1951348632574081,0.2368439882993698
0.045063566416502,0.1368193477392196,0.1690369695425033
0.1152641922235488,0.1243939399719238,0.202178493142128
0.1229229122400283,0.1277511119842529,0.1407082080841064
0.0056804618798196,0.0723260641098022,0.2425809651613235
0.1055732369422912,0.1532544642686844,0.3990805745124817
-0.1102071329951286,0.2697809636592865,0.3998624980449676
-0.2104213386774063,0.2824046015739441,0.4242908954620361
0.1838364601135254,0.2368745505809784,0.4163770377635956
0.1568285375833511,0.3140204548835754,0.3464783728122711
-0.1034503877162933,0.3652586638927459,0.2978620231151581
-0.0727494657039642,0.3391176164150238,0.3154836297035217
0.0101789953187108,0.4053719937801361,0.3865441679954529
-0.1303107440471649,0.4170853793621063,0.3415724337100982
-0.0599604360759258,0.3582904636859894,0.4073743820190429
-0.01739938929677,0.3598255217075348,0.4937614798545837
-0.1494403034448623,0.3918175995349884,0.4879569113254547
0.0010799756273627,0.369437962770462,0.6091142296791077
0.0739163756370544,0.4226062297821045,0.6214507222175598
-0.1139773577451706,0.4813864529132843,0.5641282796859741
-0.06475081294775,0.5093098282814026,0.5953070521354675
0.1601829677820205,0.5115069150924683,0.5132750272750854
0.0721864178776741,0.515033483505249,0.4930839836597442
0.0959924161434173,0.596088171005249,0.521314263343811
0.1400629580020904,0.5987382531166077,0.5437085032463074
0.1070882305502891,0.5924733877182007,0.5113587975502014
-0.2007593214511871,0.6717727184295654,0.418968915939331
-0.0361024662852287,0.6513411998748779,0.4481880664825439
0.1519475579261779,0.6192880272865295,0.4964810311794281
0.1396379023790359,0.6422021389007568,0.5799015760421753
0.3617657721042633,0.610590398311615,0.6271616220474243
0.169633612036705,0.5712493658065796,0.5025448799133301
-0.1223260313272476,0.7137235999107361,0.3570219278335571
0.0418716929852962,0.7375890016555786,0.2462533414363861
0.2015202939510345,0.6310515999794006,0.1695562154054641
0.052822969853878,0.594202995300293,0.1159912496805191
0.0459848716855049,0.5847330093383789,0.0981564447283744
0.1784968376159668,0.5724209547042847,0.157580092549324
0.0293656829744577,0.6137736439704895,0.2428066879510879
-0.0189733523875474,0.6242166757583618,0.087933748960495
0.2010145038366317,0.5444303750991821,0.0108668552711606
0.3060016632080078,0.4735729992389679,0.1608584821224212
0.1227347552776336,0.5053446292877197,0.1301407366991043
0.2571953535079956,0.4628661274909973,0.004595867358148
0.3874759972095489,0.4612486660480499,-0.0202745534479618
0.2941026389598846,0.4854189753532409,-0.0554482564330101
0.2271561920642852,0.3895512223243713,-0.0804427787661552
0.2715830206871032,0.3495779633522033,-0.0191314909607172
0.2696892619132995,0.4164080321788788,-0.0509567223489284
0.3742865025997162,0.3434216976165771,-0.0961801260709762
0.3645066022872925,0.2905943393707275,-0.0411680825054645
0.1373075395822525,0.2828013896942138,-0.1805086731910705
0.1054685711860656,0.1744399070739746,-0.3461544513702392
-0.1630491763353347,0.1245035082101821,-0.4608189761638641
-0.0139675410464406,0.1852275878190994,-0.4822920560836792
0.15684175491333,0.1736015528440475,-0.3345971405506134
0.0922772139310836,0.0890073925256729,-0.3826811015605926
0.1393986493349075,-0.0516450591385364,-0.6242817044258118
0.0943204388022422,-0.0652154833078384,-0.54081791639328
0.0036445998121052,-0.0817936584353447,-0.5722930431365967
-0.0165660101920366,-0.137220025062561,-0.5923770666122437
0.0427782721817493,-0.2393383979797363,-0.5853928923606873
-0.0252442248165607,-0.263123869895935,-0.6103396415710449
0.1460036933422088,-0.2928865551948547,-0.597785234451294
-0.0635481923818588,-0.2654828429222107,-0.6294884085655212
-0.1198647245764732,-0.2177621722221374,-0.6205694675445557
-0.0437482632696628,-0.2111595869064331,-0.4862440824508667
-0.1710976958274841,-0.2658926248550415,-0.5400159955024719
-0.2425149828195572,-0.2221996337175369,-0.6926842331886292
-0.1241294890642166,-0.1684743463993072,-0.5684658885002136
0.0862652361392974,-0.2708221077919006,-0.4056056439876556
0.1560781449079513,-0.3005824089050293,-0.4728376865386963
-0.0294427666813135,-0.253696858882904,-0.4169535636901855
-0.1250800788402557,-0.1162140965461731,-0.2886568605899811
-0.0395473428070545,-0.1336464285850525,-0.2241281270980835
0.0244420301169157,-0.1275323331356048,-0.1604058742523193
-0.1520637273788452,-0.0814754143357276,-0.1581166982650756
-0.2853783965110779,-0.1085027754306793,-0.2191334366798401
-0.1149970367550849,-0.0777109563350677,-0.1796271204948425
-0.0034521287307143,0.013416551053524,-0.1102834641933441
-0.0187066849321126,0.0546264760196208,-0.0699656829237937
-0.0076015703380107,0.0903756842017173,-0.1278433501720428
-0.0169017631560564,0.1119977682828903,-0.0520591549575328
0.0659425258636474,0.1349893659353256,-0.0271476805210113
0.0351235494017601,0.1329816430807113,0.0338932648301124
0.0710908696055412,0.1639179736375808,0.0886670351028442
0.0046856347471475,0.2251511365175247,0.043824765831232
-0.0966170132160186,0.216014102101326,0.049684252589941
0.2053925991058349,0.2038997858762741,0.1012832596898078
0.2376762330532074,0.2273851335048675,0.1031823605298996
0.1106506437063217,0.228490799665451,-0.004128037020564
0.1262780725955963,0.2094867527484893,0.0791926905512809
0.2770017683506012,0.2235161811113357,0.1601359993219375
0.1500741839408874,0.1919297575950622,0.1403663009405136
0.0826278924942016,0.2098303884267807,0.0469034165143966
0.012846952304244,0.2078098505735397,-0.0984101071953773
-0.090888500213623,0.1220201328396797,-0.1227310374379158
-0.0076122498139739,0.1050302311778068,-0.112439788877964
0.0231379847973585,0.1051623970270156,-0.1065948009490966
-0.0399877205491066,0.0573344267904758,-0.0843589976429939
0.0443900078535079,0.0473201423883438,-0.0155588965862989
0.1624162495136261,0.0677228793501854,-0.0131623176857829
0.1224307566881179,0.037495594471693,-0.05383126065135
0.1661116629838943,0.0512758530676364,-0.1451649069786071
0.1087643727660179,0.0641607418656349,-0.1989189833402633
0.0880207493901252,0.0437473393976688,-0.1509035229682922
0.0895913541316986,0.0325174406170845,-0.1857360303401947
-0.1057014465332031,0.0028365119360387,-0.3128276765346527
-0.130349725484848,0.0553386732935905,-0.3371331393718719
0.028533125296235,0.0908857509493827,-0.1834687739610672
0.1069953665137291,0.0420215427875518,-0.1113803833723068
0.0114779006689786,-0.0366564951837062,-0.1610957384109497
-0.138545349240303,-0.0063731567934155,-0.3850303590297699
0.0242052227258682,-0.0106326164677739,-0.4350296258926391
0.1756040006875991,-0.0296854339540004,-0.3544688522815704
0.0253441948443651,-0.0776596218347549,-0.3798549175262451
-0.104152575135231,-0.2218804806470871,-0.4800903499126434
-0.1381891071796417,-0.2295714169740677,-0.5019226670265198
0.0209912285208702,-0.1532333195209503,-0.3529416620731354
0.0732499063014984,-0.1986306309700012,-0.3134547173976898
0.1516442149877548,-0.2561911344528198,-0.364025354385376
-0.057836040854454,-0.2416047304868698,-0.5023403763771057
-0.0482248589396476,-0.2551157474517822,-0.5748876333236694
0.0137594165280461,-0.254462718963623,-0.515137255191803
-0.0611047968268394,-0.2142888307571411,-0.4243614971637726
-0.1132127419114112,-0.2554293572902679,-0.5235653519630432
-0.1426510512828827,-0.2829349935054779,-0.5547014474868774
-0.0750959813594818,-0.2147945612668991,-0.4610489308834076
-0.0333344973623752,-0.2005947083234787,-0.4239424467086792
0.112765185534954,-0.2448085099458694,-0.3882680535316467
0.1592370271682739,-0.2792226076126098,-0.3840529918670654
0.0726787000894546,-0.3277488648891449,-0.3624334633350372
0.1267233937978744,-0.336925595998764,-0.3088804483413696
0.0515133328735828,-0.3091818392276764,-0.2932522296905517
0.030619541183114,-0.3236408531665802,-0.3015065491199493
-0.0235001537948846,-0.3268134891986847,-0.276419848203659
-0.0142346881330013,-0.2945807874202728,-0.2886377274990082
-0.0687192380428314,-0.2414626777172088,-0.3321141004562378
0.1410531401634216,-0.2540428042411804,-0.3336593210697174
0.0963043123483657,-0.2341639101505279,-0.2901302278041839
0.0816201567649841,-0.2313592582941055,-0.2421387732028961
-0.1076818630099296,-0.207877367734909,-0.1786239892244339
-0.067484937608242,-0.1621304154396057,-0.1582330763339996
0.0181388854980468,-0.1576757431030273,-0.188387781381607
0.0636228248476982,-0.1914487779140472,-0.1499586701393127
-0.0227698534727096,-0.2472662478685379,-0.2420228123664856
0.1532386243343353,-0.3226428031921386,-0.2572478950023651
0.3172741830348968,-0.3886021077632904,-0.2599486112594604
0.2063807994127273,-0.4212216436862945,-0.2203977555036544
0.1784024238586425,-0.4556312561035156,-0.2081842273473739
-0.0207846965640783,-0.4681903123855591,-0.2830040752887726
-0.0344642922282218,-0.4605835378170013,-0.2871490120887756
0.0046008443459868,-0.435852438211441,-0.2533445358276367
-0.0190570801496505,-0.4246674180030823,-0.2360329180955886
-0.0460995361208915,-0.4380275905132293,-0.2826050817966461
-0.04234154894948,-0.3900409042835235,-0.2761496007442474
0.0305135454982519,-0.3331661820411682,-0.2630177438259125
-0.018662255257368,-0.2769641876220703,-0.3109895288944244
-0.0845231711864471,-0.2332112044095993,-0.2992361187934875
-0.2313208580017089,-0.2126201689243316,-0.2473476231098175
-0.0728030800819397,-0.2466428875923156,-0.2341900765895843
0.0297640450298786,-0.2882262766361236,-0.1841719150543213
-0.0093248235061764,-0.2991820871829986,-0.1448211520910263
-0.0539194531738758,-0.2945590913295746,-0.0509378127753734
0.2419310808181762,-0.2729523777961731,0.0076317563652992
0.1678720414638519,-0.2691802680492401,-0.0266111679375171
0.0073380642570555,-0.2493231445550918,-0.0672346502542495
-0.1163255497813224,-0.2242606729269027,-0.0641328617930412
-0.0321713462471962,-0.2233034670352935,-0.0078547494485974
-0.0780996829271316,-0.2416891306638717,0.0291932839900255
-0.0708781480789184,-0.2132937163114547,0.1302563250064849
0.1207794398069381,-0.1603522151708603,0.1577920764684677
0.0538596324622631,-0.1468814015388488,0.1873252391815185
0.0002507327590137,-0.0985724478960037,0.2041108757257461
-0.0929180979728698,-0.0591531358659267,0.2185199111700058
0.0241336952894926,-0.0801721364259719,0.2067721784114837
0.1332141011953354,-0.0643547102808952,0.2009911686182022
0.0287683755159378,-0.0404304638504982,0.2055885940790176
-0.0228648465126752,-0.0140323378145694,0.2762238979339599
0.1056116372346878,-0.0149220991879701,0.3027511239051819
0.053409744054079,0.0042992183007299,0.2548620998859405
0.0682581961154937,0.0433558039367198,0.2058050632476806
0.0549334175884723,0.0388820841908454,0.2207431197166443
0.0508430674672126,-0.0023947823792696,0.2204469740390777
-0.0312019735574722,-0.0092029850929975,0.2797451019287109
0.1571434289216995,0.0155481686815619,0.2522503733634949
0.034205574542284,0.0380386114120483,0.234042078256607
-0.024868132546544,0.0399491637945175,0.1684614568948745
-0.0977124720811843,0.0392271317541599,0.1488322913646698
-0.0377743057906627,0.0691655874252319,0.101413644850254
-0.1373296529054641,0.0782188549637794,-0.0392340943217277
-0.1975589096546173,0.0834461078047752,-0.0005269132670946
0.0351890735328197,0.0846455469727516,0.066794067621231
0.1253293603658676,0.1245884299278259,0.1547217965126037
0.1557532250881195,0.1002603396773338,0.0957353264093399
-0.0115454904735088,0.0351961217820644,-0.0016452878480777
0.1753998100757599,-0.0136216320097446,-0.0406874530017375
0.1400290429592132,-0.00479431822896,-0.0179879963397979
0.2061221748590469,-0.0631866753101348,0.0202778931707143
0.1102864518761634,-0.0939379259943962,-0.0030034598894417
0.0531252585351467,-0.1043550372123718,-0.0089702755212783
0.0209598653018474,-0.1451030075550079,-0.0298020541667938
0.0179271977394819,-0.1749015748500824,-0.0240762196481227
-0.0698205009102821,-0.162897914648056,-0.1332533061504364
-0.1711867898702621,-0.1443237662315368,-0.1222288459539413
-0.0901385322213172,-0.1806373000144958,-0.0902605280280113
0.0298153050243854,-0.1898406744003296,-0.1108729764819145
0.0087052267044782,-0.171536773443222,-0.134659007191658
-0.0339968614280223,-0.1866874694824218,-0.2138634920120239
0.073402039706707,-0.2165556102991104,-0.2506662607192993
0.0943824052810669,-0.2095607966184616,-0.2788855135440826
-0.0614199712872505,-0.2483747750520706,-0.277992844581604
-0.1980957835912704,-0.3316926658153534,-0.3474502861499786
-0.0784937515854835,-0.2906240820884704,-0.3852711617946625
-0.0386418588459491,-0.2959454655647278,-0.2682733237743377
0.0212925802916288,-0.3246501088142395,-0.1956358700990677
0.1438609063625335,-0.3190448880195617,-0.2851525545120239
-0.0058686789125204,-0.3916647732257843,-0.3483909070491791
0.0583445094525814,-0.4028085768222809,-0.3161801695823669
-0.0343018025159835,-0.4018996357917785,-0.3421718180179596
-0.0591478534042835,-0.4153182506561279,-0.3091205656528473
-0.0132887549698352,-0.4432404339313507,-0.3014354705810547
0.0055016875267028,-0.4884427189826965,-0.2509559690952301
0.1106685847043991,-0.4781498610973358,-0.2246663123369217
-0.0166806634515523,-0.4517015814781189,-0.2901731431484222
-0.2126661539077758,-0.4695647358894348,-0.351534754037857
-0.1759881675243377,-0.4505320191383362,-0.3684723675251007
-0.0639338046312332,-0.418820708990097,-0.3424708843231201
0.0411458276212215,-0.4461864233016968,-0.2770515382289886
0.2617836594581604,-0.4641177654266357,-0.2784891128540039
0.0096995458006858,-0.4145587384700775,-0.3152012526988983
-0.1682637929916381,-0.3867926001548767,-0.234788179397583
-0.0791907534003257,-0.3724623322486877,-0.1833064407110214
0.0999710112810134,-0.3660867214202881,-0.1401504427194595
0.0306151434779167,-0.3592547178268432,-0.0495538040995597
-0.0021878089755773,-0.3388514220714569,-0.0800813511013984
0.0301819592714309,-0.358246773481369,-0.1382474899291992
0.0100647052749991,-0.3326567113399505,-0.1224725246429443
-0.0184055920690298,-0.2949644327163696,-0.0606243759393692
-0.0228464137762784,-0.245659738779068,-0.0380045510828495
0.0862702801823616,-0.2634377181529999,-0.0239758938550949
-0.0776486098766326,-0.2636361122131347,-0.0611656047403812
-0.0052110175602138,-0.2699615955352783,-0.0375944599509239
0.0295914374291896,-0.3107292652130127,0.0339345820248127
0.028811665251851,-0.284269779920578,0.0897872298955917
-0.1054814308881759,-0.2689488530158996,0.1018367037177085
-0.2356042563915252,-0.2865926027297973,0.1300842016935348
-0.1130820661783218,-0.2805805206298828,0.1372017711400985
0.0125778345391154,-0.2588893175125122,0.1537113487720489
0.2323253750801086,-0.2763189077377319,0.1234117746353149
0.1178080737590789,-0.2753918170928955,0.0932924523949623
0.0893913507461547,-0.2327223867177963,0.1192548051476478
0.0608504600822925,-0.1976198554039001,0.1273191273212433
-0.0134967407211661,-0.2023986279964447,0.1853270381689071
0.0409575998783111,-0.2321165055036544,0.2270462960004806
0.0483840927481651,-0.230567067861557,0.2939521074295044
0.0287188217043876,-0.2081730365753173,0.2737123072147369
-0.0482507944107055,-0.1809877455234527,0.2660629153251648
0.0998889356851577,-0.1700712293386459,0.3310927152633667
-0.1113149225711822,-0.0898230001330375,0.2981299757957458
0.0306327082216739,-0.0709844529628753,0.2793786227703094
0.1676954925060272,-0.1052641347050666,0.2883169949054718
0.1558355093002319,-0.045433934777975,0.321657121181488
0.0988446623086929,-0.0069912034086883,0.3792881965637207
-0.0473744161427021,0.0652872994542121,0.4401691854000091
-0.0705953165888786,0.127833753824234,0.4550458788871765
0.019430810585618,0.1497973054647445,0.5019188523292542
0.1603453159332275,0.1326036751270294,0.5495425462722778
0.1016199812293052,0.1496199667453766,0.5543336272239685
0.0527427196502685,0.1988572925329208,0.5796691179275513
-0.0913869962096214,0.299859881401062,0.5927264094352722
0.038098819553852,0.2450075447559356,0.5219635367393494
0.2196258157491684,0.1770218014717102,0.4296846985816955
0.2060468792915344,0.2513966858386993,0.3742906749248504
-0.0513669028878212,0.320652961730957,0.4257663488388061
-0.1817989498376846,0.2916735112667084,0.47038733959198
-0.156966358423233,0.1366109848022461,0.4070184528827667
0.0189839042723178,0.1291948854923248,0.377487450838089
0.0114666894078254,0.1302542239427566,0.3546445369720459
-0.0622240453958511,0.1013844907283783,0.280292809009552
-0.1123585104942321,0.0906220823526382,0.1614289283752441
-0.220519334077835,0.0700257271528244,0.0993775427341461
0.0587783902883529,0.0371531546115875,0.1601227223873138
0.1070766821503639,-0.0003681215457618,0.1749916821718216
-0.0620944425463676,-0.0450896546244621,0.1127889975905418
-0.1603704243898391,-0.0461554490029811,0.0694809406995773
-0.0649950206279754,-0.0372464656829834,0.0042748819105327
-0.0669074356555938,-0.095570757985115,0.0429988391697406
0.0046180668286979,-0.1397095769643783,0.1269911080598831
0.0240066796541214,-0.1320274323225021,0.0536913201212883
-0.0646028742194175,-0.1149859130382537,0.023331819102168
-0.0435644350945949,-0.120955653488636,-0.0444799847900867
0.0956069678068161,-0.0945680513978004,-0.0943804308772087
0.1784480512142181,-0.1259595155715942,-0.0678257867693901
-0.0447259619832038,-0.1219174116849899,-0.0305970814079046
-0.0983644276857376,-0.0694664493203163,-0.0272886361926794
-0.1414823085069656,-0.0635901242494583,-0.0340252518653869
-0.1116735488176345,-0.031235909089446,0.0371463969349861
-0.0636912137269973,-0.0055264746770262,0.0178257320076227
0.0286107510328292,0.0105323866009712,0.0846857205033302
0.0041320067830383,0.0174906030297279,0.1538011729717254
0.0002190240193158,0.0829718708992004,0.1835604012012481
0.0138582168146967,0.0890278592705726,0.1812095642089843
0.0372133404016494,0.0536035560071468,0.2330770194530487
0.0591009594500064,0.0387751534581184,0.3126392662525177
0.0233874358236789,0.0595858916640281,0.3436405658721924
0.1040316522121429,0.0804599449038505,0.4024020433425903
-0.0482910387217998,0.1584421098232269,0.3406375050544739
-0.1684291660785675,0.1873195618391037,0.2706410884857178
-0.1456578075885772,0.1405794769525528,0.1719829589128494
-0.1587246507406234,0.1839486360549926,0.1898535043001175
0.0062081064097583,0.1845355927944183,0.2580008506774902
0.0815766081213951,0.2002194225788116,0.3475798964500427
-0.0391775071620941,0.2247955948114395,0.2989945113658905
-0.0144020617008209,0.2049804031848907,0.2720212340354919
0.1709635406732559,0.1621186882257461,0.3172430396080017
-0.0066650467924773,0.2103221714496612,0.2885336279869079
-0.1080792844295501,0.2032347023487091,0.2761437892913818
-0.1650942116975784,0.227541983127594,0.3153956532478332
-0.1569795608520507,0.2795926630496979,0.2562556266784668
-0.1663312017917633,0.203287735581398,0.1646579802036285
-0.0520501621067523,0.1786223351955413,0.2299104779958725
0.1401651799678802,0.2028793096542358,0.242836132645607
-0.0495136603713035,0.1934868693351745,0.2642812430858612
-0.0345801524817943,0.1857670992612838,0.1523521095514297
-0.042509451508522,0.2325412631034851,0.0511940717697143
0.0289030447602272,0.2022960186004638,0.0192874707281589
-0.0073167430236935,0.1801579594612121,0.0504927933216095
0.1132970452308654,0.1735154241323471,0.0651745647192001
-0.0392312444746494,0.1707292199134826,0.0631990358233451
-0.06303671002388,0.1703960597515106,0.0636419132351875
-0.0563266091048717,0.1628755629062652,-0.0083593064919114
-0.1505097597837448,0.2076593786478042,0.0164413880556821
-0.1069356575608253,0.197216585278511,-0.0541100092232227
-0.008381575345993,0.1903702020645141,-0.0228463653475046
0.0336740016937255,0.1623542755842209,-0.1128316521644592
-0.0084673911333084,0.1194810792803764,-0.1848005503416061
0.0106032388284802,0.0891878828406333,-0.17554871737957
-0.0206068083643913,0.100316897034645,-0.1540958136320114
0.1258593201637268,0.0824340432882309,-0.0623786710202693
0.2368030548095703,0.0178030934184789,-0.0306636560708284
-0.0974771752953529,0.0115073807537555,-0.0341438762843608
-0.062852069735527,0.0400645472109317,-0.0258566942065954
0.1759964525699615,0.0417660400271415,0.0183539111167192
0.2280333638191223,0.0145238619297742,-0.0433211624622345
-0.0128476833924651,-0.0664418265223503,-0.1604501754045486
0.1217484474182128,-0.1257114112377166,-0.1643242537975311
0.1451326012611389,-0.0999905914068222,-0.1771849244832992
-0.0607257224619388,-0.1536363214254379,-0.1391314715147018
-0.0166373550891876,-0.1787288933992386,-0.0917338505387306
0.0852470099925994,-0.1551523059606552,-0.0433358885347843
-0.0026988282334059,-0.1564415395259857,-0.0564066842198371
-0.0077894777059555,-0.1705228090286255,-0.0946093127131462
0.038935150951147,-0.1252466589212417,-0.0417745932936668
0.0325464308261871,-0.1084825918078422,-0.0583065785467624
0.0559265874326229,-0.1290238201618194,-0.1290220320224762
0.0583267956972122,-0.0824838280677795,-0.1337221264839172
-0.0320920497179031,-0.0116458758711814,-0.0978858396410942
-0.0879340916872024,0.0157972425222396,-0.0457394681870937
0.304801195859909,-0.0088396603241562,0.0853972434997558
0.2799277603626251,0.0108565147966146,0.0654068738222122
-0.0303874891251325,0.0232993364334106,0.0057677752338349
-0.1342315822839737,0.0149227976799011,-0.0696679353713989
-0.0558377094566822,0.1185234934091568,-0.0204154346138238
-0.0052490648813545,0.0939442440867424,0.1338444203138351
-0.0346532948315143,0.0598722919821739,0.1122549623250961
-0.0554271042346954,0.0956224501132965,-0.0361705757677555
-0.1139681786298751,0.1177924647927284,-0.0253259167075157
0.0974216610193252,0.2085166871547699,0.074049636721611
0.4541126787662506,0.2039160728454589,0.0978023707866668
0.4741210639476776,0.0485508851706981,0.0513491854071617
0.1581093072891235,0.0254343803972005,0.0240768212825059
-0.1928945928812027,0.167125791311264,0.0974083691835403
0.1700868010520935,0.0914770886301994,0.1589132845401764
0.242573857307434,-0.0132552245631814,0.1117246448993682
0.2073844522237777,0.0230604391545057,0.0488029383122921
-0.1551477909088134,0.0190294906497001,-0.0203823372721672
-0.1368305683135986,0.0233006682246923,-0.0991019159555435
-0.179753303527832,0.1284082531929016,-0.0810664892196655
-0.1615247726440429,0.135513573884964,-0.0228409953415393
0.0483024902641773,0.0849774181842804,0.0568690113723278
0.0202173292636871,0.0545412190258502,0.0967242792248725
-0.2776812314987182,0.1126260682940483,0.0856110230088234
-0.2851719260215759,0.0987675115466117,0.0205798223614692
-0.2033519893884658,0.1167795062065124,0.0244328435510396
-0.0019488257821649,0.125797763466835,0.0461045801639556
0.2251159250736236,0.047613363713026,0.0215189661830663
0.0387548431754112,0.0300956256687641,0.0390012860298156
-0.2618002593517303,0.1345854550600052,-0.0337908491492271
0.0817701667547226,0.1151987090706825,0.0134115498512983
0.4200810194015503,0.0620598532259464,0.1449409425258636
0.1176641657948494,0.0964420661330223,0.1067011356353759
-0.0341811962425708,0.0697250217199325,0.0959038808941841
-0.2106534391641616,0.0277509447187185,-0.0037526721134781
-0.4700386226177215,0.0893813073635101,-0.0067580631002783
-0.220420241355896,0.0833436548709869,0.0471501760184764
-0.1335774213075637,0.1063121184706687,0.0582192279398441
-0.2289175242185592,0.134264126420021,0.0118029937148094
-0.2079861015081405,0.161648541688919,-0.0702079012989997
0.0006339534884318,0.1553834527730941,-0.1210745424032211
-0.0222641751170158,0.1349617391824722,-0.1559436917304992
-0.0100226905196905,0.1209058463573455,-0.1772551089525222
0.2082504332065582,0.0365327782928943,-0.150903508067131
0.3483790457248688,-0.0310883410274982,-0.1398495286703109
0.1266344040632248,0.0143633969128131,-0.1726324260234832
0.0625912323594093,0.0010047145187854,-0.1371439397335052
0.2352694571018219,-0.09738440066576,-0.1595714092254638
0.4041897654533386,-0.0903384760022163,-0.1534370929002761
0.3783798515796661,-0.0926248505711555,-0.1390548944473266
0.1085095107555389,-0.0792224928736686,-0.151669755578041
-0.0574624650180339,-0.0880911722779274,-0.1837043315172195
-0.0080768056213855,-0.1022522673010826,-0.2863369584083557
0.0758534297347068,-0.1032218188047409,-0.3108338415622711
0.0315884947776794,-0.1191408634185791,-0.2452833503484726
-0.1736903488636016,-0.1422517299652099,-0.2568516433238983
-0.2559205293655395,-0.163199096918106,-0.2391770333051681
0.0324790552258491,-0.1860623806715011,-0.1938273459672927
-0.0141033604741096,-0.200432538986206,-0.1266062408685684
0.1132228970527648,-0.2363230139017105,-0.0930090919137001
0.2213352471590042,-0.267354667186737,-0.0574753321707248
0.1317786425352096,-0.2363943010568618,-0.045351255685091
0.1396450847387313,-0.2034462094306945,-0.0766950622200965
0.0612529143691062,-0.2428420335054397,-0.0595771297812461
0.0105655007064342,-0.2445842772722244,-0.0413640365004539
-0.0446584373712539,-0.2023666501045227,-0.0429345108568668
0.088036760687828,-0.2054942697286605,0.0477176271378994
0.0024052206426858,-0.1656458675861358,0.0802107006311416
0.0062734624370932,-0.1112864837050437,0.1019879058003425
0.051365565508604,-0.0936827957630157,0.1949784457683563
-0.0486214868724346,-0.0321057140827178,0.1651281416416168
-0.3256611824035644,0.0216898526996374,0.1481520533561706
-0.3366366028785705,0.0734587758779525,0.2035034596920013
-0.111463114619255,0.1246367618441581,0.2359590232372284
-0.1498083770275116,0.170009046792984,0.2219087183475494
-0.1078970283269882,0.1746632754802703,0.2633990049362182
-0.098721370100975,0.2291395664215088,0.2453845888376236
-0.2843905985355377,0.2928190231323242,0.3081928193569183
-0.0797117576003074,0.3222810328006744,0.4015720188617706
0.1354560405015945,0.3624202013015747,0.4766106307506561
0.1811510920524597,0.3982684910297394,0.448526531457901
0.1888568103313446,0.3505828380584717,0.380794882774353
0.1608816385269165,0.3584769964218139,0.3098860681056976
0.1502661406993866,0.4317940473556518,0.277281105518341
0.1448034644126892,0.467314749956131,0.2581018209457397
0.1045488938689231,0.4164284169673919,0.1875141412019729
0.0172576624900102,0.4117489755153656,0.1092699393630027
-0.0528716258704662,0.4455641806125641,0.1384174227714538
-0.0224937442690134,0.426919937133789,0.1589442789554596
0.0163878574967384,0.4351077377796173,0.1801107078790664
0.0447039194405078,0.3857572376728058,0.0870129913091659
-0.097575269639492,0.3199303448200226,0.0230015888810157
-0.1115619242191314,0.3190690577030182,-0.0224737506359815
0.0643010735511779,0.2775709331035614,-0.1006057932972908
0.1152907535433769,0.1703722923994064,-0.101309135556221
0.130790889263153,0.0762715265154838,-0.1462252885103225
-0.0123614780604839,0.0431444644927978,-0.2799229025840759
-0.1472286581993103,-0.0604064054787159,-0.3905439078807831
-0.0600855015218257,-0.1933609843254089,-0.4420047104358673
0.1612065583467483,-0.1470534056425094,-0.2737390995025635
0.272840142250061,-0.2850498855113983,-0.2843206226825714
0.2121275514364242,-0.4314397871494293,-0.4062653183937073
0.1743676513433456,-0.4435177445411682,-0.4216104447841644
-0.0104204779490828,-0.4724681377410888,-0.5075619220733643
-0.0590804256498813,-0.4943673014640808,-0.5443257689476013
-0.1102350354194641,-0.4416956603527069,-0.4800127446651459
-0.1794865578413009,-0.4336995184421539,-0.431439608335495
-0.0749080330133438,-0.4627087414264679,-0.5315757989883423
-0.0111626097932457,-0.4418559074401855,-0.5913195610046387
-0.1379731148481369,-0.4311097860336303,-0.5204978585243225
-0.1076442375779151,-0.4135297238826751,-0.4595237076282501
0.0711774453520774,-0.4127054810523987,-0.3945178091526031
0.3290569484233856,-0.4372286796569824,-0.3162938356399536
0.2940674126148224,-0.4979434311389923,-0.3151964843273163
0.0857714861631393,-0.4329822659492492,-0.3163736164569855
-0.0582398474216461,-0.3559079468250274,-0.2650847733020782
0.0383836328983306,-0.3731106221675873,-0.2134892344474792
-0.1085072755813598,-0.3214982151985168,-0.1864330470561981
0.0333438701927661,-0.2907839715480804,-0.0941100344061851
-0.0484090484678745,-0.2322608679533004,0.0301214009523391
-0.0277663543820381,-0.138318121433258,0.0197302773594856
-0.0084347547963261,-0.1088837236166,0.0161765720695257
-0.0321555286645889,-0.0637093260884285,0.1069695875048637
-0.0066541279666125,-0.0032556201331317,0.1497309952974319
-0.0285775363445281,-0.0073869819752871,0.2439954578876495
-0.125485673546791,0.0681887045502662,0.3037837147712707
-0.0846937596797943,0.1151346415281295,0.2716236412525177
-0.1350699067115783,0.0599054396152496,0.2973347902297973
-0.1927169561386108,0.0920681655406951,0.3198627233505249
0.0599474310874938,0.1177920922636985,0.3015674352645874
0.2101103067398071,0.0726810693740844,0.3540681898593902
-0.0438106581568717,0.108634814620018,0.3423295319080353
-0.077002964913845,0.1275597810745239,0.2908271849155426
0.1355129331350326,0.0671153739094734,0.3748939335346222
0.0299119465053081,0.0877745822072029,0.3211824893951416
-0.0911637917160987,0.0970215275883674,0.2310784012079239
-0.0469768866896629,0.0484332144260406,0.2193929851055145
-0.2362048625946045,0.0657246261835098,0.2365996241569519
-0.2555266320705414,0.0701872855424881,0.2373980432748794
-0.2122234553098678,0.0552999302744865,0.2714686393737793
-0.2688976526260376,0.0902368798851966,0.2689756453037262
-0.0180058665573596,0.0980735346674919,0.232894942164421
0.2443740963935852,0.1028666943311691,0.2830545008182525
0.2820529341697693,0.1165278255939483,0.2208407819271087
-0.0169383026659488,0.1550696343183517,0.1029631569981575
0.0053955079056322,0.1397773474454879,0.0880041494965553
-0.0165492054075002,0.1199719458818435,0.0416076183319091
-0.1303769797086715,0.1006717532873153,-0.0029689040966331
0.0385401435196399,0.0562646090984344,0.0375660061836242
0.1401164680719375,0.0611139386892318,0.1479750424623489
0.0771529600024223,0.0848813205957412,0.1995351612567901
-0.0159592274576425,0.1160765662789344,0.1888937801122665
-0.0184556748718023,0.1785572618246078,0.194273367524147
0.0640170127153396,0.1729228943586349,0.1595636159181594
0.055125780403614,0.1233177930116653,0.2005720436573028
0.0336673483252525,0.1810793876647949,0.2633975744247436
-0.0174134112894535,0.1940106302499771,0.239477589726448
-0.0207435972988605,0.1585635095834732,0.2479902654886245
-0.0885617956519126,0.1761965602636337,0.106329545378685
-0.2030093818902969,0.1709153652191162,0.0337516777217388
-0.068343698978424,0.1960428208112716,0.0994254946708679
0.0281556528061628,0.2573972642421722,0.0625668764114379
0.1778157204389572,0.2506482899188995,0.1453927904367447
0.2980151176452636,0.2596860527992248,0.23056361079216
0.2576130926609039,0.2539868950843811,0.24141626060009
0.0762015804648399,0.2282321006059646,0.1782684028148651
-0.0183472968637943,0.1573526114225387,0.0209842454642057
0.0789467766880989,0.0927477478981018,0.0016300305724143
0.0494227074086666,0.1116447374224662,0.0559952668845653
0.0155213791877031,0.0781842917203903,0.0566134639084339
-0.0375463664531707,0.0144641678780317,-0.010208174586296
-0.0893840044736862,-0.0064506400376558,-0.042799025774002
-0.0959225967526435,-0.0179019663482904,-0.0655211135745048
-0.0219693593680858,-0.0121568106114864,-0.0500986389815807
0.1547257751226425,-0.00711997365579,-0.0214890968054533
0.2136715650558471,-0.002780947368592,-0.0392992496490478
0.1731877923011779,-0.0498267523944377,-0.0617100149393081
0.0499182902276515,-0.07690991461277,-0.0753419697284698
0.0169779192656278,-0.0126185454428195,-0.1177690550684928
0.0515080317854881,0.0015813903883099,-0.1322865486145019
0.1198042631149292,-0.0031899292953312,-0.0635586231946945
0.1492582261562347,0.0042012678459286,-0.0677773505449295
0.2277181446552276,-0.0300435218960046,-0.1042109951376915
-0.0108753470703959,-0.019480176270008,-0.1945160031318664
-0.0734665542840957,-0.0254469886422157,-0.1911404430866241
-0.1692359745502472,-0.0112261604517698,-0.1480781883001327
-0.2696640193462372,0.0047277719713747,-0.1276639997959137
-0.0337161198258399,0.0132071767002344,-0.0959912165999412
-0.0305983573198318,0.0288487207144498,-0.0929999575018882
0.0117348972707986,-0.0285067334771156,-0.0533242188394069
-0.0710209682583808,0.0113504007458686,-0.0042560095898807
0.0265655517578125,0.0695278793573379,-0.0015027035260573
-0.0224688369780778,0.0265820156782865,-0.0657293647527694
0.2034867405891418,-0.0131854489445686,-0.0485414750874042
0.3686107099056244,0.018233461305499,-0.0105874380096793
0.270865648984909,-0.0115177854895591,0.0295108389109373
-0.0149767668917775,-0.0188478697091341,0.0288221463561058
-0.1385972052812576,0.0238404162228107,0.0283818058669567
-0.1145693808794021,0.0495343282818794,0.0144542716443538
-0.1795888394117355,0.1136237680912017,-0.0341368205845356
0.0667226761579513,0.1496843099594116,0.0806062743067741
0.0131016047671437,0.1575582176446914,0.1047982051968574
-0.069106712937355,0.0996469855308532,0.0998969227075576
-0.1396278291940689,0.1211114898324012,0.0639898478984832
-0.2123121470212936,0.1669066846370697,0.0096033075824379
-0.1750299334526062,0.1703330129384994,0.0392639636993408
0.1100484132766723,0.1350996643304824,0.0873238965868949
0.1732290536165237,0.092958852648735,0.1478129029273986
-0.0707652419805526,0.0492744892835617,0.0846786648035049
-0.0207503642886877,0.0767073482275009,0.0789055600762367
0.0326894260942935,0.1064596474170684,0.0583438277244567
-0.1472909301519394,0.0612486489117145,-0.0194947533309459
-0.1289089918136596,0.0047536813654005,-0.050989031791687
-0.0179047547280788,0.0438625365495681,-0.0659137815237045
0.0081590693444013,0.0508895516395568,-0.0407612919807434
0.1475798040628433,0.0458711311221122,0.0045126713812351
0.0543862134218215,0.0883189961314201,-0.0029170152265578
-0.0376345328986644,0.0851270109415054,-0.0325545221567153
-0.0822842940688133,0.0419180169701576,-0.1351346969604492
-0.0801624506711959,0.0918404683470726,-0.149996131658554
-0.0785104930400848,0.1698833405971527,-0.126480147242546
-0.0339048095047473,0.0746354386210441,-0.1956914663314819
-0.0967005491256713,-0.0426318012177944,-0.2220064252614975
0.0022920896299183,-0.0549629293382167,-0.1973239183425903
0.0038881222717463,0.0002039186656475,-0.1661441624164581
0.0335657969117164,-0.0310274772346019,-0.1118791401386261
0.0982577130198478,-0.0354808159172534,-0.0866065397858619
0.2592146396636963,-0.0843133926391601,-0.1088299378752708
0.1485251486301422,-0.1406131535768509,-0.1463871598243713
0.0064034247770905,-0.1164109408855438,-0.1908034831285476
-0.040482860058546,-0.1283594816923141,-0.207939863204956
0.0594547428190708,-0.1397508978843689,-0.1473075747489929
0.062517911195755,-0.174991175532341,-0.0775202512741088
-0.0324083492159843,-0.134729728102684,-0.0606761686503887
-0.0634863749146461,-0.0746722444891929,-0.0639689043164253
-0.0217842292040586,-0.0582831986248493,-0.0324053391814231
0.0013921951176598,-0.0620297342538833,0.0002817676868289
0.0746496170759201,-0.0220595188438892,-0.0010272494982928
0.2371607571840286,0.0058514745905995,-0.0032669680658727
-0.0702574476599693,0.0087921246886253,-0.0405175648629665
-0.1674915999174118,-0.0161430519074201,-0.1738604456186294
-0.0865111649036407,-0.044962327927351,-0.0972297340631485
-0.1374217569828033,-0.0001056385226547,-0.0205996707081794
-0.1839390248060226,-0.0321708582341671,0.0151807758957147
0.1005214676260948,-0.0339703559875488,0.083801120519638
0.0855190977454185,0.0075321835465729,0.0604527220129966
-0.0815790817141532,0.0205728840082883,0.0713146924972534
0.0418631732463836,0.0510466508567333,0.052041295915842
0.1266363859176635,0.0377414971590042,0.0643024891614914
0.1849404871463775,0.0191330183297395,0.0621178038418293
0.1081847324967384,0.047241348773241,0.072914257645607
0.2254091650247573,0.0574662052094936,0.0794911757111549
0.0464354269206523,0.0329749807715415,-0.0056679337285459
-0.1304457187652588,0.0716666430234909,-0.1267850399017334
-0.0763001888990402,0.0625802129507064,-0.0837422162294387
0.0657495409250259,0.0657578781247139,-0.0415990687906742
0.0371511913836002,0.0605692379176616,0.0389357209205627
-0.0757659301161766,0.0553692169487476,0.061123039573431
-0.026977090165019,0.0630226135253906,-0.0018854856025427
-0.0695144012570381,0.077930748462677,-0.0358616225421428
0.161720409989357,0.0848187506198883,-0.0669497698545456
0.1241238936781883,0.0551440119743347,-0.0997948050498962
0.0671479552984237,0.0164629258215427,-0.0805561318993568
-0.140350267291069,0.0537565685808658,-0.162119448184967
-0.0683125555515289,0.0275896787643432,-0.2018655240535736
0.0113857192918658,-0.0347450114786624,-0.174238309264183
-0.0785303190350532,-0.050863791257143,-0.0533153414726257
-0.0052917832508683,-0.0917152464389801,0.020282519981265
0.1517745405435562,-0.1372324079275131,-0.0104612782597541
0.1701264828443527,-0.1440196633338928,-0.0823447927832603
0.1108525022864341,-0.1578390747308731,-0.1689337491989135
0.0934070274233818,-0.2003939300775528,-0.181503877043724
-0.0483706071972847,-0.1953459084033966,-0.2298413068056106
-0.1563736349344253,-0.1716766208410263,-0.2897922694683075
-0.1180004104971885,-0.191943809390068,-0.3049299418926239
-0.0392156466841697,-0.1854620426893234,-0.188018336892128
0.1185678616166114,-0.1839626729488372,-0.0783088877797126
0.0284867547452449,-0.1864524930715561,-0.0829562842845916
-0.0413293428719043,-0.2020623385906219,-0.1088717728853225
0.0211625602096319,-0.191086083650589,-0.1187513396143913
0.0072347605600953,-0.1618397831916809,-0.1383623331785202
0.0275938119739294,-0.1505431234836578,-0.0825514122843742
0.0206560101360082,-0.159590408205986,-0.0946163311600685
0.0274957306683063,-0.1664812564849853,-0.1751020848751068
-0.1087696999311447,-0.1566667109727859,-0.2376650720834732
-0.2296456843614578,-0.1298293471336364,-0.2604153454303741
-0.1761707365512848,-0.1127459779381752,-0.2212865650653839
-0.0332914367318153,-0.1219585016369819,-0.1416014432907104
-0.0472826212644577,-0.1639802604913711,-0.0514393225312233
0.0018316956702619,-0.1945981383323669,-0.0175840090960264
0.0152758657932281,-0.1686373800039291,-0.0363393202424049
-0.083729088306427,-0.1169467717409133,-0.0893831402063369
-0.1632718592882156,-0.0961879640817642,-0.1455358862876892
-0.0431178882718086,-0.1199201941490173,-0.1081846430897712
0.0483081713318824,-0.1065806820988655,-0.0440852902829647
0.0498339906334877,-0.061531014740467,-0.0491769202053546
0.076705016195774,-0.1192246749997139,-0.0200240928679704
0.0524414889514446,-0.0858977735042572,-0.0009358117240481
0.0235310122370719,-0.0604392886161804,0.0261927433311939
0.0243912115693092,-0.1012464091181755,0.1152454316616058
0.1088829264044761,-0.1003345474600792,0.1395366489887237
0.0760024189949035,-0.110911376774311,0.0901652052998542
0.0027742823585867,-0.1209144815802574,0.0946286618709564
0.0293623749166727,-0.0909735858440399,0.1387868821620941
-0.0683740377426147,-0.0524762645363807,0.084829106926918
-0.0040557403117418,-0.0962549597024917,0.0015346317086368
0.093119278550148,-0.0783372148871421,0.0596986003220081
-0.0017287777736783,-0.0357955694198608,0.0122965453192591
-0.0260461010038852,-0.0757304728031158,0.0643722638487815
0.2149173021316528,-0.0814439877867698,0.1255424618721008
0.0150305572897195,-0.0174546167254447,0.1349194645881652
-0.0614263080060482,-0.060104601085186,0.0587008744478225
-0.0101900175213813,-0.0957845747470855,0.0315129309892654
0.0096408352255821,-0.0352630540728569,0.092711254954338
-0.0011582832084968,-0.0658364072442054,0.0569607131183147
0.1725495606660843,-0.1077510416507721,0.0746008157730102
0.2186704576015472,-0.0721248686313629,0.1295095980167389
0.1117147058248519,-0.007609368301928,0.1705656200647354
0.1166905611753463,-0.024409120902419,0.2345664352178573
0.0299069508910179,-0.0324452668428421,0.251045674085617
-0.093622975051403,0.0422886237502098,0.2274383753538131
-0.0462112091481685,0.0331725962460041,0.2429372519254684
0.1177044883370399,0.0240190457552671,0.2304928302764892
0.017325934022665,0.0260445419698953,0.1625371426343917
-0.0066558313556015,0.055420272052288,0.1512251049280166
0.0465305782854557,0.0602456666529178,0.17860147356987
-0.0675238296389579,0.0938702076673507,0.2444609105587005
-0.1037205681204795,0.1268699020147323,0.2878829538822174
-0.1409893780946731,0.1394482851028442,0.3023106455802917
-0.0523801892995834,0.1224317699670791,0.3567165434360504
0.0112704234197735,0.1656175851821899,0.4156655967235565
-0.1903026849031448,0.2333934158086776,0.3631954491138458
-0.1473224610090255,0.2441432774066925,0.2447468340396881
-0.0941412597894668,0.258756160736084,0.2424274832010269
-0.2106191515922546,0.2679733633995056,0.2273832857608795
-0.1204182133078575,0.289880096912384,0.1516941487789154
-0.052274040877819,0.2755520045757293,0.2064287662506103
-0.0887329056859016,0.2606127858161926,0.1794334203004837
-0.1987406313419342,0.2455943971872329,0.1978510320186615
0.0236882120370864,0.209376260638237,0.1465925872325897
0.0574954450130462,0.2425240874290466,0.2188654541969299
0.0504118092358112,0.185069054365158,0.2563120424747467
0.0131057146936655,0.0803386494517326,0.1733455210924148
-0.0249808095395565,0.0766009539365768,0.1637280136346817
-0.0926333591341972,0.111274778842926,0.107219748198986
-0.0550078712403774,0.0811523124575614,0.0106642134487628
0.0423988439142704,0.056345771998167,-0.025552911683917
-0.0260030105710029,0.0562724806368351,-0.0147652952000498
-0.1310905516147613,0.0229643285274505,-0.0649014338850975
-0.1536623686552047,0.0037415563128888,-0.0738696977496147
-0.1209068149328231,0.0308056641370058,0.0476247817277908
0.0380245111882686,0.0057331975549459,0.1049027368426323
0.1079162508249282,-0.0244777016341686,0.0707916393876075
0.12880739569664,-0.0072020096704363,0.0381393283605575
-0.1146782338619232,0.0655387714505195,-0.0372907146811485
-0.1627102792263031,0.0388581417500972,-0.0737068206071853
0.2181800752878189,0.0183379519730806,-0.0288187060505151
0.1770619451999664,0.0396609231829643,0.0152614759281277
0.1942577064037323,0.036413200199604,0.0219880882650613
0.0764877721667289,0.0250069461762905,-0.0093900803476572
0.0950641185045242,0.0542817413806915,0.024301303550601
0.1414012908935547,0.0749058276414871,-0.0555706843733787
0.009781464934349,0.02356593683362,-0.0134043237194418
0.0584898591041564,0.0316463708877563,0.0687746927142143
-0.0506094619631767,0.0833460465073585,0.0638893917202949
-0.0666315481066703,0.0495147109031677,0.0364314094185829
0.122792437672615,0.020120870321989,0.0203682873398065
0.0724421963095665,0.0495921783149242,0.0738220065832138
0.1097128689289093,0.0130826327949762,0.1196283772587776
0.0663663074374198,-0.02446224167943,0.0331751555204391
-0.1706664860248565,0.0043678083457052,-0.0193160157650709
-0.1070252582430839,0.0317894220352172,-0.0822875425219535
0.1556878536939621,0.0477723851799964,-0.0575097650289535
0.1150349974632263,0.0381368212401866,-0.0384780056774616
-0.1001545414328575,-0.0039190188981592,-0.0977375954389572
-0.0218795165419578,-0.0271657202392816,-0.0593280494213104
0.1003617122769355,-0.0138693545013666,0.0132963526993989
0.0114373238757252,-0.0279887244105339,0.0447667241096496
0.0006672340678051,-0.058423064649105,0.0970368534326553
0.0176824983209371,-0.098976194858551,0.0789486914873123
-0.1652290076017379,-0.0469140596687793,0.1063350439071655
-0.0931366384029388,-0.0350663773715496,0.0903421193361282
0.0974916294217109,-0.0597930327057838,0.1169417724013328
0.0061086365021765,-0.0341296382248401,0.0975563302636146
-0.1098901405930519,-0.0096876770257949,0.0267476718872785
0.0931630432605743,-0.0197062641382217,0.0197252016514539
0.1153066977858543,-0.0327783897519111,0.0088115660473704
-0.1891677677631378,-0.0182160064578056,-0.0147533668205142
-0.2007695585489273,-0.0197190959006547,0.0210208743810653
-0.0750292316079139,0.0470429174602031,0.0697414502501487
-0.1134229600429534,0.1100003123283386,0.1518930494785308
0.1593140959739685,0.0780219137668609,0.1961094886064529
0.1504473686218261,0.0595947057008743,0.1421815454959869
-0.1537044793367386,0.1546262055635452,0.1262669861316681
-0.1410416811704635,0.1870224922895431,0.1304537504911422
0.0004236588720232,0.193389818072319,0.1386763751506805
-0.0504515059292316,0.2303070873022079,0.1555933058261871
-0.1238990724086761,0.2202786803245544,0.2222533524036407
-0.0946101546287536,0.256930410861969,0.2022311687469482
-0.1163330599665641,0.3072735369205475,0.1930055767297744
0.0050972308963537,0.350451648235321,0.2619569301605224
0.0759569182991981,0.3419663906097412,0.2891424298286438
-0.032867033034563,0.3422015607357025,0.3288674652576446
-0.2744999825954437,0.3948180377483368,0.2981208860874176
-0.0450268536806106,0.3929410576820373,0.2907191812992096
0.1151077896356582,0.4145077168941498,0.2860382199287414
0.1918907314538955,0.3650882542133331,0.3159484267234802
0.1152463927865028,0.2991603314876556,0.2636033892631531
-0.0116385882720351,0.3328165709972381,0.1776929944753646
-0.0894143804907798,0.3751262724399566,0.1412972956895828
0.0591207668185234,0.3369967341423034,0.1391475945711136
0.0369952656328678,0.3361976444721222,0.2216707617044448
0.1947039365768432,0.314089685678482,0.3206716477870941
0.3206932246685028,0.3167499601840973,0.3207683563232422
0.1163224875926971,0.3134430944919586,0.154757022857666
0.1070022508502006,0.242678090929985,-0.0971590206027031
0.0816401690244674,0.2899862229824066,-0.1405797302722931
0.0504488609731197,0.3064989149570465,-0.0181090701371431
0.0127699244767427,0.2941237390041351,0.0662601366639137
0.2000237852334976,0.22503562271595,0.0392661280930042
0.1053721085190773,0.1756736636161804,-0.0594135783612728
-0.1368430256843567,0.1610854119062423,-0.1149203702807426
-0.3719449937343597,0.0805186629295349,-0.1857977509498596
-0.506938099861145,0.1072698310017585,-0.274857610464096
-0.6772605180740356,0.0899267941713333,-0.3738110959529876
-1.0855140686035156,0.173513263463974,-0.5273374319076538
-0.0330074876546859,0.1087723523378372,-0.1993132382631302
0.6155155301094055,-0.0740029066801071,0.0159132052212953
0.4201130270957947,-0.2114539742469787,-0.2128560543060302
0.3933065831661224,0.1903693228960037,-0.0131403636187314
-0.1963726878166198,0.3951432406902313,0.062161847949028
-0.0944496914744377,0.1139790639281272,-0.2198926359415054
0.3234133422374725,-0.1198611259460449,-0.3160500526428222
0.2092984765768051,0.1349405497312545,-0.0326383188366889
0.4567985534667969,0.1877795308828354,0.1568266749382019
0.7069692611694336,0.0163126364350318,0.243426963686943
1.2568273544311523,-0.0566894002258777,0.2204968780279159
0.8924303650856018,0.0958065092563629,0.0833824127912521
0.3426003158092499,0.0778051316738128,-0.0262617897242307
-0.4522946178913116,-0.0533878803253173,-0.4094482958316803
-1.0143622159957886,0.1131907179951667,-0.3847141861915588
-0.9872781038284302,0.211135521531105,-0.294943243265152
-0.5483675599098206,0.0830494686961174,-0.3177486956119537
-0.0930709242820739,0.0685302317142486,-0.2587632834911346
-0.1314579993486404,0.1323595494031906,-0.1918593347072601
0.0723246484994888,0.1570442169904709,-0.274021565914154
0.2637499868869781,0.0887972488999366,-0.4208901226520538
0.2098254859447479,0.0133295431733131,-0.4667103886604309
0.0311500243842601,0.0340265668928623,-0.1575014144182205
0.536127507686615,-0.1138957291841507,0.168856143951416
1.046644926071167,-0.0165582597255706,0.2255657762289047
0.4790651202201843,0.1875414997339248,0.0633939281105995
-0.9230274558067322,0.3250801861286163,-0.1284902840852737
-0.4960080087184906,0.1372711211442947,-0.1306722462177276
0.4558768570423126,-0.2909190952777862,-0.2041541934013366
-0.1761354655027389,0.1318366974592209,-0.4195390045642853
-0.1714163571596145,0.1009038165211677,-0.4169671833515167
0.0713551342487335,0.0624866150319576,-0.27877077460289
-0.1245941296219825,0.0940056592226028,-0.0894269496202468
-0.615660548210144,0.0639249831438064,-0.1232453659176826
-0.5593075156211853,0.0457758121192455,-0.124509572982788
-0.038655836135149,-0.0056476444005966,-0.0878004431724548
-0.061438113451004,-0.1196735501289367,-0.1364563852548599
-0.4081850051879883,-0.1079034805297851,-0.3356814384460449
-0.0931908562779426,-0.0627197548747062,-0.4979038834571838
0.216752827167511,-0.1722038239240646,-0.6127840876579285
0.2205385267734527,-0.2671127617359161,-0.5375015735626221
-0.0832420587539672,-0.3209724724292755,-0.3786032795906067
-0.0872051119804382,-0.3675434589385986,-0.3334656357765198
0.079482153058052,-0.2934693992137909,-0.3190735280513763
0.0573837757110595,-0.1731650829315185,-0.2135103642940521
-0.1696266680955886,-0.2977373898029327,-0.3619393706321716
-0.2793702185153961,-0.3146457970142364,-0.4293034970760345
-0.2738294005393982,-0.2343323975801468,-0.4041875004768371
-0.2248461246490478,-0.1642308086156845,-0.3604618608951568
0.0245212167501449,-0.1745103746652603,-0.3290683329105377
-0.1571447104215622,-0.1952518820762634,-0.2963484525680542
-0.0264225043356418,-0.1578943133354187,-0.1663409322500229
0.2360365390777588,-0.1252285093069076,-0.1059465706348419
0.2712678015232086,-0.1688951253890991,-0.1189406961202621
0.1577455103397369,-0.1022939980030059,-0.1945987194776535
-0.0515681989490985,-0.0070397490635514,-0.0809256508946418
0.1130295395851135,-0.0624028705060482,-0.0600587166845798
0.2081416100263595,-0.2277620583772659,-0.1977672576904297
0.1535414755344391,-0.2987936437129974,-0.3661720156669616
0.283994972705841,-0.3193792402744293,-0.4744494557380676
0.19076968729496,-0.3405609428882599,-0.443966656923294
0.2355792671442031,-0.4800119400024414,-0.2884774208068847
0.3091283142566681,-0.6286962628364563,-0.2075971961021423
0.2900396883487701,-0.6845420598983765,-0.2388533800840377
0.0816318914294242,-0.7320552468299866,-0.365388959646225
0.1012366786599159,-0.6372029781341553,-0.3020651340484619
0.1906174123287201,-0.6666684746742249,-0.3012587428092956
0.0311818849295377,-0.7858327031135559,-0.3185400366783142
0.1290346682071685,-0.7027945518493652,-0.3335509300231933
-0.1567172259092331,-0.6402983665466309,-0.3258692026138305
-0.3979833722114563,-0.5703890919685364,-0.2730613946914673
-0.1612207293510437,-0.4931241869926452,-0.0273713842034339
-0.0074815060943365,-0.379155546426773,0.091854341328144
-0.128088891506195,-0.3135782182216644,-0.0335079282522201
-0.1427232325077057,-0.2779254019260406,-0.0840150415897369
-0.0374061353504657,-0.2085850089788437,-0.0463967211544513
0.01747309230268,-0.1808106303215026,0.087125651538372
0.0097714262083172,-0.1320154219865799,0.1914245784282684
0.0874576941132545,-0.073369413614273,0.2646178603172302
0.0751771181821823,-0.0123455291613936,0.3126797974109649
-0.1236068159341812,0.0682768747210502,0.4036411046981811
-0.105365552008152,0.1333284080028534,0.2980801165103912
0.138929396867752,0.1929967850446701,0.3262169361114502
0.2131105363368988,0.2003900855779647,0.2878947556018829
-0.0073621897026896,0.2052745968103408,0.3360838592052459
-0.1398477852344513,0.2494335323572158,0.4221588373184204
-0.1587610244750976,0.2764313220977783,0.3920270204544067
-0.1754667162895202,0.3441667556762695,0.4561391472816467
-0.1147924438118934,0.3069983422756195,0.5102790594100952
-0.045004978775978,0.2537891268730163,0.5628684759140015
-0.101599283516407,0.2223142683506012,0.4824279844760895
-0.2674360275268554,0.2035915255546569,0.3584714233875274
-0.0698760971426963,0.1765540540218353,0.2553282678127289
0.0883173793554306,0.1563363522291183,0.3178123235702514
0.1601718515157699,0.158846914768219,0.3876505196094513
-0.0531871877610683,0.1388831138610839,0.335661381483078
-0.1390988975763321,0.1886298954486847,0.2798777520656585
-0.0975483283400535,0.2159208059310913,0.3557159304618835
-0.1056898757815361,0.2783535718917846,0.4571581184864044
0.014537782408297,0.3030535876750946,0.4656645059585571
0.0240615122020244,0.283363789319992,0.3956888616085052
-0.1097929626703262,0.2979539036750793,0.2737898528575897
-0.0924912020564079,0.3230094611644745,0.2053620815277099
-0.0258045401424169,0.35284623503685,0.3065475821495056
0.0784648731350898,0.2646639049053192,0.3512034714221954
-0.0323978923261165,0.1816148310899734,0.3221942484378814
-0.0209609474986791,0.1400050669908523,0.2297753691673278
-0.0889678373932838,0.0830530747771263,0.158113345503807
0.0129007371142506,0.0387356728315353,0.1276827305555343
0.0358567759394645,0.0210336092859506,-0.0025176922790706
0.0906483829021453,-0.060300663113594,-0.0163477528840303
0.1194506660103797,-0.086214542388916,0.0264212284237146
0.0878874137997627,-0.0315643437206745,0.0131323197856545
0.003259076969698,-0.0732292607426643,-0.0600260309875011
-0.0273084193468093,-0.0411714613437652,-0.0476961284875869
-0.0158143360167741,-0.0111544039100408,-0.0347317829728126
-0.1326440125703811,-0.0656203106045723,0.0190193317830562
0.0918310731649398,-0.0399813801050186,0.0834930166602134
-0.0209277011454105,0.0323508717119693,0.1235184594988823
0.001165056717582,0.0976448133587837,0.1527037024497985
0.0789035260677337,0.1465074270963668,0.0930004343390464
0.1836428344249725,0.1574732512235641,0.1100770607590675
0.2320628315210342,0.135817214846611,0.1466851383447647
0.0981054827570915,0.1405953168869018,0.163557767868042
-0.0468533113598823,0.1277873814105987,0.1715307384729385
0.0153545746579766,0.116474412381649,0.2227453291416168
0.1123178675770759,0.1388441622257232,0.2843271791934967
0.0064826682209968,0.152504950761795,0.3223811089992523
-0.0100028309971094,0.2001036256551742,0.310706615447998
0.008076237514615,0.267944723367691,0.2120401710271835
-0.101302720606327,0.3080788254737854,0.2031095176935196
0.0457007065415382,0.3238673210144043,0.2290164083242416
0.1855062842369079,0.344475120306015,0.2274334132671356
0.1219359040260315,0.3167804479598999,0.2705360949039459
-0.0068343263119459,0.3623612523078918,0.2900511920452118
0.0605961345136165,0.3751099109649658,0.2210628986358642
0.0473564937710762,0.3460593223571777,0.2502215802669525
-0.0403709933161735,0.4011712074279785,0.1657519787549972
-0.1200849935412406,0.3507623374462127,0.0992115810513496
-0.1213240996003151,0.3431132435798645,0.1674679070711136
-0.1702564805746078,0.3776057064533233,0.117854006588459
0.0163192767649889,0.366977721452713,0.0731293112039566
0.1293874979019165,0.3319752812385559,0.1007817089557647
-0.0785856992006301,0.3156144618988037,0.0560606978833675
-0.0342043861746788,0.261418342590332,-0.0483961999416351
0.0236406829208135,0.2462242841720581,-0.0077488389797508
-0.0195387471467256,0.2309246808290481,0.0057840137742459
-0.0460623502731323,0.1787754595279693,0.0256169345229864
0.1589102447032928,0.1691531985998153,0.1284122914075851
0.1544834524393081,0.1594387292861938,0.099620372056961
0.2003726363182068,0.1227052062749862,0.0549740716814994
0.2254981845617294,0.1091106981039047,-0.0467094704508781
0.0092300754040479,0.1331619769334793,-0.1175695285201072
0.1399787068367004,0.0894953981041908,-0.1828129291534423
0.1118890047073364,0.1313453763723373,-0.1100827977061271
-0.0061867930926382,0.1152462288737297,-0.1137879490852356
-0.0603751949965953,0.1138675138354301,-0.1021688431501388
0.1607995331287384,0.1462760120630264,-0.0345561578869819
-0.0495510473847389,0.1409496963024139,-0.0521306246519088
-0.006239618640393,0.1241237819194793,-0.1188299804925918
0.0686969384551048,0.1835956275463104,-0.1684340089559555
0.0980499535799026,0.1857428550720214,-0.1890548169612884
0.1336782574653625,0.1433216333389282,-0.2199448198080063
0.1444919258356094,0.1318517923355102,-0.23366180062294
-0.0359878353774547,0.1115601137280464,-0.3397272527217865
-0.0115655437111854,0.0751416310667991,-0.3480449616909027
0.0158572942018508,0.1074705421924591,-0.2863624393939972
0.0580351762473583,0.0673590302467346,-0.241101861000061
-0.0327722243964672,0.0273378379642963,-0.2438025772571563
-0.0598127841949462,0.0406644605100154,-0.3211383521556854
-0.0762386247515678,0.0486859045922756,-0.391958475112915
0.0305596180260181,0.0067372974008321,-0.4079541265964508
0.0261193308979272,-0.0489078573882579,-0.4671271741390228
0.0319739058613777,-0.0733261108398437,-0.4858530163764953
0.1241304576396942,-0.0714395269751548,-0.4709920585155487
0.0124182440340518,-0.1357748657464981,-0.4930883347988128
-0.0223650354892015,-0.2472473233938217,-0.5432633757591248
0.0860529467463493,-0.2498908936977386,-0.4517101347446441
0.082310140132904,-0.2793404161930084,-0.4196033179759979
-0.062393482774496,-0.3125185072422027,-0.4966306686401367
-0.1302723884582519,-0.2783679962158203,-0.5457897186279297
-0.1413336992263794,-0.2734211087226867,-0.6173785924911499
0.0370027534663677,-0.3171629905700683,-0.6520556211471558
0.0958231538534164,-0.328045129776001,-0.5887396931648254
0.0593218617141246,-0.3529310226440429,-0.5684565305709839
0.1005882918834686,-0.3845160603523254,-0.5913397073745728
-0.0095262266695499,-0.3799852132797241,-0.5268339514732361
-0.0791755467653274,-0.3926456272602081,-0.4866121113300323
-0.1204880997538566,-0.4432627260684967,-0.5272484421730042
-0.2067595273256302,-0.4705843329429626,-0.5729996562004089
-0.2515057027339935,-0.4772206842899322,-0.6100500822067261
-0.0396584309637546,-0.4389635622501373,-0.5170943140983582
0.1918562948703766,-0.4417803883552551,-0.3600642383098602
0.2495589554309845,-0.4260185956954956,-0.3898847699165344
0.0190525241196155,-0.4096380174160003,-0.4821145832538605
-0.0801387727260589,-0.3792465627193451,-0.4918686747550964
-0.0321992151439189,-0.3673198521137237,-0.4357830286026001
0.1576713770627975,-0.4071513414382934,-0.3001148104667663
0.1649215668439865,-0.4723122417926788,-0.3417136371135711
-0.1011124104261398,-0.5627982020378113,-0.4702886044979095
-0.1554174572229385,-0.6162398457527161,-0.5609312057495117
0.0086999647319316,-0.4983358979225158,-0.4197243154048919
0.1902617663145065,-0.449503093957901,-0.1682334840297699
0.2271081209182739,-0.4826014637947082,-0.0559441894292831
0.272152841091156,-0.4775941967964172,-0.1376502364873886
0.075715072453022,-0.4463798105716705,-0.2213412672281265
0.034868836402893,-0.4055881798267364,-0.1359693855047226
0.1226585581898689,-0.3395478129386902,0.0068202950060367
0.0024389398749917,-0.3048675954341888,0.0543326847255229
0.0144874909892678,-0.2899577617645263,-0.0345317050814628
0.0426504164934158,-0.2404613047838211,-0.0230670645833015
-0.0538039095699787,-0.2274666279554367,0.0927294790744781
0.069906048476696,-0.1754215359687805,0.2304141223430633
0.1569225341081619,-0.1227424889802932,0.2360596060752868
0.0985186174511909,-0.1115364432334899,0.2262820601463318
0.1041595414280891,-0.0682957023382186,0.2156373560428619
0.1577250361442566,-0.0333118885755538,0.2391541302204132
0.0551309287548065,0.0339166261255741,0.2379049062728881
0.0298593956977128,0.0966252833604812,0.240007996559143
-0.0570109225809574,0.0977217108011245,0.3014664053916931
-0.1110829412937164,0.12693552672863,0.3838339745998382
-0.0424686819314956,0.164321944117546,0.3718893826007843
0.005854909773916,0.2007918059825897,0.4083818793296814
0.0919600203633308,0.2010807394981384,0.3713156282901764
0.0890635624527931,0.1517387479543686,0.3274067640304565
0.0984202846884727,0.1547732502222061,0.3275010585784912
0.0923027321696281,0.200077623128891,0.2883661687374115
0.1156936734914779,0.1921420395374298,0.2561323046684265
0.1714221835136413,0.1482960283756256,0.1742464900016784
0.008639296516776,0.1654265969991684,0.1479682773351669
0.0146234193816781,0.1465434581041336,0.1636641472578048
-0.0541078448295593,0.165236696600914,0.2062019407749176
-0.0449545606970787,0.1804334968328476,0.2422126680612564
-0.1090049520134925,0.1876364350318908,0.2150552868843078
-0.1423882097005844,0.1901938766241073,0.1554593294858932
-0.1618042141199112,0.1750528365373611,0.0646972805261612
0.0023538346868008,0.2096875160932541,0.1289337873458862
0.1232186183333396,0.2052850425243377,0.1614149659872055
0.1176046729087829,0.1353645473718643,0.1494038552045822
0.0543557479977607,0.135151982307434,0.1144007444381713
0.0508611500263214,0.0951012372970581,0.0400476790964603
-0.0073376409709453,0.058559127151966,-0.0458114109933376
0.0711987167596817,0.0388006046414375,-0.1328235417604446
-0.0789468809962272,0.0283086691051721,-0.125794380903244
-0.0042790342122316,-0.0194450058043003,-0.0943823903799057
0.0163180883973836,-0.0626477152109146,-0.1386894732713699
0.0897691324353218,-0.0832909345626831,-0.1416232138872146
0.1247850805521011,-0.1389370262622833,-0.2241552174091339
-0.0183166861534118,-0.2187940329313278,-0.2874060869216919
-0.0026429193094372,-0.2794802784919739,-0.3549084365367889
-0.1634435206651687,-0.3216650187969208,-0.4703990519046783
-0.1221516877412796,-0.3551693856716156,-0.4462879598140716
0.0016288476763293,-0.3775822818279266,-0.4068412184715271
0.1137155815958976,-0.4323930740356445,-0.3853213489055633
-0.00214444543235,-0.4695971608161926,-0.3950637280941009
-0.1128742322325706,-0.492962896823883,-0.4929131865501404
-0.0662673190236091,-0.48395636677742,-0.559884786605835
-0.0865327566862106,-0.4513367414474487,-0.4792168736457824
0.2135197520256042,-0.4576095342636108,-0.3514935076236725
0.1847307085990905,-0.5189666152000427,-0.4018711447715759
-0.0817113742232322,-0.5582794547080994,-0.4838062226772308
-0.1883460432291031,-0.5656083226203918,-0.553446352481842
-0.1011629402637481,-0.5537232160568237,-0.4999958574771881
0.09695615619421,-0.5288612246513367,-0.3778702318668365
0.1210066303610801,-0.5931674838066101,-0.4066283702850342
0.0211674571037292,-0.6306877136230469,-0.4372331202030182
-0.0790845826268196,-0.6549727916717529,-0.4752484261989593
-0.1539814323186874,-0.6315072178840637,-0.4136800467967987
-0.150295615196228,-0.6200079917907715,-0.3453571796417236
-0.1546750962734222,-0.5876022577285767,-0.2951258718967438
0.0965259745717048,-0.5733881592750549,-0.2150728404521942
0.2296108156442642,-0.5548678636550903,-0.2147503644227981
0.1493641883134842,-0.5274226665496826,-0.2010284215211868
-0.1405499875545501,-0.495300680398941,-0.1584032475948333
-0.1821722686290741,-0.4149632155895233,-0.0406238809227943
0.0832480117678642,-0.3853507041931152,0.0751126110553741
0.2387827485799789,-0.4096001088619232,0.2006258070468902
0.2746952176094055,-0.3241995573043823,0.2851495742797851
0.054575365036726,-0.2398569732904434,0.2810616195201874
-0.0568872168660163,-0.2329935729503631,0.2251943200826645
0.1107515767216682,-0.2376972436904907,0.2323236018419265
0.102589726448059,-0.1664300709962844,0.3334686756134033
0.0208759531378746,-0.0936914086341857,0.4211210012435913
0.0347717441618442,-0.0860622376203537,0.4283261895179748
0.0066700689494609,-0.0727341845631599,0.4176109731197357
-0.0699896812438964,-0.0089357923716306,0.4820537567138672
0.0065554291941225,0.0304214674979448,0.5109224319458008
0.169400081038475,0.036971665918827,0.5724388360977173
0.0776291489601135,0.1357294023036956,0.546535849571228
-0.1844274699687957,0.2867349982261657,0.5892247557640076
-0.0760072469711303,0.2987959086894989,0.5424811840057373
-0.0350390113890171,0.2922090888023376,0.4179138541221618
-0.0962064936757087,0.3002933859825134,0.4234135448932647
0.0863939449191093,0.3465740382671356,0.501169741153717
-0.0760157406330108,0.4035523533821106,0.5415440797805786
0.0430873744189739,0.3986940085887909,0.4365683495998382
0.1755743026733398,0.355197936296463,0.5021808743476868
0.3011752963066101,0.4026135802268982,0.5648320913314819
0.0418262779712677,0.4569021165370941,0.5559816360473633
-0.1697288155555725,0.426001101732254,0.5013561248779297
-0.1180160865187645,0.4151141047477722,0.4094845354557037
-0.1310403048992157,0.3797504305839538,0.3425680100917816
0.0529289916157722,0.260714054107666,0.2924651503562927
0.0941908583045005,0.2348782420158386,0.2373666316270828
-0.0464424155652523,0.2280059456825256,0.2247951775789261
0.0201218426227569,0.1813815683126449,0.2738616466522217
0.1012433245778083,0.1832170188426971,0.3135925531387329
0.1767951846122741,0.1346417367458343,0.2841581106185913
-0.0742498338222503,0.091381087899208,0.2007236927747726
0.0086132967844605,0.0677049607038497,0.1471854299306869
0.0454911552369594,0.0151203200221061,0.0801968052983284
-0.1671122014522552,-0.015162818133831,0.0104093002155423
-0.1526602953672409,-0.0077373925596475,-0.0430014580488204
-0.0522731244564056,0.0246084872633218,0.0295459851622581
0.1342032849788665,-0.0118512511253356,0.0197077356278896
0.2911761105060577,-0.067265972495079,0.0354402586817741
0.1531005352735519,-0.0642440915107727,-0.0415924713015556
-0.1282903850078582,-0.0732048898935318,-0.1649736911058426
-0.0693810060620307,-0.153972715139389,-0.2733789980411529
-0.0129890851676464,-0.1938787996768951,-0.2782577574253082
0.0568616315722465,-0.1506887227296829,-0.124745137989521
0.0242750123143196,-0.2232935428619384,-0.0943341329693794
0.0977950319647789,-0.2509691119194031,-0.1262140423059463
-0.0295379161834716,-0.1672181934118271,-0.1672967225313186
-0.0451264642179012,-0.0835030451416969,-0.1908451914787292
0.0125327855348587,-0.1019763126969337,-0.2384472042322158
0.0066035245545208,-0.0464454069733619,-0.1986989825963974
0.0199479721486568,-0.0083476565778255,-0.1064299046993255
0.1389617025852203,-0.050724409520626,-0.0404682010412216
0.1870391517877578,-0.0753106698393821,0.0087583260610699
0.0851841494441032,-0.0234195031225681,-0.0028400076553225
-0.0007633679779246,-0.0419450178742408,-0.0187394265085458
-0.1326047480106353,-0.0105881579220294,-0.0412420742213726
-0.1326551288366317,0.0507358759641647,-0.0091989496722817
-0.1200266927480697,0.0591386817395687,0.0336236171424388
-0.0434277690947055,0.0643815174698829,0.0559052787721157
0.0744181722402572,0.0760967656970024,0.0014987625181674
0.1840475648641586,0.0735115557909011,0.0495597757399082
0.091391921043396,0.0967883840203285,0.0414147637784481
-0.1051748916506767,0.1364300400018692,-0.0014013992622494
-0.2649435102939605,0.1209919676184654,-0.1083536818623542
-0.1974501311779022,0.1298484355211258,-0.0103513719514012
-0.0112120816484093,0.0649573132395744,0.0962030366063118
-0.0088015869259834,0.0241389274597167,0.070345439016819
0.088308185338974,0.0455219820141792,0.0928435549139976
-0.0161543674767017,0.1013548076152801,0.0789064988493919
-0.0531882867217063,0.0988165438175201,0.0410890765488147
0.0924795344471931,0.0184092130511999,-0.0882618427276611
-0.0096047585830092,0.005106724333018,-0.0854554027318954
-0.1469885110855102,-0.0531036294996738,-0.1232838109135627
-0.1845212429761886,-0.1122756078839302,-0.2423108667135238
0.0346972607076168,-0.100974254310131,-0.1824040412902832
0.1300099343061447,-0.0849204510450363,-0.0174142848700284
0.1993206143379211,-0.0920087769627571,0.0008179574506357
0.0594742931425571,-0.0691703036427497,-0.1616196781396865
-0.2077150642871856,-0.0880418270826339,-0.2769275307655334
-0.1365889608860016,-0.2063365131616592,-0.3643948137760162
-0.1203610002994537,-0.1702087521553039,-0.395944595336914
0.0092774201184511,-0.1303617358207702,-0.2113584876060485
0.1271074712276458,-0.2054533511400222,-0.1217463016510009
0.1428451538085937,-0.2184839397668838,-0.1926814764738083
-0.0421132333576679,-0.2105970531702041,-0.3219669163227081
-0.2226499766111374,-0.2186352759599685,-0.3921177685260772
-0.0209255460649728,-0.2714906632900238,-0.4005008935928345
-0.0335380136966705,-0.226737841963768,-0.3458624184131622
0.0353584885597229,-0.2116998136043548,-0.2368771135807037
0.1526238620281219,-0.2291656285524368,-0.230696439743042
0.0796619057655334,-0.2481831908226013,-0.2606531679630279
-0.0236317310482263,-0.2967262268066406,-0.3420721292495727
-0.1504651010036468,-0.3273779153823852,-0.392950564622879
-0.0577785782516002,-0.3388433456420898,-0.3944278061389923
-0.1342601627111435,-0.3208467066287994,-0.3401102721691131
-0.0127095095813274,-0.3593743741512298,-0.2523950636386871
0.2564116418361664,-0.4051931500434875,-0.2714221179485321
0.0986481010913848,-0.429030567407608,-0.3132252097129822
0.0278588738292455,-0.4161057770252228,-0.3439607918262481
0.1888304501771927,-0.3846005797386169,-0.3335750102996826
0.0799532532691955,-0.3425967395305633,-0.2415379285812378
-0.0876040533185005,-0.3246283829212188,-0.2006541490554809
-0.0195301957428455,-0.3549338281154632,-0.2068119049072265
-0.007925204001367,-0.3634793758392334,-0.2456615716218948
0.04983576759696,-0.3588937222957611,-0.2274772822856903
0.0064715142361819,-0.3732332289218902,-0.1499284207820892
0.0671698376536369,-0.3415917456150055,-0.0241180192679166
0.096505619585514,-0.2756460309028625,-0.0219989418983459
0.0353830270469188,-0.3091748058795929,-0.1003549769520759
-0.0553215742111206,-0.354405403137207,-0.1093197166919708
-0.1275758892297744,-0.2793629467487335,-0.1189436912536621
-0.0369008593261241,-0.2882685661315918,-0.0488002896308898
-0.0555724464356899,-0.28723806142807,0.0242215692996978
-0.0289251245558261,-0.2040547728538513,0.0403664521872997
-0.09395632147789,-0.23708276450634,0.0565155930817127
-0.0072832112200558,-0.2536529302597046,0.1033262386918068
0.2328337579965591,-0.1763681471347808,0.1660588085651397
0.1359639316797256,-0.1733073741197586,0.2057649344205856
-0.2025427669286728,-0.0926240161061286,0.2594732642173767
-0.3184344470500946,0.0195896029472351,0.2574066519737243
-0.0777847096323967,-0.0566787682473659,0.213062971830368
0.0969732478260994,-0.0859754085540771,0.3096885681152344
0.1523160636425018,-0.0393073931336402,0.3524051904678345
-0.1656840145587921,0.0664914771914482,0.340565025806427
-0.1002621278166771,0.1057418808341026,0.3613164722919464
0.065614990890026,0.1011119782924652,0.3829781115055084
0.1556584984064102,0.1251077353954315,0.4210467934608459
0.0524040162563324,0.1896321326494217,0.3835947811603546
-0.050349622964859,0.1980883479118347,0.3580512106418609
-0.086576871573925,0.1569100171327591,0.3141452670097351
0.0393446087837219,0.2022642195224762,0.3733741641044616
-0.0263638291507959,0.2658141553401947,0.4199238121509552
-0.1371778845787048,0.2738122045993805,0.3021441996097564
-0.2370485514402389,0.2808408141136169,0.207353800535202
-0.1678911000490188,0.2708243429660797,0.257356584072113
-0.1112129166722297,0.2841981947422027,0.2782624065876007
-0.0154108814895153,0.2712725102901459,0.340128630399704
0.1291870474815368,0.2672402262687683,0.325818657875061
-0.1411103457212448,0.2926281094551086,0.3058616816997528
-0.1773397177457809,0.3356035351753235,0.3188264667987823
-0.0204358231276273,0.3226414322853088,0.332131952047348
0.0158342998474836,0.2951568365097046,0.2429445534944534
-0.0567956455051898,0.293481707572937,0.1513127833604812
-0.0749014094471931,0.2719950675964355,0.174266830086708
0.1020304858684539,0.2931616902351379,0.1438132524490356
0.0454652085900306,0.2871501445770263,0.0996018424630165
0.0021408095490187,0.202939972281456,0.0236179903149604
-0.1720136851072311,0.1571312099695205,-0.0658634230494499
-0.1145266443490982,0.1001024469733238,-0.0531733930110931
-0.1346896886825561,0.0634067505598068,-0.0978087782859802
-0.0938110798597335,-0.0059908898547291,-0.2045217454433441
-0.2400649487972259,-0.0966241210699081,-0.3049343526363373
-0.1155592203140258,-0.0376391224563121,-0.20926433801651
0.1162322014570236,0.0028459844179451,-0.0987562015652656
-0.0321120098233222,-0.0516020134091377,-0.117749698460102
-0.2256463170051574,-0.0957859903573989,-0.2094482034444809
-0.2132149487733841,-0.0632725208997726,-0.1775067746639251
-0.1677883565425872,0.0438331626355648,-0.093810811638832
0.0646805316209793,0.0218920987099409,-0.090723879635334
0.1164968535304069,-0.0554365143179893,-0.1095732003450393
-0.0273562092334032,-0.0915792062878608,-0.1007531434297561
-0.1626903265714645,-0.1029421165585517,-0.151814192533493
-0.1842785477638244,-0.0967990607023239,-0.1699093580245971
-0.070569559931755,-0.0743827000260353,-0.0965523198246955
0.0907861441373825,-0.1414653658866882,-0.0803987756371498
0.0832406058907508,-0.1225758343935012,-0.0723419114947319
-0.0293129477649927,-0.0976974219083786,-0.11790282279253
-0.2327566295862198,-0.100043661892414,-0.1779360622167587
0.084290511906147,-0.1046128943562507,-0.1402023434638977
0.2144003063440323,-0.0825206413865089,-0.101363867521286
0.2844057083129883,-0.1481190770864486,-0.1271201074123382
-0.0885753259062767,-0.204619899392128,-0.2125282138586044
0.1014328822493553,-0.1654256135225296,-0.2112388908863067
0.1223991513252258,-0.1714893728494644,-0.2679029405117035
0.1587899476289749,-0.2205204218626022,-0.22475565969944
0.0424276515841484,-0.2327800095081329,-0.1329634189605713
0.1450020223855972,-0.1821343600749969,-0.0826105922460556
-0.0377225130796432,-0.1816001236438751,-0.1613189876079559
-0.0093318903818726,-0.2147395759820938,-0.2352361530065536
-0.034135241061449,-0.2337073981761932,-0.2981882095336914
0.0700779259204864,-0.201856717467308,-0.2100965529680252
0.0399546436965465,-0.2376493364572525,-0.1514521539211273
0.0329642593860626,-0.1962326765060424,-0.1051220223307609
0.0157474521547555,-0.2350969910621643,-0.1034628674387931
0.0143225155770778,-0.1975620985031128,-0.0951657071709632
0.1014153361320495,-0.186167761683464,-0.1544045358896255
-0.0940471589565277,-0.213115781545639,-0.1373667269945144
-0.0083775296807289,-0.238238975405693,-0.021561300382018
0.1085747480392456,-0.1832064539194107,0.0077837817370891
-0.0284685920923948,-0.1903322786092758,0.0116123417392373
-0.1369997859001159,-0.2362685948610305,0.0673334375023841
0.1009555086493492,-0.2014602720737457,0.0670282393693924
0.1908178478479385,-0.232007086277008,0.0811427310109138
-0.0435291416943073,-0.2645991146564483,0.043729580938816
-0.1596920788288116,-0.1953016519546508,-0.0256000682711601
-0.0760698840022087,-0.1701925694942474,-0.0263710543513298
-0.0033723129890859,-0.160361036658287,0.0300318636000156
0.0829191654920578,-0.1729159653186798,0.0594542026519775
-0.1184646040201187,-0.1840434670448303,0.1219990253448486
-0.0249785967171192,-0.1425892412662506,0.1895162910223007
0.0957148000597953,-0.074282594025135,0.2283921837806701
0.2048106640577316,-0.1013560220599174,0.2435407787561416
-0.0018927518976852,-0.0830277204513549,0.2201895713806152
-0.0239807441830635,-0.0345033295452594,0.2374436557292938
-0.106152169406414,0.0012333318591117,0.254342645406723
-0.0012715624179691,0.0222033280879259,0.2688401043415069
-0.1281989216804504,0.0024771839380264,0.2986961901187897
-0.0501150414347648,0.0240485239773988,0.3368382453918457
-0.0119903599843382,0.0764616131782531,0.3213196098804474
-0.0615214258432388,0.0687416419386863,0.3437173366546631
-0.3250983357429504,0.1185105293989181,0.3674453198909759
-0.2417909204959869,0.1087772101163864,0.4245472252368927
-0.1749019771814346,0.1248044297099113,0.4870035350322723
-0.1935456991195678,0.1538174301385879,0.4642129838466644
0.0156616698950529,0.1700976938009262,0.4727334976196289
-0.0436543822288513,0.2219260036945343,0.4990154504776001
-0.1136964708566665,0.2927075922489166,0.4351231157779693
0.1645554006099701,0.2216712385416031,0.4935898780822754
0.1375607848167419,0.2645021080970764,0.5016198754310608
0.0559687167406082,0.3196519017219543,0.5234367251396179
0.1185840144753456,0.274402767419815,0.6619592308998108
0.245434895157814,0.2788467705249786,0.5941985845565796
0.0453889966011047,0.3306567668914795,0.5710833072662354
0.1583911776542663,0.3765259683132171,0.6350274085998535
0.0095075648277997,0.3588285446166992,0.5799640417098999
-0.002187174744904,0.3099099993705749,0.4218575358390808
0.0685069188475608,0.2880214154720306,0.4635560214519501
0.0241538397967815,0.3497076630592346,0.444987952709198
-0.2017630189657211,0.347920298576355,0.2495248466730117
-0.2287056744098663,0.3220916390419006,0.2974463105201721
-0.1072807982563972,0.34573495388031,0.3055586814880371
0.1114805713295936,0.3505750000476837,0.309479147195816
0.292196124792099,0.2985680997371673,0.2998649775981903
-0.0213330294936895,0.3441933691501617,0.2072780281305313
0.0418334864079952,0.3732096254825592,0.1850209683179855
0.3236156105995178,0.3239573836326599,0.2778039276599884
0.2442582696676254,0.3096256554126739,0.1815714538097381
0.155189648270607,0.2363722324371338,0.0357498005032539
-0.1329139322042465,0.1484986096620559,-0.0111284097656607
-0.0370377302169799,0.1615709960460662,-0.0032917920034378
0.105367936193943,0.1641489863395691,-0.0258121080696582
0.1153593212366104,0.0558611266314983,0.0197862703353166
0.2104929834604263,0.0132091250270605,0.0754187032580375
0.1937502175569534,0.0754173696041107,0.0398503243923187
-0.1573122143745422,0.0516985580325126,-0.0443350970745086
-0.211631640791893,-0.024906737729907,-0.1309663951396942
0.0133791919797658,-0.0128740537911653,-0.1018072292208671
0.0602225959300994,0.0782025903463363,0.0707011595368385
0.145954743027687,0.043144155293703,0.0777038261294364
0.1816205978393554,-0.0492915026843547,-0.005446720868349
0.0375325195491313,-0.0422572642564773,0.0146972462534904
0.0090010100975632,-0.0185886863619089,0.0519817695021629
0.087381824851036,-0.0944078490138053,-0.0945095345377922
-0.0782042071223259,-0.0048105912283062,-0.1630648970603943
-0.0987610146403312,0.0736216977238655,0.0180675573647022
-0.2198767960071563,0.0833238586783409,-0.0211759842932224
-0.1162068769335746,0.0526483356952667,-0.0564772188663482
0.1673372238874435,0.0784626230597496,0.0746373906731605
0.2241374850273132,0.1429176330566406,0.1622890681028366
0.0260606240481138,0.1180756688117981,0.121555209159851
-0.0601606257259845,0.0655680298805236,0.1034112125635147
-0.141149491071701,0.0797237977385521,0.0805607587099075
0.0588870197534561,0.1493277996778488,0.2154258787631988
0.1823168098926544,0.0829005762934684,0.1593631505966186
0.1065216809511184,0.0315930545330047,0.0752840563654899
0.067287728190422,0.1455462574958801,0.0839822068810463
0.0403590723872184,0.2609438300132751,0.1399660110473632
0.0607791282236576,0.2323382794857025,0.0721704438328743
-0.1407797187566757,0.2359062433242797,0.0137639734894037
0.0661388412117958,0.270299345254898,0.1511788219213485
0.0549223907291889,0.2826855778694153,0.1532119065523147
-0.0474942624568939,0.2201992720365524,0.1255360692739486
-0.1095770746469497,0.1943354606628418,0.1383213698863983
-0.0540949068963527,0.2160356938838958,0.2722243368625641
0.0459676757454872,0.231845423579216,0.1970287859439849
-0.0283755343407392,0.2213911861181259,0.2604370713233948
0.0342120788991451,0.2312291115522384,0.3175166547298431
0.0496008917689323,0.2747384905815124,0.222954973578453
0.1096971184015274,0.1905789524316787,0.0786534026265144
0.0484143197536468,0.1545511782169342,0.0814641043543815
-0.0625721961259841,0.2123068273067474,0.0486519299447536
-0.1054192632436752,0.1960985660552978,-0.0282740127295255
0.1425552517175674,0.1619078963994979,0.1246771290898323
0.0501792579889297,0.1929070949554443,0.1707183867692947
-0.0734476149082183,0.140776515007019,0.0274336729198694
-0.0350371003150939,0.1341308653354644,0.062460895627737
-0.2011325359344482,0.2180801033973693,0.154653713107109
-0.1061607524752616,0.2128762900829315,0.1162421479821205
0.0129769453778862,0.2171360850334167,0.1755799949169159
0.0120024951174855,0.2403687089681625,0.1412017792463302
-0.1042069941759109,0.2255500555038452,0.0614352598786354
0.0401307381689548,0.2109245210886001,0.0625940039753913
0.0615205056965351,0.2294696718454361,0.0517338067293167
0.0632941648364067,0.2280102670192718,0.0444790907204151
0.2108091115951538,0.2457820773124694,0.1040069088339805
0.2815567851066589,0.2548421621322632,0.1497139483690261
0.0724461004137992,0.2570047378540039,0.1700592786073684
0.1867931932210922,0.2533844411373138,0.0851342752575874
0.1318439543247223,0.2077977061271667,0.0799751579761505
-0.0278676897287368,0.2255671173334121,0.0437356680631637
-0.0129811521619558,0.240577757358551,-0.077868528664112
-0.1166657358407974,0.245191678404808,-0.1148060411214828
-0.0189722068607807,0.2199121266603469,-0.1631915420293808
-0.0692747980356216,0.2266925275325775,-0.1508533954620361
0.1760876625776291,0.1646045297384262,-0.0688438937067985
0.067066378891468,0.1182569935917854,-0.1549979597330093
-0.0671623274683952,0.0772493630647659,-0.189139187335968
-0.0749241113662719,0.009160054847598,-0.2513993680477142
-0.0150608550757169,0.0050125289708375,-0.2283289432525634
0.1863058060407638,-0.0205615386366844,-0.1459802836179733
0.2013562023639679,-0.1199112832546234,-0.0928815975785255
0.2514702379703522,-0.1469841748476028,-0.1708986312150955
0.0793252289295196,-0.1126307919621467,-0.3350273370742798
0.0990030616521835,-0.1166958436369896,-0.3760397434234619
0.2537626326084137,-0.1527284234762191,-0.4472531974315643
0.1765394955873489,-0.125113308429718,-0.4266680181026459
0.0722377598285675,-0.169609397649765,-0.3648315668106079
0.0279970616102218,-0.2138175964355468,-0.2928085029125213
-0.0620847828686237,-0.1637228429317474,-0.145096555352211
-0.2041162103414535,-0.1310687661170959,0.0002023052657023
-0.0731330141425132,-0.1127488762140274,-0.014559069648385
-0.0071374829858541,-0.083695650100708,-0.002106926869601
-0.182155504822731,-0.0045974720269441,-0.0650742053985595
-0.0975125283002853,0.031322181224823,-0.0851893201470375
-0.0699333325028419,0.0705114677548408,-0.0256296452134847
-0.0937816724181175,0.0933214426040649,-0.025083964690566
-0.0186355765908956,0.1444629430770874,0.044076818972826
0.0517776049673557,0.1794403642416,0.0948470532894134
-0.0125351855531334,0.2157926261425018,0.117955058813095
-0.0112526062875986,0.2653034329414367,0.1368765532970428
0.0938762575387954,0.2588872015476227,0.1279417276382446
0.0903989672660827,0.2556354999542236,0.2052450329065323
0.0858596116304397,0.292072057723999,0.1871677637100219
-0.0131260938942432,0.2789490520954132,0.1188185289502143
0.0574795939028263,0.230674922466278,0.1436301916837692
-0.1185947656631469,0.315147191286087,0.1086855307221412
-0.1951580345630645,0.3255068063735962,0.0245645847171545
-0.0216216705739498,0.2574063241481781,0.0674292296171188
-0.1256444156169891,0.2863399088382721,0.0471508987247943
-0.1525037288665771,0.2563268840312958,-0.0065860971808433
-0.0213884636759758,0.216187909245491,-0.0254921689629554
0.0730344429612159,0.2344156503677368,0.0065200920216739
-0.0269889589399099,0.1952303647994995,-0.0124580720439553
0.0701106935739517,0.1272419840097427,-0.0370699428021907
0.1244408339262008,0.1063254326581955,-0.0124173136427998
0.0241619050502777,0.1238769963383674,-0.0111611001193523
0.0765927210450172,0.0557929761707782,-0.0397984609007835
0.1519974619150161,0.0016842000186443,-0.0383409149944782
0.078076034784317,0.039463885128498,-0.0760576725006103
0.0571710169315338,0.0260812323540449,-0.1294018626213073
0.0868019014596939,-0.0060381474904716,-0.194889947772026
0.0822476297616958,-0.0249356739223003,-0.2642408013343811
0.0386764109134674,-0.0292908512055873,-0.2555128931999206
0.1329067647457122,-0.0740082561969757,-0.2061546742916107
0.0359756723046302,-0.0464974753558635,-0.1634584367275238
0.0100822895765304,-0.0250715427100658,-0.1245270073413848
-0.0100995497778058,-0.0233952831476926,-0.036561794579029
0.0034657944925129,-0.0500527285039424,-0.0434500612318515
-0.0046287854202091,-0.0860181897878646,-0.1434030681848526
0.0435107834637165,-0.0883942618966102,-0.1846202760934829
-0.1456201523542404,-0.0825869515538215,-0.2388847768306732
-0.1016180738806724,-0.090838223695755,-0.2316260635852813
0.0267274174839258,-0.075130321085453,-0.0707923024892807
0.1276532262563705,-0.136053591966629,-0.0214130338281393
0.1596218049526214,-0.1677363216876983,-0.1515827178955078
0.2071802616119384,-0.1515176743268966,-0.1516570299863815
0.126539409160614,-0.089444600045681,-0.140857845544815
0.1437809765338897,-0.1258990168571472,-0.1373627036809921
0.1292761117219925,-0.1587577760219574,-0.1353261321783065
-0.0441254898905754,-0.152640238404274,-0.1283784657716751
-0.0981281101703643,-0.1596362292766571,-0.1243500187993049
-0.0727231502532959,-0.1436303555965423,-0.1125636622309684
0.0844811648130416,-0.1154674142599105,-0.1219989359378814
0.1574597656726837,-0.1196610927581787,-0.0583126321434974
-0.0189740136265754,-0.1268841624259948,-0.0188130196183919
-0.109656773507595,-0.0933688059449195,-0.0022513535805046
-0.101304791867733,-0.0566498339176178,0.0694149136543273
-0.2304500043392181,-0.0691413953900337,0.1282880902290344
-0.1268189400434494,-0.0429047271609306,0.125459536910057
0.0353350788354873,-0.0185107048600912,0.0921311452984809
0.0325126685202121,0.0307001527398824,0.1703374981880188
-0.1007567048072815,0.0980887785553932,0.1205718144774437
-0.1443294584751129,0.1180994883179664,0.1142148151993751
-0.0602486580610275,0.1950038373470306,0.2492533177137375
0.057953305542469,0.2037130445241928,0.3061251938343048
0.199048101902008,0.2205732464790344,0.3519227802753448
0.2749689221382141,0.2654365599155426,0.3395438194274902
-0.0419025085866451,0.3069216907024383,0.2984933257102966
-0.057140052318573,0.2812075316905975,0.312026709318161
0.1440526992082595,0.2563722431659698,0.3157317042350769
0.1477595865726471,0.2841103672981262,0.3032083809375763
0.1253703832626342,0.257339745759964,0.2731766998767853
0.0536031797528266,0.2259128540754318,0.2457680255174636
-0.0213368404656648,0.2320410460233688,0.2667305469512939
-0.0978891029953956,0.2164651453495025,0.2051703482866287
-0.1480233669281005,0.2246546298265457,0.2108215689659118
0.0497929528355598,0.2268563061952591,0.1884205043315887
0.0700300484895706,0.2102304548025131,0.0638841763138771
0.0581867396831512,0.135722815990448,-0.0098329884931445
0.1036612838506698,0.1189382374286651,-0.0464482568204402
0.083226054906845,0.1449154764413833,0.1446711122989654
0.0969072505831718,0.1068008542060852,0.1377024054527282
-0.0006319131935015,0.082414761185646,0.0310827177017927
0.0066550285555422,0.0640964731574058,-0.0023173168301582
-0.0837228670716285,0.0682137981057167,0.0249835345894098
0.0786849483847618,0.0405419617891311,-0.0041874013841152
0.1043389588594436,-0.0074677970260381,-0.076132096350193
0.1312379539012909,-0.0098806209862232,0.0189262460917234
0.1456041187047958,0.0171431768685579,-0.0047447588294744
-0.0435327813029289,-0.0110288057476282,-0.1312513053417205
0.1375544965267181,-0.0982490852475166,-0.1458506733179092
-0.0443822816014289,-0.0669311061501503,-0.0695580393075943
-0.1034470126032829,-0.0262674875557422,-0.0494477227330207
-0.2070985734462738,-0.042053110897541,-0.1341695487499237
-0.2053924798965454,-0.0282680392265319,-0.0514541082084178
-0.164100706577301,0.0021937289275228,-0.0532698519527912
-0.1572770476341247,-0.0232700556516647,-0.0935349017381668
0.0717505514621734,-0.0254320092499256,-0.0866868495941162
-0.0114324856549501,0.0320696309208869,-0.0322845913469791
0.0879255235195159,0.0318496562540531,-0.0899058133363723
0.0837622210383415,-0.0085291201248765,-0.0862602666020393
-0.0099168624728918,0.0577854514122009,-0.0382725000381469
-0.102707602083683,0.0275984667241573,-0.0366363711655139
-0.0754347071051597,0.0176318548619747,0.074303463101387
0.0917246639728546,0.0485814958810806,0.0369051843881607
-0.0397308319807052,0.0692348405718803,0.0712509080767631
0.0503622069954872,0.0545300766825675,0.2009395509958267
0.014098210260272,0.0970586240291595,0.1848572492599487
0.0416646786034107,0.1125235259532928,0.1350566744804382
0.0855820700526237,0.1118074059486389,0.1500433534383773
-0.0242318175733089,0.1867651492357254,0.1192840337753295
0.0738635882735252,0.1542548835277557,0.0732166767120361
0.0148901008069515,0.1767313182353973,0.2045906633138656
-0.0239150840789079,0.2282565683126449,0.2438821345567703
0.022844897583127,0.2016196399927139,0.179912731051445
0.0128180962055921,0.2325541228055954,0.2362827956676483
-0.0739317759871482,0.2577247023582458,0.0957232490181922
-0.0839431285858154,0.2354708015918731,0.1247197464108467
0.0526369661092758,0.2101643532514572,0.1533262729644775
0.0414082817733287,0.2308086454868316,0.1382466554641723
0.0857801958918571,0.1685638576745987,0.0708171129226684
-0.2170174866914749,0.1474798768758773,-0.0395232439041137
-0.1264505833387375,0.2328872829675674,0.0853758454322815
0.0928149297833442,0.2707590162754059,0.0929970070719719
0.2014370113611221,0.1464791893959045,0.0639178231358528
0.1770064979791641,0.0808802098035812,0.045063704252243
-0.1031906753778457,0.1515247821807861,-0.0271371230483055
-0.027618683874607,0.1201844364404678,-0.0357713587582111
-0.0287825129926204,0.1199877262115478,-0.122164748609066
0.0216441769152879,0.1509216725826263,-0.1562628000974655
-0.0425086021423339,0.009854719042778,-0.1401702463626861
-0.2464721202850341,0.0068978113122284,-0.1439284980297088
-0.1636237800121307,0.0495563745498657,-0.1243511587381362
-0.0962918847799301,0.0524664111435413,-0.0153311965987086
0.0792962610721588,0.0552062280476093,0.0241326801478862
0.031426478177309,0.0028652562759816,-0.1367305070161819
-0.005195134319365,-0.055187851190567,-0.1213425025343895
0.0525038465857505,-0.0240320600569248,-0.0824568942189216
0.0174931827932596,-0.042689923197031,-0.0879324376583099
0.0887822806835174,-0.1064848750829696,-0.023725751787424
0.0167947281152009,-0.0459744408726692,0.0270044114440679
0.1107148304581642,-0.0106404209509491,0.0221444088965654
0.0386224910616874,-0.0050554471090435,-0.0709036141633987
0.110064186155796,0.0205183550715446,-0.1214219108223915
0.3142836689949035,0.0090919714421033,-0.0068606440909206
0.2540059387683868,0.0622366815805435,0.1148764416575431
0.1164045706391334,0.0725677907466888,-0.0045144786126911
-0.0301830023527145,-0.0256746243685483,-0.0378215685486793
-0.1112466976046562,0.0768229886889457,0.0719475373625755
-0.2725841701030731,0.1332625746726989,0.0551959909498691
-0.2802805602550506,0.1513219624757766,0.1077576503157615
-0.180707111954689,0.1183610782027244,0.1050878316164016
0.0247480049729347,0.1383974403142929,0.1490194946527481
0.075281485915184,0.1869596391916275,0.1141797676682472
-0.1259264200925827,0.2251272052526474,0.1421574354171753
0.0916764661669731,0.216286301612854,0.2653126716613769
0.2525632083415985,0.2636317312717438,0.3506161868572235
0.2936797738075256,0.2657247185707092,0.2647854089736938
-0.0242635942995548,0.275600254535675,0.1626433283090591
0.05043700709939,0.2914287447929382,0.2667625248432159
0.1069688498973846,0.3382092416286468,0.317655086517334
0.1758118271827697,0.3705008625984192,0.2618653178215027
0.2248817682266235,0.3027043044567108,0.2890225946903229
0.0335272662341594,0.3486190736293793,0.2827401757240295
-0.0587056539952755,0.3566229343414306,0.2217045426368713
0.0348125770688056,0.355176568031311,0.2295472919940948
0.2141514718532562,0.3919962644577026,0.1935091018676757
0.3369399607181549,0.2833579480648041,0.2085804641246795
0.1652647852897644,0.2059538215398788,0.1374184340238571
0.1243205592036247,0.2213599383831024,0.0319122374057769
0.2019238322973251,0.2319117933511734,0.0525501184165477
0.1495589017868042,0.2124624550342559,-0.0345935747027397
0.1807433515787124,0.1054583936929702,-0.1111638322472572
0.121828369796276,0.0969368144869804,-0.073206327855587
0.0177807547152042,0.1329357177019119,-0.1008540093898773
0.1589266955852508,0.0662925094366073,-0.1643600016832351
0.0613545700907707,0.0524303130805492,-0.2054666727781295
0.0873531475663185,0.0204867627471685,-0.2414915114641189
0.2083287835121154,0.0262668393552303,-0.2091502547264099
0.1506497859954834,-0.0346178151667118,-0.32181316614151
-0.0311244297772645,-0.1799177080392837,-0.446459412574768
0.0831613987684249,-0.2150562554597854,-0.4442242085933685
-0.1112066358327865,-0.1151900887489318,-0.3254159688949585
-0.1761712580919265,-0.1697478741407394,-0.2961422502994537
-0.0414772406220436,-0.2277439832687378,-0.3396811783313751
-0.0880918875336647,-0.2087111622095108,-0.3474693298339844
-0.1959390938282013,-0.2008826285600662,-0.4059390425682068
-0.1794738322496414,-0.1757333278656005,-0.3662981688976288
-0.0370945334434509,-0.2132351547479629,-0.3516747057437897
-0.0031331041827797,-0.2743555009365082,-0.3698542416095733
0.0339623503386974,-0.3057136535644531,-0.3374301195144653
-0.1096949502825737,-0.285618245601654,-0.2895784378051758
-0.0305497385561466,-0.3096093237400055,-0.3041698634624481
-0.0671477019786834,-0.333669900894165,-0.2827559113502502
-0.2244295924901962,-0.3308008909225464,-0.2545133531093597
-0.2321508824825287,-0.2711058557033539,-0.2832888066768646
-0.1818819195032119,-0.2357129007577896,-0.2111994624137878
-0.0619770847260952,-0.1934293508529663,-0.051179438829422
0.0544574186205863,-0.1766019612550735,0.0473360493779182
-0.1134303882718086,-0.1693741381168365,0.0832575634121894
-0.0692472755908966,-0.0671433955430984,0.0659419149160385
0.0570869669318199,-0.0105498880147933,0.0983685627579689
-0.0270488187670707,-0.001075324602425,0.0720357894897461
-0.0584544129669666,0.0251368377357721,0.1410103291273117
-0.0319641269743442,0.0701400488615036,0.1680471748113632
-0.0597558096051216,0.1174244806170463,0.2923912107944488
0.0122470976784825,0.1209195703268051,0.4378431141376495
-0.0828922018408775,0.2590782344341278,0.4790259599685669
-0.0213149189949035,0.3383123278617859,0.523261308670044
0.0216237585991621,0.4061888456344604,0.508478045463562
-0.1017418056726455,0.5187415480613708,0.4541548490524292
-0.1773518770933151,0.5719608068466187,0.4436399042606354
0.0698226317763328,0.5925206542015076,0.5796032547950745
0.1797126531600952,0.609670877456665,0.5390062928199768
-0.0306540466845035,0.6049365997314453,0.440125048160553
-0.104973554611206,0.5955920815467834,0.4178642332553863
-0.0253596883267164,0.6518093347549438,0.5053241848945618
0.0464071743190288,0.6359632611274719,0.4712538123130798
0.1376083493232727,0.6007581353187561,0.4624685943126678
0.0309274513274431,0.5620717406272888,0.3704456984996795
0.0655848830938339,0.5271677374839783,0.3545689880847931
0.1611532270908355,0.5334005951881409,0.2521265149116516
0.0612082332372665,0.5075770020484924,0.0792049244046211
0.1330723017454147,0.4406123757362366,0.0240442026406526
0.0977194234728813,0.387134850025177,-0.0688064321875572
0.0933574363589286,0.3087614774703979,-0.035941693931818
0.0090117249637842,0.285731554031372,-0.1017417013645172
-0.1843231171369552,0.2566490471363067,-0.219826802611351
-0.0370916537940502,0.1860149204730987,-0.1490340530872345
0.0552992634475231,0.22207573056221,-0.1026689559221267
0.0634888038039207,0.1401305347681045,-0.2972746193408966
-0.0388748496770858,0.0322927497327327,-0.4246645271778106
-0.0787153244018554,0.0698327347636222,-0.4889665842056274
-0.1751523911952972,0.0469007939100265,-0.4326527118682861
-0.0733861327171325,-0.0231558065861463,-0.4342184662818908
-0.0001952776219695,-0.0968233719468116,-0.5080300569534302
-0.0154390223324298,-0.1313128173351287,-0.5271223187446594
-0.0222034528851509,-0.1501639932394027,-0.5051611065864563
0.0663794875144958,-0.2450319975614547,-0.6006923317909241
0.1660671979188919,-0.3433439433574676,-0.6523401141166687
-0.0849741324782371,-0.4126008749008178,-0.6813643574714661
-0.1606582254171371,-0.4440748989582062,-0.7752365469932556
-0.0493604652583599,-0.4742091000080108,-0.7657532095909119
0.0311381034553051,-0.5055733919143677,-0.6879428029060364
-0.0755074918270111,-0.5262277126312256,-0.7546461820602417
-0.0261841528117656,-0.5050273537635803,-0.8081562519073486
0.162511259317398,-0.472716212272644,-0.7782056927680969
0.1979499459266662,-0.4597378373146057,-0.6114223003387451
0.0547562353312969,-0.4190246760845184,-0.5297388434410095
-0.226343348622322,-0.4627646803855896,-0.5632086992263794
-0.0046237250789999,-0.413009911775589,-0.5307819843292236
0.1214628368616104,-0.2858503460884094,-0.3777554035186767
0.1771083623170852,-0.2986451387405395,-0.3351404368877411
0.0163011029362678,-0.4023635387420654,-0.3941566050052643
0.0415402986109256,-0.3349562883377075,-0.4120390117168426
0.0453456901013851,-0.2627172470092773,-0.3585036098957062
0.2023449391126632,-0.2271720916032791,-0.2214481979608535
0.3009492754936218,-0.1968511939048767,-0.2146486192941665
0.1396025419235229,-0.1948956400156021,-0.189325213432312
0.0275721363723278,-0.1745512187480926,-0.1183194667100906
0.0523259714245796,-0.1311428993940353,-0.0313026532530784
-0.0226561296731233,-0.1535123735666275,0.0318302437663078
-0.0292431022971868,-0.0998262614011764,-0.011857895180583
-0.1254748255014419,-0.1252285540103912,-0.0876485332846641
0.0162411872297525,-0.1124653443694114,-0.0944762527942657
0.0503453612327575,-0.0930346548557281,-0.0556031577289104
-0.0090145152062177,-0.0817350074648857,-0.0155938863754272
0.0020450598094612,-0.088975615799427,-0.0789784491062164
0.102453775703907,-0.1199061051011085,-0.0376113504171371
0.1077510714530944,-0.1310146749019622,0.1259954273700714
0.1149589195847511,-0.1033458709716796,0.19107586145401
-0.0166467782109975,-0.154520645737648,0.0760573968291282
0.0509076341986656,-0.1745156496763229,-0.0031905502546578
0.0942212790250778,-0.1159807071089744,-0.0042387703433632
0.0115080010145902,-0.1037424579262733,-0.0358016192913055
0.0853297635912895,-0.1481946110725402,-0.1059008166193962
0.0279007703065872,-0.1492498517036438,-0.0823156610131263
-0.1147290840744972,-0.1317803263664245,-0.0467083975672721
-0.2323326766490936,-0.1300059258937835,0.0690318420529365
-0.0771819874644279,-0.1113393083214759,0.1326827108860016
-0.1426763534545898,-0.1344208568334579,0.0948777198791503
-0.0143655138090252,-0.1564787626266479,0.0118605960160493
-0.0826137214899063,-0.135063424706459,-0.1044842228293418
-0.0516592673957347,-0.1345920413732528,-0.1873189061880111
0.1242820844054222,-0.13400699198246,-0.1358534097671508
0.0843453183770179,-0.1203295215964317,-0.0795816108584404
-0.0733575224876403,-0.1633283197879791,-0.1065611317753791
0.0516848117113113,-0.2117778807878494,-0.1031317859888076
0.0347452014684677,-0.1908368617296219,-0.0081744771450757
0.0061359270475804,-0.1664423048496246,0.0354318581521511
-0.0405307598412036,-0.1732077300548553,-0.0269093383103609
-0.0661719441413879,-0.172742486000061,-0.0626494884490966
-0.1486167907714843,-0.1668094247579574,-0.1184353604912757
-0.0812087282538414,-0.1724811643362045,-0.1458001434803009
-0.1415789425373077,-0.1402441263198852,-0.1838454902172088
-0.1565597653388977,-0.1084260120987892,-0.1367983520030975
-0.0083429878577589,-0.1327041685581207,-0.0754558891057968
0.066543236374855,-0.1387801766395568,-0.0141840120777487
0.1480191648006439,-0.1471470147371292,-0.0251822490245103
-0.0733118951320648,-0.1305432617664337,-0.0373816564679145
-0.1270293593406677,-0.1260556131601333,-0.0497841238975524
-0.0296431574970483,-0.1480631828308105,-0.0133997481316328
0.2135984748601913,-0.1499108970165252,0.0409808941185474
0.0496398843824863,-0.134276807308197,0.0262014158070087
0.0369341261684894,-0.1215041354298591,0.0374635830521583
0.0263145063072443,-0.1112056970596313,0.0248436629772186
-0.0032078828662633,-0.0897402986884117,0.0855279043316841
0.1103857904672622,-0.0683423355221748,0.1998837739229202
0.1101748570799827,-0.0292550884187221,0.1896163076162338
0.0111958160996437,-0.0462583042681217,0.1117281764745712
-0.0975770950317382,-0.0489943921566009,0.0919144749641418
-0.1754279434680938,0.0078047080896794,0.086323969066143
-0.2251320779323578,0.0359451808035373,0.0986985266208648
-0.1576166898012161,0.0335174426436424,0.1357122063636779
0.00635686237365,0.0226127076894044,0.1566074341535568
-0.1038514003157615,0.0458197593688964,0.1265363544225692
0.0418792590498924,0.0563726313412189,0.1215911582112312
0.1697299033403396,0.045082688331604,0.1091131865978241
0.0566466860473156,0.0350316986441612,0.0569268092513084
-0.0245222058147192,0.0376802086830139,0.0324012264609336
-0.0246240254491567,0.0415271893143653,0.0468772277235984
-0.0790041759610176,0.0356863439083099,0.0271434690803289
-0.2906158864498138,0.0228739436715841,0.0032681778538972
-0.308232694864273,0.012778166681528,0.0042516831308603
-0.2825011312961578,-0.010401994921267,0.0002015011268667
0.0044877477921545,-0.0329938568174839,0.0753841325640678
0.1960042864084243,-0.0668490976095199,0.0804689675569534
-0.1024481877684593,-0.065836563706398,-0.0114361904561519
-0.2155482172966003,-0.0141924042254686,-0.0470233261585235
-0.107663556933403,0.0178464893251657,-0.0498627871274948
0.0094629535451531,-0.0553061179816722,-0.0013738418929278
0.1118979826569557,-0.0835039317607879,0.0598205402493476
-0.0644804015755653,-0.0482881255447864,0.1113546565175056
-0.1883450895547866,-0.0591490268707275,0.0754246190190315
-0.200862631201744,-0.0357676111161708,0.0031347626354545
0.0027972790412604,0.0122374668717384,0.0160023570060729
0.0518621802330017,0.0378567092120647,0.0409502908587455
-0.0304598566144704,-0.0002912068739533,0.0474132522940635
-0.1605639457702636,-0.0103857582435011,-0.0221794322133064
-0.1072730347514152,0.0517806746065616,0.0046045104973018
0.1256382465362548,0.1001317352056503,0.0265232026576995
0.1086491420865058,0.1063273102045059,0.0711910724639892
0.1142351031303405,0.0172978620976209,-0.0689307898283004
-0.0705736279487609,-0.0156707409769296,-0.1039305850863456
-0.0006538904272019,-0.0352909378707408,-0.0746573209762573
0.0252054035663604,-0.0244699791073799,-0.1089758798480033
0.1535351574420929,-0.086781121790409,-0.0897268503904342
0.1361825317144394,-0.1034567728638649,-0.1039830148220062
0.1364323496818542,-0.1147800907492637,-0.2391341924667358
0.1360049098730087,-0.2051462084054947,-0.3985012173652649
-0.083005778491497,-0.2916528284549713,-0.4290152788162231
-0.1480457484722137,-0.269933134317398,-0.474785178899765
-0.0699079781770706,-0.2037400752305984,-0.428520143032074
-0.0355987437069416,-0.2345587164163589,-0.3042123019695282
0.0884045287966728,-0.3313647508621216,-0.2681767046451568
0.0118301315233111,-0.4003259837627411,-0.3290797173976898
-0.1122287586331367,-0.4398062825202942,-0.3750998973846435
-0.186731219291687,-0.3829930424690246,-0.3052457273006439
-0.188232809305191,-0.3396799862384796,-0.2107601463794708
-0.0313185565173625,-0.3949736058712005,-0.1640783846378326
0.0788655802607536,-0.3983804583549499,-0.1559119522571563
0.035527691245079,-0.3995442688465118,-0.2038200944662094
0.0820618420839309,-0.3883578181266784,-0.1013624519109726
0.1641287505626678,-0.3483379781246185,0.1137186959385871
0.319804310798645,-0.2958382070064544,0.1762784719467163
0.3378826379776001,-0.2247317880392074,0.1314406991004943
0.2734964489936828,-0.2036250233650207,0.0178959928452968
0.2325945645570755,-0.1490816175937652,-0.027525283396244
0.4520055651664734,-0.1105497479438781,0.0756964534521102
0.7203448414802551,-0.1208921372890472,0.1370295882225036
0.7656949162483215,-0.1311264932155609,0.1271401792764663
0.4929030537605285,-0.0582589469850063,0.1323338747024536
0.3294118642807007,0.0575665310025215,0.3212986588478088
0.3957429528236389,0.0383467637002468,0.2880509793758392
0.290249764919281,-0.0121411234140396,0.2360779494047165
0.3447356522083282,0.027126919478178,0.2116133570671081
0.470575749874115,0.0941545888781547,0.3005445599555969
0.5125008225440979,0.0858873352408409,0.3072429299354553
0.4130557775497436,0.1102548986673355,0.3064050674438476
0.4470315873622894,0.1279750317335128,0.3011322617530823
0.3730549216270447,0.133346825838089,0.2700921297073364
0.3698436617851257,0.1134160012006759,0.3211776614189148
0.2879948318004608,0.1195268034934997,0.3762904703617096
0.2438771575689315,0.1390400528907776,0.3468289971351623
0.1685777604579925,0.1189938709139823,0.3503903448581695
0.2797538340091705,0.1363116204738617,0.2983574867248535
0.1729344427585601,0.1501470804214477,0.2681729197502136
0.1312647610902786,0.139832392334938,0.2104153484106063
-0.0989596545696258,0.1627376079559326,0.1128440201282501
-0.1638611555099487,0.1396227031946182,0.0971697196364402
-0.087001547217369,0.0933023616671562,0.0729640647768974
-0.2624561786651611,0.1132116243243217,0.1106336787343025
-0.5363331437110901,0.0988473668694496,0.0618727579712867
-0.5100796818733215,0.0753407105803489,0.0505697689950466
-0.2503527700901031,0.060043878853321,0.1418175846338272
-0.2130637019872665,0.0130734462291002,0.1450828909873962
-0.277869164943695,-0.0250267591327428,0.0608421713113784
-0.2402589470148086,-0.0664152130484581,0.0351043194532394
-0.2214704155921936,-0.0831901133060455,0.0197138972580432
-0.2920795977115631,-0.0887859463691711,-0.0002582144807092
-0.3546043336391449,-0.0961215123534202,-0.009046577848494
-0.3804963827133178,-0.0653604045510292,0.0252589304000139
-0.4587504267692566,-0.0076700127683579,0.0268861781805753
-0.4470202624797821,0.0713726133108139,-0.0051628337241709
-0.3725905120372772,0.1361378282308578,0.0009205682436004
-0.3200719058513641,0.1698651611804962,0.008185938000679
-0.2732366025447845,0.2341773062944412,-0.0034067991655319
-0.2313301861286163,0.2756642997264862,-0.0167170111089944
-0.1638626456260681,0.2779565453529358,0.0394660830497741
-0.0784212499856948,0.3094524443149566,0.0613298341631889
-0.0816369578242302,0.3181965947151184,0.0487203150987625
-0.0221912134438753,0.2847949564456939,0.0852855145931243
-0.0510049425065517,0.271832525730133,0.0750331059098243
-0.0699203163385391,0.2381645739078521,0.0121188564226031
0.0793728157877922,0.1423588097095489,0.0086318235844373
0.0572507381439209,0.0564183332026004,-0.0221886746585369
-0.0506067089736461,-0.004915852099657,-0.0731026828289032
-0.1466775685548782,-0.0790345594286918,-0.1243514865636825
-0.0840487852692604,-0.1370699554681778,-0.1387828290462494
-0.0505286417901515,-0.1990973800420761,-0.1959225535392761
-0.1882263422012329,-0.2711635231971741,-0.2946649193763733
-0.083323635160923,-0.3448193669319153,-0.3662064969539642
-0.0745284631848335,-0.3652209639549255,-0.393856793642044
-0.1041199117898941,-0.36806520819664,-0.4064047932624817
-0.0334362685680389,-0.39215749502182,-0.3823167383670807
0.0407130606472492,-0.3903915584087372,-0.3536818921566009
-0.0192102305591106,-0.3976712822914123,-0.3196203112602234
0.0605202838778495,-0.3860931992530823,-0.3052956759929657
0.1045884937047958,-0.3835146725177765,-0.3185303509235382
-0.0117951054126024,-0.3371714055538177,-0.2902047038078308
-0.0369861982762813,-0.2797553539276123,-0.2610684037208557
0.0826898664236068,-0.2458620816469192,-0.1850146651268005
0.0640784129500389,-0.1903398334980011,-0.1330548673868179
-0.0787027105689048,-0.1224382668733596,-0.1160396561026573
-0.1256658434867859,-0.072656437754631,-0.0948753282427787
-0.0848480984568595,-0.046457327902317,-0.0896683186292648
-0.0898098051548004,-0.0099482806399464,-0.0343846902251243
-0.0659683868288993,0.0282387863844633,0.0352740176022052
-0.0339973270893096,0.0424708053469657,0.0648060590028762
-0.0644298046827316,0.052112516015768,0.0153626101091504
-0.1129702478647232,0.0525677688419818,0.0152647187933325
0.0045121777802705,0.0670002400875091,0.0481153428554534
-0.0055210152640938,0.0869092345237732,0.0431647934019565
-0.0085284588858485,0.0764472484588623,0.0545265525579452
0.1506361216306686,0.0538971535861492,0.1054918766021728
0.0909794420003891,0.0321529768407344,0.1209528595209121
0.0231894757598638,0.0037769260816276,0.0916938260197639
-0.0077085196971893,-0.0061811655759811,0.0542308688163757
0.0149646140635013,-0.0100885722786188,0.0308267045766115
-0.0284398514777421,-0.0280446708202362,-0.0281298216432333
0.0080401767045259,-0.0470305979251861,-0.0410264059901237
0.0467612072825431,-0.0725242346525192,-0.0759785249829292
-0.0152463549748063,-0.102781280875206,-0.1267353892326355
-0.0199854504317045,-0.1195115223526954,-0.1523089259862899
0.0839480608701706,-0.099067822098732,-0.1615161895751953
0.0838908031582832,-0.098681665956974,-0.1351967006921768
0.0738633498549461,-0.1437716633081436,-0.1509741395711898
0.107965663075447,-0.17102912068367,-0.1870602518320083
0.1012987121939659,-0.2222919762134552,-0.1861377656459808
-0.040260013192892,-0.2630854845046997,-0.194770410656929
-0.0295411199331283,-0.2499240934848785,-0.1922546327114105
0.0304375290870666,-0.2461687624454498,-0.1948112696409225
-0.0205818954855203,-0.2549650967121124,-0.170602336525917
0.0359692648053169,-0.2564692497253418,-0.1591313034296035
0.1058329343795776,-0.2649281620979309,-0.172806903719902
0.0509856715798378,-0.2709008455276489,-0.1673037558794021
-0.0211770497262477,-0.2912861108779907,-0.1690066903829574
-0.01750348508358,-0.2792685925960541,-0.1421726793050766
-0.0512290447950363,-0.2878265976905823,-0.1028775423765182
-0.0502894818782806,-0.3049235641956329,-0.0948947146534919
-0.0175512935966253,-0.2880840301513672,-0.1014844551682472
-0.0521276444196701,-0.253838449716568,-0.0940494388341903
-0.1249450221657753,-0.2377208769321441,-0.0578705482184886
-0.0027914156671613,-0.1856803148984909,-0.0236337482929229
0.1126256585121154,-0.1371451914310455,-0.0134769976139068
0.1107161790132522,-0.1419226378202438,0.0105790700763463
0.1295274794101715,-0.08969297260046,0.0662298575043678
0.0886250436305999,-0.0706732124090194,0.1197109296917915
-0.0669259876012802,-0.065714955329895,0.1384312957525253
-0.224315345287323,-0.0251539461314678,0.1516730636358261
-0.2192564755678177,-0.0050027901306748,0.1829817146062851
-0.1578631550073623,0.0077614742331206,0.1747924983501434
-0.1074606329202652,0.0266120471060276,0.149346262216568
-0.0467546731233596,0.0154672488570213,0.1525425910949707
-0.0298291631042957,0.0165426488965749,0.1752833724021911
0.0026062740944325,0.0242708753794431,0.2110858410596847
0.1014459282159805,0.0390574187040329,0.2571941018104553
0.0506272241473197,0.0492293648421764,0.2317561209201812
-0.0684818103909492,0.0394894964993,0.1735370904207229
-0.1670938730239868,0.0369483083486557,0.1381210386753082
-0.2006207108497619,0.0602310448884964,0.1453226655721664
-0.1918264180421829,0.0433029308915138,0.1782372146844864
-0.1287755519151687,0.0353442430496215,0.1964726895093917
-0.0805558264255523,0.0276394505053758,0.1812766939401626
-0.0648918598890304,0.0603719465434551,0.191101387143135
0.0205572638660669,0.0800918489694595,0.1861779987812042
0.0093405526131391,0.0744016766548156,0.1593826562166214
-0.0972407534718513,0.0745817050337791,0.1256103068590164
-0.0494362041354179,0.059204313904047,0.1466976851224899
-0.0825912281870842,0.0729044079780578,0.1914741992950439
-0.0586628355085849,0.0802437290549278,0.1697933822870254
-0.0655250027775764,0.0777145251631736,0.1515230387449264
-0.0390397533774375,0.0795816928148269,0.1374499052762985
0.0147976428270339,0.0916407480835914,0.1145403236150741
0.0373121052980423,0.0772188901901245,0.1126906424760818
0.0708138719201088,0.0565668754279613,0.1257654279470443
0.0084263822063803,0.0615883059799671,0.1210709363222122
0.0488406494259834,0.0383202657103538,0.0825991779565811
0.0969014540314674,-0.0163283850997686,0.0518123283982276
0.083930529654026,-0.0350235104560852,0.0973894000053405
0.125339850783348,-0.0531061217188835,0.0786431059241294
0.0442114397883415,-0.08382248878479,0.0544118024408817
-0.055683396756649,-0.084264650940895,0.0215151160955429
-0.1276284158229828,-0.1029746904969215,0.014522454701364
-0.0746145546436309,-0.1008068621158599,0.0470772869884967
-0.0165139641612768,-0.0985527634620666,0.0710550546646118
0.010496630333364,-0.064969003200531,0.081545390188694
0.0389051027595996,-0.0548479259014129,0.0584278181195259
0.0878670811653137,-0.0471471883356571,0.0825718715786933
0.053846001625061,-0.0343056917190551,0.1113638430833816
0.0155453011393547,-0.0662172958254814,0.1267928034067154
0.0548740662634372,-0.0603586062788963,0.1818099915981292
0.0020342832431197,-0.0408217571675777,0.1617968380451202
0.0392215996980667,-0.0467235893011093,0.1660555005073547
0.0723098814487457,-0.0286627728492021,0.1757655590772628
0.0043457462452352,-0.0097399475052952,0.1488093137741089
-0.0347805619239807,-0.007289292756468,0.1556406319141388
0.0196107737720012,-0.0103513952344655,0.170494943857193
0.0015349668683484,0.0096390973776578,0.1753629744052887
-0.0153444139286875,0.0059303794987499,0.1843191832304
-0.0278939809650182,0.0274873469024896,0.1572191715240478
-0.1088996231555938,0.0501487217843532,0.1564817428588867
-0.084095299243927,0.0757003873586654,0.1714683324098587
-0.0514476038515567,0.1175074875354766,0.2277941852807998
-0.109943650662899,0.1485143452882766,0.2318971008062362
-0.1457708925008773,0.1634059399366378,0.1760596632957458
-0.1038067713379859,0.2118306159973144,0.165106251835823
-0.0396552123129367,0.2513593733310699,0.219914898276329
-0.0337304212152957,0.2629161179065704,0.2413768768310547
0.0233190152794122,0.2724134922027588,0.2599151134490967
-0.082486905157566,0.310029923915863,0.2752105295658111
-0.009097640402615,0.3264587223529815,0.3265754580497741
0.1057540401816368,0.3116856515407562,0.3376508951187134
0.0009642462246119,0.313643604516983,0.322658360004425
-0.0694214701652526,0.3244800865650177,0.2583101093769073
-0.0658480450510978,0.3312921822071075,0.2593362033367157
-0.0743884220719337,0.3539313971996307,0.2602050900459289
-0.0781008675694465,0.3410664498806,0.2360270619392395
-0.0725846141576767,0.3236907720565796,0.2586935460567474
-0.0539526045322418,0.3355660736560821,0.3085013031959533
-0.0271206796169281,0.331142395734787,0.3603684902191162
0.0178475938737392,0.3278930485248565,0.3507459759712219
0.026719020679593,0.326601505279541,0.3191536366939544
-0.1271544247865677,0.3174197077751159,0.2427904158830642
-0.1309373080730438,0.3246766328811645,0.1986905485391616
-0.0248582679778337,0.3357452750205993,0.2413458675146103
0.0950560942292213,0.3579138219356537,0.2606544196605682
0.0894472151994705,0.3239326775074005,0.2265678346157074
0.0388068407773971,0.3173377811908722,0.1848416626453399
0.0746247544884681,0.3478094041347503,0.1814490556716919
-0.0406773090362548,0.3687994182109833,0.170084148645401
0.0576876103878021,0.3676904737949371,0.1627335548400879
0.1010851263999939,0.352258563041687,0.1690983325242996
0.0578947812318801,0.3669062256813049,0.1600893884897232
0.0691252723336219,0.348518967628479,0.1101218611001968
0.0331017524003982,0.3715366721153259,0.0352556109428405
0.0356562696397304,0.3731258511543274,0.0048744799569249
0.1013987958431243,0.3501979112625122,0.0335263647139072
0.0602734051644802,0.3259919583797455,0.0462898164987564
0.0529944524168968,0.2910835146903991,0.0116556733846664
0.0400518700480461,0.2512053549289703,-0.0025354293175041
0.0197710953652858,0.2196011245250702,-0.0294820927083492
0.0622577145695686,0.1629451364278793,-0.0819612070918083
0.1172692999243736,0.1291448324918747,-0.1040252298116684
0.0786442086100578,0.1078974455595016,-0.1774450540542602
0.0225612297654151,0.0839343219995498,-0.3069252669811249
-0.0239687673747539,0.0904516875743866,-0.3384637832641601
-0.0718745067715644,0.0930123180150985,-0.3419354856014251
0.0034075626172125,0.0557142682373523,-0.3161519169807434
0.1211110278964042,0.0367147475481033,-0.2950708568096161
-0.0021302052773535,0.0065571833401918,-0.2865259051322937
0.0068228095769882,0.0093492409214377,-0.2972089052200317
-0.0180403534322977,0.0001826421357691,-0.3297556340694427
-0.0765492022037506,-0.0504528395831584,-0.3723459541797638
-0.0589535981416702,-0.0444075763225555,-0.4088396430015564
-0.0889394581317901,-0.0575095303356647,-0.4027647078037262
-0.1284664422273636,-0.0770390108227729,-0.3979123830795288
0.0130989560857415,-0.1025494337081909,-0.3915495574474334
0.0669777542352676,-0.1222288608551025,-0.3528887033462524
-0.0401092804968357,-0.2111227810382843,-0.3706506788730621
-0.103731982409954,-0.2092211991548538,-0.4461701810359955
-0.0385284796357154,-0.2122217863798141,-0.4179262816905975
0.0149609334766864,-0.2165272235870361,-0.3791282773017883
-0.0080165546387434,-0.2571116685867309,-0.4027425348758697
-0.0022651213221251,-0.2869068086147308,-0.4441691935062408
-0.0148171316832304,-0.2619687020778656,-0.4337053894996643
0.0261383969336748,-0.2400185316801071,-0.3952566683292389
0.0199316330254077,-0.2681063413619995,-0.3754696547985077
-0.0082692205905914,-0.2794812023639679,-0.3676401078701019
-0.1728698760271072,-0.2814229130744934,-0.426662415266037
-0.1142121702432632,-0.2583546042442322,-0.4169565439224243
0.087099902331829,-0.2327616363763809,-0.3620935380458832
0.0923886075615882,-0.2569918036460876,-0.289934754371643
-0.0892909094691276,-0.2657861113548279,-0.2896817624568939
-0.1359234899282455,-0.244837537407875,-0.3676352798938751
0.0318790897727012,-0.2045947760343551,-0.3367567062377929
0.0798213556408882,-0.1688130646944046,-0.2531051933765411
0.0943571552634239,-0.1642478853464126,-0.2065960019826889
0.0514746978878974,-0.1715477406978607,-0.2203567028045654
0.0226944480091333,-0.149743914604187,-0.1874163299798965
0.05497707426548,-0.0965954586863517,-0.1337288320064544
0.0177815034985542,-0.0834138765931129,-0.0801476240158081
-0.1353474408388137,-0.0748294666409492,-0.0990521609783172
-0.2681904137134552,-0.0421346388757228,-0.1220898330211639
-0.1343670189380645,-0.0581355839967727,-0.0883168429136276
0.0920669138431549,-0.0699794590473175,-0.0007052344153635
0.2108051180839538,-0.0485523678362369,0.0815289467573165
0.2084002941846847,-0.0652210935950279,0.096411220729351
0.0729508474469184,-0.018912449479103,-0.0542978607118129
-0.1087438464164733,0.0183174759149551,-0.123049758374691
0.0621931739151477,-0.0326648727059364,-0.0538723990321159
0.1173304542899131,-0.0720375776290893,0.0354055501520633
0.0468973666429519,-0.0814622938632965,0.0587277486920356
0.092566043138504,-0.0889393910765647,-0.0158463567495346
0.0843922942876815,-0.10553889721632,-0.058057501912117
0.0894363224506378,-0.0960945263504982,-0.0748548582196235
0.2134517133235931,-0.0872524678707122,-0.0412063673138618
0.2855006158351898,-0.113656647503376,-0.0034038578160107
0.1087131723761558,-0.1126641556620597,-0.0064240489155054
0.0917445793747901,-0.1080054864287376,-0.0720778927206993
-0.0326119475066661,-0.1089586168527603,-0.0908848270773887
-0.1932040303945541,-0.1118084713816642,-0.0896619036793708
-0.1268391609191894,-0.1206111684441566,-0.0731915608048439
-0.0868526026606559,-0.0904641896486282,-0.0473168194293975
-0.0632375031709671,-0.1123741269111633,-0.0263034384697675
0.0415626801550388,-0.1396249234676361,-0.0079207029193639
0.0798718258738517,-0.1225701794028282,-0.0557621456682682
0.0732493475079536,-0.0969383120536804,-0.0929649099707603
0.2637331783771515,-0.1053676530718803,-0.0440735518932342
0.2144495099782943,-0.127664715051651,0.0046244789846241
0.0953791439533233,-0.1472152024507522,0.016115304082632
-0.1692666262388229,-0.1811784952878952,-0.0532403327524662
-0.1328179389238357,-0.2207108289003372,-0.1790757030248642
0.0182282999157905,-0.1856354027986526,-0.215044617652893
-0.0583509728312492,-0.1767885237932205,-0.0613378994166851
0.0782654583454132,-0.1812336146831512,-0.0160662923008203
0.0063838586211204,-0.1643854826688766,-0.0345989465713501
-0.1277662217617035,-0.1320568323135376,-0.1213287860155105
-0.1493586897850036,-0.1140187680721283,-0.1127998679876327
0.0090842088684439,-0.1010073572397232,-0.0191229116171598
0.0186771787703037,-0.0806391164660453,0.0650500878691673
-0.0448615849018096,-0.0942683741450309,-0.0251351967453956
-0.0230239313095808,-0.1013743206858635,-0.0634807497262954
-0.0822385251522064,-0.0704113468527793,-0.0307523645460605
-0.055617943406105,-0.0529010184109211,0.0002200593007728
0.0315094999969005,-0.0703969150781631,0.0052041648887097
-0.0396146327257156,-0.0934839993715286,0.0205781739205122
-0.0679203048348426,-0.0765942335128784,0.0643014162778854
6.552436389e-06,-0.0536568611860275,0.0781940966844558
0.0166859310120344,-0.0650834217667579,0.0565404631197452
-0.1028675809502601,-0.0556030869483947,-0.0065857330337166
-0.1296946704387664,-0.0314902961254119,-0.0263951234519481
-0.0320770815014839,-0.0156639404594898,0.0220101829618215
-0.1086946278810501,0.0417194589972496,0.0846229642629623
-0.0865214765071868,0.051539484411478,0.0844705626368522
-0.0095057832077145,0.0119079202413558,0.0546183921396732
-0.0013636950170621,0.0038871108554303,0.0583633556962013
0.0862162187695503,0.0217188391834497,0.0784073695540428
0.0601039789617061,-0.0107418857514858,0.0743066743016243
-0.0285039171576499,-0.0454793609678745,0.0624995529651641
-0.068743772804737,-0.0830240100622177,0.0128192929551005
0.0245246589183807,-0.1042107790708541,-0.0297862235456705
0.1059730798006057,-0.1192105263471603,-0.0244480017572641
0.1114115267992019,-0.1058451905846595,-0.012294135056436
0.0629409551620483,-0.0954056903719902,0.0126807391643524
0.0050861816853284,-0.0970882773399353,0.0576535426080226
-0.0175320636481046,-0.0792168453335762,0.0384319461882114
-0.0168026257306337,-0.0682022795081138,0.0472997426986694
-0.0101699754595756,-0.0717976242303848,0.0655551925301551
0.0210257619619369,-0.0907042026519775,0.0455812215805053
0.0808714628219604,-0.1061873733997345,0.0037317872047424
0.0547344088554382,-0.0941546857357025,-0.0276034995913505
0.0233802106231451,-0.0689874738454818,-0.0405558384954929
0.0624898001551628,-0.0714242607355117,-0.0937934964895248
0.0705661624670028,-0.081131137907505,-0.093117818236351
-0.0183293502777814,-0.1026971489191055,-0.0393509939312934
-0.0429705381393432,-0.1272430717945099,-0.0338934026658535
0.0466104783117771,-0.1187941953539848,0.0022406312637031
0.0535082817077636,-0.127485379576683,0.027743674814701
-0.030048131942749,-0.142675518989563,-0.0119134560227394
0.0507226884365081,-0.1551385074853897,-0.0371371060609817
0.0093478169292211,-0.1422938257455825,-0.0011663243640214
-0.0170992165803909,-0.1245777681469917,-0.0500736646354198
0.0201442912220954,-0.1432720869779586,-0.0980196222662925
0.0868837088346481,-0.1648875027894973,-0.1223943531513214
0.0931586474180221,-0.161736711859703,-0.0695178285241127
0.1284130364656448,-0.2015898823738098,-0.0358283445239067
0.0391020700335502,-0.2283631563186645,0.0009674857137724
-0.0551397427916526,-0.2125352025032043,0.0207771435379982
-0.1350262761116027,-0.1966015696525573,0.0067908074706792
-0.0009061640012077,-0.2077627182006836,0.0307328216731548
0.0471377931535244,-0.2189780920743942,0.0567044988274574
0.0083131110295653,-0.2017785459756851,0.0658092126250267
-0.0911668762564659,-0.1867324858903885,-0.0174814108759164
-0.2292526364326477,-0.187594935297966,-0.0538775697350502
-0.1527898162603378,-0.1694185882806778,0.0070137409493327
0.0034459196031093,-0.1239218562841415,0.1097739711403846
0.0219468995928764,-0.1164620742201805,0.174309566617012
-0.0695429667830467,-0.118312120437622,0.1535636633634567
-0.0940136909484863,-0.1030503436923027,0.1280857324600219
-0.0160073526203632,-0.0824554562568664,0.1295120567083358
0.0329921469092369,-0.0854485854506492,0.1817981600761413
0.0492997504770755,-0.048743512481451,0.176379770040512
-0.0078849773854017,-0.0427476726472377,0.154719740152359
-0.0411277785897254,-0.0551603697240352,0.1217301934957504
-0.1023663729429245,-0.0074269361793994,0.1227762773633003
-0.0894634127616882,0.0175268687307834,0.1614687591791153
0.0135095808655023,0.0084899645298719,0.1989184021949768
0.0312945246696472,0.0336167141795158,0.1870013326406479
0.031477216631174,0.049380499869585,0.1535930335521698
0.1075793504714965,0.0334186516702175,0.1481641083955764
0.1397956162691116,0.0184460934251546,0.1818307340145111
0.1341354250907898,0.0151724610477685,0.1877150535583496
-0.0234214514493942,0.0114597491919994,0.1821314692497253
-0.1910992711782455,0.026843873783946,0.1741570234298706
-0.0300491340458393,0.0357348322868347,0.1937965005636215
0.1211745738983154,-0.0196410901844501,0.2150276154279709
0.1651087403297424,-0.0515718609094619,0.2519928216934204
0.1631523817777633,-0.0633594468235969,0.2866746783256531
0.1203473955392837,-0.0500060878694057,0.3021556138992309
0.0734392777085304,-0.014990946277976,0.2843302488327026
0.0544802322983741,-0.0048403078690171,0.2899074256420135
0.0786809101700782,0.0069720749743282,0.3218931257724762
0.0258488580584526,0.0228224098682403,0.3285627365112304
-0.0616896599531173,0.0209470875561237,0.3154096901416778
0.0018592223059386,0.0246518142521381,0.3005473911762237
-0.0697147399187088,0.0504276603460311,0.3070185482501983
-0.2138972133398056,0.0872128382325172,0.319044828414917
-0.1108108013868331,0.1101276129484176,0.3003330826759338
-0.02154909260571,0.1362643986940384,0.3377049565315246
-0.07982187718153,0.1974147707223892,0.3734252750873565
-0.0180093739181756,0.2214585840702057,0.3879749178886413
-0.0845129266381263,0.2304521352052688,0.3943623304367065
-0.1493411809206009,0.2615525424480438,0.3710096180438995
-0.2190265655517578,0.3001425266265869,0.3613811731338501
-0.2149388790130615,0.3573623895645141,0.3374508321285248
-0.2258483171463012,0.374700516462326,0.348241239786148
-0.1594423949718475,0.3907196819782257,0.3578371405601501
-0.0666882842779159,0.3999821543693542,0.3875351846218109
-0.0212931018322706,0.4129512310028076,0.4184784591197967
-0.0623653158545494,0.4537342488765716,0.4048680067062378
-0.18277508020401,0.4570493400096893,0.3540059030056
-0.1405337750911712,0.4386742413043976,0.3213443756103515
-0.0115518271923065,0.4614871442317962,0.3402602970600128
0.0121605796739459,0.4733602106571197,0.3558085262775421
-0.0098986495286226,0.42932990193367,0.3356678485870361
-0.0837989822030067,0.4498750269412994,0.323278546333313
-0.0596126839518547,0.4828998446464538,0.320099800825119
0.0714588090777397,0.4527863264083862,0.2941749989986419
0.0776176378130912,0.4370105564594269,0.2119954377412796
0.025943636894226,0.398607075214386,0.109390877187252
0.004575231578201,0.3517261147499084,0.1269759982824325
0.1442119032144546,0.3393324613571167,0.1047912687063217
0.0687621384859085,0.3020463287830353,0.0788017436861991
0.0449437573552131,0.2641375362873077,0.0522352531552314
-0.044043906033039,0.2456578612327575,0.0344069898128509
-0.0793586820363998,0.2666557729244232,0.0196030661463737
0.0102439047768712,0.274254560470581,0.0261682905256748
0.1080076992511749,0.2451604157686233,0.0772038027644157
0.0546941421926021,0.1780586093664169,0.0440109632909297
-0.0706486999988555,0.1578060984611511,0.0077438564039766
-0.0334608554840087,0.1740391254425048,-0.0176464561372995
-0.0718157291412353,0.1534540355205536,-0.1003607884049415
-0.0860979929566383,0.1157942861318588,-0.1133325099945068
-0.0887880250811576,0.0768806114792823,-0.0639974400401115
-0.0893760547041893,0.0814561918377876,-0.0487058348953723
-0.1602987498044967,0.107517197728157,-0.0591592527925968
-0.2263645827770233,0.0732945129275322,-0.1336851567029953
-0.3397635519504547,0.0193574912846088,-0.1959565579891204
-0.4277128577232361,0.0339902304112911,-0.2195763885974884
-0.5254414081573486,0.0469320639967918,-0.2672575116157532
-0.5262965559959412,0.0690799728035926,-0.2207504957914352
-0.2824922800064087,0.0840774700045585,-0.2052328437566757
-0.006602887995541,0.0312432795763015,-0.2068168967962265
-0.0231814552098512,0.0146970991045236,-0.2413992434740066
-0.2370010614395141,0.0957514718174934,-0.2628401219844818
-0.3181518614292145,0.0914944261312484,-0.2690268158912658
-0.1642853319644928,0.018275611102581,-0.3281380832195282
-0.1221549063920974,0.0134785091504454,-0.2491421401500702
0.0135328816249966,0.0004468625411391,-0.1252636015415191
0.2620107233524322,-0.0171660631895065,0.0639655962586402
0.2885922789573669,-0.048414796590805,-0.0734039843082428
0.2845061421394348,0.0058703431859612,-0.1980261206626892
0.0814070925116539,0.0901724398136138,-0.2121488600969314
-0.1919273734092712,0.120127648115158,-0.1837290674448013
0.1025444641709327,0.0396250747144222,-0.2026678621768951
0.3932541310787201,0.06064098700881,-0.0348364636301994
0.3829927146434784,0.064175009727478,0.078013926744461
0.1037402302026748,0.0400635041296482,0.1062880903482437
-0.0741402879357338,0.1116165146231651,0.0517452210187912
0.0156188067048788,0.1734961122274398,0.0405023358762264
0.5283784866333008,0.2086548954248428,0.1158490255475044
0.7090271711349487,0.0875279903411865,0.1022744849324226
0.4277601242065429,0.0720784589648246,-0.0347422249615192
0.3970290124416351,0.2612768411636352,0.0072130882181227
0.4760039746761322,0.2477032244205474,0.0137040112167596
0.4744671881198883,0.1089011877775192,-0.0803629755973815
0.5565183758735657,0.0595181919634342,-0.0555628202855587
0.5812749266624451,0.1377668380737304,0.0501172840595245
0.4543401002883911,0.200673371553421,0.0977037101984024
0.3346204757690429,0.1456905901432037,0.0196753907948732
0.2665093243122101,0.065818928182125,-0.1639242768287658
0.4469858705997467,0.0171186346560716,-0.2275925725698471
0.1872794330120086,0.0315297991037368,-0.2050470411777496
-0.1570371985435485,-0.0032923654653131,-0.3002808690071106
0.0716298073530197,-0.1419519782066345,-0.370482325553894
0.1759757697582245,-0.0935826897621154,-0.293595403432846
0.0265825539827346,-0.1689618676900863,-0.2436038702726364
-0.0162758100777864,-0.3464020490646362,-0.2728835940361023
-0.0166854038834571,-0.3404150009155273,-0.23023521900177
0.1422553956508636,-0.2982173264026642,-0.1127531379461288
-0.0863479375839233,-0.229395642876625,-0.152004674077034
-0.1613052934408188,-0.2285739928483963,-0.245418295264244
-0.2056589126586914,-0.2061126232147216,-0.2907500863075256
-0.1935622841119766,-0.1508207619190216,-0.2654532492160797
-0.2761727571487427,-0.1497813314199447,-0.2332569360733032
-0.1674707680940628,-0.1177429780364036,-0.2119287401437759
0.0452289804816246,-0.1087380275130271,-0.1013428568840026
-0.0188077446073293,-0.0801804140210151,-0.0516447648406028
0.0355990380048751,-0.08644550293684,-0.0503201074898242
-0.0106462659314274,-0.0568534545600414,-0.062740609049797
-0.0273703839629888,0.0185595415532588,-0.1206545084714889
-0.0296749100089073,0.0133876856416463,-0.1705371737480163
0.0916198194026947,-0.025051848962903,-0.1861086785793304
-0.0738754794001579,0.0155237568542361,-0.2150086164474487
-0.1326442509889602,0.055388081818819,-0.1705239713191986
0.1433449387550354,0.0099468911066651,-0.1134980171918869
-0.0307741276919841,0.014169598929584,-0.1249381601810455
0.026675097644329,0.0129431532695889,-0.093384712934494
0.1629093736410141,0.0314595811069011,-0.0723025947809219
0.0280503034591674,0.0366163179278373,-0.0785637348890304
0.0086960485205054,0.0045595820993185,-0.1799292415380478
0.117879569530487,0.0100917080417275,-0.157636672258377
0.1332662552595138,0.0599362291395664,-0.0453636534512043
0.1283137947320938,0.0643190890550613,-0.0159290824085474
0.125156357884407,0.0645164251327514,-0.0728224590420723
0.0118105076253414,0.0429235249757766,-0.1257316172122955
-0.1753758937120437,0.0606884099543094,-0.1621079891920089
0.0579157322645187,0.0803138092160224,-0.1261494159698486
0.2736232578754425,0.0439483486115932,-0.0978397578001022
0.171571597456932,0.0183245688676834,-0.0512493662536144
0.058120135217905,-0.0251520667225122,-0.1109345331788063
-0.1225697845220565,-0.0102753490209579,-0.1353702545166015
0.0211176127195358,0.0110597675666213,-0.1292503029108047
-0.2361387312412262,-0.0124148735776543,-0.1790195107460022
-0.1481252610683441,-0.0357553511857986,-0.1852265298366546
0.0823326110839843,-0.0592627637088298,-0.1524545699357986
-0.0036174510605633,-0.0671340003609657,-0.1604259461164474
-0.0905698835849762,-0.1389005631208419,-0.2453698217868805
-0.1308680325746536,-0.1667242050170898,-0.2650907933712005
-0.2454797029495239,-0.1291816681623459,-0.2291425168514251
-0.2848564088344574,-0.1307497322559356,-0.1900699585676193
-0.1573892533779144,-0.1663523614406585,-0.1594273298978805
-0.1089721918106079,-0.1518647670745849,-0.1424371600151062
-0.1264125853776931,-0.1608297377824783,-0.2259607315063476
-0.0686664804816246,-0.1842178851366043,-0.2638039886951446
-0.1103626787662506,-0.1404226124286651,-0.2277326732873916
-0.046977050602436,-0.1216366663575172,-0.1515196710824966
0.1130570322275161,-0.2063212394714355,-0.1349985748529434
-0.014435944147408,-0.1774195581674575,-0.1464464366436004
0.1485986560583114,-0.1525571048259735,-0.1747413128614425
0.2984549701213836,-0.181263580918312,-0.1542797088623047
0.2696068286895752,-0.1546472460031509,-0.0726258456707
-0.1486713588237762,-0.0960459932684898,-0.076787568628788
-0.2292177528142929,-0.1497687548398971,-0.1644573956727981
0.0113602327182888,-0.1896043121814727,-0.2647901177406311
-0.0178490076214075,-0.0926790088415145,-0.1298471391201019
-0.093668408691883,-0.159406378865242,-0.0724815726280212
-0.2710163593292236,-0.2147009521722793,-0.1496880054473877
-0.4381904304027557,-0.1619320064783096,-0.1756365150213241
-0.5852421522140503,-0.1163025051355362,-0.16742043197155
-0.6628475189208984,-0.0899912789463996,-0.1215664073824882
-0.7230175137519836,-0.0331661812961101,-0.1773200631141662
0.0607907399535179,-0.0720680356025695,-0.1454846411943435
0.3585202097892761,-0.3187576532363891,-0.2857785820960998
0.7966024875640869,-0.2424061298370361,-0.3234191834926605
1.1224520206451416,-0.0613627173006534,0.2147119790315628
0.4488378763198852,0.126539796590805,0.1456183940172195
-0.2424598634243011,0.0653272867202758,-0.0606245473027229
0.2403930723667144,-0.0747872069478035,-0.0729278177022934
0.7474863529205322,-0.0270306020975112,0.1104683727025985
0.1883221417665481,-0.0357766896486282,0.1792245209217071
-0.12673120200634,-0.1704188734292984,-0.0666108503937721
-0.201573759317398,-0.0716970860958099,-0.0649833977222442
-0.2767960429191589,-0.0879174917936325,-0.0888026878237724
-0.256354957818985,-0.1494024246931076,-0.1206913739442825
-0.1649767458438873,-0.1882789134979248,-0.0854152515530586
-0.2477248907089233,-0.2099155038595199,-0.0237036775797605
-0.1616560816764831,-0.1608176082372665,0.0674964413046836
0.0592248924076557,-0.0801038593053817,0.0926252305507659
0.1958017200231552,-0.1110361889004707,0.0500725246965885
0.3330242931842804,-0.1528395563364029,-0.0587162710726261
0.2371974289417266,-0.1189568042755127,-0.0181895177811384
0.4354082643985748,-0.1100687682628631,0.0161940213292837
0.7576872110366821,-0.2245683670043945,0.052078504115343
1.0798625946044922,-0.2482468038797378,0.0676292404532432
-0.0952759683132171,0.0518353208899498,0.2138409465551376
-0.9582881927490234,0.2447989284992218,0.4352793097496032
-0.2994120121002197,-0.1858195066452026,-0.1871280670166015
-0.4075957238674164,0.1818266808986663,-0.1744452863931656
-0.4148015975952148,0.1288733929395675,-0.1825358718633651
-0.2146562784910202,-0.025278890505433,-0.131124347448349
0.1101884692907333,-0.0407814644277095,0.1114305928349495
-0.0094545669853687,-0.0842306762933731,0.2683760225772857
-0.2103862911462783,-0.1815255284309387,0.2081547826528549
0.035484991967678,-0.22229665517807,0.1199825778603553
0.1524617373943328,-0.2633465230464935,0.0993106663227081
0.1658939272165298,-0.3168121576309204,-0.0470718443393707
-0.2084474861621856,-0.3439481556415558,-0.2480044513940811
-0.1193626299500465,-0.23820361495018,-0.2211973518133163
-0.1139906123280525,-0.13754603266716,-0.0538292564451694
-0.2473204433917999,-0.1261378526687622,-0.0097504751756787
-0.2460482865571975,-0.0753287076950073,0.0570197626948356
-0.1952836364507675,0.0286466851830482,0.1188327968120575
-0.0946536660194397,0.0787274166941642,0.1009470075368881
-0.0103795295581221,0.0763468146324157,0.0866362452507019
-0.0318881459534168,0.0957098230719566,0.0069988155737519
-0.0960109382867813,0.0726061016321182,0.0042363186366856
0.0904881134629249,0.0582909174263477,-0.0451229475438594
0.0895469561219215,0.0342388451099395,-0.1073628887534141
-0.1533938348293304,-0.0366151034832,-0.1355492919683456
-0.0738598629832267,-0.0780408382415771,-0.1489433944225311
0.1608796119689941,-0.1463808864355087,-0.1501386761665344
0.120462417602539,-0.1951465606689453,-0.0924317091703414
0.0774277970194816,-0.1731342822313308,-0.0673554614186286
0.1064440011978149,-0.1989403218030929,-0.0920288488268852
0.0560161881148815,-0.2573669850826263,-0.1182272359728813
0.0754575282335281,-0.271885484457016,-0.0867923498153686
0.0969126522541046,-0.2896258234977722,-0.0553285293281078
0.1107171475887298,-0.3283987939357757,-0.0328229516744613
-0.0961871296167373,-0.2826445400714874,-0.1005720049142837
-0.0433207191526889,-0.2338453084230423,-0.1804077178239822
0.2074547410011291,-0.1549299955368042,-0.0049613718874752
0.3036534190177917,-0.1089417412877082,0.0797556489706039
-0.0140250483527779,-0.0775833427906036,0.0399255529046058
0.0649967938661575,-0.0941993370652198,-0.0415269620716571
0.1121493875980377,-0.0296486169099807,0.0140484664589166
0.0432582087814807,0.009203971363604,0.0930282399058342
0.0011067962041124,-0.0424010120332241,0.1095539256930351
-0.0979284420609474,-0.0549532882869243,0.103590577840805
-0.2018754929304123,-0.0713617950677871,0.0292637441307306
-0.2449398636817932,-0.1230614706873893,-0.0073738954961299
-0.0795093327760696,-0.1176905632019043,0.0456392802298069
0.1577961593866348,-0.0801088362932205,0.0463609956204891
0.0039556282572448,-0.1034157127141952,0.0498866587877273
-0.0462324433028698,-0.1062533110380172,0.0235226992517709
-0.0205119214951992,-0.0744009241461753,0.0378376878798007
-0.0752023309469223,-0.0810910463333129,0.0402502454817295
-0.1259882450103759,-0.1269157826900482,0.0552105978131294
0.0742697566747665,-0.1557564884424209,0.0060499743558466
0.1272689402103424,-0.1696844100952148,0.0539710521697998
0.0948034226894378,-0.1405526399612426,0.0112819084897637
-0.0108297783881425,-0.1566699743270874,0.0373316444456577
0.1720159351825714,-0.1754236966371536,0.0546848028898239
0.0061225281096994,-0.152016669511795,0.0079364366829395
-0.07810740172863,-0.1605888456106186,0.052708700299263
-0.0955820381641388,-0.1383798718452453,0.0985536277294159
-0.0399877540767192,-0.0969453379511833,0.1703990548849105
0.0133009683340787,-0.0821570008993148,0.2684448659420013
0.1145956292748451,-0.060173399746418,0.326743334531784
0.0548025853931903,0.0386878289282321,0.3014560341835022
-0.0153152514249086,0.0970810949802398,0.2681476175785064
0.0168181154876947,0.0924042090773582,0.2223731428384781
0.092586912214756,0.1493330001831054,0.2444238513708114
0.2251884639263153,0.1451374143362045,0.2536715269088745
-0.0143154794350266,0.1533330231904983,0.2740915715694427
-0.0327040925621986,0.1618292033672332,0.2722765803337097
0.0108769377693533,0.1512228995561599,0.372150719165802
0.0254018399864435,0.1671630889177322,0.4543420374393463
-0.0358490012586116,0.1531386226415634,0.4426728785037994
0.0538932122290134,0.1721111834049224,0.4827386140823364
0.0604797452688217,0.2071445435285568,0.3990011215209961
-0.1614278554916381,0.21400748193264,0.3575125336647033
-0.0330299362540245,0.2405397593975067,0.3869273960590362
-0.0235396362841129,0.2803573906421661,0.3789151608943939
-0.031516071408987,0.24034284055233,0.3391374051570892
-0.0221417099237442,0.2673251032829284,0.3025983273983001
-0.0319296270608902,0.3117378354072571,0.3440520167350769
0.0620433837175369,0.3370789289474487,0.3865967094898224
0.1098551154136657,0.341013491153717,0.3255301713943481
0.077454388141632,0.3061206936836242,0.2847127914428711
-0.0075308103114366,0.2795290350914001,0.307729423046112
-0.1284390687942505,0.3020860254764557,0.3406450748443603
0.1287338733673095,0.2776794731616974,0.3498518764972687
0.0411260873079299,0.2595936059951782,0.3252257406711578
-0.1766728162765503,0.2922820448875427,0.2507179379463196
-0.2492243647575378,0.2918196022510528,0.091042160987854
-0.1264033764600753,0.2802053093910217,0.1123154908418655
0.0075808214023709,0.2934042513370514,0.1105932965874672
0.0118504017591476,0.3003402054309845,0.0531457215547561
-0.1118957251310348,0.2990480959415436,0.071629911661148
-0.0913062989711761,0.3111366927623749,0.0520759150385856
-0.0922571942210197,0.2810497581958771,0.0187803898006677
-0.0466921105980873,0.2217462211847305,0.0518107749521732
0.0841487646102905,0.2225069105625152,0.0588946007192134
-0.0234061907976865,0.2058128863573074,0.0783167704939842
0.0067916470579802,0.1483951807022094,0.0283206980675458
0.1270099282264709,0.1081119328737258,-0.0403917878866195
0.1410650908946991,0.0738100484013557,-0.0410740710794925
-0.0323724783957004,0.0233444795012474,-0.1134257614612579
-0.0554455816745758,0.0040206746198236,-0.1036045774817466
-0.0463602095842361,-0.0108900982886552,-0.0771322250366211
0.0193525590002536,-0.02425292506814,-0.1253881007432937
0.1097434386610984,-0.0725445598363876,-0.1048756316304206
0.0560627020895481,-0.0840620845556259,-0.1534055471420288
0.0204573050141334,-0.0955440402030944,-0.1579206734895706
0.1210152879357338,-0.1055366843938827,-0.1637032479047775
0.0398056507110595,-0.0975117832422256,-0.1650809049606323
-0.1374245882034301,-0.1054859384894371,-0.2408702671527862
-0.0515443086624145,-0.1346355676651001,-0.2457129657268524
0.0110356351360678,-0.1312203556299209,-0.2626779079437256
-0.026820134371519,-0.1331671327352523,-0.2730014026165008
0.0577265806496143,-0.148094967007637,-0.2416678369045257
0.0696104019880294,-0.0814365893602371,-0.2308370321989059
0.0324715375900268,-0.049765408039093,-0.2859804332256317
0.0703518092632293,-0.0945712253451347,-0.2483601123094558
0.1283207386732101,-0.0789032503962516,-0.1409416049718856
0.1018047109246254,-0.0804127305746078,-0.0808191448450088
-0.0249166898429393,-0.0823731645941734,0.0048441546969115
-0.0703337118029594,-0.0838730558753013,0.0748781040310859
-0.0749308168888092,-0.0659972056746482,0.1216352805495262
-0.0160507261753082,-0.0331098288297653,0.1307941526174545
0.0281925238668918,0.0017109713517129,0.1208846718072891
-0.1080007329583168,0.1012325063347816,0.0795319005846977
-0.0764611512422561,0.1227030158042907,0.1085566580295562
0.1842910796403885,0.0362994149327278,0.2190962135791778
0.236624464392662,0.1322959661483764,0.2346945255994796
0.0525174811482429,0.1846135109663009,0.2898834645748138
0.0446031875908374,0.2150706499814987,0.3028960227966308
0.0323965884745121,0.2551413774490356,0.2429725080728531
0.0906170159578323,0.234761357307434,0.2453445643186569
0.1660217642784118,0.2352279424667358,0.2281581163406372
0.0603969916701316,0.2294332385063171,0.1907707303762436
0.1041497960686683,0.2123772799968719,0.1775942146778106
0.1358726024627685,0.2267857044935226,0.0990770533680915
-0.0130047611892223,0.1723570823669433,-0.0263626296073198
-0.0686598345637321,0.1375533789396286,-0.0489433631300926
-0.1024636104702949,0.1573574542999267,-0.085737869143486
-0.1555784791707992,0.1451879441738128,-0.075909212231636
0.0062732580117881,0.0890506356954574,-0.0426631085574626
0.1465987265110016,0.0708156451582908,-0.0134998438879847
0.2419044822454452,0.0443701930344104,-0.0050333887338638
0.200480505824089,0.033003069460392,-0.0095741739496588
0.0249142795801162,0.0736881792545318,-0.0421915054321289
0.0870152786374092,0.0754574164748191,-0.0887929797172546
0.2082705944776535,0.0076131210662424,-0.054481603205204
0.2282850891351699,0.0452419966459274,-0.0919727459549903
0.1531621068716049,0.0449844747781753,-0.1094462797045707
0.0484608523547649,-0.004471440333873,-0.124025672674179
-0.3099236488342285,0.0251274649053812,-0.17801433801651
-0.272995114326477,-0.0527276061475276,-0.3383852839469909
-0.0996089652180671,-0.0583556666970253,-0.2275993973016739
-0.0418094173073768,0.0449261777102947,-0.0869408324360847
-0.0411372371017932,-0.0271477475762367,-0.1741726845502853
-0.0282957851886749,-0.1526514440774917,-0.3409636318683624
-0.2262030094861984,-0.1311432123184204,-0.4278247654438019
-0.2181146740913391,-0.0912445187568664,-0.4395676851272583
-0.0065933810546994,-0.1518447548151016,-0.3570981025695801
0.1001930981874466,-0.1982720494270324,-0.2363673150539398
-0.0860745087265968,-0.2904935777187347,-0.3290852606296539
-0.1842351853847503,-0.3180235624313354,-0.3648446202278137
0.0188476238399744,-0.2668650150299072,-0.2928338348865509
-0.0077340551652014,-0.253040462732315,-0.2377493679523468
0.0127989165484905,-0.2964640855789184,-0.1913155615329742
-0.0673643127083778,-0.2624346315860748,-0.2164166271686554
-0.1346176564693451,-0.1705316305160522,-0.2889874875545501
0.0145541699603199,-0.1806155294179916,-0.3267495930194855
0.0182546339929103,-0.1778684705495834,-0.2792657017707824
0.0756150931119918,-0.1546635627746582,-0.2539739608764648
-0.0550582334399223,-0.1443928182125091,-0.2250706851482391
-0.0555511601269245,-0.129355102777481,-0.0917157530784607
0.0175827052444219,-0.0666411221027374,-0.0210229381918907
0.1312588304281234,-0.0218924023211002,0.0461671166121959
0.0948432981967926,-0.0072197178378701,0.0652217715978622
0.026728430762887,-0.0316291078925132,0.096066266298294
0.0024166987277567,0.0231140293180942,0.1101048588752746
0.13992640376091,0.0751813501119613,0.1532414257526397
0.0921687260270118,0.0898146256804466,0.1227903068065643
0.0885668024420738,0.1030209586024284,0.1548502445220947
0.0417010262608528,0.1694641560316085,0.1689146757125854
0.0718598812818527,0.1937853842973709,0.1229292154312133
-0.0321370884776115,0.2008685916662216,0.1117857545614242
0.0311409831047058,0.1902868598699569,0.0474976077675819
0.1594166606664657,0.1595451980829239,0.0429792888462543
0.1286323070526123,0.1141968667507171,0.1337381303310394
0.2794447243213653,0.0880883038043975,0.0513431243598461
0.2115957140922546,-0.0126481438055634,-0.1017685756087303
-0.1281283050775528,-0.0575008392333984,-0.1999028623104095
-0.0804057121276855,-0.0519656054675579,-0.346218466758728
0.0382069572806358,-0.1111801862716674,-0.3087621629238128
0.0257817395031452,-0.169667899608612,-0.1678100824356079
0.1917944103479385,-0.2024040222167968,-0.1719869822263717
0.1048645079135894,-0.2946749329566955,-0.2173630446195602
-0.0891316011548042,-0.2866521775722503,-0.2659393846988678
-0.0885809212923049,-0.2678182125091553,-0.3682658076286316
0.015811264514923,-0.3167915940284729,-0.3818956017494201
0.0472726263105869,-0.3148678839206695,-0.3208416998386383
-0.100659042596817,-0.2891004979610443,-0.3284085392951965
0.0669339895248413,-0.3613641858100891,-0.3621643781661987
0.0550642721354961,-0.4467006623744964,-0.3521647453308105
0.0209329351782798,-0.4150804281234741,-0.3371218740940094
0.072820097208023,-0.4019704759120941,-0.3343718945980072
0.1559690088033676,-0.4042263627052307,-0.1936475187540054
-0.0076327039860188,-0.3400431275367737,-0.2341755032539367
-0.0616691522300243,-0.3427107334136963,-0.3438965678215027
-0.0042641838081181,-0.3993055820465088,-0.387996107339859
0.0803864896297454,-0.4018183946609497,-0.4124532639980316
0.0116649465635418,-0.4246706962585449,-0.4041892290115356
-0.0510567985475063,-0.4349956214427948,-0.3395000100135803
-0.1333649903535843,-0.4259786903858185,-0.3492506444454193
-0.0859827920794487,-0.4326866567134857,-0.3353976309299469
-0.0421175956726074,-0.4205556809902191,-0.2239930778741836
0.084028884768486,-0.4417866766452789,-0.0804047435522079
0.0905256643891334,-0.4591315686702728,-0.0366442166268825
-0.0838590487837791,-0.431407481431961,-0.0217947904020547
-0.0952565819025039,-0.4084052443504333,0.003543856088072
0.0455177128314971,-0.3847513496875763,0.0192009378224611
0.0842669755220413,-0.3759275078773498,0.0255680233240127
0.1016023159027099,-0.384112149477005,0.0356749780476093
0.1094951257109642,-0.390506386756897,0.0325143411755561
0.0024920683354139,-0.351631760597229,0.1114473417401313
0.0858764424920082,-0.3024216294288635,0.2720900177955627
0.0257707200944423,-0.2872779369354248,0.2681114971637726
-0.0951700806617736,-0.2689806818962097,0.2354289144277572
-0.0432151556015014,-0.2366420626640319,0.2426003813743591
-0.0493263117969036,-0.1467063128948211,0.3403405249118805
-0.1051474958658218,-0.0702802538871765,0.371604710817337
-0.036205980926752,-0.0746321231126785,0.34280925989151
-0.2834275662899017,0.0009633661247789,0.3281736075878143
-0.250681072473526,0.072977103292942,0.3748846650123596
0.1095931455492973,0.0558027140796184,0.5695914030075073
0.1157855316996574,0.1079261004924774,0.5978310704231262
0.0774835646152496,0.1660374850034713,0.6560359001159668
0.0108155878260731,0.2392752170562744,0.5777357816696167
0.0677741318941116,0.2443454712629318,0.5765282511711121
0.1046796888113021,0.2445702403783798,0.5744163393974304
-0.1580654978752136,0.3096705675125122,0.5945351123809814
-0.1017463058233261,0.3052204251289367,0.5721186995506287
-0.1398375332355499,0.2490001320838928,0.5384448170661926
0.0012796447845175,0.3066807389259338,0.5111966729164124
0.117126740515232,0.3522684872150421,0.5999013781547546
0.069140575826168,0.3387675881385803,0.6430293917655945
-0.0628893747925758,0.2924473285675049,0.5724828243255615
-0.0701171904802322,0.3294958770275116,0.5703061819076538
-0.1079911813139915,0.3759713768959045,0.5734360814094543
0.0243588648736476,0.3427361845970154,0.5383760929107666
0.1430150121450424,0.2838768064975738,0.5433124303817749
-0.0292829871177673,0.3582266867160797,0.4772281944751739
-0.2140498608350753,0.3355700075626373,0.44191575050354
-0.1635773628950119,0.3066110610961914,0.4507899284362793
0.0232974793761968,0.3286813795566559,0.4273861646652221
-0.2059873789548874,0.31715789437294,0.4091722667217254
-0.1243744567036628,0.2917717099189758,0.4180052280426025
-0.0643880814313888,0.3657386004924774,0.4038369357585907
-0.0840372741222381,0.4132628440856933,0.3621575534343719
-0.0749782621860504,0.3696690499782562,0.3124161064624786
0.0036250101402401,0.3978727459907532,0.3085612654685974
0.0311586335301399,0.4013327062129974,0.3089471757411957
-0.0010154470801353,0.3308085203170776,0.309181660413742
0.0374589748680591,0.3475826978683471,0.332945317029953
0.0659174472093582,0.4164397716522217,0.2903966903686523
0.0958236828446388,0.386869341135025,0.287917822599411
0.2026809453964233,0.3212316930294037,0.2813045382499695
0.0820269808173179,0.3112461566925049,0.2139356285333633
0.0263033416122198,0.2589408159255981,0.2210760861635208
-0.0478923246264457,0.2357630729675293,0.2090455144643783
-0.0567801184952259,0.3157197833061218,0.2370203733444214
0.0386683717370033,0.2778632342815399,0.2363524585962295
-0.0020037714857608,0.2249861061573028,0.2171438783407211
-0.0807771459221839,0.2419208884239196,0.1180306151509285
-0.0523877330124378,0.2527872622013092,0.1606838256120681
0.2008727639913559,0.2811115682125091,0.3062620460987091
0.0623851343989372,0.2814661264419555,0.2628194391727447
0.1597540229558944,0.2030999362468719,0.169455423951149
0.1234345361590385,0.2281026244163513,0.2609018981456756
0.1352616399526596,0.3408475220203399,0.2538530528545379
0.1621639728546142,0.2887264192104339,0.1436979323625564
0.1931080520153045,0.3181772530078888,0.1300037056207656
-0.0132787078619003,0.3963806331157684,0.1367257982492447
-0.0102661401033401,0.3849868178367615,0.1000199988484382
0.0212373360991477,0.4227073490619659,0.1695762425661087
0.0083710718899965,0.4761370122432709,0.1901779174804687
-0.0246285144239664,0.419925183057785,0.1314306706190109
0.0332307927310466,0.4316297769546509,0.2244479656219482
-0.1244836822152137,0.5074065327644348,0.2014553099870681
-0.0475827790796756,0.4711238741874695,0.1673860102891922
0.1925516128540039,0.4345423579216003,0.1490963697433471
-0.0116111002862453,0.4708654880523681,0.1314350813627243
-0.1639045923948288,0.430569976568222,0.0612806379795074
-0.2253037691116333,0.4857117831707001,0.0692506730556488
-0.0510876923799514,0.496740311384201,0.1200489476323127
0.1636432558298111,0.4206055998802185,0.1022129580378532
0.2780103385448456,0.354253202676773,0.1365275532007217
0.0963819622993469,0.3912301361560821,0.0555174015462398
0.1166093945503234,0.3900924026966095,0.031898271292448
0.0882597789168357,0.3685756623744964,0.0871482118964195
0.1586732119321823,0.2950388491153717,0.0368477590382099
-0.0030096801929175,0.2744970917701721,-0.0320463553071022
-0.2159274667501449,0.3913942873477936,-0.0275362245738506
-0.0851675868034362,0.4112875759601593,-0.0427519306540489
0.172537550330162,0.348945289850235,-0.0718063339591026
0.1217864900827407,0.2810559868812561,-0.1196425706148147
0.0356552973389625,0.2484652996063232,-0.1508024036884308
-0.0024774386547505,0.2467038631439209,-0.2230675369501114
-0.0362068265676498,0.2642421722412109,-0.2986799776554107
-0.0898348987102508,0.2422545701265335,-0.2192719727754593
-0.1407181918621063,0.2021298110485077,-0.0971449837088584
-0.0536879450082778,0.1484609842300415,-0.1600922644138336
-0.1453698724508285,0.2163972705602646,-0.2359225451946258
-0.0446539111435413,0.2548485100269317,-0.2879191935062408
-0.0475261397659778,0.1903748214244842,-0.3198532164096832
0.0444213598966598,0.2222299575805664,-0.3045000731945038
0.1004739552736282,0.2299116551876068,-0.3175869286060333
0.0257978476583957,0.2089752107858657,-0.3582507073879242
0.0574589893221855,0.1307346224784851,-0.4753910303115845
0.0339547283947467,0.0976757332682609,-0.5099987983703613
0.0773925110697746,0.0991710126399993,-0.388616144657135
-0.0098324064165353,0.0732984021306037,-0.3382536470890045
-0.0256565175950527,0.0974999293684959,-0.3274336755275726
-0.0198327153921127,0.0964490473270416,-0.3454395830631256
0.1871917396783828,0.0476929172873497,-0.4050112962722778
0.2168910503387451,-0.0287326164543628,-0.4578002095222473
0.0413750000298023,-0.0035540820099413,-0.5282770395278931
0.2136700600385666,0.0170388109982013,-0.5626488924026489
0.2208930253982544,-0.0047063427045941,-0.5204516053199768
0.0053064180538058,-0.0975041911005973,-0.5901654362678528
-0.0054370099678635,-0.0902749523520469,-0.5504150390625
0.1219648867845535,-0.0238631721585989,-0.3729393184185028
0.0361381396651268,-0.1163207441568374,-0.465520977973938
-0.0350161977112293,-0.2005445510149002,-0.5173301100730896
-0.093708261847496,-0.1051738858222961,-0.5352497100830078
-0.104710578918457,-0.0766841918230056,-0.5661975145339966
-0.0450442545115947,-0.1256122291088104,-0.6072370409965515
-0.027519853785634,-0.1646056920289993,-0.6543973684310913
0.0497304983437061,-0.1651513576507568,-0.6499614715576172
0.017345393076539,-0.1575219333171844,-0.6151300072669983
-0.1166601181030273,-0.1660552471876144,-0.6365576386451721
-0.0150655806064605,-0.1936173737049102,-0.658392608165741
-0.1208580806851387,-0.1602891683578491,-0.6418980360031128
-0.1400149911642074,-0.1696437895298004,-0.6408658027648926
0.1256048083305359,-0.2112182676792144,-0.6288023591041565
0.065463438630104,-0.2202967256307602,-0.4844445884227752
0.2301510572433471,-0.2307805567979812,-0.367810845375061
0.2257834672927856,-0.2476370334625244,-0.3818547427654266
0.2342115938663482,-0.2617261409759521,-0.5550619959831238
0.0611255541443824,-0.2616888284683227,-0.7016255855560303
-0.126232162117958,-0.1872602850198745,-0.6039274334907532
-0.2275129705667495,-0.2294282466173172,-0.5517340302467346
-0.1843406409025192,-0.250932514667511,-0.522791862487793
-0.176466479897499,-0.2208539694547653,-0.5412324070930481
-0.1490051746368408,-0.207436665892601,-0.5867623686790466
0.0277517549693584,-0.1869162172079086,-0.532933235168457
0.1312313377857208,-0.177403911948204,-0.446166455745697
0.1433505862951278,-0.2546073496341705,-0.4264715909957886
-0.0556951463222503,-0.3355176448822021,-0.5204771757125854
0.1227989643812179,-0.3718104064464569,-0.6195691227912903
0.2107631415128708,-0.4440206885337829,-0.6437473297119141
-0.0267878919839859,-0.488282173871994,-0.674453616142273
-0.1538320928812027,-0.5774125456809998,-0.7756220698356628
0.0761664807796478,-0.5094537734985352,-0.7683045268058777
0.049412190914154,-0.4698552787303924,-0.6693440079689026
0.0261830333620309,-0.56593918800354,-0.7140318751335144
0.2212873250246048,-0.6306989789009094,-0.6529621481895447
0.0667227953672409,-0.616605281829834,-0.5722728371620178
-0.2018338292837143,-0.6469611525535583,-0.6097248792648315
-0.149291530251503,-0.6158546209335327,-0.6564087271690369
-0.1414361447095871,-0.5170990824699402,-0.344904750585556
0.0771169662475586,-0.5583503842353821,-0.326149970293045
-0.0001754292752593,-0.6598227620124817,-0.4408451914787292
-0.0743607059121131,-0.6597707867622375,-0.6035819053649902
0.2140245139598846,-0.6354302167892456,-0.6477921009063721
0.2625460028648376,-0.6465276479721069,-0.5160766839981079
0.1938025951385498,-0.6747528314590454,-0.3979586958885193
0.214365929365158,-0.7213110327720642,-0.3893266022205353
0.2567944824695587,-0.733526885509491,-0.5262963771820068
0.266224205493927,-0.7679650187492371,-0.5225868821144104
0.2261177450418472,-0.7259188890457153,-0.4220793545246124
0.2357091158628463,-0.6978039145469666,-0.3367202579975128
-0.0563705749809742,-0.6438773274421692,-0.2406960576772689
0.1289816945791244,-0.665026843547821,-0.2313627451658249
0.30949866771698,-0.6591892242431641,-0.1940788924694061
0.0225624982267618,-0.5988712906837463,-0.0858682692050933
-0.1673734337091446,-0.5373318195343018,-0.0495351627469062
-0.1712352931499481,-0.5318355560302734,-0.017194265499711
-0.3125297725200653,-0.4656399190425873,0.1138535663485527
-0.3228484690189361,-0.4319373667240143,0.1443821787834167
-0.2580090165138244,-0.4041054844856262,0.1813798397779464
-0.3359869122505188,-0.3179104030132293,0.2849824130535126
0.036217238754034,-0.2552498877048492,0.2303319722414016
0.3194968998432159,-0.2632457613945007,0.2719971239566803
0.9025114178657532,-0.165988951921463,0.5527346134185791
0.646548330783844,-0.1350267678499221,0.6926259398460388
1.072434425354004,-0.010447627864778,0.5246217250823975
1.527998447418213,0.0004569515585899,0.4216316938400268
1.371655821800232,0.0430599823594093,0.3950102925300598
1.0547579526901243,-0.0511565320193767,0.7182648181915283
0.9089013338088988,-0.1163700968027114,0.8357158899307251
0.5059080719947815,-0.3049181997776031,0.4436460733413696
0.2671299278736114,-0.329818457365036,0.1245035901665687
-0.1350795775651931,-0.2344700843095779,0.1814952343702316
-0.6351062655448914,-0.4096145927906036,0.2939300537109375
-0.7896950244903564,-0.4093179106712341,0.1703082472085952
-0.4530262053012848,-0.4549136459827423,0.1438034474849701
0.2492959797382354,-0.37427419424057,0.2420621067285537
0.4589554965496063,-0.2220454663038253,0.3809596002101898
0.3661560416221618,-0.1604271233081817,0.4211483001708984
0.3337669372558594,0.035361286252737,0.4448930323123932
0.3092837035655975,0.1033709645271301,0.5011008977890015
0.5160608291625977,0.1273897439241409,0.498194009065628
0.4583064615726471,0.1221790015697479,0.5987533926963806
0.3909040987491607,0.185551643371582,0.4449604451656341
0.1547664105892181,0.0959450528025627,0.2093095630407333
-0.2827817797660827,0.0436310097575187,0.1268475800752639
-0.4400587677955627,0.0753497928380966,0.1808801889419555
-0.8708658218383789,0.0249983742833137,0.1559663265943527
-0.9086653590202332,-0.0017685233615338,0.2145537436008453
-0.5939315557479858,-0.1003991886973381,0.2322626113891601
-0.3867762684822082,-0.3004265427589416,0.1637322902679443
-0.1386038810014724,-0.4316915869712829,0.2715381383895874
-0.1060230284929275,-0.3574170768260956,0.3912291228771209
-0.4005341827869415,-0.1536777764558792,0.3126585483551025
-0.2874044477939605,0.0251939706504344,0.4008147716522217
0.1909119635820388,-0.1756356656551361,0.223016157746315
-0.1178141832351684,-4.78662550449e-05,0.3214804232120514
-0.2756608724594116,0.2047551423311233,0.4211633503437042
-0.3126708269119262,0.4070187509059906,0.5439582467079163
-0.3867824375629425,0.5527768135070801,0.7972161173820496
-0.257739245891571,0.5792161226272583,0.8175331354141235
-0.1039968356490135,0.609233021736145,0.7778998017311096
-0.0861094444990158,0.5803462266921997,0.589737594127655
-0.1462714821100235,0.4988433420658111,0.4390138983726501
-0.1469825357198715,0.5651666522026062,0.3401112854480743
-0.156159445643425,0.5973771810531616,0.3139689564704895
0.0114609794691205,0.5703929662704468,0.2114713639020919
-0.0912245213985443,0.491722971200943,0.1044300347566604
0.1129262149333953,0.439266949892044,0.1039581224322319
0.2406536042690277,0.3821795880794525,0.1138432174921035
0.0135975545272231,0.3478817939758301,0.0615216828882694
-0.1164961159229278,0.3200605809688568,0.0288918428122997
0.1883322298526764,0.3051018714904785,0.1632342040538787
0.2343952655792236,0.3254850804805755,0.2140119969844818
-0.1150412932038307,0.2428495734930038,-0.0050945221446454
-0.2291259616613388,0.1057265326380729,-0.2932992577552795
-0.1769564896821975,0.1555625349283218,-0.2921572923660278
0.2205895334482193,0.1793162375688552,-0.1360824257135391
0.4350309669971466,0.0065607069991528,-0.0857846289873123
0.0908698812127113,-0.035515546798706,-0.1406330168247223
0.1001296937465667,0.036426018923521,-0.2254443168640136
0.0915939360857009,-0.0748460218310356,-0.3102793395519256
0.0791868045926094,-0.256275475025177,-0.4832732379436493
-0.0336408540606498,-0.2722545862197876,-0.4378031492233276
-0.2228358089923858,-0.3408349752426147,-0.3285352289676666
-0.3043893575668335,-0.4909889996051788,-0.5172126293182373
-0.1658250838518142,-0.4558251500129699,-0.5907259583473206
-0.0386273860931396,-0.4585180282592773,-0.5587356686592102
0.0833286121487617,-0.4884815216064453,-0.593263566493988
0.1803393214941024,-0.5100125670433044,-0.644570529460907
0.0141817647963762,-0.5275846123695374,-0.6230875849723816
-0.0087298108264803,-0.5697025656700134,-0.6168513894081116
-0.1302876621484756,-0.5793655514717102,-0.5857715010643005
-0.0940102189779281,-0.6796151399612427,-0.6683272123336792
-0.1575745493173599,-0.8099305629730225,-0.6890543699264526
-0.2081943303346634,-0.7207907438278198,-0.6443130970001221
-0.1087393835186958,-0.7173488736152649,-0.5902610421180725
0.157472550868988,-0.6693150997161865,-0.6326990127563477
0.1549790352582931,-0.6147723197937012,-0.6530298590660095
0.1713095754384994,-0.5712079405784607,-0.6629764437675476
0.1360826045274734,-0.6227874755859375,-0.5972453355789185
0.0483125708997249,-0.6365031003952026,-0.4636749923229217
0.007288172841072,-0.6336063742637634,-0.3707991242408752
-0.0955138728022575,-0.6326231956481934,-0.3125409185886383
0.0972292125225067,-0.5575321316719055,-0.255545824766159
0.1107284575700759,-0.4717504978179931,-0.1823411285877227
0.1845001429319381,-0.4198798537254333,-0.0695205628871917
0.2205805331468582,-0.3473239541053772,0.010328016243875
-0.0301270596683025,-0.2901045978069305,0.074950948357582
-0.1349929422140121,-0.2583816945552826,0.048028327524662
-0.1429360806941986,-0.1978363245725631,0.0774301588535308
-0.0848802402615547,-0.1853663474321365,0.1654601395130157
-0.2037072926759719,-0.1824230104684829,0.1656127423048019
0.2610719501972198,-0.1691412627696991,0.2692974507808685
0.2843176126480102,-0.1468711048364639,0.2652965784072876
0.0440879426896572,-0.147710919380188,0.2464313060045242
-0.003723522182554,-0.0763022378087043,0.2967559993267059
0.0070234853774309,0.0596594475209713,0.411646157503128
0.0915162712335586,0.0453063398599624,0.3361514210700989
0.0128214238211512,-0.0221244674175977,0.32522714138031
0.0342635996639728,0.0208046231418848,0.3563584387302398
-0.1878815293312072,0.0487626865506172,0.472208023071289
-0.1828825175762176,0.0598025545477867,0.4025634229183197
-0.1615760028362274,0.0780385062098503,0.3593331575393677
-0.1032666340470314,0.0861696675419807,0.3410404622554779
-0.182840347290039,0.0936044007539749,0.3767171204090118
-0.0345440804958343,0.1246597841382026,0.4504421949386596
-0.0190515555441379,0.1926706582307815,0.4657927751541137
-0.0395381897687912,0.1867496520280838,0.4802718460559845
-0.1003909260034561,0.1857159733772277,0.3362246751785278
0.0719243809580802,0.1327014863491058,0.2575346827507019
-0.0387852042913436,0.1229264959692955,0.1658262014389038
0.1102495491504669,0.0329153835773468,0.139314979314804
0.0617625340819358,-0.0430600382387638,0.0347842462360858
-0.0029900972731411,-0.0435114428400993,0.1171385049819946
-0.0239880476146936,-0.0491542369127273,0.2552074790000915
0.1167629435658454,-0.0703806951642036,0.3451397716999054
-0.0182431899011135,-0.0797424465417862,0.1883957833051681
-0.1933271139860153,-0.0836197435855865,0.0415682531893253
-0.2665563225746155,-0.0468541868031024,0.042422454804182
0.1355330795049667,-0.1197433099150657,0.1283727884292602
0.3019955456256866,-0.1289663612842559,0.1455885171890258
-0.0977933853864669,-0.0176986977458,0.1474109292030334
-0.3153359889984131,0.0310151651501655,0.2752999663352966
-0.0805852860212326,-0.0920697450637817,0.3187707364559173
0.2323124408721923,-0.0892651751637458,0.3820631504058838
0.2438977211713791,-0.0258609019219875,0.4585717916488647
-0.0574874468147754,0.0725106671452522,0.3094315230846405
-0.1028501391410827,0.0380118153989315,0.2949346303939819
0.0549558252096176,0.0359713286161422,0.2812570333480835
-0.0288503877818584,0.0590486824512481,0.2990701198577881
-0.0315018333494663,0.0858470946550369,0.3720835447311401
-0.0369866155087947,0.1570712178945541,0.3374632596969604
-0.1578497737646103,0.1874541938304901,0.2971304059028625
-0.057574562728405,0.1730968207120895,0.2281734496355056
-0.032629769295454,0.1607515811920166,0.3073718547821045
0.0670832395553588,0.1668329089879989,0.2913928925991058
-0.006380972918123,0.1437250673770904,0.2886329293251037
-0.1500132381916046,0.0857163518667221,0.1955248415470123
-0.2516785860061645,0.1066539660096168,0.2481805682182312
-0.1240007951855659,0.1406614631414413,0.3791335225105285
0.1708790361881256,0.0802811086177825,0.3832257390022278
0.0492908135056495,0.1294121742248535,0.1722879558801651
-0.1762780994176864,0.2011974304914474,0.1166945099830627
-0.1448048651218414,0.2478845119476318,0.2797111272811889
0.154679462313652,0.28387451171875,0.2733372151851654
0.0641508996486663,0.2302088886499405,0.230745255947113
-0.1771329343318939,0.2376299202442169,0.2251434475183487
-0.2309716641902923,0.2923943698406219,0.2370696067810058
0.1124909594655036,0.2420148402452469,0.3775618374347687
0.1580118387937545,0.2509987652301788,0.2921957969665527
0.1432292014360427,0.2661951184272766,0.2806284129619598
-0.0216172635555267,0.2638121247291565,0.2730503678321838
-0.2112356424331665,0.312324970960617,0.3155006766319275
-0.0784219428896904,0.3215789496898651,0.3299805521965027
0.0904950872063636,0.2416301816701889,0.2436474561691284
-0.035030074417591,0.2436379492282867,0.2323886752128601
0.0487709641456604,0.3164001703262329,0.3058992624282837
-0.028488939628005,0.2610458433628082,0.3564122319221496
0.0810737162828445,0.18918077647686,0.3609394431114197
-0.0151598695665597,0.2245528697967529,0.2484970539808273
-0.0562538132071495,0.2852048575878143,0.1836787462234497
0.1397276818752288,0.2713542878627777,0.1815820485353469
0.0032740449532866,0.1989709138870239,0.0902014002203941
0.0589724630117416,0.1081227734684944,0.1054091155529022
-0.013736218214035,0.2034544050693512,0.2660150527954101
-0.0151277193799614,0.2524048984050751,0.2669993638992309
0.0700439065694809,0.1835580915212631,0.2270634770393371
0.0100042736157774,0.1506456881761551,0.2938616573810577
-0.0390268601477146,0.2762434184551239,0.285678893327713
-0.0029897652566432,0.2962123155593872,0.2366301119327545
-0.2217000275850296,0.2340219169855117,0.0339888036251068
0.0342507809400558,0.2266691923141479,-0.0436327531933784
0.2026741504669189,0.2557770907878876,0.1456535309553146
-0.0409869663417339,0.2808126807212829,0.0589119791984558
-0.0368800349533557,0.2176111042499542,0.0022850043606013
0.3525486886501312,0.228985458612442,0.1081781461834907
0.391667366027832,0.2671248614788055,0.1687350124120712
0.2363067865371704,0.1442324966192245,0.0349729545414447
-0.0716908574104309,-0.0070597822777926,-0.1695469915866851
-0.0326782055199146,0.0726017579436302,-0.2082661539316177
-0.0429622158408165,0.1651379317045211,-0.0980906262993812
-0.0232295226305723,0.0752799436450004,0.0753996670246124
0.1297755092382431,0.0285481326282024,0.0725629106163978
0.010076799429953,0.0621191374957561,0.138384535908699
-0.1422358602285385,0.0781483203172683,-0.1009468883275985
-0.2724196910858154,0.1162605583667755,-0.2369657158851623
0.1009139269590377,0.1403667777776718,-0.091068223118782
0.0957077145576477,0.1715446710586547,0.0057888142764568
0.1404832154512405,0.1204936504364013,-0.070897601544857
-0.0561076067388057,0.0217574927955865,-0.2086773067712783
0.0244822911918163,0.017322614789009,-0.0844260156154632
0.1613674312829971,0.0082558812573552,-0.0229695811867713
-0.0343428626656532,-0.0294456630945205,-0.0512269400060176
0.0080176433548331,-0.0769178345799446,-0.0683486685156822
-0.0089385071769356,-0.0391775891184806,-0.0492529608309268
-0.054123293608427,-0.0278905797749757,-0.0554298982024192
-0.0434093512594699,-0.0243735946714878,-0.1518572866916656
-0.1936007142066955,-0.0188011974096298,-0.1280297189950943
-0.1942714303731918,-0.0268380343914031,-0.1569945365190506
-0.2320947051048278,0.0085117015987634,-0.265025645494461
-0.0831414833664894,0.0100382966920733,-0.1838481724262237
-0.1753707528114318,0.0140349017456173,-0.160791590809822
-0.0737636238336563,0.0431696437299251,-0.1375756114721298
-0.0208522100001573,-0.0221073664724826,-0.0449364893138408
-0.0742061734199523,0.0690450295805931,0.0856396481394767
0.0853169113397598,0.097384788095951,0.0532300472259521
0.0257497690618038,0.0770903676748275,0.0801393389701843
0.0998112112283706,0.1170007660984993,0.0446913354098796
-0.0372988022863864,0.1058059558272361,-0.048459380865097
-0.0903947800397872,0.0737212523818016,-0.0302833095192909
-0.2355683147907257,0.0883968397974968,-0.0138645647093653
-0.1327415406703949,0.1382703930139541,0.1535143107175827
0.0080737778916955,0.161443755030632,0.2240757048130035
0.0742682442069053,0.1670739352703094,0.1801633834838867
0.0630199313163757,0.1414723843336105,0.1546196490526199
-0.1159439608454704,0.1874539852142334,0.0878574028611183
-0.1601853668689727,0.2095214128494262,0.1053090542554855
0.0308394525200128,0.1827606409788131,0.1770641952753067
0.2707982659339905,0.2186757624149322,0.2671030163764953
0.2910827696323395,0.2070515900850296,0.296792984008789
0.0853015184402465,0.2413669228553772,0.2725463211536407
0.0129705909639596,0.2564409375190735,0.2387055456638336
0.0463279150426387,0.2565224170684814,0.1547244936227798
0.0986630246043205,0.1878059357404709,0.1923717409372329
0.0544890016317367,0.1956411600112915,0.1263329982757568
-0.1205563172698021,0.1905715614557266,0.0886237025260925
0.0342091508209705,0.1546771675348281,0.0280978251248598
0.0104851797223091,0.1344533860683441,-0.0215371064841747
0.1457423269748687,0.0296244397759437,0.0500524081289768
0.0404084399342536,0.041413452476263,0.0290832109749317
-0.0625873729586601,0.0712027996778488,-0.0163632966578006
0.0904357284307479,-0.0175832621753215,-0.0153398439288139
0.1161210238933563,0.0101117193698883,0.1493256688117981
0.4541155695915222,0.0549170114099979,0.1069710254669189
0.0895083546638488,-0.0151971820741891,-0.0438215769827365
-0.1453180015087127,0.0076836333610117,-0.1355312615633011
0.050220102071762,0.0636464208364486,-0.2776746749877929
0.1237204223871231,0.0342155620455741,-0.1363148689270019
0.1275124698877334,0.0035443729721009,-0.0676872879266738
0.0174970161169767,0.0346700698137283,-0.0595638528466224
-0.0224789883941411,0.0269418954849243,-0.0511394776403903
-0.1364628225564956,0.0268015451729297,0.0019668834283947
-0.1058052107691764,0.050733458250761,0.0220617689192295
-0.1689357161521911,0.1012988984584808,0.0724559724330902
-0.1174714267253875,0.1574331074953079,0.0138088501989841
-0.0738784074783325,0.1561241596937179,-0.0126557806506752
0.1597210019826889,0.1609110981225967,0.0004443577490746
0.1063935980200767,0.16873599588871,-0.0278626475483179
0.1158073917031288,0.1046544015407562,0.0457587279379367
0.0866670832037925,0.1331124156713485,0.0755405947566032
0.0473915338516235,0.1624838560819625,0.1591821312904358
0.1543299555778503,0.1627120971679687,0.2339469194412231
0.2005091458559036,0.1580936461687088,0.2802001237869262
0.1434935331344604,0.1098020002245903,0.2120823264122009
0.1309421211481094,0.0959698259830474,0.2692082822322845
0.2146921306848526,0.135697528719902,0.2830362021923065
-0.0711730867624282,0.1648180931806564,0.2160734385251999
-0.0856372416019439,0.1757809817790985,0.096564345061779
-0.0641556233167648,0.2223871946334839,0.1390121579170227
-0.1060061305761337,0.323617160320282,0.1266628056764602
0.1933374404907226,0.3235566020011902,0.2462809085845947
0.3043036460876465,0.2864590287208557,0.2579575479030609
-0.0190206319093704,0.3264724910259247,0.1730612963438034
0.0901612490415573,0.3798129558563232,0.1491109579801559
0.2120345383882522,0.4404784739017486,0.2921047508716583
0.1640363931655883,0.4226312935352325,0.2764307260513305
0.2986894845962524,0.2342444062232971,0.2417836785316467
0.1760325580835342,0.2412884682416916,0.0752021446824073
0.0054360972717404,0.3442216217517853,-0.1931473165750503
0.1258045732975006,0.3032672703266144,-0.1818813383579254
0.3823375403881073,0.2327589988708496,0.0136367212980985
0.3249235153198242,0.172319084405899,0.0085194576531648
0.1599394381046295,0.0829983726143837,-0.0879767015576362
-0.0743923708796501,0.13335981965065,-0.0899612829089164
-0.04099777713418,0.1999342888593673,-0.1988024562597274
0.0771411135792732,0.129787415266037,-0.2156187295913696
0.1559146344661712,0.0863969400525093,-0.1797481924295425
0.2179886549711227,0.0813931226730346,-0.1902181506156921
0.2322122305631637,0.0666917338967323,-0.149300530552864
0.2992453277111053,0.0901549831032753,-0.146448016166687
0.0871729180216789,0.1040059626102447,-0.1724573075771331
-0.0255397837609052,0.1207593753933906,-0.2055372297763824
0.167637750506401,0.0834657326340675,-0.2093618512153625
0.0708784535527229,0.0550969466567039,-0.1798614710569381
0.0772504433989524,0.0897984206676483,-0.17762491106987
-0.1980405151844024,0.0918341428041458,-0.255440354347229
-0.1358091533184051,0.0683833807706832,-0.1992456316947937
-0.0204197131097316,0.0920698046684265,-0.239173337817192
-0.0448475033044815,0.0595785528421402,-0.2230777442455291
-0.2104769498109817,0.1118297725915908,-0.2270194888114929
-0.1308390349149704,0.2020348757505417,-0.2450043261051178
0.0281455479562282,0.1314320862293243,-0.1709135919809341
0.0636060982942581,0.0529357716441154,-0.1871149539947509
0.0041590197943151,0.0277768895030021,-0.3250688314437866
-0.1472665965557098,-0.0310827493667602,-0.2510451972484588
-0.1543335616588592,-0.0361488834023475,-0.2038803398609161
0.0411260798573493,-4.42657619714e-05,-0.1717523038387298
0.0925804823637008,-0.0362249054014682,-0.2315615862607956
-0.022202406078577,-0.0816401094198226,-0.1717549562454223
0.020183665677905,-0.0898136124014854,-0.2535936236381531
-0.0652638226747512,-0.134281650185585,-0.3094888627529144
-0.0374050252139568,-0.1206289455294609,-0.3177992701530456
-0.0797468870878219,-0.064682587981224,-0.3917344808578491
-0.0831469446420669,-0.1416303664445877,-0.467474490404129
-0.0532477423548698,-0.1833109259605407,-0.4328323900699615
-0.1274830996990203,-0.145837053656578,-0.4294528365135193
-0.0799334272742271,-0.1710672080516815,-0.4215396046638489
0.0762899965047836,-0.1906776577234268,-0.3377770781517029
-0.0027202724013477,-0.1524759083986282,-0.3168733417987823
-0.0080471271649003,-0.1697361171245575,-0.3158397674560547
0.1046519428491592,-0.2369596511125564,-0.3447626829147339
-0.003662277944386,-0.2603169083595276,-0.3998584151268005
0.0881887599825859,-0.2305651605129242,-0.4144161641597748
0.1104533225297927,-0.2385082989931106,-0.3872825503349304
0.0884616747498512,-0.23006272315979,-0.3767023384571075
-0.1229099631309509,-0.248240664601326,-0.3844521343708038
0.014801176264882,-0.3002176880836487,-0.3311589360237121
-0.0748695880174636,-0.2252526581287384,-0.2037194967269897
0.0032064006663858,-0.1988997608423233,-0.1449754238128662
0.0807880088686943,-0.2571918070316314,-0.1149922311305999
0.0054163662716746,-0.2113249748945236,-0.1825194656848907
-0.0933416336774826,-0.2130443155765533,-0.3409890234470367
-0.0950871184468269,-0.2164076417684555,-0.2615054547786712
-0.141711339354515,-0.1775603741407394,-0.1441343575716018
-0.0585106387734413,-0.186758890748024,-0.1666011363267898
-0.0957296416163444,-0.215087205171585,-0.1713428944349289
0.033001109957695,-0.1650063097476959,-0.1463581770658493
0.2003914266824722,-0.152599960565567,-0.0938550233840942
0.3905083537101745,-0.2181023806333542,0.0129151185974478
0.2435854971408844,-0.1722805500030517,0.0109790004789829
0.0598513968288898,-0.1574557870626449,0.0083015458658337
0.0239719580858945,-0.2395711690187454,0.0315538719296455
0.0422792062163353,-0.2339706569910049,0.0279529001563787
-0.0414015725255012,-0.2088173776865005,0.1089023426175117
-0.0363251492381095,-0.192109078168869,0.1712394207715988
-0.1006061360239982,-0.1876152604818344,0.0967622548341751
-0.1203508079051971,-0.1906573921442031,0.0994379371404647
-0.1685138046741485,-0.1209126785397529,0.1605627983808517
0.2137398719787597,-0.1254051476716995,0.201157733798027
0.2587587535381317,-0.1589348763227462,0.1657520681619644
-0.0545165240764617,-0.0857420340180397,0.0865212231874466
-0.0524176880717277,-0.0244893282651901,0.0931327864527702
0.1619629114866256,-0.0838795602321624,0.1673575937747955
0.1788793057203292,-0.1080264374613761,0.1743726283311844
0.1886354684829712,-0.0733839645981788,0.194966435432434
0.213171973824501,-0.0735839679837226,0.2432077378034591
0.0325318947434425,-0.0358213223516941,0.2653960287570953
-0.028286712244153,-0.0078589282929897,0.241621196269989
-0.0257976744323968,0.0126677546650171,0.3042203783988952
-0.0876442641019821,0.0882016569375991,0.2751943171024322
-0.0024233669973909,0.0683412328362464,0.2657046020030975
-0.1539361923933029,0.1254708170890808,0.2222338318824768
-0.1764348745346069,0.154395580291748,0.2245297580957412
0.0164866391569376,0.1304716169834137,0.3540014624595642
0.1392453014850616,0.149922639131546,0.3262366950511932
-0.1468684673309326,0.1931920796632766,0.2499642819166183
-0.0069526396691799,0.21762116253376,0.244100272655487
0.0153979398310184,0.2343612611293792,0.3148362040519714
0.1257578581571579,0.2331343740224838,0.3018420934677124
0.1341305822134018,0.2267246842384338,0.2045192569494247
0.0244581326842308,0.1977184265851974,0.1891071796417236
-0.133740022778511,0.1521650552749633,0.1236320212483406
-0.2082074880599975,0.201774463057518,0.181608185172081
-0.0995832607150077,0.2547231614589691,0.2509896755218506
-0.2345922887325287,0.2734626233577728,0.2005022317171096
-0.0282505732029676,0.2219888120889663,0.0719844698905944
-0.0931538566946983,0.2325691282749176,-0.0347502082586288
-0.1352429986000061,0.2580891251564026,-0.0800180882215499
-0.148887887597084,0.1816629022359848,-0.0729036927223205
0.1118957698345184,0.1760878413915634,-0.0106650898233056
0.2766930162906647,0.0669014528393745,-0.0045725316740572
0.1129093915224075,0.0207621864974498,-0.0381651148200035
-0.0626290291547775,0.0438829883933067,0.0092902425676584
-0.0358610674738884,0.0029904162511229,-0.035471636801958
-0.0327134393155574,-0.0091031659394502,-0.0462638959288597
0.171280175447464,-0.0091990390792489,-0.0702728256583213
0.0312689282000064,-0.0355593860149383,-0.1776690781116485
-0.0404281616210937,-0.0680893659591674,-0.2279056310653686
0.0380237698554992,-0.0827015116810798,-0.1801898777484893
0.0180535241961479,-0.0799153074622154,-0.1474124938249588
0.0440642684698104,-0.1068087369203567,-0.1631063669919967
0.114722192287445,-0.1373919546604156,-0.1130077689886093
0.1094362586736679,-0.1165826544165611,-0.1300038695335388
-0.1486874371767044,-0.0777340605854988,-0.1096021831035614
-0.1791736334562301,-0.163919448852539,-0.1805197447538375
0.0007612409535795,-0.1124453246593475,-0.1362351030111313
0.0054400921799242,-0.14113150537014,-0.059592705219984
0.2117498517036438,-0.1774572879076004,-0.1067173406481742
0.2576090395450592,-0.1705753803253173,-0.1556613147258758
-0.0463098548352718,-0.0992580577731132,-0.1559689193964004
-0.1093759909272193,-0.1633902192115783,-0.1543000787496566
0.1241355538368225,-0.2280544191598892,-0.0460716150701046
0.1887164860963821,-0.2132829874753952,0.0877192765474319
0.1156169772148132,-0.1809724569320678,0.058397602289915
0.0581448450684547,-0.1555549055337906,-0.0374538488686084
-0.2574437260627746,-0.1174213737249374,-0.0970284938812255
-0.0978858321905136,-0.1169031485915184,-0.0770000591874122
0.2706817984580993,-0.1053942963480949,0.0297926999628543
0.1976011097431183,-0.1643464118242263,0.0409342311322689
0.0488441251218318,-0.1171102002263069,0.0095635280013084
0.1396085172891616,-0.0846246406435966,0.000160171824973
-0.1276354342699051,-0.0074401129968464,0.0468778759241104
-0.1283748894929886,0.0849960222840309,0.098195344209671
0.0402098670601844,0.0356226116418838,0.1930909603834152
-0.0805955529212951,0.0172560736536979,0.1857979148626327
-0.0137209109961986,0.1010026335716247,0.1843486130237579
0.1749550402164459,0.1090846210718154,0.2177294790744781
0.0485012158751487,0.1058374345302581,0.173599824309349
-0.0464087016880512,0.1695987731218338,0.120461419224739
-0.0780688896775245,0.1965459734201431,0.1601313352584839
-0.0466129705309867,0.1478482186794281,0.2138804346323013
-0.1768905371427536,0.1570520997047424,0.246851697564125
-0.0168319959193468,0.1502952575683593,0.2611590921878814
-0.204584315419197,0.203236773610115,0.2183013707399368
-0.1449094414710998,0.2229581326246261,0.1807359457015991
-0.0038836128078401,0.2116903066635131,0.1857165843248367
-0.0345516316592693,0.2568581998348236,0.1250272989273071
-0.0925132036209106,0.2431908398866653,0.0518319122493267
0.0188786443322896,0.155397355556488,0.10336634516716
0.1256157457828521,0.1252224147319793,0.0783816277980804
-0.0540433041751384,0.1891663074493408,0.1329065710306167
-0.1273979395627975,0.2606682181358337,0.2004113048315048
-0.3262731432914734,0.2487944215536117,0.1083533763885498
-0.0532088615000247,0.0880052745342254,0.0212688073515892
0.2195576876401901,0.0378746464848518,0.0403582341969013
0.0119291301816701,0.0895644724369049,-0.0368625149130821
-0.1299606263637542,0.0932004824280738,-0.0717685669660568
-0.0770508050918579,0.1057154759764671,-0.0599060505628585
-0.1501338928937912,0.1222662851214408,-0.1489512622356414
-0.1630249172449112,0.0434372462332248,-0.1303687840700149
-0.0376783534884452,0.0185062773525714,-0.0143407136201858
-0.0413529835641384,0.0750326737761497,-0.0105590252205729
-0.0637464895844459,0.0546104684472084,-0.08358084410429
0.0198735669255256,0.0359710045158863,-0.0782089829444885
-0.0197466388344764,0.0733567848801612,-0.1383362561464309
-0.1902414113283157,0.0467912182211875,-0.1705447882413864
-0.0621299184858799,-0.0067404089495539,-0.1142935454845428
0.0666754618287086,-0.003800545586273,-0.153676375746727
-0.0368726216256618,0.0033339336514472,-0.1861257702112198
0.0477163009345531,-0.0352339632809162,-0.1944638639688491
-0.067011222243309,-0.0193894430994987,-0.1389257609844207
-0.1829657852649688,0.0249247588217258,-0.1556562781333923
0.0157877448946237,-0.0381309203803539,-0.1196845173835754
0.2168212532997131,-0.0937630236148834,-0.1267663836479187
0.0772466361522674,-0.1049537882208824,-0.2297444641590118
-0.0169267319142818,-0.084499642252922,-0.17770417034626
0.0718511193990707,-0.0859290361404419,-0.0646782517433166
-0.0922097191214561,-0.0520632080733776,-0.0587189011275768
-0.0115808034315705,-0.1038588136434555,-0.0524432547390461
0.0620489418506622,-0.1405084431171417,-0.1178438290953636
-0.0487506054341793,-0.0774646028876304,-0.1266618072986602
0.1335385143756866,-0.1013118773698806,-0.1000078171491622
0.0927632302045822,-0.1512107700109481,-0.0906332656741142
-0.1003369837999343,-0.107005774974823,-0.1336113661527633
-0.1200353950262069,-0.1274919807910919,-0.1810255050659179
-0.0540254898369312,-0.1924563348293304,-0.0977242216467857
-0.038428496569395,-0.1738004684448242,-0.0456035211682319
-0.1237266138195991,-0.1403274685144424,-0.077128417789936
-0.000870389631018,-0.1415851712226867,-0.0617116279900074
-0.1132794916629791,-0.113572172820568,-0.0760301128029823
-0.1920467019081115,-0.1021064519882202,-0.0736028179526329
0.1150759682059288,-0.1478433012962341,-0.0112574212253093
0.1590098887681961,-0.2280384451150894,-0.0485782288014888
-0.1002008989453315,-0.1918005496263504,-0.1541691124439239
-0.1697153896093368,-0.0717718377709388,-0.1177780702710151
-0.0108652934432029,-0.0605703145265579,-0.0442428700625896
-0.0099625866860151,-0.058414340019226,-0.0681735649704933
0.151794359087944,-0.0544957630336284,-0.0302765183150768
0.1560858786106109,-0.0469005741178989,0.0021733662579208
-0.0228764154016971,0.0158498920500278,0.0761208310723304
-0.1984707117080688,0.0897319838404655,0.1439381539821624
-0.0704650804400444,0.0847769081592559,0.1668562591075897
-0.0245206803083419,0.0685835927724838,0.1028402149677276
0.0021119969896972,0.0787909552454948,0.032814260572195
-0.0393183715641498,0.0447464771568775,0.1240606606006622
-0.013588773086667,0.0878755673766136,0.2351624071598053
0.0213817302137613,0.1326287686824798,0.3203845024108886
0.1257616728544235,0.1150614842772483,0.3597910404205322
0.0665739700198173,0.1352031379938125,0.3583581149578094
-0.1005700081586837,0.1697824299335479,0.3282196521759033
0.0231708828359842,0.1279781758785247,0.3308681547641754
0.0707525163888931,0.140602096915245,0.3475837409496307
0.130776971578598,0.1841307431459427,0.309423416852951
0.1746690571308136,0.1472369134426117,0.2908859550952911
0.0154777122661471,0.1492277681827545,0.2726610600948334
-0.0380989611148834,0.1827473789453506,0.2509107589721679
-0.0965533107519149,0.1850592344999313,0.2629944086074829
-0.0675219297409057,0.2153138071298599,0.3187170624732971
-0.0671401992440223,0.2381286174058914,0.3501518666744232
-0.1702599227428436,0.2272863537073135,0.3650149703025818
0.0604904815554618,0.2280299216508865,0.3294804394245147
0.1621047258377075,0.2579939365386963,0.2684357166290283
-0.0536659844219684,0.2636887431144714,0.1435271203517913
-0.1653568297624588,0.265101820230484,0.0750604420900344
0.1191379129886627,0.2673163712024688,0.1480158120393753
0.1093196347355842,0.2928502261638641,0.1864478886127472
-0.0233544446527957,0.2691334784030914,0.1722937226295471
0.088786207139492,0.2573180794715881,0.1850185841321945
-0.1500779390335083,0.2748637497425079,0.159222736954689
-0.2522309124469757,0.2415305525064468,0.0958951562643051
0.0326164215803146,0.192255288362503,0.1089427322149276
0.0852695181965828,0.2266942262649536,0.1172446087002754
-0.1552692800760269,0.2296131402254104,0.0173363182693719
0.1397035121917724,0.1830003708600998,0.0197299662977457
0.0505208186805248,0.1450084000825882,-0.0423374213278293
-0.1890438497066497,0.1592469960451126,-0.1234501153230667
0.0978859439492225,0.1159259751439094,-0.1242800652980804
0.1568075865507125,0.0861550346016883,-0.0535848587751388
0.0217322763055562,0.1040025502443313,-0.0509513020515441
0.1112472489476203,0.0758007392287254,-0.1927702128887176
-0.0612983033061027,0.0363597236573696,-0.2779268324375152
-0.1350944936275482,0.0022736578248441,-0.2886910438537597
0.1227699294686317,-0.0165941752493381,-0.3097954094409942
0.1703893840312957,-0.059785321354866,-0.2270928174257278
0.1297364681959152,-0.1199921220541,-0.2359049022197723
0.0848907083272934,-0.0976229012012481,-0.3214299082756042
-0.0216041877865791,-0.1629786938428878,-0.3898262679576874
-0.0599662251770496,-0.1929309964179992,-0.3624343276023865
0.1377429068088531,-0.1707338988780975,-0.3392868340015411
0.2523155510425567,-0.2140584737062454,-0.3113481402397156
0.1546966731548309,-0.2388340979814529,-0.3346786499023437
0.127401128411293,-0.1568335145711898,-0.4164108037948608
0.0385030582547187,-0.1960770040750503,-0.4297119975090027
0.0198337640613317,-0.2874804437160492,-0.3933063149452209
0.1750037372112274,-0.2221976965665817,-0.3421083390712738
0.1292588859796524,-0.2202421426773071,-0.2448448687791824
-0.1288786828517913,-0.2467328011989593,-0.2757012546062469
-0.0939878225326538,-0.2388556897640228,-0.3310886323451996
-0.0374519154429435,-0.2050577253103256,-0.2838160693645477
-0.049277413636446,-0.185633435845375,-0.1632715612649917
0.0484273210167884,-0.1750827729701995,-0.1462014764547348
0.1410800367593765,-0.1930268853902816,-0.1195885017514228
0.0498022772371768,-0.1794366985559463,-0.1368454396724701
0.0205762162804603,-0.1384945958852768,-0.1892657727003097
-0.019155966117978,-0.1454385071992874,-0.2285619527101516
-0.0369291044771671,-0.1291061341762542,-0.1544128805398941
-0.0335700884461402,-0.0637845620512962,-0.1168377697467804
0.0230710878968238,-0.1040534228086471,-0.1182199567556381
-0.1227146461606025,-0.0876707434654235,-0.1237152591347694
0.0534057803452014,-0.0770082473754882,-0.1461827456951141
-0.1798511743545532,-0.0629504024982452,-0.1147952005267143
-0.0539931170642375,-0.0556336343288421,-0.0543616823852062
0.0946413874626159,-0.0945324674248695,-0.0442441329360008
0.0915771573781967,-0.1493408530950546,-0.0368104502558708
-0.1683492958545684,-0.1054777204990387,-0.058397103101015
0.0272194035351276,-0.0860078856348991,0.0042875837534666
-0.0348031595349311,-0.0672197043895721,-0.0010976169724017
-0.1233455389738082,-0.0677137225866317,-0.033337578177452
0.2176901698112487,-0.0970313623547554,0.0310530848801136
0.1590945124626159,-0.066527783870697,0.0451156422495842
-0.0856529995799064,-0.0305554307997226,0.0294116009026765
0.1321160644292831,-0.0442486032843589,0.0196178257465362
0.0263676326721906,0.0111877899616956,-0.0315015949308872
-0.1207120940089225,0.0304365847259759,-0.0728335827589035
0.0766593515872955,0.0054213497787714,0.0171747971326112
0.0411868467926979,0.0229401551187038,0.036740243434906
-0.0775406658649444,0.0094866435974836,0.0207717958837747
-0.0416167564690113,0.032801017165184,0.0782627910375595
-0.0222245976328849,0.0843851491808891,0.1471480131149292
0.1060572043061256,0.087107703089714,0.108617402613163
0.0881477370858192,0.0169805493205785,0.1036794185638427
-0.0501299798488616,0.0328212976455688,0.019983721897006
0.0999553129076957,0.0558144673705101,-0.0275879688560962
0.1672949343919754,-0.0439744442701339,-0.004038967192173
0.0670412480831146,-0.0294597912579774,0.0029582444112747
0.095624953508377,0.03572853282094,0.0136686787009239
0.0015558509621769,-0.0448412746191024,0.088236816227436
0.1146794781088829,-0.0795329436659812,0.0627279952168464
0.2412625104188919,-0.0563492178916931,0.0598956979811191
0.2079607546329498,-0.0730166062712669,0.0778533890843391
0.0057024424895644,-0.0599935725331306,-0.0048091076314449
-0.0134046729654073,-0.1236383318901062,-0.0701026320457458
-0.0964783802628517,-0.1338212490081787,-0.033252514898777
-0.2357518523931503,-0.0962200686335563,-0.0204831883311271
-0.1091104745864868,-0.1214515417814254,-0.0352557189762592
-0.1274351626634597,-0.0963736176490783,0.0170042887330055
-0.2352947294712066,-0.0632649213075637,0.0343788377940654
-0.0487267188727855,-0.0495480448007583,0.0413954704999923
0.1253362149000167,0.0078929830342531,0.0302493199706077
0.0122512001544237,0.0089137721806764,0.0625513345003128
-0.0575480014085769,-0.0099434088915586,0.0353589728474617
-0.0838840007781982,0.005939417053014,0.0387758091092109
-0.1040812581777572,-0.0150398463010787,0.1084116548299789
0.0197030026465654,-0.0082269478589296,0.1187508478760719
0.121390476822853,-0.0240443404763937,0.1055181100964546
-0.12115079164505,-0.0654104202985763,0.057719700038433
-0.2520780563354492,-0.0057938443496823,0.007245248183608
-0.3168581128120422,0.008473508991301,0.0063280556350946
-0.0603284314274787,-0.0206093080341815,0.0933105126023292
0.2909273505210876,-0.0229286551475524,0.1471564322710037
0.3142045736312866,-0.0778747648000717,0.1991243362426757
0.0180834494531154,-0.0643901154398918,0.1710831075906753
-0.2788323760032654,0.035052765160799,0.1433773338794708
-0.3532640039920807,0.0935019627213478,0.0643863901495933
-0.1378068178892135,0.0192391835153102,0.0350599251687526
0.063199259340763,0.0327536575496196,0.0243465565145015
0.1427881270647049,0.112450897693634,0.1400010734796524
0.0654161050915718,0.0764731839299202,0.1507986038923263
-0.2215411812067031,0.0291991159319877,0.1269918531179428
-0.1011039838194847,0.0899655222892761,0.0997868552803993
0.0022796466946601,0.0989599078893661,0.0612363778054714
0.0094368914142251,0.073682777583599,0.06135169044137
-0.0520303361117839,0.0718768537044525,0.07969681173563
-0.1220301911234855,0.0576268099248409,0.0748272240161895
-0.2156885415315628,0.0519263818860054,0.0355900451540946
-0.0944515913724899,0.0696992501616478,0.0385759808123111
0.1469962149858474,0.0773025974631309,0.0616012290120124
0.0991922169923782,0.0416340790688991,0.0617189407348632
-0.1072537750005722,0.0723998397588729,0.049642413854599
-0.1308342069387436,0.0753673985600471,0.0352490954101085
-0.0601661056280136,0.0412792302668094,0.0331410691142082
0.0904854610562324,-0.0060019991360604,-0.0003694860497489
-0.088316410779953,-0.0257177911698818,0.0045321281068027
-0.0092689944431185,0.003177773207426,-0.0051434026099741
0.0285173244774341,0.0137856043875217,-0.0080482438206672
0.0717329680919647,-0.0390927866101264,-0.087338276207447
-0.0502369478344917,-0.0557167865335941,-0.1662114411592483
0.049321599304676,-0.0605573505163192,-0.0954464673995971
0.0832637622952461,-0.0610782988369464,0.0051864008419215
0.1158209070563316,-0.0376089289784431,0.0273606777191162
0.1664570271968841,-0.0270728059113025,-0.0081538390368223
0.0388689748942852,-0.0839946791529655,-0.0131539246067404
0.022404208779335,-0.0995591878890991,-0.0005272781709209
0.0810030773282051,-0.0690127238631248,0.0371495261788368
0.0899881199002265,-0.0490286909043788,0.0411629304289817
0.001387414522469,-0.0310385059565305,0.0215018801391124
0.0218772068619728,-0.0291189141571521,0.0668239966034889
0.006342988461256,-0.0145916361361742,0.1117707043886184
0.0011579953134059,0.0293140038847923,0.0811787918210029
-0.0728320777416229,0.0552750304341316,0.0661289989948272
-0.010221037082374,0.0353850796818733,0.0862958952784538
-0.0555032975971698,0.0576437748968601,0.0951937884092331
-0.0107926512137055,0.0481135360896587,0.1354910731315612
0.0712391063570976,0.0312266983091831,0.1586762964725494
0.1898460239171981,0.0165495257824659,0.1827049255371093
0.3106826841831207,-0.0086216069757938,0.2024924904108047
0.2918575704097748,0.0172626208513975,0.1856720745563507
0.0697720274329185,0.0955001711845398,0.1779579520225525
-0.0506075248122215,0.10812509059906,0.2174317389726638
0.0905469357967376,0.1392068415880203,0.1659874469041824
0.0028725350275635,0.1370861828327179,0.2265097647905349
0.0496720001101493,0.1595198661088943,0.2624001502990722
0.0663602277636528,0.2090269774198532,0.1847084462642669
-0.1226586997509002,0.2074796855449676,0.0559307634830474
-0.2254639863967895,0.224268302321434,0.0352101922035217
-0.1042893528938293,0.2238014489412307,0.0580965988337993
-0.2359078377485275,0.21280038356781,0.0999808236956596
-0.1218824610114097,0.1931033730506897,0.1080299615859985
0.1097624003887176,0.2014044225215912,0.1281225234270095
-0.0401320196688175,0.2413172125816345,0.1508161276578903
-0.1818474680185318,0.2549106776714325,0.1099985390901565
-0.1128707975149154,0.2462162226438522,0.115419402718544
0.0878059715032577,0.2577350735664367,0.1499106436967849
0.1871791630983352,0.2478699386119842,0.0961315780878067
0.0800548791885376,0.2408557087182998,0.0020307316444814
0.0629659071564674,0.2775367796421051,-0.0103055629879236
0.1310193687677383,0.2669640481472015,-0.0332329794764518
-0.1440667957067489,0.2913018763065338,-0.1161936372518539
-0.2374622821807861,0.2947733700275421,-0.1623976081609726
-0.0436427444219589,0.2212384492158889,-0.1430809050798416
0.0811864510178566,0.1883929520845413,-0.0873205214738845
-0.0124758603051304,0.1160553693771362,-0.0501156225800514
0.0526797734200954,0.1363380998373031,-0.0465851388871669
0.2648439705371856,0.1263318061828613,-0.0837785825133323
0.3611145317554474,-0.0161614399403333,-0.1949675530195236
0.4838955700397491,-0.0738289952278137,-0.2230005115270614
0.7887008190155029,-0.001962031237781,-0.1329581141471862
0.4344082474708557,0.0664220824837684,-0.0779681056737899
0.2952995002269745,0.0143798552453517,-0.1102917417883873
0.6905261874198914,-0.1219271197915077,-0.2911291718482971
0.8543873429298401,-0.0292972158640623,-0.2334528863430023
0.8804266452789307,-0.0410920903086662,-0.1801435947418213
0.8674647808074951,-0.1753776371479034,-0.2761005759239197
0.5370045900344849,-0.2143798917531967,-0.328720360994339
0.3957536816596985,-0.2248540371656417,-0.4055564105510711
0.3132787644863128,-0.2334829419851303,-0.4180367887020111
0.2477194964885711,-0.2790537178516388,-0.4522002935409546
0.1676997691392898,-0.2952880561351776,-0.4449727535247803
0.1433330774307251,-0.2023966014385223,-0.3454659581184387
0.2896450161933899,-0.1743258088827133,-0.3339424431324005
0.3813800811767578,-0.2383767515420913,-0.3253349959850311
0.3746838271617889,-0.2428250312805175,-0.2953765392303467
0.0473898164927959,-0.1831339448690414,-0.3412250280380249
-0.2128015458583831,-0.1964452266693115,-0.3104458153247833
0.0452686212956905,-0.247771605849266,-0.1985915154218673
0.3930151462554931,-0.2798233032226562,-0.1320894658565521
-0.0034239159431308,-0.2135359942913055,-0.2036059945821762
-0.3335863649845123,-0.123544305562973,-0.2105427384376526
-0.2965661287307739,-0.1953815817832946,-0.3426727652549743
-0.5019629001617432,-0.0669229477643966,-0.3378825187683105
-0.4144017100334167,-0.1345720440149307,-0.2370393574237823
-0.2271151691675186,-0.1544320285320282,-0.1623358279466629
-0.2769962847232818,-0.1248184442520141,-0.0924381613731384
-0.4383969008922577,-0.1597689688205719,-0.1344998627901077
-0.5687474608421326,-0.1642557829618454,-0.151133120059967
-0.6291242837905884,-0.1002621427178382,-0.1115138083696365
-0.5009481906890869,-0.1055899858474731,-0.1456906646490097
-0.4241348803043365,-0.1433658599853515,-0.2135511934757232
-0.333618015050888,-0.1512566059827804,-0.2480470687150955
-0.2433584332466125,-0.1748458296060562,-0.279858261346817
-0.2942911684513092,-0.2035733759403228,-0.2326120883226394
-0.2981396913528442,-0.2116994708776474,-0.1884377002716064
-0.2931677401065826,-0.2234663367271423,-0.1834298223257064
-0.3420356810092926,-0.2436752021312713,-0.1905290186405182
-0.3569698333740234,-0.2730644047260284,-0.2678454220294952
-0.1560151427984237,-0.3447551131248474,-0.3357584178447723
-0.0247310623526573,-0.4111022353172302,-0.3504787385463714
-0.0250192154198884,-0.4509042501449585,-0.3597912788391113
0.122560016810894,-0.3551912307739258,-0.3010915517807007
-0.0279932767152786,-0.3564218878746032,-0.2228383123874664
-0.2281268984079361,-0.4261016249656677,-0.1681289970874786
-0.0251309107989072,-0.4841153919696808,-0.1248358413577079
0.1917752623558044,-0.5158050656318665,-0.1679881811141967
0.1877301931381225,-0.5145682692527771,-0.2912195920944214
0.1428788304328918,-0.4518493711948395,-0.2610430419445038
0.0527460202574729,-0.4296023845672607,-0.1766040623188018
-0.0471803396940231,-0.4564674794673919,-0.1453971713781356
-0.0702105611562728,-0.459867000579834,-0.080751322209835
0.1799000352621078,-0.4564329981803894,-0.051089234650135
0.3267411589622497,-0.4791092872619629,-0.0385718420147895
0.0981425791978836,-0.4635266959667206,-0.0438064411282539
0.0243770107626914,-0.4027754664421081,0.0025727744214236
0.0543438866734504,-0.4005790650844574,0.0544173084199428
0.0700671896338462,-0.4389259219169616,-0.020028430968523
0.1001140996813774,-0.4761967360973358,-0.0404450148344039
0.0766822770237922,-0.4768087565898895,-0.0004885469097644
0.0199983995407819,-0.4456362128257751,0.0604807510972023
-0.003641415387392,-0.4086238741874695,0.1189336702227592
0.0636895075440406,-0.3504177033901214,0.1513267904520034
0.068177729845047,-0.2945416569709778,0.2012251019477844
-0.0398752689361572,-0.2529990375041961,0.1849744021892547
-0.0301653854548931,-0.2154875993728637,0.23308627307415
0.0074905809015035,-0.1842650771141052,0.3182653784751892
-0.0062710382044315,-0.1088954806327819,0.3735965490341186
-0.0439058169722557,-0.0485643371939659,0.3982505798339844
-0.1367971450090408,0.0219851974397897,0.3610520958900451
-0.1968962401151657,0.0872368738055229,0.3668873906135559
-0.2920094430446625,0.1459004580974578,0.4302802383899688
-0.1757786273956298,0.1929811686277389,0.5177316665649414
-0.0845597833395004,0.2261926531791687,0.5993958711624146
-0.0612433142960071,0.2909695208072662,0.6463512778282166
-0.0582818798720836,0.3685210347175598,0.6525982618331909
-0.0147481281310319,0.4130667746067047,0.6956750154495239
-0.0157766416668891,0.4284289479255676,0.6653264164924622
0.0275170020759105,0.4347150921821594,0.6728700399398804
-0.0106064146384596,0.4650610089302063,0.6831602454185486
-0.0687120407819747,0.4890507459640503,0.6757153868675232
0.0678828209638595,0.4662010967731476,0.6849656105041504
0.070310853421688,0.4549646973609924,0.6536805033683777
0.1107477620244026,0.4245577752590179,0.6345975995063782
0.0583653002977371,0.4042712748050689,0.5887005925178528
-0.0446534939110279,0.4116857945919037,0.5714161396026611
-0.0256426446139812,0.4066998660564422,0.5671808123588562
0.0077419443987309,0.3727464079856872,0.5443548560142517
-0.0606939904391765,0.3613143861293793,0.4915297925472259
0.0091037331148982,0.3418472111225128,0.4778765738010406
0.0524981915950775,0.3231745660305023,0.4577045142650604
-0.0371198393404483,0.2834178507328033,0.4090826511383056
0.0491418465971946,0.249738723039627,0.3610939681529999
0.1775062084197998,0.2403202056884765,0.3623379170894623
0.1484085023403167,0.2304571866989135,0.3418640196323395
-0.0191378835588693,0.2026833444833755,0.2702185809612274
-0.0010696451645344,0.15396349132061,0.208836019039154
0.0051331236027181,0.1610986292362213,0.2381960451602935
0.1235911920666694,0.1696448475122451,0.2829303443431854
0.1183972284197807,0.1398350149393081,0.2517673671245575
0.0710812360048294,0.13760606944561,0.2226694971323013
-0.0904900804162025,0.2038290351629257,0.1660197973251342
-0.123456135392189,0.2723728120326996,0.0845642909407615
-0.1980139911174774,0.2881294190883636,0.0627844333648681
-0.1360606253147125,0.3445496261119842,0.2002048045396804
0.1009287387132644,0.3223886489868164,0.3419510126113891
0.2271879464387893,0.207567498087883,0.3322350978851318
0.0359791070222854,0.1579006016254425,0.2055706083774566
-0.055698525160551,0.2242091447114944,0.1165050715208053
0.0503115318715572,0.2093393951654434,0.0300085321068763
0.0782718956470489,0.186858519911766,0.026827422901988
0.0528331138193607,0.1961782425642013,0.0725831910967826
0.2185937911272049,0.1522058844566345,0.1462537199258804
0.1925009340047836,0.1480849087238311,0.1436259746551513
0.0664930194616317,0.1764058172702789,0.0586567521095275
0.0613073110580444,0.1586265414953231,-0.0408117808401584
0.019573314115405,0.1727747172117233,-0.0187449380755424
0.0343248322606086,0.2128590196371078,0.0527875684201717
0.0401266179978847,0.209409549832344,0.0944660156965255
0.0845444127917289,0.2054009586572647,0.1337638944387436
0.0979098305106163,0.229074627161026,0.111890323460102
0.040315244346857,0.2474192827939987,0.0292841326445341
0.0793391689658165,0.2470452189445495,0.0098126260563731
0.1901367902755737,0.2911530137062073,0.0565729402005672
0.1917547583580017,0.2941039204597473,0.0318900309503078
0.1786821037530899,0.2541887462139129,0.0365734659135341
0.1839277297258377,0.2383993864059448,0.0131189599633216
0.2002483755350113,0.2069788724184036,0.0008958502439782
0.2458173930644989,0.165153294801712,-0.0145103763788938
0.1611746847629547,0.152355208992958,-0.0498928688466548
0.041880264878273,0.1354372352361679,-0.090511530637741
0.0317554622888565,0.1716309338808059,-0.0962586253881454
0.1032525897026062,0.2404436320066452,-0.0228853784501552
0.0872552469372749,0.1834700852632522,-0.0564854182302951
0.1291761547327041,0.0937503799796104,-0.1157011538743972
0.1097651794552803,0.1132646948099136,-0.1417162418365478
-0.0379537381231784,0.112482763826847,-0.1740567833185196
-0.1218084245920181,0.1001861542463302,-0.2767653167247772
-0.0157627761363983,0.1284797340631485,-0.2443608790636062
0.0980671197175979,0.0718875676393508,-0.1819220036268234
0.0061064586043357,-0.0062318034470081,-0.183824360370636
-0.0259279068559408,-0.0106870057061314,-0.2065728157758712
0.0559922084212303,-0.0122216111049056,-0.2668575048446655
-0.0158170014619827,-0.0186776462942361,-0.3200504183769226
-0.0433979928493499,-0.017052499577403,-0.3860022723674774
-0.0558341555297374,-0.0232278369367122,-0.3833620250225067
-0.0071106208488345,-0.0647032111883163,-0.3485655784606933
0.0606447234749794,-0.0941377952694892,-0.327716201543808
-0.0015938696451485,-0.1053898409008979,-0.342241883277893
-0.1609052270650863,-0.1270575821399688,-0.4163664281368255
-0.213524729013443,-0.1274006515741348,-0.4291906058788299
-0.17459037899971,-0.0581198409199714,-0.290174663066864
0.0919515490531921,-0.0675168186426162,-0.2188830226659774
0.1374311447143554,-0.1933003067970276,-0.2614645659923553
0.0090277660638093,-0.2033983469009399,-0.3496395945549011
-0.0841447934508323,-0.1147427931427955,-0.3869752585887909
-0.0099646775051951,-0.1184604093432426,-0.360168308019638
0.0343694984912872,-0.1375123858451843,-0.2885002493858337
0.0705731511116027,-0.1084518730640411,-0.1812489926815033
0.0040279477834701,-0.1172685325145721,-0.1675723195075988
-0.0408648550510406,-0.120586447417736,-0.2124679088592529
-0.0131235057488083,-0.0954267680644989,-0.2344973236322403
0.0599860064685344,-0.0954149067401886,-0.2375517636537552
0.1234408840537071,-0.0889466255903244,-0.2573313117027282
0.0334175191819667,-0.1019913107156753,-0.2460708916187286
0.0296368971467018,-0.1153846234083175,-0.2391203194856643
0.028381248936057,-0.1084965318441391,-0.2663122415542602
-0.0078380079939961,-0.115702249109745,-0.2659740149974823
-0.0145728765055537,-0.1534504294395446,-0.2800674736499786
-0.0649718642234802,-0.1878661811351776,-0.3100495934486389
-0.1224433630704879,-0.1946692168712616,-0.3237029314041137
-0.0024415894877165,-0.1901887059211731,-0.2972433567047119
0.1107373461127281,-0.2301681786775589,-0.2933741807937622
0.1217622980475425,-0.2816652059555053,-0.3395406305789947
0.0506271421909332,-0.2963999509811401,-0.3451415300369262
-0.0025263582356274,-0.2700069546699524,-0.3163767158985138
-0.0025965981185436,-0.2838622033596039,-0.3236768543720245
0.0239937342703342,-0.3384921848773956,-0.3387306332588196
-0.0228831153362989,-0.3544307947158813,-0.3520375788211822
-0.0079025672748684,-0.3764788508415222,-0.3615155220031738
0.0527373068034648,-0.4010684192180633,-0.3524577915668487
-0.0289964396506547,-0.3849078416824341,-0.2972044050693512
-0.031680379062891,-0.355963259935379,-0.2192499935626983
0.0314642339944839,-0.3324073255062103,-0.1850273162126541
-0.0553578585386276,-0.3258134722709656,-0.1844960004091262
-0.064951367676258,-0.3096824288368225,-0.1747645437717437
-0.0033788615837693,-0.2877923250198364,-0.1297079026699066
0.0469301156699657,-0.2760797441005707,-0.0987806022167205
0.0065966788679361,-0.2401242852210998,-0.111143909394741
0.0052986540831625,-0.2221354246139526,-0.1078541055321693
-0.0153268417343497,-0.2212718874216079,-0.0732071995735168
-0.1090006083250045,-0.2103169858455658,-0.0458544045686721
-0.0729107856750488,-0.1885437071323394,-0.0336537845432758
-0.0141864847391843,-0.1464436650276184,0.0394377373158931
0.1097312122583389,-0.1071748808026313,0.1134764403104782
0.1451264917850494,-0.0686567798256874,0.1451246440410614
0.0294206291437149,-0.0337552763521671,0.1305135637521743
-0.11927430331707,-0.0047774231061339,0.1332126706838607
-0.0905099958181381,-0.011595357209444,0.1247496530413627
-0.0097970413044095,-0.0022500585764646,0.1547379046678543
0.0519720502197742,0.0324080511927604,0.2511603236198425
0.1771965473890304,0.0003116363659501,0.2673164010047912
0.0781425759196281,-0.0434625297784805,0.2039942145347595
0.0760794207453727,-0.0010365089401602,0.1586706787347793
0.0539961084723472,0.0765532329678535,0.1834313422441482
0.0470734871923923,0.0150874741375446,0.2012867778539657
-0.05547945946455,0.0285263508558273,0.2288576960563659
-0.0889980047941207,0.0549805983901023,0.2713201940059662
-0.0770466476678848,0.0467976555228233,0.2593075633049011
-0.0899214297533035,0.059017039835453,0.2286255359649658
-0.0707903429865837,0.0718335062265396,0.1976277232170105
-0.0716998055577278,0.0667372792959213,0.134957954287529
-0.111498013138771,0.1072144880890846,0.1618337780237198
-0.2003610283136367,0.1481073200702667,0.1390805393457412
-0.1859655827283859,0.2079408466815948,0.1742779910564422
-0.0207156352698802,0.2074534893035888,0.2517711520195007
-0.0444329306483268,0.1800567507743835,0.2431876361370086
-0.0432555489242076,0.1549980044364929,0.1637359410524368
-0.0829354226589202,0.133053183555603,0.1569796353578567
-0.0920085459947586,0.1540431529283523,0.2301534414291381
-0.1498671919107437,0.1507468372583389,0.2021661102771759
-0.1536707133054733,0.1268074065446853,0.1744015961885452
-0.1272843033075332,0.0986834615468978,0.1815088391304016
-0.2575235366821289,0.1225853338837623,0.1679437607526779
-0.2129253298044204,0.1037403866648674,0.1566863358020782
-0.0456271432340145,0.0821072608232498,0.1841102391481399
-0.1080267652869224,0.0861255526542663,0.1874605119228363
-0.1426462680101394,0.0704840123653411,0.1191855892539024
-0.0952248722314834,0.0487798228859901,0.1280262619256973
-0.0333870761096477,0.0606998614966869,0.1672186851501464
-0.0154620902612805,0.0587923303246498,0.1386717855930328
0.0537031292915344,0.0114043103531003,0.1472554206848144
0.0171695742756128,0.0206738859415054,0.1536498665809631
0.0470885895192623,0.0337811633944511,0.1524908691644668
0.0522687286138534,0.0258540175855159,0.1281356364488601
0.015639079734683,0.0231895260512828,0.1133758649230003
-0.013928416185081,0.0349857173860073,0.1192227005958557
-0.0434285178780555,0.0378845706582069,0.1566278487443924
-0.0396445542573928,0.0553454607725143,0.12786565721035
-0.064549908041954,0.0866706222295761,0.1066943258047103
-0.1180184930562973,0.0947844535112381,0.0976164489984512
-0.1643479019403457,0.1036772802472114,0.0839368551969528
-0.1695626378059387,0.1350218951702118,0.1191430911421775
-0.2210244983434677,0.1582664996385574,0.1061649769544601
-0.21594899892807,0.1706361025571823,0.0931522473692894
-0.104003831744194,0.1952370554208755,0.1033833101391792
-0.0153087582439184,0.2174838632345199,0.1112834140658378
-0.068483293056488,0.2204650193452835,0.0886292308568954
-0.0440064072608947,0.2234834730625152,0.0862883254885673
-0.0481311120092868,0.2041665017604828,0.0960296317934989
-0.055451177060604,0.1825248003005981,0.0853980630636215
-0.028486406430602,0.1570271700620651,0.070320576429367
-0.0399722754955291,0.1495884507894516,0.1000774577260017
-0.0896511450409889,0.160984918475151,0.1020982638001442
-0.0724126547574997,0.1426646411418914,0.0629559829831123
0.0466737896203994,0.1187635585665702,0.065844714641571
-0.0572512932121753,0.130561888217926,0.0565624423325061
-0.1896980255842209,0.1167190372943878,0.0639915987849235
-0.1289479434490203,0.0835274308919906,0.1273947060108184
-0.0429094545543193,0.0818094238638877,0.1673109531402588
-0.1063845306634903,0.0603047460317611,0.1576322019100189
-0.0374637804925441,0.0649423748254776,0.1284580826759338
-0.0637776777148246,0.0736011117696762,0.1285552829504013
-0.1051088720560073,0.0759641379117965,0.1205519437789917
-0.0591054148972034,0.0833946242928505,0.1460549533367157
0.01840615645051,0.115752562880516,0.2073097825050354
-0.0446533523499965,0.1283284127712249,0.2003399580717086
-0.1067593321204185,0.1504582166671753,0.17339488863945
-0.0601382367312908,0.1760035753250122,0.1448216587305069
0.0126323718577623,0.1707776486873626,0.1516675949096679
0.0781662240624427,0.1755048781633377,0.1465686857700348
0.0748593732714653,0.1742531806230545,0.1107638105750083
0.0280627310276031,0.1565060317516327,0.0735632479190826
0.0086528146639466,0.1630787104368209,0.0626517459750175
-0.0081484448164701,0.166963592171669,0.06636643409729
0.1104687452316284,0.1573708802461624,0.0391854085028171
0.0537309013307094,0.1550392806529998,0.0175493545830249
0.0221021361649036,0.1673851609230041,-0.0498254261910915
0.060160294175148,0.1140361726284027,-0.0804797857999801
0.1356774270534515,0.0769908055663108,-0.1000889092683792
0.0550591945648193,0.0503455176949501,-0.1004002913832664
0.0034990650601685,-0.005551304668188,-0.1601997017860412
0.1098237559199333,-0.0142472013831138,-0.1637036204338073
0.0392846167087554,-0.0261414125561714,-0.1992376446723938
-0.1113493591547012,-0.0712012872099876,-0.25949826836586
-0.0488883815705776,-0.0959662944078445,-0.2669684290885925
0.0282240901142358,-0.0989111065864563,-0.2343878746032714
0.0653690621256828,-0.1319068670272827,-0.2062640935182571
0.1096220314502716,-0.1431911885738372,-0.2730315327644348
0.0135852461680769,-0.1348941177129745,-0.2908187806606293
-0.0402946658432483,-0.1483197957277298,-0.2856454253196716
-0.1021361947059631,-0.1353621929883957,-0.2758615016937256
-0.0682436898350715,-0.0943784937262535,-0.230148583650589
-0.0004816889995709,-0.1197008937597274,-0.2044615894556045
0.0194832887500524,-0.1335985362529754,-0.1883715689182281
0.0626784265041351,-0.1289329379796981,-0.1960444003343582
-0.1156977638602256,-0.1154507622122764,-0.2213964164257049
-0.2255486249923706,-0.1110408306121826,-0.2481971383094787
-0.2224555015563964,-0.0938888862729072,-0.2252760827541351
0.0318161956965923,-0.0681236013770103,-0.1153005808591842
0.2773251235485077,-0.1148704886436462,-0.1028544157743454
0.1030944809317588,-0.1546754240989685,-0.1233061626553535
-0.0222749151289463,-0.1198056042194366,-0.1167051196098327
-0.1604698002338409,-0.030505022034049,-0.0614378713071346
-0.0380961783230304,-0.0144141651690006,-0.0499699339270591
0.0640914440155029,-0.0144394654780626,-0.0292920898646116
0.1095759719610214,0.006963700056076,-0.0079546393826603
0.0363563522696495,0.0006373608484864,-0.0046808160841465
-0.1378117203712463,0.0364198423922061,-0.0312686674296855
-0.1069201231002807,0.0866707637906074,-0.0552725382149219
0.0244599841535091,0.0689383521676063,-0.0874798744916915
0.0427015759050846,0.061131302267313,-0.0138911455869674
0.0820251256227493,0.0363653562963008,0.0193110350519418
0.0061540617607533,-0.0134895518422126,0.030138649046421
0.0365519672632217,-0.0254590325057506,-0.025754602625966
0.003233159892261,-0.0350892916321754,-0.0844597294926643
-0.0852814093232154,-0.0376919396221637,-0.119297370314598
-0.1373920291662216,-0.0479714758694171,-0.1203312054276466
-0.1191697195172309,-0.0160983484238386,-0.005544947925955
-0.0232293456792831,0.0016052816063165,0.0880132317543029
-0.0262474007904529,-0.0399228781461715,0.097692109644413
-0.1149338632822036,-0.0514490380883216,0.0196716077625751
-0.0735862925648689,-0.0212012566626071,-0.0486695244908332
0.0694241300225257,0.0087542440742254,-0.013203140348196
0.0364156104624271,-0.0023103537969291,-0.0593427941203117
-0.073139913380146,-0.0368273183703422,-0.1300944685935974
-0.1361316740512848,-0.0817127749323844,-0.1059252992272377
-0.1701671332120895,-0.0563203319907188,-0.0840149372816085
-0.1488410830497741,-0.0222518611699342,-0.0251480806618928
-0.031352799385786,-0.038874514400959,-0.0035280063748359
0.095135360956192,-0.0312799848616123,0.0017449610168114
0.168060690164566,-0.0261808317154645,-0.0289327912032604
0.0318795703351497,-0.0346090272068977,-0.0602809973061084
0.0237777046859264,-0.0612257234752178,-0.0510938912630081
0.0263159703463315,-0.0879766568541526,-0.080010674893856
0.0663073360919952,-0.1005419790744781,-0.0416936464607715
0.1086791604757309,-0.0922804102301597,0.0404254794120788
-0.0118629690259695,-0.0851580500602722,0.0404795408248901
-0.1087284311652183,-0.1013683974742889,-0.0127202002331614
-0.0563869327306747,-0.0840767621994018,-0.0105427997186779
0.0091216713190078,-0.0310479924082756,0.0653623864054679
0.0194816328585147,-0.0197242312133312,0.0749598890542984
0.0205214507877826,0.0008669048547744,0.0335896424949169
0.0103641524910926,0.044554729014635,0.0341057665646076
0.0416751839220523,0.0881256312131881,0.0400860235095024
-0.0043738004751503,0.0823436379432678,0.0693640187382698
0.0432263724505901,0.0437351539731025,0.0955595225095748
0.035427838563919,0.0323908850550651,0.1186989247798919
-0.0467601493000984,0.0593698732554912,0.1278121024370193
0.075514368712902,0.0544576756656169,0.1163903325796127
0.0264780186116695,0.0501917190849781,0.086366556584835
-0.0555936805903911,0.0407614670693874,0.0335550047457218
-0.0386575758457183,0.0467996746301651,0.0569717027246952
0.0794099420309066,0.0525182820856571,0.1177098900079727
0.1109770461916923,0.0533863045275211,0.0777714923024177
-0.0521455630660057,0.0546646229922771,0.0241279657930135
-0.2145543545484542,0.0572479963302612,-0.0711429640650749
-0.1426884084939956,0.0479050986468791,-0.1335216462612152
-0.074476309120655,0.0401747561991214,-0.0911277160048484
-0.0017424534307792,0.0432861298322677,-0.0320212580263614
-0.0029147923924028,-0.0006887973286211,0.0033997585996985
-0.0497297011315822,-0.0199996456503868,0.0120981754735112
0.0684933885931968,-0.0117736374959349,-0.0101316636428236
0.0218885987997055,-0.0105230174958705,-0.0026487139984965
-0.0242329929023981,-0.0363904684782028,-0.0127923712134361
-0.0324099622666835,-0.083858922123909,-0.0395499505102634
0.0692631676793098,-0.0823773518204689,-0.0182627532631158
0.0759745985269546,-0.0768829807639122,-0.0106972455978393
-0.0535067431628704,-0.065123051404953,-0.0917836800217628
-0.1129282563924789,-0.0753088444471359,-0.1509830951690673
-0.1478911191225052,-0.0590239837765693,-0.1393142491579055
-0.1536632627248764,-0.0341394059360027,-0.0609824210405349
-0.044684063643217,-0.0406726859509944,0.0297177396714687
-0.0242072828114032,-0.0612211041152477,0.0513311550021171
-0.0244533531367778,-0.0732233896851539,0.0432831943035125
-0.035443153232336,-0.059770967811346,-0.004880073480308
0.0328444167971611,-0.0503656640648841,-0.0097643118351697
0.0366519391536712,-0.0416608564555645,-0.0395882539451122
-0.0474796928465366,-0.0352607071399688,-0.0365791767835617
0.089440606534481,-0.0513211637735366,-0.0370106101036071
0.1792751550674438,-0.0458228178322315,-0.0335401594638824
0.0652045160531997,-0.0215150788426399,-0.0444884151220321
0.0146015239879488,-0.0457383953034877,-0.0705461204051971
0.0508687160909175,-0.0674301087856292,-0.0427448451519012
0.0400530770421028,-0.0566943883895874,-0.0112086739391088
0.0148981884121894,-0.0607834048569202,-0.0082552284002304
0.0732669532299041,-0.072140946984291,0.0002548771444708
0.0442728511989116,-0.0920358300209045,-0.0307368598878383
-0.0070991427637636,-0.092121236026287,-0.0745280161499977
0.0202789530158042,-0.0725462064146995,-0.0802969560027122
-0.1043218001723289,-0.0516254343092441,-0.0682251900434494
-0.1448047757148742,-0.0679937601089477,-0.0721043497323989
0.0005304309306666,-0.0845129713416099,-0.0418135002255439
0.0090402951464056,-0.0752411782741546,-0.0129810534417629
-0.107850357890129,-0.0563657395541667,-0.0160056892782449
0.017383461818099,-0.0377624966204166,0.0378058776259422
0.024248331785202,-0.0400077365338802,0.0621898807585239
-0.0964828804135322,-0.0293223336338996,0.0327177420258522
-0.0460248105227947,-0.0446691438555717,0.0314461588859558
-0.0604737922549247,-0.0240136682987213,0.0234460216015577
-0.0446750670671463,-0.029242355376482,0.0462109744548797
-0.0403460972011089,-0.0183047521859407,0.0531692840158939
0.0146952392533421,0.0141560696065425,0.0776552855968475
-0.0024310168810188,0.0472029708325862,0.0915750935673713
-0.0387135259807109,0.0894983559846878,0.128374233841896
-0.0071795703843235,0.108011320233345,0.1722982823848724
0.0192109160125255,0.1407715529203415,0.2081716656684875
-0.0759651362895965,0.1842058449983596,0.2024040520191192
-0.0157858282327651,0.2118884623050689,0.186131089925766
0.0618852637708187,0.2217869013547897,0.2162881940603256
-0.0022854523267596,0.2491309344768524,0.2032570093870163
-0.0155562506988644,0.2366716116666793,0.1528015583753585
0.026966044679284,0.2324061393737793,0.1538296490907669
-0.0442519448697567,0.2567580640316009,0.1718896031379699
-0.0124359633773565,0.2332207858562469,0.1596618592739105
-0.0021500363945961,0.2245721668004989,0.1493160128593444
-0.0084627978503704,0.2455248534679412,0.1378875523805618
-0.0870939567685127,0.2590231001377105,0.0694126263260841
-0.0142531925812363,0.2430564910173416,0.0407855249941349
0.047246653586626,0.2423877567052841,0.0519337840378284
-0.0218397080898284,0.2458139657974243,0.0599811077117919
-0.0228245444595813,0.2147963792085647,0.0345018506050109
0.0763300508260726,0.1786341965198516,0.0091254841536283
0.1402879804372787,0.1589049696922302,0.030141020193696
0.1342767924070358,0.098535418510437,0.0261491294950246
0.0985579341650009,0.0751597881317138,-0.0070972391404211
0.1090119034051895,0.046780876815319,-0.0528567358851432
0.0266773533076047,0.028394678607583,-0.0542136169970035
0.0790128335356712,0.0383792445063591,-0.0787582248449325
0.0273584239184856,0.015684051439166,-0.1267707645893097
-0.0089771766215562,-0.0099405916407704,-0.1765289902687072
0.1919785588979721,-0.0300085768103599,-0.1937961280345916
0.2970018684864044,-0.0445436090230941,-0.2023574411869049
0.161952719092369,-0.0532036758959293,-0.2019457072019577
0.1097229719161987,-0.0724275112152099,-0.1962173134088516
0.0006654649041593,-0.0760768428444862,-0.2004599869251251
-0.068789392709732,-0.0854036286473274,-0.2393508553504943
0.0268617607653141,-0.1191634535789489,-0.2406691163778305
0.1872444003820419,-0.1894021034240722,-0.2812992334365845
0.1301968246698379,-0.2299956083297729,-0.3432848155498504
-0.0141421118751168,-0.2476508766412735,-0.3599914908409118
-0.0387382693588733,-0.2595304548740387,-0.3629100322723388
-0.0979693606495857,-0.2698357999324798,-0.3954243063926697
-0.1374531239271164,-0.2961209416389465,-0.4414799511432647
-0.1560577452182769,-0.3229435384273529,-0.4130825102329254
-0.2323788851499557,-0.310708999633789,-0.3512729406356811
-0.2070702910423278,-0.2886161506175995,-0.3245295882225036
-0.1724617183208465,-0.2751655876636505,-0.3087050914764404
-0.1147727072238922,-0.2521536350250244,-0.3032164573669433
-0.1083611473441124,-0.2643160223960876,-0.2900434136390686
-0.0997993573546409,-0.253568559885025,-0.3106259107589721
-0.1684806793928146,-0.2648710012435913,-0.320466011762619
-0.3241913020610809,-0.2663672864437103,-0.2942410707473755
-0.4002176225185394,-0.2490540891885757,-0.2705695629119873
-0.3529241681098938,-0.217515617609024,-0.195478931069374
-0.4156629145145416,-0.1816854476928711,-0.1319942325353622
-0.576471745967865,-0.1391052156686782,-0.1178405061364173
-0.6172982454299927,-0.1228820458054542,-0.1221963688731193
-0.5551204085350037,-0.1433545649051666,-0.1074617281556129
-0.4430194497108459,-0.1165724918246269,-0.1350645869970321
-0.375992476940155,-0.0984614118933677,-0.1112661361694336
-0.2471420764923095,-0.1165581196546554,-0.094964399933815
-0.1719697117805481,-0.1322991400957107,-0.0668663829565048
-0.2150522023439407,-0.1507489830255508,-0.0599919706583023
-0.1028988733887672,-0.1548511683940887,-0.0358723104000091
-0.0635741055011749,-0.1590834558010101,0.0286502242088317
-0.0505025424063205,-0.1455541104078292,0.055657148361206
0.1158467531204223,-0.134402647614479,0.0770338103175163
0.1031868830323219,-0.1021999716758728,0.0690147653222084
-0.0396903753280639,-0.0837290808558464,0.0288146175444126
0.0762557014822959,-0.0374800711870193,0.021562835201621
0.2440955638885498,-0.0590370260179042,0.0657396167516708
0.1342929005622863,-0.0274724401533603,0.0673159882426261
0.0891366153955459,-0.0112007912248373,0.0836227908730506
-0.0181680154055356,0.0026644123718142,0.1112476289272308
-0.0303780771791934,0.0190279372036457,0.0941464006900787
-0.1087242737412452,0.028738360852003,0.0768441557884216
-0.1383596658706665,0.0056929625570774,0.0211864858865737
-0.1181895583868026,0.0035612331703305,-0.0207211729139089
-0.0355007983744144,0.0255189966410398,-0.0144004262983798
0.0580727010965347,0.0586131811141967,0.0232923384755849
0.0953015610575676,-0.0036272942088544,0.0043367575854063
0.2180684953927993,0.0056418385356664,0.0341913253068923
0.4093852043151855,0.0007842322811484,0.0890385955572128
0.1625758111476898,0.0153193566948175,0.0810723006725311
0.3268726170063019,-0.0678042918443679,0.06255454570055
0.5031564235687256,-0.0772328004240989,0.1282409429550171
0.3097496926784515,-0.1176076531410217,0.0631892457604408
0.2912052869796753,-0.1762113124132156,-0.0104185780510306
0.2823063433170318,-0.1793447881937027,0.0032937717624008
0.4513411521911621,-0.2779240608215332,-0.0185108855366706
0.4688034951686859,-0.3183865249156952,0.0384730398654937
0.3492418229579925,-0.3033084273338318,0.0106633808463811
0.6616098284721375,-0.4219759702682495,-0.0564575977623462
0.6713768243789673,-0.3370177745819092,-0.0065031531266868
0.5753906965255737,-0.3032155930995941,-0.0026820495259016
0.4917629063129425,-0.2769427299499511,0.0182981137186288
0.4163770675659179,-0.1963101923465728,0.1142978817224502
0.3815531432628631,-0.1116548180580139,0.1569617092609405
0.3962202370166778,0.0014554904773831,0.1517451107501983
0.2624159455299377,0.1157528534531593,0.1556502431631088
0.0896196588873863,0.2316104918718338,0.1281504333019256
0.1182826384902,0.2993460297584533,0.1308231353759765
0.338408887386322,0.4024809300899505,0.2031292915344238
0.7144983410835266,0.43213951587677,0.1794042289257049
0.4716894030570984,0.3632302284240722,0.187210738658905
0.4474310576915741,0.3129114508628845,0.2181354463100433
0.5465171933174133,0.318958431482315,0.2487319856882095
0.1973199248313903,0.3775804042816162,0.2110261768102646
-0.0205958895385265,0.348190039396286,0.1267136931419372
0.0789011269807815,0.0841628536581993,-0.0348427221179008
-0.0118508767336606,-0.0405356660485267,-0.1633777916431427
-0.0497664250433445,-0.0155238807201385,-0.1910065859556198
-0.0724102258682251,-0.0975412502884864,-0.1003041118383407
-0.11726875603199,-0.1709177494049072,-0.0600274465978145
-0.1965843588113784,-0.2946258187294006,-0.1103878244757652
-0.0559980832040309,-0.4396670758724212,-0.1675894409418106
-0.0477936826646328,-0.5551201105117798,-0.1949177384376526
-0.1217950657010078,-0.4748304784297943,-0.1475681662559509
-0.1225109249353408,-0.4344194233417511,-0.0651113763451576
-0.1186906173825264,-0.3668686151504516,-0.0423732250928878
-0.0898152962327003,-0.3186944425106048,-0.0704168379306793
-0.2761610746383667,-0.1882838159799575,-0.0438106395304203
-0.0245810318738222,-0.1222645938396453,0.0066860876977443
-0.096743643283844,-0.0341477766633033,0.0541383810341358
-0.1824167221784591,0.057580541819334,0.0522653795778751
-0.3439550399780273,0.1217763274908065,0.091404490172863
-0.337661474943161,0.1691502332687378,0.0877524986863136
-0.2853062748908996,0.1836214512586593,0.0250393021851778
-0.291331946849823,0.1398715674877166,-0.0691082328557968
-0.3117437064647674,0.0627503916621208,-0.1199013963341713
-0.1937875151634216,-0.0235836990177631,-0.1133572086691856
-0.0218797884881496,-0.0798968970775604,-0.039243496954441
0.0866426900029182,-0.1433677524328231,-0.0388661250472068
-0.1409008502960205,-0.200950488448143,-0.1221299692988395
-0.3826969563961029,-0.2485592812299728,-0.1673909276723861
-0.0751404762268066,-0.3198763132095337,-0.2116062641143798
0.0818693786859512,-0.3678076267242431,-0.2079300433397293
0.085939347743988,-0.3921826183795929,-0.2001172453165054
0.0986594036221504,-0.3486697673797607,-0.1737056076526641
0.1035196781158447,-0.2875595688819885,-0.1458604037761688
-0.2355955392122268,-0.2371445745229721,-0.1045417189598083
-0.122855931520462,-0.2221525758504867,-0.100670151412487
0.1879477500915527,-0.1992091685533523,0.0140732089057564
-0.0305607616901397,-0.0922394543886184,0.128112718462944
-0.2006371617317199,-0.0746588632464408,0.1336699277162552
0.1521780341863632,-0.0880978256464004,0.1611814796924591
0.0812362059950828,-0.0106432503089308,0.2550773322582245
-0.0576871894299984,-0.0207375716418027,0.3205754160881042
0.1491069942712783,-0.0434434190392494,0.3268647193908691
0.0808200910687446,0.0091718658804893,0.3459469079971313
-0.0008241706527769,0.0559899657964706,0.3199259638786316
0.0093690771609544,0.0938614532351493,0.358620136976242
-0.1106966063380241,0.1738324463367462,0.3318122029304504
-0.0751819014549255,0.1944012641906738,0.3373636305332184
0.0827667191624641,0.2297379523515701,0.343519002199173
0.0345579124987125,0.2793582379817962,0.3963339924812317
0.0113426027819514,0.3449428379535675,0.4872689545154571
0.1122121065855026,0.3442990183830261,0.4559826850891113
0.0430282354354858,0.3570933640003204,0.366939902305603
-0.1146787479519844,0.3868522047996521,0.3589485287666321
-0.0770733132958412,0.344647467136383,0.4255443215370178
0.0126253012567758,0.3191960155963897,0.3904894888401031
-0.0651448592543602,0.343459278345108,0.312677800655365
-0.0367322489619255,0.3896402716636657,0.3708174526691437
0.0486502945423126,0.3601374924182892,0.3953121602535248
-0.0445511490106582,0.3651294410228729,0.4034875333309173
-0.1928351521492004,0.4386585354804992,0.3785094916820526
-0.1619263887405395,0.4586866796016693,0.3678027689456939
-0.0893664360046386,0.4002361297607422,0.2748190462589264
0.0377619676291942,0.4050114750862121,0.2357634752988815
0.1261698603630066,0.4121191799640655,0.3514640033245086
0.1175781413912773,0.431423932313919,0.3781993985176086
-0.0643650293350219,0.3838622868061065,0.342278391122818
-0.0203330367803573,0.345429390668869,0.2509357929229736
0.1305709928274154,0.2967659831047058,0.2419915497303009
0.0734635144472122,0.3013896644115448,0.2692534029483795
0.0602885968983173,0.3738467991352081,0.2421618700027465
0.1355851739645004,0.3647008240222931,0.2413205802440643
0.2611404359340668,0.3605028688907623,0.2294375598430633
-0.0210908278822898,0.3780750930309295,0.1896616965532302
-0.1846832185983657,0.3032439947128296,0.0637154877185821
-0.0513516664505004,0.2091245353221893,0.0990737751126289
-0.0674632564187049,0.2070395499467849,0.0884714648127555
0.094439722597599,0.1788341552019119,0.0045649670064449
0.010129902511835,0.1549962013959884,0.0548060312867164
-0.1222262308001518,0.1974600106477737,0.0360585115849971
0.0270668491721153,0.1372749656438827,-0.1606915593147277
0.0504030659794807,0.1036062240600586,-0.2038224786520004
-0.0750978738069534,0.0530397184193134,-0.230230912566185
-0.1225951239466667,0.0356511659920215,-0.2212079763412475
-0.0134145729243755,0.0153927654027938,-0.2087571620941162
0.0452877804636955,-0.0034646866843104,-0.1737427562475204
0.0523121356964111,-0.0354047752916812,-0.1823034882545471
0.0154084591194987,-0.127229243516922,-0.3094554543495178
0.0953855812549591,-0.2252780497074127,-0.3922424614429474
-0.0204457640647888,-0.2388047575950622,-0.3505344688892364
0.1401721388101577,-0.3143229484558105,-0.4432961046695709
0.1753070056438446,-0.3831467628479004,-0.5426455140113831
0.0136054567992687,-0.3708347082138061,-0.5597499012947083
0.0413070395588874,-0.3506241142749786,-0.5333977341651917
0.0303321499377489,-0.3629350960254669,-0.5406577587127686
0.1728213876485824,-0.4099868834018707,-0.5183297395706177
0.1364268958568573,-0.3893444538116455,-0.3853897750377655
0.1365135610103607,-0.3408269882202148,-0.2958247661590576
0.1906678825616836,-0.3807999789714813,-0.3091059327125549
0.0229318924248218,-0.3639978468418121,-0.2922472953796386
-0.0263957101851701,-0.2473548650741577,-0.2272344827651977
-0.2907325625419616,-0.1547852307558059,-0.1992148756980896
-0.1164286732673645,-0.1628047972917556,-0.2003946602344513
0.08817920088768,-0.110748142004013,-0.2176572829484939
0.0956981033086776,-0.0905294269323349,-0.1113694608211517
0.2462675124406814,-0.080502763390541,-0.155602365732193
-0.0609946995973587,-0.0630742385983467,-0.1323372572660446
-0.2038465291261673,-0.0420585684478282,-0.0419656671583652
-0.0756073370575904,-0.0265581682324409,0.0560964494943618
0.2169691324234008,-0.1131859943270683,0.1146492063999176
0.1483421325683593,-0.1034292355179786,0.0967812612652778
-0.0570723973214626,-0.0866386890411377,0.0895910859107971
0.1091389507055282,-0.1047617644071579,0.0371127054095268
-0.0319072604179382,-0.1009232029318809,0.0230118706822395
-0.041263211518526,-0.1241560876369476,0.0285698883235454
0.0944563969969749,-0.1235663667321205,0.015540337190032
-0.1083371937274932,-0.1074598357081413,0.0567048154771328
-0.118151769042015,-0.1142379269003868,0.0644569993019104
-0.029254388064146,-0.0571077913045883,0.168193519115448
-0.1319415420293808,0.0020822919905185,0.1290384232997894
-0.2872709333896637,0.0180439483374357,0.0383260920643806
-0.2905181646347046,0.0524120442569255,0.0664614662528038
-0.0477204471826553,0.0605274923145771,0.1629419326782226
-0.0886525735259056,0.1054701879620552,0.2177663296461105
-0.0366269275546073,0.1201183795928955,0.1623914837837219
0.1149046272039413,0.0800035893917083,0.1902464032173156
0.1539247334003448,0.141352429986,0.283438116312027
0.1225262582302093,0.2047576010227203,0.2414668947458267
-0.0847515612840652,0.1948969811201095,0.2965943217277527
0.100720964372158,0.1444249004125595,0.2234574109315872
-0.0808850526809692,0.0953138098120689,0.1828380823135376
-0.1136460900306701,0.1472372859716415,0.1816931068897247
-0.0259362123906612,0.1376666724681854,0.1215714514255523
-0.0579631738364696,0.14273501932621,0.1757776439189911
-0.0431032665073871,0.114033855497837,0.1187132969498634
-0.0746414437890052,0.0840708911418914,0.1291548311710357
0.0973883718252182,0.0178338196128606,0.1556844413280487
0.1810452044010162,-0.0272532366216182,0.1260912716388702
0.0193617716431617,-0.041815135627985,0.1165688559412956
0.0219410303980112,-0.0146271875128149,0.0890323966741561
-0.1711778342723846,0.0177880097180604,0.0576174855232238
0.0380575582385063,0.0061053852550685,0.064178243279457
0.088756687939167,0.0566564425826072,0.0843775272369384
-0.1703040301799774,0.0941003561019897,0.0954638868570327
-0.128580555319786,0.12049201130867,0.123922161757946
0.1307093501091003,0.1532997339963913,0.2110032886266708
-0.0700892657041549,0.2826553285121918,0.2671491205692291
-0.1784725189208984,0.3008492887020111,0.2108266204595565
-0.0521907471120357,0.2900182008743286,0.2105986475944519
-0.171430766582489,0.3296981155872345,0.1710137277841568
-0.1189755424857139,0.253449946641922,0.1971329450607299
0.0361595079302787,0.2157038897275924,0.2033021301031112
0.0274499095976352,0.2163507789373397,0.212693765759468
-0.151607483625412,0.2248454540967941,0.2109221220016479
-0.1088158190250396,0.2375327497720718,0.2216959446668625
0.1470608413219452,0.194539874792099,0.2541578412055969
-0.1020057126879692,0.1795233786106109,0.2206869721412658
-0.1959789544343948,0.1539643555879593,0.2149922251701355
0.0666105970740318,0.1251052767038345,0.1286640018224716
0.084799900650978,0.1254646778106689,0.1570778936147689
0.0288106743246316,0.1717645227909088,0.1223199144005775
-0.0530427582561969,0.1816552430391311,0.0842345580458641
0.0664599314332008,0.126015692949295,0.0638091713190078
0.0322709120810031,0.1487020850181579,0.1087002828717231
-0.0668071955442428,0.1205828338861465,0.130072683095932
0.2111511677503585,0.0652787089347839,0.1011325642466545
0.0798525288701057,0.1234040632843971,0.1750997304916381
-0.0206159986555576,0.1496016979217529,0.1649808287620544
-0.0863438844680786,0.0975605919957161,0.0460823960602283
0.0055822972208261,0.0847726389765739,0.0567570179700851
0.0599166415631771,0.190239667892456,0.1305867731571197
0.0823041126132011,0.1650345772504806,0.0826286673545837
-0.0321324542164802,0.1905572563409805,0.0261158607900142
-0.0954072996973991,0.2583802342414856,0.1045704558491706
-0.1470355987548828,0.2618300914764404,0.1551367044448852
-0.0522873625159263,0.2222830653190612,0.0814559161663055
-0.0331131368875503,0.2030614465475082,0.1260108649730682
-0.0272286385297775,0.1671473979949951,0.1657497584819793
-0.0681307911872863,0.170829489827156,0.0691627785563469
-0.1556156575679779,0.2062796354293823,0.0128204999491572
0.0818094164133071,0.1526331752538681,0.0512642934918403
0.1283465772867202,0.1766805946826934,0.127627283334732
0.2626045048236847,0.1072434708476066,0.0447385311126709
0.0006278014043346,0.1005834341049194,0.0408360585570335
0.0553224720060825,0.0952376723289489,0.0771416053175926
-0.1162134408950805,0.0955733656883239,0.0382951982319355
-0.0045918403193354,0.0807118564844131,0.065042920410633
0.1133200451731681,0.085212729871273,0.1454008966684341
0.105268508195877,0.1129221245646476,0.1661546528339386
0.0229116231203079,0.0844627767801284,0.084163449704647
0.0279726944863796,0.1302086859941482,-0.0219888165593147
0.1394495666027069,0.1519213020801544,0.0302473343908786
-0.0265239663422107,0.1685554087162017,-0.0026054214686155
-0.0854699239134788,0.1415669471025467,-0.042155921459198
-0.0573365576565265,0.1759518235921859,0.0155206937342882
-0.1154857203364372,0.2078217267990112,0.1560189574956894
-0.1609096527099609,0.188824862241745,0.168838083744049
-0.1741453558206558,0.2643074989318847,0.1322456449270248
-0.0608712658286094,0.2937828302383423,0.1653817594051361
-0.0121301831677556,0.3284761011600494,0.1891044229269027
0.0271517075598239,0.377479076385498,0.198574885725975
0.027848195284605,0.3991289734840393,0.1805966198444366
-0.0739766955375671,0.4919292330741882,0.3115738332271576
0.1030067950487136,0.5425236821174622,0.318073034286499
0.0516069829463958,0.5587617754936218,0.2954361736774444
0.1800507456064224,0.5567526817321777,0.363457977771759
-0.007142580114305,0.6030418872833252,0.3879939317703247
0.1331663280725479,0.584672749042511,0.31171914935112
0.1455926299095153,0.6335278749465942,0.2620578408241272
0.1468368470668792,0.6598783135414124,0.2259190678596496
0.2438006848096847,0.5900006890296936,0.1209188774228096
0.0595121011137962,0.5710328221321106,0.0892044901847839
0.1254317164421081,0.5794739723205566,-0.0027930811047554
-0.0235291589051485,0.5194720029830933,-0.0945184454321861
-0.0230995919555425,0.4508647620677948,-0.0744973272085189
-0.0454334989190101,0.4624432325363159,-0.1429847627878189
0.0068621942773461,0.3800892531871795,-0.2568098604679107
-0.0346128828823566,0.3071117103099823,-0.2609342932701111
-0.0452873669564724,0.3199414908885956,-0.3077148497104645
0.1258531659841537,0.241715520620346,-0.4362291097640991
0.156106412410736,0.1820553839206695,-0.4417397081851959
0.0807681754231453,0.1836168020963668,-0.4801000654697418
0.1363901495933532,0.1026833355426788,-0.5536360740661621
0.150956705212593,0.0132332146167755,-0.5795775055885315
-0.1086468994617462,0.0050447932444512,-0.6959603428840637
0.0898201167583465,-0.1720303893089294,-0.8085926175117493
0.2088322639465332,-0.1717385053634643,-0.6311690807342529
0.2602534592151642,-0.1889670193195343,-0.7730042934417725
0.0089429318904876,-0.2657009661197662,-0.9350064992904664
0.2066976875066757,-0.393035352230072,-1.040648102760315
0.0728000700473785,-0.4026477634906769,-0.9498039484024048
0.2148876190185547,-0.4904012978076935,-0.9068151712417604
0.0526174828410148,-0.5369144678115845,-0.8552254438400269
0.1178607791662216,-0.5778431296348572,-0.9348170161247252
0.0746981278061866,-0.6054678559303284,-0.9462798237800598
-0.0085597764700651,-0.5422157645225525,-0.938745141029358
0.0278296563774347,-0.6322948336601257,-0.99790221452713
0.0918594822287559,-0.6139981150627136,-1.0159566402435305
0.07526745647192,-0.6068840026855469,-0.939207136631012
-0.0604943707585334,-0.5843673944473267,-0.9715431928634644
0.1601037830114364,-0.6556479334831238,-0.8809698820114136
0.0984048396348953,-0.6180997490882874,-0.7914442420005798
0.1363309025764465,-0.6438516974449158,-0.7808818817138672
-0.0092375986278057,-0.6957667469978333,-0.7351768612861633
0.0373261757194995,-0.6858259439468384,-0.6817874312400818
0.1351772844791412,-0.7013786435127258,-0.6675447225570679
0.2212202996015548,-0.7534916400909424,-0.6535465717315674
0.2133411318063736,-0.6876367926597595,-0.7035415172576904
0.1104576289653778,-0.6479583382606506,-0.6119670867919922
0.2274673879146576,-0.6466279029846191,-0.5230062007904053
0.0777577906847,-0.6020135879516602,-0.4310893416404724
-0.0475795790553092,-0.527309000492096,-0.2910477817058563
0.0440523363649845,-0.497119128704071,-0.2555968463420868
-0.0655677318572998,-0.4255233705043793,-0.2879493236541748
-0.0106064788997173,-0.4117977023124695,-0.2900992929935455
0.089844524860382,-0.4271155297756195,-0.2216832786798477
-0.0398586131632328,-0.3582634925842285,-0.1082616448402404
0.1732250154018402,-0.3696010112762451,-0.1415083408355713
0.204119011759758,-0.4053475558757782,-0.2573369145393371
-0.0388453043997287,-0.3972071707248688,-0.224842220544815
0.0092111695557832,-0.3260408639907837,-0.0293760504573583
0.1680138409137725,-0.2826507687568664,0.0972152799367904
-0.0109593765810132,-0.2479604333639145,-0.0321344584226608
-0.1413024812936782,-0.2869456708431244,-0.1483656764030456
-0.0343933477997779,-0.297398030757904,-0.133822962641716
-0.0161103811115026,-0.2376132607460022,-0.0431796684861183
-0.0744200274348259,-0.2520305514335632,-0.0504373125731945
-0.1328227072954177,-0.2612876892089844,-0.1105732917785644
-0.1342634856700897,-0.2600346803665161,-0.0246384125202894
-0.0968259051442146,-0.2291940748691558,0.0719112679362297
0.0563170351088047,-0.2325136959552765,0.1655994057655334
0.1764778047800064,-0.2748110890388489,0.1615268588066101
-0.0656927376985549,-0.2727679312229156,0.0833457633852958
-0.0002112892689183,-0.2621164917945862,-0.0337204784154892
-0.0314930453896522,-0.2428274601697921,-0.0968504473567009
0.0308888964354991,-0.2103695124387741,-0.0246783439069986
0.1425075680017471,-0.1828806400299072,0.1248568147420883
0.306048572063446,-0.1642997562885284,0.2451358288526535
0.1685775071382522,-0.1593734472990036,0.2555344104766845
-0.0172970611602067,-0.1773812174797058,0.1751720756292343
0.1015012264251709,-0.1776280701160431,0.1264953464269638
0.0841349139809608,-0.152646854519844,0.1134930774569511
-0.2174662053585052,-0.2018381059169769,0.1095438748598098
-0.1087762936949729,-0.260930448770523,0.0734806135296821
-0.0212453864514827,-0.2210069745779037,0.1466741412878036
-0.01216212939471,-0.2212549149990081,0.1501974612474441
-0.0093061551451683,-0.2037097513675689,0.1378348022699356
-0.1057621166110038,-0.1444610655307769,0.1810059696435928
0.0560131967067718,-0.1557693779468536,0.1890300661325454
0.0750125497579574,-0.176099956035614,0.2199927270412445
-0.09219241887331,-0.135640949010849,0.1800572872161865
0.0435965992510318,-0.1632567346096038,0.1683704853057861
0.1564898639917373,-0.1646322458982467,0.211562693119049
0.0778201818466186,-0.1022475734353065,0.2125895917415619
0.1238262951374054,-0.0579147338867187,0.2217205166816711
0.1687565743923187,-0.0784065574407577,0.2603768110275268
0.1311026811599731,-0.0906312614679336,0.2948642075061798
-0.0063638426363468,-0.0823427066206932,0.3319521844387054
-0.0622739791870117,-0.0628787279129028,0.3433489203453064
-0.1935005635023117,-0.0768398344516754,0.3473030626773834
-0.1225427612662315,-0.033661738038063,0.244374543428421
-0.0349908843636512,-0.0042305989190936,0.2369314432144165
0.0857275426387786,0.0014286185614764,0.2637372314929962
0.0558942891657352,0.0211004596203565,0.2463078498840332
0.0149508537724614,-0.0041684126481413,0.2075956016778946
-0.0460884645581245,-0.0048082554712891,0.1697551310062408
0.0539553128182888,0.0230425503104925,0.2178358435630798
0.09002136439085,0.025891350582242,0.3204564154148102
0.1410533785820007,0.0525629110634326,0.3314880430698395
0.0860325545072555,0.0271319858729839,0.2710888981819153
0.020225316286087,0.0069881025701761,0.26158007979393
0.0905171930789947,0.0121873877942562,0.1814131587743759
-0.0905556604266166,0.0267791133373975,0.1453717947006225
-0.0007229538168758,0.0039516990073025,0.1366358250379562
0.009777357801795,-0.0355251356959342,0.1689072102308273
0.0407404601573944,-0.0300466138869524,0.2411887496709823
0.0559188798069953,-0.0046019749715924,0.2971601486206054
0.0039874664507806,-0.0047898711636662,0.2621632814407348
-0.0125046912580728,-0.0642886161804199,0.1973619163036346
-0.0891718417406082,-0.031287781894207,0.1581053882837295
0.0461138077080249,-0.0723185688257217,0.1434239000082016
0.0627368688583374,-0.109000027179718,0.1848308444023132
0.0450249798595905,-0.0511737391352653,0.2026588469743728
0.0112984515726566,-0.0231869779527187,0.1458573043346405
-0.1027980297803878,-0.0622081458568573,0.131507933139801
-0.1487776637077331,-0.057215116918087,0.124209463596344
-0.0334745123982429,-0.0006405245512723,0.261578768491745
0.0936478078365325,0.0372883453965187,0.4075214564800262
0.1311299353837967,0.0034843110479414,0.3885336518287658
-0.1474641561508178,0.0394784025847911,0.2384115755558014
-0.1859191358089447,0.0821893736720085,0.0881475061178207
-0.1735514849424362,0.1921302527189254,0.2704750299453735
-0.0484460331499576,0.2313735336065292,0.3030926287174225
-0.0339231789112091,0.2202437818050384,0.254028707742691
0.0026617317926138,0.2421826422214508,0.3212594091892242
-0.0454633086919784,0.2417525351047516,0.2944013476371765
-0.0582669861614704,0.2979724109172821,0.3779974579811096
0.0813523307442665,0.2923224866390228,0.2995470762252807
-0.0621001757681369,0.2746412456035614,0.2439493387937545
-0.0509748198091983,0.2891954183578491,0.2066022306680679
-0.0437978655099868,0.2876494526863098,0.1111249849200248
-0.0385223105549812,0.2684033215045929,0.1224580928683281
0.0188168790191411,0.2389311790466308,0.1245718449354171
-0.0610092207789421,0.1927196234464645,0.1386204212903976
-0.021732922643423,0.1952488273382187,0.1059535443782806
-0.1111790314316749,0.2078586220741272,0.0566151812672615
0.0104922764003276,0.1795478910207748,0.011667413637042
0.0530195906758308,0.0894191935658454,-0.0793400108814239
0.2030596882104873,0.0192760620266199,-0.0861193537712097
0.291587233543396,-0.0341537408530712,-0.068588837981224
0.0045661232434213,0.0327645726501941,-0.100010946393013
-0.0737391039729118,0.0075465654954314,-0.1751783043146133
0.030736168846488,-0.0415504053235054,-0.1613559573888778
0.1576078683137893,-0.0038626815658062,-0.0652601569890976
0.3672567009925842,-0.0702129453420639,-0.150681585073471
0.3057121038436889,-0.1233925372362136,-0.2821490168571472
-0.0402801968157291,-0.076580561697483,-0.3641003370285034
-0.2278020083904266,-0.1146263480186462,-0.4635802209377289
0.0116260200738906,-0.2471939772367477,-0.4446134567260742
0.1225790455937385,-0.1470957398414611,-0.2970443964004516
0.1281037777662277,-0.1983948796987533,-0.3755112290382385
0.2032049149274826,-0.3583433926105499,-0.5078860521316528
-0.0919870510697364,-0.3176527023315429,-0.4831998646259308
-0.0994155630469322,-0.2644327580928802,-0.3597554564476013
0.0414406172931194,-0.3711224496364593,-0.2713661789894104
0.0470495820045471,-0.4049665629863739,-0.2684151232242584
-0.017486535012722,-0.3935597240924835,-0.3269727230072021
0.1489958465099334,-0.4351459145545959,-0.3485824763774872
0.1993804574012756,-0.4351736009120941,-0.3677631020545959
-0.038984902203083,-0.3447873890399933,-0.3749271929264068
-0.1742678880691528,-0.3357760608196258,-0.30987548828125
-0.0621448382735252,-0.3362789750099182,-0.2941056191921234
-0.1462189704179763,-0.3387943506240845,-0.2744962275028229
0.077661894261837,-0.3619077801704407,-0.2435799241065979
0.2979889214038849,-0.3806886374950409,-0.2527129650115967
0.2635365426540375,-0.3250729143619537,-0.2895430326461792
0.0195246543735265,-0.2021328955888748,-0.155533567070961
-0.2236880362033844,-0.1392532587051391,-0.0007520971121266
-0.1911788284778595,-0.1713347733020782,0.1138586401939392
-0.0656454563140869,-0.2908449172973633,0.0999136194586753
-0.1198690086603164,-0.2535625398159027,0.0573368668556213
-0.0131137231364846,-0.1166444942355156,-0.0657869428396225
-0.0120849441736936,-0.0865614265203476,-0.1139360964298248
-0.0211304519325494,-0.0849018767476081,-0.100093238055706
-0.1106171905994415,-0.1210755929350853,-0.0458704754710197
-0.0320064984261989,-0.1907775849103927,0.0296749603003263
-0.1299330741167068,-0.2097901552915573,0.1543487161397934
-0.0505685023963451,-0.1527597457170486,0.216004803776741
0.0376710779964923,-0.1076596528291702,0.2522677481174469
-0.0688916891813278,-0.036247119307518,0.2655668258666992
-0.046399425715208,0.0071656024083495,0.2247485667467117
-0.1139072030782699,-0.0186934284865856,0.2003518491983413
-0.2134977132081985,0.0590154826641082,0.1993933767080307
-0.0735842809081077,0.0585725978016853,0.2570060491561889
0.0693406537175178,0.0414237044751644,0.2613036036491394
0.2250142693519592,0.13618203997612,0.1754708439111709
-0.2124994099140167,0.2285575121641159,0.200795903801918
-0.1196192055940628,0.2113399058580398,0.2940865457057953
-0.1295589208602905,0.1370230764150619,0.2962868511676788
0.0903263688087463,-0.0175188370048999,0.187664583325386
0.1736047565937042,-0.1176371872425079,0.2205863147974014
0.1614924967288971,0.0142752807587385,0.2154822200536728
0.0192487966269254,0.1373034715652465,0.205898568034172
-0.224564179778099,0.1312254965305328,0.187742531299591
0.193302571773529,-0.0582629404962062,0.2127021998167038
0.3127468526363373,-0.1765922456979751,0.2409615963697433
0.3163245320320129,-0.0220836326479911,0.2769747376441955
0.1358564347028732,0.1458373218774795,0.3402754962444305
-0.2088764458894729,0.1692667603492736,0.3232429921627044
-0.2078655362129211,0.1131234616041183,0.2041857093572616
0.0747720226645469,0.0814084112644195,0.1560884863138198
-0.0448312982916832,0.1007697209715843,0.1951741874217987
-0.2307268530130386,0.1932722181081771,0.1760564297437667
-0.0692699551582336,0.1813166290521621,0.1929602473974228
0.0044631175696849,0.1773738116025924,0.1638508290052414
-0.0496638417243957,0.212636724114418,0.150536224246025
-0.050448939204216,0.1774875223636627,0.1497058570384979
-0.0206426475197076,0.1519892364740371,0.1707339137792587
-0.0169919859617948,0.1957577466964721,0.1203189566731453
0.0367719829082489,0.0816765800118446,0.0456244610249996
0.1799813359975814,-0.0915114507079124,-0.1017865613102912
0.1744278371334076,-0.0076640788465738,-0.1256123930215835
0.0043618385680019,0.1316277682781219,0.0507128350436687
-0.0827707350254058,0.0789223462343216,0.1178766563534736
0.0335771813988685,-0.0175786260515451,-0.0454443581402301
0.1448499262332916,-0.0687828287482261,-0.0863863378763198
0.0219258740544319,-0.0285539161413908,-0.0710798203945159
0.1038758903741836,-0.014470717869699,-0.064234159886837
-0.2307881116867065,0.1105188876390457,-0.1104796901345253
-0.2416396141052246,0.0798780247569084,-0.0176890026777982
-0.1808449774980545,-0.0346011519432067,-0.0252800770103931
-0.0492877773940563,-0.1856712400913238,-0.2157560437917709
0.0586919523775577,-0.2951082289218902,-0.1033546850085258
-0.0695931017398834,-0.0819015577435493,-0.0733968168497085
-0.1076573953032493,-0.1052404344081878,-0.1210974976420402
-0.1834370046854019,-0.1384713649749755,-0.2309174835681915
-0.0978736281394958,-0.1822641193866729,-0.1496434062719345
-0.0236088298261165,-0.2783001065254211,-0.0861640125513076
0.1221190765500068,-0.4104397594928741,-0.1282792389392852
0.0654495656490325,-0.2335287630558014,-0.132742092013359
0.0318330228328704,-0.1068019866943359,-0.036316230893135
0.0178340282291173,-0.2085652351379394,-0.0612780265510082
0.0546200051903724,-0.271774560213089,-0.1476746946573257
0.0721972957253456,-0.2709919810295105,-0.0935650616884231
0.1186271086335182,-0.2223687916994094,-0.032776016741991
-0.0174308288842439,-0.207907423377037,0.0327487960457801
-0.0505815893411636,-0.1538308709859848,-0.0109563414007425
-0.0335863903164863,-0.2106434255838394,0.0672712251543998
-0.036404550075531,-0.1526895761489868,0.0654051527380943
0.0119458427652716,-0.1639525145292282,0.0306423772126436
-0.041993286460638,-0.1437644213438034,-0.0121285235509276
-0.0689390897750854,-0.1579184234142303,0.0336052365601062
0.0250662323087453,-0.2297718375921249,0.0776848122477531
0.0835057124495506,-0.1834161877632141,-0.0132178217172622
0.0467785932123661,0.0258928164839744,0.0563522018492221
-0.1643028259277343,0.1667283475399017,0.2817172110080719
-6.91487221047e-05,0.0539293698966503,0.315109521150589
0.064662829041481,-0.0875563770532608,0.1134208887815475
0.1258534938097,0.0190619397908449,0.0843940377235412
0.0194560829550027,0.1978003978729248,0.2163093090057373
-0.0606629848480224,0.1729203462600708,0.2990494668483734
-0.0888953432440757,0.1171312481164932,0.1849721372127533
0.0080618243664503,0.1194394081830978,0.0391563475131988
0.1495876908302307,-0.1458158195018768,0.115075409412384
0.1592110246419906,-0.197163701057434,0.0854533314704895
-0.146902248263359,-0.015849569812417,0.1598702222108841
-0.2047016322612762,0.0189171973615884,0.2814701199531555
-0.1597574949264526,-0.2007051706314087,0.2387754023075103
-0.0202605761587619,-0.3636850118637085,0.0323340781033039
0.1578860282897949,-0.346264123916626,-0.055775947868824
0.0338871181011199,-0.1580446511507034,0.0621895678341388
0.0038388490211218,-0.0672822743654251,0.2189404964447021
-0.0932514816522598,-0.1983769088983535,0.3034769594669342
-0.1201570630073547,-0.0348120741546154,0.2737866044044494
-0.0754497796297073,0.133899450302124,0.2877601981163025
-0.197746142745018,0.1555654555559158,0.4494391083717346
-0.1965346783399582,0.2389682084321975,0.5099166035652161
-0.0192772671580314,0.2338031381368637,0.3719043731689453
0.0042925071902573,0.2609777748584747,0.4314294755458832
-0.014871229417622,0.299067348241806,0.4545398950576782
-0.0340859368443489,0.2761346101760864,0.4378085732460022
-0.176855981349945,0.5493205785751343,0.5182751417160034
-0.2675408720970154,0.6370317935943604,0.647785484790802
0.124677762389183,0.2003584802150726,0.5583063364028931
0.3345668315887451,0.0584111958742141,0.2843125760555267
0.0789748951792717,0.6178101897239685,0.3161582052707672
-0.2559990882873535,0.8372442722320557,0.7582789063453674
-0.2716048955917358,0.6295011639595032,0.7194718718528748
-0.0347164347767829,0.301273763179779,0.398732453584671
0.3087281882762909,0.2364925295114517,0.1987742334604263
0.2031029462814331,0.5289469957351685,0.2392423003911972
0.0170501545071601,0.6202676296234131,0.5628348588943481
-0.291004866361618,0.739976704120636,0.7328103184700012
-0.2539601922035217,0.7197738289833069,0.5413561463356018
0.1212416589260101,0.3164308965206146,0.2714844942092895
0.1311376094818115,0.1753700524568557,0.1410596817731857
0.064685083925724,0.512010931968689,0.2563835978507995
-0.0030014358926564,0.6190914511680603,0.489751785993576
0.0206314567476511,0.5322982668876648,0.4415837228298187
-0.1440763622522354,0.5414690375328064,0.2298265993595123
0.0727843195199966,0.299970418214798,0.1703728586435318
0.1721378713846206,0.2306568622589111,0.1753321141004562
0.0741729512810707,0.4936546683311462,0.2061835080385208
-0.0290840677917003,0.6232792139053345,0.3415253758430481
-0.022104188799858,0.5415992736816406,0.3257102072238922
0.1584816426038742,0.5356127619743347,0.155388057231903
-0.1039710119366645,0.6514701247215271,0.1763719022274017
-0.0455160625278949,0.5289024114608765,0.407825618982315
-0.0004820080357603,0.4189617931842804,0.2667196094989776
0.2878797650337219,0.1700025796890258,0.1288051158189773
0.3176640272140503,0.2530468702316284,0.0360357612371444
0.1568079441785812,0.566863477230072,-0.0342548489570617
-0.2273511737585067,0.6077872514724731,0.0196973327547311
-0.0624475069344043,0.2125580161809921,0.1135247200727462
0.2902431488037109,-0.0089863520115613,-0.0960327684879303
0.5148733854293823,-0.0575518794357776,-0.338101714849472
0.1970115005970001,0.2761736512184143,-0.1333179473876953
0.0520526692271232,0.4799611270427704,0.2511805593967438
-0.4108369648456573,0.5232041478157043,0.0859977155923843
-0.01028414350003,0.1028797328472137,-0.2064418792724609
0.2822079062461853,-0.1718583554029464,-0.3790104389190674
0.2310095131397247,0.0405897311866283,-0.5059014558792114
0.1275134831666946,0.2865132093429565,-0.2744905650615692
-0.076285034418106,0.3678105771541595,-0.0830582901835441
-0.0656963065266609,0.2379814833402633,-0.1291432380676269
0.1277192085981369,0.1162028610706329,-0.2119823098182678
0.3723566234111786,-0.1083599403500557,-0.3575344383716583
0.2464776337146759,-0.1566374599933624,-0.4710114598274231
0.0385385528206825,0.1930315941572189,-0.3732116520404815
-0.0381670817732811,0.1545073688030243,-0.2830147743225097
-0.0524584054946899,-0.0269564315676689,-0.2976557612419128
-0.0627453923225402,0.1268472522497177,-0.4135932624340057
0.0915354564785957,0.0470225922763347,-0.4173318147659302
0.283061683177948,-0.2138583064079284,-0.4701148867607116
0.3578938543796539,-0.1411811709403991,-0.6148214936256409
0.3366109728813171,-0.0784446597099304,-0.549035906791687
0.0698988661170005,-0.0713409408926963,-0.3013790249824524
-0.2994652986526489,0.0574364811182022,-0.1806473135948181
-0.2268321067094802,-0.0171189829707145,-0.1586666405200958
0.2217016965150833,-0.3716889023780823,-0.4007224142551422
0.4038776159286499,-0.4462291896343231,-0.8079074621200562
0.3063781261444092,-0.2614143490791321,-0.9202191829681396
0.0346259847283363,-0.1616374105215072,-0.5782908797264099
-0.3356097936630249,-0.0313338562846183,-0.3866783082485199
-0.3976156413555145,-0.0981421843171119,-0.4003099799156189
-0.101249948143959,-0.3736569881439209,-0.4812639653682709
0.2121769338846206,-0.6340387463569641,-0.5879986882209778
0.2748362421989441,-0.5793622732162476,-0.5930397510528564
0.1958823204040527,-0.2010069489479065,-0.403851717710495
-0.2120236158370971,0.0287674013525247,-0.2244655489921569
-0.4065086543560028,-0.0165486820042133,-0.2432885020971298
-0.1505130231380462,-0.2390326410531997,-0.4200329482555389
0.0281286239624023,-0.5290439128875732,-0.4160528481006622
0.1928135156631469,-0.5674028992652893,-0.5217130184173584
0.3127923607826233,-0.3421468436717987,-0.4201493561267853
0.0969540104269981,-0.0403815694153308,-0.1579766273498535
-0.344047337770462,-0.147945836186409,-0.0247751735150814
-0.3248790204524994,-0.2712081372737884,-0.2132686078548431
-0.0595442838966846,-0.4380863308906555,-0.2461756914854049
0.2167188823223114,-0.4885216355323791,-0.2391410022974014
0.1348567754030227,-0.4610924124717712,-0.2127450853586197
0.0858558788895607,-0.2338215857744217,-0.2288101017475128
-0.2455031424760818,0.0166460536420345,0.0016808905638754
-0.3133943080902099,0.035523198544979,0.1528680920600891
-0.1084472611546516,-0.2922850251197815,-0.0360142067074775
0.1528570801019668,-0.570746123790741,-0.226750448346138
0.238491028547287,-0.3598953783512115,-0.127692312002182
0.3143618702888489,-0.0835300907492637,0.0618822015821933
-0.140112429857254,0.1048667132854461,0.2244189232587814
-0.5307201147079468,0.2121147364377975,0.436356782913208
-0.1900192201137542,0.1080277487635612,0.3099026978015899
0.1891180276870727,-0.2151385843753814,0.0372252613306045
0.2954308986663818,-0.2030925750732422,-0.0343642346560955
0.1321910321712494,0.0932840704917907,0.1484339982271194
-0.0146349016577005,0.1398880630731582,0.3860968947410583
-0.3854871094226837,0.2221081107854843,0.2720124125480652
-0.2172831892967224,0.1178267151117324,0.1357895880937576
0.0868782401084899,-0.272147536277771,0.102503553032875
0.1247462630271911,-0.2828750014305115,0.0193263757973909
0.0186377856880426,-0.1001548767089843,0.1090835779905319
0.0189752075821161,-0.1024071127176284,0.3081636726856231
-0.0769495144486427,0.0681619569659233,0.244512602686882
-0.1656873822212219,0.2444251477718353,0.2453368604183197
-0.0123429130762815,-0.1000881642103195,0.225978136062622
-0.0390107445418834,-0.203494444489479,0.0548428706824779
0.0193785578012466,0.1328123211860656,0.1209913045167923
-0.1115291267633438,0.2762158215045929,0.3880501389503479
-0.1295510679483413,0.1461081653833389,0.4641683101654053
-0.1832672953605651,0.2445681691169738,0.3813131153583526
-0.0609641559422016,0.3311712145805359,0.2096481025218963
0.036705944687128,0.200117602944374,0.2297453731298446
-0.090648740530014,0.1984785199165344,0.2823375463485718
-0.0245357677340507,0.2023558169603347,0.3612688481807709
-0.1478307992219925,0.1997101455926895,0.4199322164058685
0.0028332837391644,0.3118510544300079,0.3367955088615417
0.1046746894717216,0.2605669498443603,0.1997208446264267
0.0062386700883507,0.2280580103397369,0.2112227827310562
-0.0425018221139907,0.2647855281829834,0.3114224374294281
0.0127683570608496,0.1939656883478164,0.404678612947464
-0.0012946299975737,0.219872385263443,0.4656665921211242
-0.039594080299139,0.3821427822113037,0.423993170261383
0.1420036554336547,0.4459237456321716,0.3554697632789612
0.1746593415737152,0.4305503964424133,0.2924817204475403
0.0682536587119102,0.4697130024433136,0.197417065501213
-0.0381673201918602,0.4574866890907287,0.2284423559904098
-0.1297104209661483,0.457927942276001,0.2471368759870529
-0.241381287574768,0.4813451170921325,0.2715756595134735
-0.0966513156890869,0.3421719372272491,0.2985010147094726
0.1578544676303863,0.2145271599292755,0.1491738408803939
0.3762978911399841,0.2690887749195099,-0.0228886995464563
0.0428458862006664,0.4360985457897186,0.124860018491745
-0.2277333587408065,0.393598198890686,0.2821577787399292
-0.2275935411453247,0.2414534240961074,0.1686373502016067
0.1185542270541191,0.1448265016078949,0.0377075374126434
0.3595940172672272,0.0032259598374366,-0.0833206176757812
0.3646084666252136,0.1177669167518615,-0.133246898651123
0.1608870327472686,0.3691738545894623,-0.1093135997653007
-0.1083010137081146,0.3252675235271454,-0.0175602100789546
-0.0663847252726554,0.1313238590955734,-0.0422892607748508
-0.0650301873683929,0.1624387949705124,-0.0779256820678711
0.279572993516922,0.0954315289855003,-0.0868949443101883
0.2702008485794067,0.0217549148947,-0.1361744403839111
0.2634534835815429,0.3329095840454101,-0.196029782295227
0.0222472287714481,0.3272841870784759,-0.0794495940208435
-0.128673568367958,0.1772771328687667,-0.0577054135501384
-0.0898083299398422,0.2408773750066757,-0.1350143253803253
0.0453665368258953,0.1553361117839813,-0.0673345997929573
0.14014632999897,0.0171473678201437,-0.0897766500711441
0.186746060848236,0.043181899935007,-0.312575101852417
0.1744499802589416,0.2009750008583068,-0.3091081976890564
0.0431047454476356,0.1973853260278701,-0.1927877217531204
-0.0965265929698944,0.1340854465961456,-0.2399736940860748
0.0165136773139238,0.0601827278733253,-0.3197425901889801
-0.0282397679984569,0.0497357882559299,-0.4125703275203705
-0.056138776242733,0.0160156413912773,-0.3602195084095001
0.0122576160356402,0.0093509647995233,-0.3346031904220581
0.034522708505392,0.0431904196739196,-0.4062318205833435
-0.0353418104350566,0.0628707706928253,-0.4827947914600372
-0.0382635667920112,-0.0571033023297786,-0.4810826480388641
-0.0415012054145336,-0.1747918576002121,-0.5156208276748657
-0.081749826669693,-0.2244923114776611,-0.5287854075431824
0.0426734387874603,-0.2836517989635467,-0.4624179005622864
0.0473353005945682,-0.2963020801544189,-0.4857226908206939
-0.1628417670726776,-0.2506022751331329,-0.5531796216964722
-0.2222803235054016,-0.2952435314655304,-0.5586444735527039
0.0626396611332893,-0.4126314520835876,-0.6149652600288391
0.1599744707345962,-0.4585177004337311,-0.7439535856246948
0.06682039052248,-0.5140062570571899,-0.739312469959259
0.0415390059351921,-0.5101878046989441,-0.622168242931366
-0.002289054216817,-0.5037660002708435,-0.4561304152011871
-0.1587441712617874,-0.513735294342041,-0.4467734098434448
-0.0545885004103183,-0.5882981419563293,-0.4394578635692596
0.0461074821650981,-0.6273683309555054,-0.4807664155960083
-0.1317402869462967,-0.577841579914093,-0.5355666279792786
-0.0282051097601652,-0.5921957492828369,-0.5357239842414856
0.0500100813806057,-0.582434892654419,-0.582099974155426
-0.0604738183319568,-0.5095735192298889,-0.5463675260543823
0.0242112129926681,-0.5162294507026672,-0.4668395221233368
0.0283678751438856,-0.5710887312889099,-0.40428426861763
-0.2266246676445007,-0.541125476360321,-0.4044675827026367
-0.1860378235578537,-0.5220924019813538,-0.2940023243427276
-0.0473031587898731,-0.5578209161758423,-0.1611612439155578
-0.1596821546554565,-0.4624027907848358,-0.1064735054969787
0.0958946719765663,-0.430542379617691,-0.1263359785079956
0.1078946068882942,-0.499322772026062,-0.1807968318462371
0.0579302348196506,-0.4194013178348541,-0.1625399440526962
0.2051409929990768,-0.3434676826000213,-0.0865106880664825
0.1758836805820465,-0.3644542396068573,0.0012594802537932
-0.0432340130209922,-0.290689468383789,0.0787540078163147
0.1428796350955963,-0.2266970127820968,0.2107160538434982
0.2931852340698242,-0.2294581681489944,0.3340880274772644
0.0930470824241638,-0.1768406182527542,0.2981537282466888
0.1224547773599624,-0.1672010272741317,0.2901932597160339
0.1467874348163604,-0.1550201624631881,0.3186186850070953
0.0717997401952743,-0.0441029705107212,0.3908020853996277
-0.0183467324823141,0.0503653511404991,0.414821445941925
-0.1393850147724151,0.0437247604131698,0.3480546772480011
-0.0785819962620735,-0.0053180204704403,0.2428921908140182
0.0811932906508445,-0.0081457644701004,0.2713163495063782
0.1639954149723053,0.0212326198816299,0.3803319036960602
0.1767112165689468,0.0482900701463222,0.3987804055213928
-0.1010943576693534,0.1298363804817199,0.4106467962265014
-0.2647200226783752,0.189626470208168,0.3914794921875
-0.1166779026389122,0.1498177796602249,0.3894660770893097
0.1784610599279403,0.0985710993409156,0.4347619116306305
0.0475838482379913,0.1084522381424903,0.3643142580986023
-0.0443055965006351,0.1139641851186752,0.4012714624404907
0.0873162969946861,0.1506863981485366,0.4582788348197937
-0.0288683641701936,0.2122898399829864,0.4629681408405304
0.1686575412750244,0.177296295762062,0.549028754234314
0.1535899043083191,0.2316569983959198,0.6111847758293152
-0.218591496348381,0.2982805967330932,0.5907273292541504
-0.2618058025836944,0.2822483479976654,0.5393815636634827
-0.115502119064331,0.2630995810031891,0.5092161893844604
-0.0231705922633409,0.2793827056884765,0.4590619206428528
0.1301209777593612,0.2110808342695236,0.4075329899787903
0.0255437046289443,0.1789125204086303,0.3539688289165497
-0.1903100609779358,0.2267635762691497,0.3819159865379333
-0.2192876487970352,0.1992922723293304,0.4019570648670196
-0.0139822717756032,0.145910382270813,0.4247589707374573
0.1632234007120132,0.239173486828804,0.4481410086154938
0.158902883529663,0.2609935700893402,0.4514830112457275
0.0645066052675247,0.2433053851127624,0.4625617563724518
-0.2109159231185913,0.2749374508857727,0.3661939799785614
-0.1452879011631012,0.2601060569286346,0.3261126279830932
0.1033935099840164,0.2646801769733429,0.4055118560791015
-0.0251388978213071,0.3174222111701965,0.3591992259025574
0.0170989446341991,0.2508354783058166,0.2761105895042419
0.166437029838562,0.2446795850992202,0.3263620436191559
0.1603086143732071,0.2875401079654693,0.314964234828949
-0.0996097847819328,0.2412333190441131,0.1933972984552383
-0.0809322372078895,0.1916220784187317,0.1634287387132644
0.0943234637379646,0.1828901171684265,0.3108147382736206
0.4267843961715698,0.0816298276185989,0.3760840892791748
0.5250124335289001,-0.2633589804172516,0.0754955038428306
0.7971196174621582,-0.0333745516836643,0.0576324239373207
0.7653473019599915,0.1750052869319915,0.1806153357028961
0.5779677033424377,0.0880420580506324,0.1039663553237915
0.462554007768631,0.0039101322181522,0.0733024477958679
0.4751841127872467,0.1400359570980072,0.2269951701164245
0.7215195894241333,0.1904714405536651,0.4186631441116333
0.620251476764679,0.1370177119970321,0.4488414824008941
0.5001583695411682,0.1665194183588028,0.3766474723815918
0.3805452287197113,0.2244386076927185,0.1906142234802246
0.2551257908344269,0.1243705973029136,0.0011755906743928
0.2172301709651947,0.0776529312133789,-0.1063817590475082
0.2270471155643463,0.0415074452757835,-0.0229630377143621
0.1635962873697281,0.028155131265521,0.0855035930871963
0.1636572629213333,0.0160555932670831,0.1525212377309799
0.1192084550857544,0.0523676313459873,0.2049971520900726
-0.1096233874559402,0.1047315001487732,0.1419950127601623
-0.1464467644691467,0.1851894259452819,0.0402088724076747
-0.0726508423686027,0.2683982849121094,0.0388679727911949
0.207204982638359,0.1879554390907287,0.0581657588481903
0.3963589072227478,0.1044168695807457,0.0739961266517639
0.2884321510791778,0.2611602246761322,0.0753643065690994
-0.4728159308433532,0.6012541651725769,0.2062011510133743
-0.2047410756349563,0.4782074391841888,0.1614789366722107
-0.2855426967144012,0.3760645687580108,0.1388037204742431
-0.3620098829269409,0.4836087822914123,0.3093779385089874
-0.4751340448856354,0.4061917662620544,0.3525491058826446
-0.5889467000961304,0.4061941504478454,0.2995578646659851
-0.5131472945213318,0.3736900091171264,0.1568635702133178
-0.3630240559577942,0.3663378357887268,0.0864274278283119
-0.2819534540176391,0.3548050224781036,0.0203991457819938
-0.4883947670459747,0.3446739315986633,0.034238301217556
-0.4982969462871551,0.351494550704956,0.1185526549816131
-0.3941352665424347,0.3599404990673065,0.1860242486000061
-0.4080486595630646,0.3907833695411682,0.2063718736171722
-0.3185552060604095,0.3989599645137787,0.2098763734102249
-0.2911653816699981,0.4847190678119659,0.2543572783470154
-0.3653885424137115,0.5647003054618835,0.1728851944208145
-0.232299193739891,0.5396010875701904,0.0099729783833026
-0.2142431586980819,0.4458728730678558,-0.0291523784399032
-0.3662182986736297,0.4393691718578338,-0.0221035238355398
-0.2227948158979416,0.4383190274238586,0.0396104678511619
0.0593109019100666,0.3713565170764923,0.0444427728652954
0.1593563556671142,0.1990467756986618,-0.131053477525711
-0.180621713399887,0.2331469506025314,-0.2358235716819763
-0.4849165678024292,0.3592620193958282,-0.0567185841500759
-0.5532618165016174,0.2635354995727539,-0.0804974138736724
-0.5421136021614075,0.1101370900869369,-0.2940755784511566
-0.7321162819862366,0.1688046753406524,-0.3876002132892608
-0.7321587204933167,0.1726892441511154,-0.2994815707206726
-0.3961354494094848,0.1365837007761001,-0.16895392537117
-0.1855070441961288,-0.0615984760224819,-0.2087757289409637
-0.3275560438632965,-0.0705237984657287,-0.3375712633132934
-0.3743731379508972,0.0443691983819007,-0.2819044589996338
-0.6243933439254761,0.038517702370882,-0.2604838609695434
-0.5501645803451538,-0.0280483588576316,-0.3248520493507385
-0.4047645628452301,-0.0196596663445234,-0.3987361192703247
-0.4249306321144104,0.0293002594262361,-0.4303112030029297
-0.4177704453468323,0.0505909025669097,-0.4143884479999542
-0.1790568083524704,0.0950076207518577,-0.2830049693584442
-0.0246280971914529,0.0879347994923591,-0.2511482536792755
0.2584612369537353,0.0329095236957073,-0.2585964202880859
0.3376830816268921,0.0550622306764125,-0.1781103909015655
0.4265753328800201,0.1037786677479744,-0.1062174513936042
0.3589494228363037,0.0973386093974113,-0.0817454010248184
0.0623815469443798,0.1305653601884842,-0.0762932673096656
-0.0367604829370975,0.1611246019601822,-0.1641480177640915
0.1525794118642807,0.1032637953758239,-0.3003104031085968
0.0948428735136985,0.073052629828453,-0.3386697769165039
0.1711391508579254,0.1080904453992843,-0.2318900823593139
0.0207563061267137,0.113771766424179,-0.2314272224903106
0.0032074789050966,0.1217324957251548,-0.3648969531059265
0.2437721490859985,-0.0165923573076725,-0.4724428653717041
0.4881627261638641,-0.1872351914644241,-0.5423335433006287
0.7580321431159973,-0.0431674048304557,-0.1982329189777374
0.828416109085083,0.0301378238946199,-0.0335809104144573
0.9023898839950562,-0.005558387376368,-0.1712466329336166
0.9414142370224,-0.0266483537852764,-0.3610793650150299
0.8068127036094666,0.0278021059930324,-0.3807297646999359
0.8575891256332397,0.1335095167160034,-0.2892254889011383
0.7692997455596924,0.1306048035621643,-0.2272686511278152
0.8197115659713745,0.0506668053567409,-0.3153785765171051
0.8568983674049377,0.0300092007964849,-0.4213265776634216
0.851597785949707,-0.0053421789780259,-0.4609854221343994
0.4999776780605316,-0.1246874779462814,-0.507786214351654
0.2467277199029922,-0.2550747096538543,-0.5198628902435303
-0.2608800828456878,-0.3072484135627746,-0.5668373107910156
-0.4052255153656006,-0.2928066849708557,-0.591709315776825
-0.2751929461956024,-0.321438580751419,-0.5777508616447449
0.0292913913726806,-0.3428044319152832,-0.578012228012085
0.1350013017654419,-0.4038515388965606,-0.6097001433372498
-0.0780372694134712,-0.4150132834911346,-0.5821530818939209
0.0610865354537963,-0.4084166288375854,-0.554052472114563
0.5275082588195801,-0.4368196129798889,-0.6282289624214172
0.3108960390090942,-0.5486622452735901,-0.784932017326355
0.1157134845852851,-0.6312103867530823,-0.932051420211792
0.2079251706600189,-0.4998156130313873,-0.8153050541877747
0.000120947137475,-0.6644868850708008,-0.7990047335624695
-0.3688893020153045,-0.7992438673973083,-0.8790742754936218
-0.5985916256904602,-0.8735719323158264,-0.7234892845153809
-0.3626805543899536,-0.8560768365859985,-0.6339096426963806
-0.3350447118282318,-0.8364701867103577,-0.592928409576416
-0.384707361459732,-0.8085181713104248,-0.6628084182739258
-0.2666253745555877,-0.7985851764678955,-0.6977788805961609
-0.3735853731632232,-0.7790114879608154,-0.6503785848617554
-0.2594577670097351,-0.8282082080841064,-0.6191645264625549
-0.2665455043315887,-0.8559790849685669,-0.6041802167892456
-0.1687671989202499,-0.8099610805511475,-0.4946649968624115
0.0314545668661594,-0.7386384606361389,-0.3799474835395813
-0.0948140695691108,-0.754684567451477,-0.3989044427871704
-0.136748194694519,-0.8190012574195862,-0.4897038638591766
-0.0004226566525176,-0.8606236577033997,-0.5487793684005737
0.0529865063726902,-0.8838049173355103,-0.4844389855861664
0.2076231092214584,-0.9089882373809814,-0.4237558245658874
0.1176796406507492,-0.8687518835067749,-0.2744872570037842
0.0786879509687423,-0.7642743587493896,-0.1962749063968658
0.1865981817245483,-0.721570611000061,-0.2615311443805694
0.2545745372772217,-0.7015130519866943,-0.300045758485794
0.0480852760374546,-0.5784451961517334,-0.1923499405384063
-0.1086371019482612,-0.4551827609539032,0.0099526410922408
0.1523763835430145,-0.4385132491588592,0.0722751393914222
0.1985149532556533,-0.4468269944190979,0.0705954506993293
0.2577716112136841,-0.4082614779472351,0.0728780403733253
0.3679648041725158,-0.3376911878585815,0.0995955839753151
0.2495558559894561,-0.279897928237915,0.1811013519763946
0.1175236329436302,-0.2489565759897232,0.2383011728525161
0.1871325373649597,-0.2469458878040313,0.3950761258602142
0.4255798161029815,-0.1976146697998047,0.5511082410812378
0.1263073682785034,-0.1184988021850586,0.6091225743293762
0.060456458479166,-0.0857177972793579,0.5700331330299377
0.1744346916675567,-0.0561487227678298,0.4900028109550476
0.1286438107490539,-0.0358245410025119,0.4073989391326904
0.0932187065482139,-0.0909431874752044,0.4660223126411438
0.189603105187416,-0.0608943812549114,0.5968466401100159
0.1562600582838058,0.0349900685250759,0.6116079688072205
-0.1212094277143478,0.098391018807888,0.5598875284194946
-0.1168849915266037,0.1371999382972717,0.591538667678833
-0.066827654838562,0.1881615370512008,0.7009498476982117
-0.1013728454709053,0.2132370620965957,0.8043873310089111
-0.037649068981409,0.1753342896699905,0.7661702036857605
-0.0769818201661109,0.2068964838981628,0.7765508890151978
-0.0776536986231803,0.2309112548828125,0.7582560181617737
-0.2724239826202392,0.2414421886205673,0.7377707362174988
-0.2327101379632949,0.3173081874847412,0.7173022031784058
-0.0746171623468399,0.3730175197124481,0.65736323595047
0.024581229314208,0.3885786235332489,0.647834837436676
0.053763885051012,0.3009973764419555,0.5991759896278381
-0.0524468794465065,0.2982324957847595,0.6527527570724487
-0.1813409477472305,0.3882111310958862,0.7039666771888733
-0.2882317304611206,0.3413348793983459,0.5734501481056213
-0.2197698205709457,0.3697446882724762,0.6344775557518005
-0.0361438952386379,0.4636450111865997,0.687505304813385
-0.0496812760829925,0.3738517463207245,0.6467370986938477
-0.0704153254628181,0.2951815724372864,0.5038353204727173
-0.0984200611710548,0.4007921516895294,0.4170064330101013
-0.0930325835943222,0.4228670001029968,0.4557134211063385
-0.1722203493118286,0.3463272154331207,0.4204217493534088
-0.1884122490882873,0.3612758815288543,0.4142963588237762
0.0235415417701005,0.4301015436649322,0.521354615688324
0.1093645691871643,0.4107098877429962,0.6507153511047363
0.2842940390110016,0.3426527976989746,0.7088305950164795
0.177973523736,0.402273565530777,0.5878164172172546
-0.1692914813756942,0.5166501998901367,0.480824738740921
-0.0546559020876884,0.5028229355812073,0.3708851039409637
0.1700304746627807,0.5420573949813843,0.2996945381164551
0.1477960050106048,0.561176061630249,0.3687460422515869
0.0540045350790023,0.4279612898826599,0.4083597660064697
0.1441198885440826,0.3961048126220703,0.3846908211708069
-0.0150681734085083,0.45795539021492,0.3046713471412658
-0.1065272390842437,0.481985330581665,0.2294498085975647
0.0145648242905735,0.5413604974746704,0.226830318570137
0.1765828430652618,0.5420886874198914,0.2080309987068176
0.3522758483886719,0.3990899920463562,0.2722989320755005
0.1651232689619064,0.331375241279602,0.0561495795845985
-0.1815209537744522,0.4468954503536224,-0.0304867792874574
-0.1032114923000335,0.4858368933200836,0.1049413308501243
0.0858409851789474,0.3302867114543915,0.0646631494164466
0.1971197724342346,0.2284364402294159,-0.0309261586517095
0.1454507261514663,0.1571755856275558,-0.0801879838109016
-0.0094286082312464,0.1667110323905944,-0.1098377555608749
0.1235635206103324,0.068236656486988,-0.1694624722003936
0.1728125512599945,0.0126223154366016,-0.202077105641365
0.1925191432237625,0.0228115711361169,-0.2228303253650665
0.096645250916481,-0.0355611257255077,-0.3417339920997619
0.0422291494905948,-0.0878091529011726,-0.3526628017425537
-0.1373535692691803,-0.0769419223070144,-0.4105269908905029
-0.0066538723185658,-0.0411767326295375,-0.4696736633777618
0.0082477517426013,-0.0281738974153995,-0.3992777168750763
-0.1094900667667388,-0.0536611452698707,-0.3659559786319732
-0.0263462327420711,-0.0695484727621078,-0.3726010322570801
-0.0582125522196292,-0.0758055672049522,-0.3436791002750397
-0.1476999521255493,-0.0402911901473999,-0.3540421724319458
0.0564164295792579,-0.0356833897531032,-0.3435194790363312
0.2746429741382599,-0.1149558573961258,-0.330037385225296
0.0404738746583461,-0.145498052239418,-0.3701469898223877
-0.132455438375473,-0.0883683264255523,-0.4313891530036926
-0.0577178262174129,-0.1584494113922119,-0.5389776825904846
-0.0603080466389656,-0.2011411041021347,-0.568922758102417
-0.0284555740654468,-0.264725923538208,-0.5252301096916199
-0.1483182609081268,-0.2929842472076416,-0.5003725290298462
-0.1089301109313964,-0.3276202380657196,-0.4484957456588745
-0.2358930706977844,-0.3240346908569336,-0.4341437220573425
-0.224661186337471,-0.3819621503353119,-0.4831014275550842
-0.2631576657295227,-0.4226683676242828,-0.4517776668071747
-0.1763407438993454,-0.3542653322219848,-0.2779521048069
-0.0751341953873634,-0.2833045125007629,-0.3309447765350342
-0.1123398914933204,-0.3018486499786377,-0.3953392207622528
-0.2469434887170791,-0.2895770967006683,-0.4858115911483764
-0.081792339682579,-0.2780781090259552,-0.4315382242202759
0.0619531981647014,-0.2646369934082031,-0.381924420595169
0.1068461090326309,-0.2963272631168365,-0.3447206020355224
0.1691627651453018,-0.3314285576343536,-0.3279626667499542
-0.1184541061520576,-0.3063535690307617,-0.2497485429048538
-0.0284288488328456,-0.3277914524078369,-0.2296406626701355
0.2628858387470245,-0.3865865767002105,-0.1898841857910156
0.3064845502376556,-0.3567922413349151,-0.1081095710396766
0.0089122653007507,-0.3035039901733398,-0.097441479563713
0.0330840945243835,-0.2974205017089844,-0.0931968465447425
0.0337432250380516,-0.2701819539070129,-0.1099217608571052
-0.0765343010425567,-0.2442903369665146,-0.0513998381793499
0.0365957170724868,-0.2527192533016205,-0.0404001846909523
0.0462065786123275,-0.2464858889579773,0.0545638091862201
-0.1104307025671005,-0.159405842423439,0.0913934633135795
-0.099961332976818,-0.0718947127461433,0.1214675456285476
0.0257153697311878,-0.0597917176783084,0.0858128815889358
-0.1157185807824134,-0.0526336133480072,0.0801095366477966
0.1248088032007217,-0.0575807020068168,0.1127114221453666
0.294849693775177,-0.0371828377246856,0.168580412864685
0.1729256510734558,0.0064317504875361,0.1722875237464904
-0.1619506776332855,0.025848239660263,0.1415748596191406
-0.0208819657564163,0.0263925902545452,0.138036847114563
0.1304949820041656,-0.0065526603721082,0.1162107586860656
-0.0120669640600681,-0.0220828838646411,0.1036994978785514
0.1557495296001434,-0.0762946754693985,0.1286772489547729
0.1720824390649795,-0.0700839236378669,0.105948232114315
-0.0807962864637374,-0.0762854143977165,0.1036452203989029
-0.2128376811742782,-0.1225341334939003,0.0920671299099922
-0.1097295433282852,-0.1632630974054336,0.0411104001104831
0.1102555468678474,-0.1716555058956146,0.0883143991231918
0.1099471002817154,-0.1473922729492187,0.1702204942703247
0.0068066022358834,-0.1316556483507156,0.1595196425914764
-0.0034703705459833,-0.1070949211716651,0.1994660943746566
0.1346755176782608,-0.0799413323402404,0.2046922892332077
0.1055124998092651,-0.0933888927102088,0.1196280196309089
0.0080024544149637,-0.0474706701934337,0.0806875452399253
0.1560022979974746,-0.0108596626669168,0.1021238639950752
0.0967770665884018,0.0112895816564559,0.1756785213947296
0.0188845153898,0.0272525884211063,0.1994015872478485
-0.1105706766247749,-0.0121954875066876,0.1125846579670906
-0.1999887526035308,0.0241865180432796,0.1939765214920044
-0.1158459112048149,0.0557401813566684,0.1966202408075332
-0.0153321977704763,0.0266496613621711,0.2640041708946228
-0.0207256320863962,0.052914023399353,0.3403854966163635
0.0132057070732116,0.0859283208847045,0.3962128162384033
-0.0790235623717308,0.0806869491934776,0.4553136825561523
-0.0656407698988914,0.0923944115638732,0.4883002340793609
-0.0348612815141677,0.1207264512777328,0.5142444968223572
0.044479414820671,0.0883692130446434,0.5243095755577087
0.0614584013819694,0.1348506957292556,0.5568416714668274
0.0342271290719509,0.2343613505363464,0.5188102126121521
-0.1203035935759544,0.2636303007602691,0.4790729582309723
-0.0439265556633472,0.2934937477111816,0.4530137777328491
0.0202995687723159,0.3314017057418823,0.424664169549942
0.0033143511973321,0.374906837940216,0.4071566462516784
0.1992481797933578,0.3358771502971649,0.50215083360672
0.0862038508057594,0.3595039248466491,0.5384737253189087
-0.1148357763886451,0.3323798775672912,0.5044422745704651
-0.0434338226914405,0.3409696519374847,0.4285600483417511
0.0513661876320838,0.3713629841804504,0.4427509605884552
0.0871898978948593,0.3879662752151489,0.3979313373565674
0.0592629201710224,0.3426829278469085,0.4220217764377594
0.1028192639350891,0.3173482716083526,0.4079747796058655
0.0539907403290271,0.3367613852024078,0.3092037439346313
-0.0166348554193973,0.3457143306732178,0.2331166714429855
-0.1233426630496978,0.3366193771362304,0.1966859549283981
-0.0962274372577667,0.353735476732254,0.1656609177589416
0.0614436790347099,0.2878437936306,0.2450476139783859
-0.0216814372688531,0.2768159508705139,0.2742493748664856
-0.0017820310313254,0.3060830533504486,0.3208749294281006
0.1446810662746429,0.3016895353794098,0.3366701602935791
0.139739841222763,0.2890792191028595,0.3123326003551483
0.192616268992424,0.3019208312034607,0.2412343621253967
0.1621358543634414,0.2895949184894562,0.2176701873540878
0.1537941247224807,0.315592348575592,0.2464705407619476
0.1350654363632202,0.3521181344985962,0.1631660759449005
0.1994727700948715,0.3179963827133178,0.1444836258888244
0.1126425340771675,0.3649748563766479,0.2536780536174774
0.0923067405819892,0.369085282087326,0.279556930065155
0.1724535077810287,0.2823927402496338,0.2781904637813568
0.0142054893076419,0.31868976354599,0.2291779518127441
0.0318766310811042,0.3732216954231262,0.2214779555797577
0.2123492807149887,0.3254629969596863,0.1981382519006729
0.1693195253610611,0.280010849237442,0.0693805292248725
0.0690826624631881,0.205980435013771,-0.0548929423093795
-0.0611312687397003,0.167070597410202,-0.1473938524723053
-0.1165715754032135,0.1654732376337051,-0.1584462821483612
-0.1251078099012375,0.1332156956195831,-0.0698154866695404
0.0317975133657455,0.1199815422296524,0.0024286904372274
0.1036509349942207,0.0582414902746677,-0.0288594588637352
0.0857398882508277,0.071946732699871,-0.0148108704015612
0.0643805339932441,0.1137953773140907,-0.1153638362884521
0.0460544154047966,0.1282583326101303,-0.2642223238945007
0.1219587624073028,0.1164826452732086,-0.2657927870750427
0.0919492021203041,0.1069038957357406,-0.1900120079517364
0.04939641430974,0.0897054672241211,-0.25722536444664
-0.0684615671634674,0.0739233046770095,-0.2946574091911316
-0.1757320910692215,0.1364205032587051,-0.1155630126595497
-0.199335977435112,0.1302762776613235,-0.0908667370676994
-0.0940340608358383,0.0993742942810058,-0.0945285856723785
-0.0865773558616638,0.1374839544296264,-0.0844457671046257
-0.0783575102686882,0.1527273654937744,-0.1400261968374252
0.0672675967216491,0.1312401741743087,-0.1470755785703659
-0.0065866499207913,0.12823586165905,-0.1745540797710418
-0.0372095145285129,0.1098644658923149,-0.1807595044374466
0.141552522778511,0.1372170001268386,-0.0747057795524597
-0.0035771764814853,0.148447185754776,-0.0334736965596675
0.0262060202658176,0.0951828956604003,-0.0401971116662025
0.1096945852041244,0.116563856601715,-0.0707049891352653
-0.0183861479163169,0.1571022272109985,-0.0412661395967006
-0.1496845930814743,0.1177878081798553,-0.0545994862914085
-0.1118075102567672,0.1788250654935836,0.0308256670832633
0.1020367667078971,0.1919593662023544,0.0201172046363353
0.0640409141778945,0.1817070096731186,0.0412270128726959
-0.1076471805572509,0.2388766705989837,0.0056125055998563
-0.0411243438720703,0.2333141267299652,-0.0876564532518386
0.0765257105231285,0.2006288170814514,-0.1174248158931732
0.1219254210591316,0.1692248284816742,-0.1062129065394401
0.121752955019474,0.1576512455940246,-0.074590116739273
0.1523092687129974,0.1416357904672622,-0.014373380690813
0.1283879578113556,0.1232493221759796,-0.0260185860097408
0.2116498500108719,0.0950061604380607,-0.0229661483317613
0.0301855653524398,0.1081781610846519,-0.0354063548147678
-0.2133016586303711,0.1206681206822395,-0.069857008755207
-0.0114225195720791,0.0658304095268249,-0.0390222445130348
0.0899666845798492,0.1138448119163513,0.0074903955683112
0.1914103776216507,0.0935533344745636,0.000350380432792
0.0325959660112857,0.0751375779509544,-0.1227012425661087
0.0171941835433244,0.1078661233186721,-0.1867182254791259
0.0188221745193004,0.1277311742305755,-0.2470018118619918
0.1515035182237625,0.1209995448589325,-0.1668421924114227
0.0081892274320125,0.0946856439113617,-0.1706603765487671
-0.055879570543766,0.0822061374783515,-0.1129705905914306
0.0074362866580486,0.0950721353292465,-0.0734069347381591
0.0914509072899818,0.0929275900125503,-0.0309896040707826
0.0373149663209915,0.0296271834522485,-0.0865583270788192
-0.1083476319909095,0.0463564395904541,-0.1886612772941589
-0.0380340591073036,0.0786675065755844,-0.2315749228000641
0.104415975511074,0.0997170507907867,-0.2574195563793182
0.097101867198944,0.078976884484291,-0.2440757751464843
0.0676062554121017,0.010402119718492,-0.3052232265472412
0.0915035977959632,-0.0098975598812103,-0.3062285780906677
0.1471212953329086,-0.0421809703111648,-0.3038301169872284
0.0205002408474683,-0.1107800081372261,-0.2694252729415893
-0.1164124831557273,-0.1149505004286766,-0.2846296429634094
-0.20720736682415,-0.1136623248457908,-0.2913818061351776
-0.0825955644249916,-0.1426238119602203,-0.2412705570459365
0.0467794723808765,-0.164206862449646,-0.2202017605304718
0.1202098950743675,-0.1961429715156555,-0.2859868109226227
-0.2177082300186157,-0.1966353952884674,-0.375703364610672
-0.3055877089500427,-0.1802046447992324,-0.4255697727203369
0.0540234595537185,-0.1667428910732269,-0.3228292763233185
0.2024789601564407,-0.1646045595407486,-0.2032069414854049
0.0433007590472698,-0.2295681238174438,-0.1573262810707092
-0.0264869835227727,-0.2444937825202942,-0.2060043066740036
-0.1054153591394424,-0.1783488541841507,-0.1991831511259079
-0.0678087919950485,-0.1429605633020401,-0.1706769317388534
0.0389240495860576,-0.1257048845291137,-0.130674660205841
-0.0132749304175376,-0.102347508072853,-0.1219834834337234
-0.1393231451511383,-0.092200331389904,-0.1703507453203201
-0.0177034474909305,-0.0948735326528549,-0.1315890997648239
0.0720203146338462,-0.074750155210495,-0.0690223798155784
-0.0418962910771369,-0.0490322187542915,-0.0441839210689067
-0.085807017982006,-0.0188045427203178,-0.0677797943353653
-0.1481005847454071,0.0469261817634105,-0.0332611091434955
-0.2585341334342956,0.0795994400978088,-0.021287003532052
-0.1525542885065078,0.0405540950596332,-0.0476536005735397
-0.0093449233099818,0.1079738810658454,-0.0773395970463752
0.0534966588020324,0.127081036567688,-0.0727730542421341
-0.0196308158338069,0.1064601838588714,-0.0613118782639503
0.0332661643624305,0.1364516317844391,-0.031291875988245
-0.217264324426651,0.1641040444374084,-0.1347442269325256
-0.1550114154815673,0.1047747656702995,-0.1921819150447845
0.1368236392736435,0.0683722868561744,-0.10756316781044
0.0606772825121879,0.0873983353376388,0.1111230626702308
0.0510161332786083,0.0443619191646575,0.0502834096550941
0.0076193828135728,0.0159383006393909,-0.1078371107578277
0.0186528600752353,0.0440146774053573,-0.2333271205425262
-0.1337456852197647,0.0645759627223014,-0.2714486122131347
-0.0875416994094848,0.0235230699181556,-0.2957004010677337
0.0056283506564795,0.0150943025946617,-0.2162408977746963
0.0053963894024491,0.0064893625676631,-0.1310980468988418
-0.0608163364231586,-0.0376301445066928,-0.1430016756057739
-0.0737718120217323,-0.0443591549992561,-0.1689738929271698
-0.0043448503129184,-0.0285430271178483,-0.2759500741958618
-0.0380876325070858,-0.0869536101818084,-0.3862547576427459
0.0973709300160408,-0.1078872978687286,-0.4230336546897888
0.1440654695034027,-0.1157145947217941,-0.3560346364974975
0.088490329682827,-0.1193649545311927,-0.3176938593387604
0.0119212521240115,-0.146646648645401,-0.3034459352493286
0.1859399229288101,-0.2269656360149383,-0.3230934739112854
0.2318490892648697,-0.3088533282279968,-0.3351607918739319
0.1091063916683197,-0.3782982230186462,-0.3468424081802368
-0.063469111919403,-0.4424386024475097,-0.3797654807567596
-0.0842303559184074,-0.4834042191505432,-0.4213350415229797
0.0578088127076625,-0.4687027633190155,-0.4273599088191986
0.1157296150922775,-0.4705584049224853,-0.3311174809932709
0.0679767429828643,-0.4992870092391968,-0.3222523331642151
0.1058645248413086,-0.4998443126678467,-0.3120341897010803
0.1665158867835998,-0.4421986043453216,-0.3318222463130951
0.0154433548450469,-0.4271610677242279,-0.3732366859912872
0.0025776231195777,-0.4163209497928619,-0.3893868923187256
0.0820748284459114,-0.3992455303668976,-0.3041810691356659
0.0800353810191154,-0.3893300592899322,-0.2763526141643524
0.0463585928082466,-0.4246854186058044,-0.2841506898403168
0.0102131040766835,-0.3654729723930359,-0.306324690580368
0.0009891241788864,-0.291856586933136,-0.3010572493076324
-0.069687969982624,-0.2699768543243408,-0.2664345502853393
0.0600506365299224,-0.2421579211950302,-0.1767700463533401
0.0285805948078632,-0.1986203044652938,-0.1537874937057495
-0.0066045774146914,-0.1877120733261108,-0.0985424816608429
0.1214082539081573,-0.1541197597980499,-0.0595370195806026
0.0489314720034599,-0.1098097190260887,0.0017232126556336
-0.0270493142306804,-0.1193566247820854,-0.0278349444270133
0.0046908725053071,-0.1202529072761535,-0.0298124495893716
-0.0383902825415134,-0.1009327471256256,-0.0308380350470542
-0.0994138345122337,-0.1250639706850052,-0.045937318354845
-0.0166228115558624,-0.1446587294340133,0.0002693259739317
-0.026408351957798,-0.1605235785245895,0.0255042966455221
0.0014672209508717,-0.1752740293741226,0.0974144339561462
0.0381949134171009,-0.163792535662651,0.1088702008128166
-0.0506385527551174,-0.1284433454275131,0.0808412283658981
-0.2116968929767608,-0.1094450578093528,0.0955760851502418
-0.004693909548223,-0.0887019634246826,0.0820877104997634
0.0298559367656707,-0.0976094529032707,0.0302930567413568
-0.155239075422287,-0.0818992033600807,-0.0715105384588241
-0.1347925364971161,-0.0725704431533813,0.0269833821803331
0.1079271584749221,-0.0187764521688222,0.083369955420494
0.0637217909097671,-0.0449539981782436,0.1347913742065429
-0.1628588885068893,-0.0409110561013221,0.1169628277420997
-0.0695325955748558,-0.0150517895817756,0.0540207736194133
0.0123798511922359,-0.0243723206222057,-0.0217791832983493
-0.0581175126135349,-0.0239575579762458,-0.0066100908443331
0.034558892250061,-0.0369425974786281,0.0100096324458718
-0.0313645116984844,-0.0568799003958702,-0.0380698889493942
-0.0870320349931716,-0.0719214379787445,-0.1102982833981514
-0.1595593690872192,-0.0610526353120803,-0.1267926692962646
-0.2548701763153076,-0.0716253891587257,-0.0356510393321514
-0.3132321536540985,-0.0835868790745735,-0.0410981699824333
-0.19975246489048,-0.0814728587865829,-0.1125150993466377
-0.217824324965477,-0.0930083692073822,-0.0893172174692154
-0.0896061733365058,-0.1123282760381698,-0.0087145147845149
-0.0215470660477876,-0.0607742145657539,-0.021548569202423
-0.1396689116954803,-0.032928466796875,-0.0590895563364028
0.0268745012581348,-0.0292760580778121,-0.1618528962135315
0.2566898465156555,-0.0615865923464298,-0.1495589464902877
0.2330986112356186,-0.1028255149722099,-0.1275184601545334
0.1044777780771255,-0.0471175163984298,-0.0501693487167358
-0.2713572978973388,-0.0401924848556518,-0.130180612206459
-0.2533953189849853,-0.1231054738163948,-0.2439900040626526
0.0988179296255111,-0.1191476285457611,-0.1366990655660629
0.234407439827919,-0.063416987657547,0.0901926681399345
0.0957439392805099,-0.1042100936174392,0.0401307232677936
-0.0881752893328666,-0.1251811534166336,-0.1804780811071396
0.0417523458600044,-0.1160893142223358,-0.2632942497730255
0.0407802909612655,-0.1007934510707855,-0.2322950661182403
0.1236185878515243,-0.144939124584198,-0.1347317546606063
0.0638191774487495,-0.1610190272331237,-0.1116163209080696
-0.1527968198060989,-0.17362080514431,-0.2455385774374008
-0.3415172100067138,-0.1926107406616211,-0.2909233570098877
-0.0734454095363617,-0.1702881157398224,-0.1898453086614608
0.1232372894883155,-0.1584479659795761,-0.1080572381615638
0.0057028047740459,-0.1664739847183227,-0.1772679686546325
0.0806524157524108,-0.1988122165203094,-0.2679645717144012
0.2275087386369705,-0.1931156069040298,-0.2734123766422272
0.273705780506134,-0.1882870197296142,-0.2111974954605102
0.1468656957149505,-0.2372550070285797,-0.1516654044389724
0.2617326378822326,-0.2772487699985504,-0.190268188714981
0.2548162043094635,-0.2684568762779236,-0.211344763636589
0.4423951506614685,-0.2580223381519317,-0.2257125228643417
0.4046180546283722,-0.2773983478546142,-0.2411950677633285
0.3710339963436126,-0.3062723577022552,-0.281004786491394
0.2059133797883987,-0.3133569657802582,-0.3186307251453399
0.4158841967582702,-0.3254306614398956,-0.3066020309925079
0.4940999448299408,-0.3518275618553161,-0.34767746925354
0.1995644569396972,-0.3287699222564697,-0.2786595225334167
0.021169014275074,-0.311070442199707,-0.2594282627105713
-0.016037743538618,-0.3651182353496551,-0.3155479729175567
0.1368541121482849,-0.3618015050888061,-0.3045133948326111
0.1520956456661224,-0.2841458618640899,-0.2241836637258529
0.1724391877651214,-0.2813762724399566,-0.1662379950284958
0.1943897604942321,-0.3074986934661865,-0.2339464575052261
0.0755698084831237,-0.2702674567699432,-0.3283336162567138
0.0313831754028797,-0.2750337421894073,-0.3817651569843292
0.2047881186008453,-0.3547696471214294,-0.3166738152503967
0.3027769923210144,-0.4222243130207062,-0.2079387903213501
0.1660362631082534,-0.4267404973506927,-0.2561769485473633
0.1108707562088966,-0.4467954337596893,-0.3120860159397125
0.1445870250463485,-0.4881765842437744,-0.304903119802475
0.0322538167238235,-0.4341849982738495,-0.3000646829605102
-0.0050130728632211,-0.4069449007511139,-0.3546431362628937
0.0378052294254303,-0.4223566055297851,-0.4142718613147735
0.1068194359540939,-0.4366748034954071,-0.3834461867809295
0.0079636946320533,-0.4364998340606689,-0.270327627658844
-0.2343898564577102,-0.4687135815620422,-0.214150920510292
-0.3304780125617981,-0.5072892308235168,-0.282201886177063
-0.2234351336956024,-0.4930870831012726,-0.3727286458015442
-0.2489692568778991,-0.4977513551712036,-0.2792916297912597
0.0172939263284206,-0.5076478719711304,-0.2468721270561218
0.1934465914964676,-0.5577065348625183,-0.3067879378795624
-0.0647121369838714,-0.5864958763122559,-0.433430016040802
-0.1794040948152542,-0.5851525664329529,-0.4179511964321136
0.0573125854134559,-0.5912060141563416,-0.3756055533885956
-0.0193819236010313,-0.6265304684638977,-0.3663731813430786
-0.0920948758721351,-0.6457839012145996,-0.2467932999134063
0.0726519972085952,-0.5832750201225281,-0.1784861534833908
0.1008238047361373,-0.5747684240341187,-0.0685238018631935
0.0153744174167513,-0.6107379198074341,0.0028630257584154
-0.0971519574522972,-0.5293611884117126,-0.0296652484685182
-0.1016628146171569,-0.5153529644012451,-0.1211533546447753
-0.214176207780838,-0.5795767903327942,-0.1622252613306045
-0.0284130107611417,-0.5816881060600281,-0.1741868555545807
0.1897277235984802,-0.5845105648040771,-0.1855171024799347
0.0817868784070015,-0.564197301864624,-0.1287800669670105
-0.0667225420475006,-0.5077207088470459,-0.0203792918473482
0.0328474566340446,-0.4845933020114898,0.148606538772583
0.0982817411422729,-0.4544180929660797,0.2721891105175018
0.0481629185378551,-0.3709410429000854,0.3368152379989624
0.1248923316597938,-0.3629828095436096,0.2670174539089203
0.0514199696481227,-0.3866196870803833,0.1638889610767364
0.0792077705264091,-0.3554398417472839,0.261018306016922
0.221454918384552,-0.2768521010875702,0.4052212834358215
0.015215316787362,-0.1654396951198578,0.4491795599460602
-0.0727725997567176,-0.1382195204496383,0.3939027190208435
0.0202934686094522,-0.1403831839561462,0.3553124666213989
0.0954204425215721,-0.0868738964200019,0.3635767996311188
-0.0862874016165733,-0.0350359342992305,0.4022221267223358
-0.1716012358665466,-0.0472467951476573,0.3867696821689605
-0.1764414459466934,-0.076962262392044,0.2873087227344513
-0.0534782484173774,-0.0847022086381912,0.387860357761383
-0.0214288718998432,-0.0880741775035858,0.4688331186771393
0.1257722973823547,-0.1338219493627548,0.4752862155437469
-0.0317481234669685,-0.1533999592065811,0.3610855638980865
-0.2466361969709396,-0.1431084424257278,0.3854918181896209
-0.0804389342665672,-0.0993791073560714,0.4701227247714996
0.1075019463896751,-0.0649034231901168,0.5116416215896606
-0.1055970788002014,-0.08344466984272,0.4188687801361084
-0.1236157566308975,-0.1001296415925026,0.4076089560985565
-0.0045140776783227,-0.0611030422151088,0.407196044921875
-0.065936155617237,-0.0060017062351107,0.402746170759201
-0.0568829774856567,-0.0078657837584614,0.3865748643875122
0.0687018409371376,-0.0073778927326202,0.3503636121749878
-0.028085296973586,-0.0035890932194888,0.3210028111934662
-0.2489090114831924,0.0158969908952713,0.349258691072464
-0.1919209957122802,0.0360892042517662,0.4266644120216369
0.0085708163678646,0.0301128067076206,0.5193799734115601
0.1569360941648483,-0.0297198388725519,0.5208964347839355
-0.1464767754077911,0.025855803862214,0.4949897229671478
-0.1867348104715347,0.1240031272172927,0.5619738698005676
0.1117086112499237,0.0624239183962345,0.603497326374054
0.1685874611139297,-0.0117939691990613,0.5510095953941345
0.1342792958021164,0.0316517762839794,0.6533205509185791
0.1402035504579544,0.1450925022363662,0.7574719786643982
-0.0073425085283815,0.1472352892160415,0.7306978702545166
-0.0490671768784523,0.1315898150205612,0.6474829316139221
0.1513924300670623,0.1740773618221283,0.6889249086380005
0.0797736495733261,0.2413031905889511,0.6538314819335938
-0.1100253090262413,0.2455136328935623,0.6052447557449341
-0.019541697576642,0.3001085519790649,0.6990885138511658
0.0440468676388263,0.4167520701885223,0.7537853717803955
0.0109920157119631,0.4641579985618591,0.7071183323860168
0.1001083105802536,0.4871602654457092,0.6316057443618774
0.1283774226903915,0.5643431544303894,0.659958004951477
0.1098953485488891,0.5826140642166138,0.7038863301277161
-0.037717081606388,0.6394456028938293,0.7115368247032166
0.1192336529493331,0.6411020755767822,0.6938100457191467
0.0220722891390323,0.6755834221839905,0.6772701740264893
0.126808300614357,0.6843478679656982,0.6394383907318115
0.0079872105270624,0.6595199704170227,0.501825749874115
-0.0115928826853632,0.6477109789848328,0.3710315227508545
0.0421750918030738,0.6171567440032959,0.3116524219512939
0.0521875098347663,0.5972884893417358,0.3056651055812835
0.0350870974361896,0.5414661765098572,0.2406307905912399
0.0545931570231914,0.5038921236991882,0.2479033470153808
-0.0645718649029731,0.4785738587379455,0.1364342421293258
0.0352095924317836,0.3702926337718963,0.0953733623027801
0.1411325931549072,0.3718327581882477,0.0996387228369712
-0.0106683894991874,0.3150384724140167,0.0508179180324077
-0.1113205775618553,0.2142428159713745,-0.0592084527015686
0.0253616422414779,0.1838574856519699,-0.1601632982492447
-0.076977327466011,0.1875082403421402,-0.2019629478454589
-0.1467822343111038,0.1546016931533813,-0.2125980108976364
-0.0401363745331764,0.1311371028423309,-0.2012871354818344
-0.0326454378664493,0.0633149072527885,-0.2533971965312958
0.0448226481676101,0.0186442211270332,-0.2481715381145477
0.0640322938561439,0.0262773726135492,-0.2233040034770965
-0.1110273748636245,-0.0146273430436849,-0.2425842881202697
0.0342541821300983,-0.0459924563765525,-0.2703773081302643
0.0603094920516014,-0.0825065076351165,-0.2880111634731293
-0.0633951351046562,-0.1201351135969162,-0.40130415558815
-0.0975025221705436,-0.1429934203624725,-0.5057200193405151
-0.1344770640134811,-0.1479855179786682,-0.4622918367385864
-0.0461090989410877,-0.2000099867582321,-0.351907342672348
0.1748254150152206,-0.2013048231601715,-0.3760297000408172
0.0557479783892631,-0.2185946702957153,-0.4435105621814728
-0.262558102607727,-0.2627482712268829,-0.4589148163795471
-0.1740310341119766,-0.2526573240756988,-0.4716081619262695
0.1080033034086227,-0.274096816778183,-0.4399716556072235
0.241670161485672,-0.3374961614608764,-0.4461769461631775
0.0394060090184211,-0.353928655385971,-0.5953957438468933
-0.0130897015333175,-0.3427452147006988,-0.5712066888809204
-0.0145371295511722,-0.371171236038208,-0.4948780536651611
0.0566469505429267,-0.3718756437301636,-0.39656662940979
0.2414034754037857,-0.3800326585769653,-0.3896490633487701
0.2008690685033798,-0.401263028383255,-0.3505712151527405
0.0867193192243576,-0.3196949362754822,-0.3208210468292236
-0.0958041027188301,-0.2556246817111969,-0.2950794100761413
-0.0890138372778892,-0.3428181707859039,-0.3344134986400604
-0.0017081352416425,-0.319413959980011,-0.344463974237442
0.1126330867409706,-0.2416009306907653,-0.2868707180023193
0.0561573840677738,-0.301855206489563,-0.3066020905971527
0.0648741722106933,-0.3526422381401062,-0.2811806201934814
-0.0867613479495048,-0.3458340466022491,-0.1998074352741241
-0.2028786391019821,-0.3351371884346008,-0.173439472913742
-0.1881494224071502,-0.3239848017692566,-0.1185730248689651
0.033151276409626,-0.3272927105426788,-0.0454578027129173
0.1635288596153259,-0.3525741100311279,0.0173769388347864
0.0826260074973106,-0.3257834911346435,0.0527937859296798
0.1512400358915329,-0.2825018465518951,0.0336577296257019
0.0956268459558487,-0.2566273808479309,0.0146555425599217
0.0089122783392667,-0.2076750248670578,0.0669972151517868
-0.0468370020389556,-0.1696410924196243,0.1021594628691673
0.0464285686612129,-0.1635848134756088,0.1253135502338409
-0.0711563900113105,-0.1195838004350662,0.216701254248619
-0.0342975109815597,-0.0473063886165618,0.2496077716350555
0.033465027809143,0.0041123297996819,0.2463083863258361
0.156614601612091,0.0321627110242843,0.2895506620407104
0.0500591248273849,0.1064294800162315,0.2738502621650696
-0.1004172265529632,0.1334325820207595,0.2859292328357696
0.0041885478422045,0.1072092428803443,0.269953191280365
-0.0224781278520822,0.1823555082082748,0.3227238953113556
0.0228520687669515,0.1709627658128738,0.4023622572422027
-0.0390434898436069,0.1798186004161834,0.5061087012290955
0.1390119940042495,0.1955725252628326,0.5325208902359009
0.039205253124237,0.2210750728845596,0.5058793425559998
0.058659378439188,0.2690785825252533,0.4479952454566955
0.0270508918911218,0.2655236721038818,0.3924590945243835
0.0173995960503816,0.2669987976551056,0.4043852686882019
0.164553165435791,0.2435978055000305,0.4083120822906494
0.1007635444402694,0.2626204788684845,0.445627212524414
-0.0496174395084381,0.2621612250804901,0.5175566077232361
-0.0010288672056049,0.2617449760437011,0.4649520218372345
0.0552369952201843,0.239131897687912,0.4554305970668793
0.100387692451477,0.2414208799600601,0.4762594401836395
0.0570598728954792,0.2975106239318847,0.4502243995666504
0.0731075480580329,0.2790474593639374,0.4015149176120758
0.2363632768392563,0.3178697526454925,0.4102459847927093
0.2414744049310684,0.3797184526920318,0.3076474368572235
0.179094597697258,0.3412100374698639,0.3554276525974273
0.1502661556005478,0.3413048386573791,0.3436586260795593
-0.0016699648695066,0.4160150289535522,0.3185715079307556
0.042194165289402,0.371983140707016,0.2828521132469177
0.0227529350668191,0.358275830745697,0.2316157221794128
0.2475815266370773,0.3264984488487243,0.142669603228569
0.1099032312631607,0.2307061105966568,0.0782593935728073
0.0003264039987698,0.1728231012821197,0.0038123256526887
-0.1205541417002677,0.1189858689904213,-0.1289281398057937
-0.0911491140723228,0.0649122446775436,-0.1014072969555854
-0.0284710545092821,0.0396250784397125,-0.0372164919972419
-0.0146327363327145,0.0020132530480623,-0.0386551320552825
-0.0874354839324951,-0.050951037555933,-0.0932452529668808
-0.2525543868541717,-0.056938886642456,-0.1620251089334488
-0.2720325589179992,-0.0260334908962249,-0.2267644703388214
-0.248433768749237,-0.0372517891228199,-0.1709459573030471
-0.0812759548425674,-0.0179927926510572,-0.0520379953086376
0.2353973388671875,-0.0305671747773885,-0.0344795100390911
0.117848515510559,-0.0544091388583183,-0.0712494552135467
-0.1487525552511215,-0.0244166161864995,-0.0672986507415771
-0.0805826559662818,0.0146514493972063,-0.0915657505393028
0.0281843096017837,0.00755918584764,-0.0635064244270324
0.0706634446978569,0.0436712726950645,0.0873250514268875
0.0253811832517385,0.0748941749334335,0.0679231286048889
0.1365351229906082,0.0664649307727813,0.052668172866106
0.178074836730957,0.0701869651675224,0.099909983575344
0.0872310549020767,0.0993122234940528,0.099521592259407
0.0844656229019165,0.0694773569703102,0.0758812427520752
-0.0021368169691413,0.0712659135460853,0.0931335762143135
-0.0065059987828135,0.0762833058834075,0.135773703455925
0.0168440602719783,0.1238413974642753,0.1956647932529449
0.0188073441386222,0.1237260773777961,0.1663082391023636
0.1614552140235901,0.0907066091895103,0.1066684648394584
0.1695640087127685,0.0884812772274017,0.1203565746545791
0.0628656968474388,0.1236836165189743,0.0568620637059211
0.0270962510257959,0.1649032235145568,0.0365780964493751
0.047405082732439,0.1770282834768295,0.008943379856646
-0.0929541587829589,0.1679548919200897,-0.0759209096431732
-0.0948218405246734,0.1657889783382415,-0.0768406614661216
-0.0078315492719411,0.2157895714044571,0.1003706082701683
0.1020428463816642,0.2011540383100509,0.1148844584822654
0.1013895720243454,0.1216203495860099,-0.0126841524615883
0.0177006274461746,0.13758285343647,0.0046304431743919
0.0878240540623664,0.2004441171884536,-0.0385591052472591
0.0002151974476873,0.1348780542612075,-0.0394113175570964
0.1166914775967598,0.0738080441951751,-0.039496537297964
0.0560604110360145,0.0813039764761924,-0.0453156977891922
0.1082290783524513,0.0279621947556734,-0.0217754859477281
0.0307649280875921,0.024679010733962,-0.0611251294612884
-0.0596192926168441,0.0393780618906021,-0.0814908519387245
0.0782981887459755,0.0008153500966727,-0.0355596914887428
-0.0101656345650553,-0.0417041480541229,-0.0096777593716979
-0.2081210315227508,-0.0598121434450149,-0.007284571416676
-0.1231262534856796,-0.0097497720271348,0.059694193303585
-0.0317151769995689,0.0488090515136718,0.0919580087065696
-0.1359811276197433,0.0161837302148342,0.0051565328612923
-0.1451404094696045,-0.029811255633831,-0.0907841175794601
-0.0216656122356653,0.0207472592592239,-0.0550005510449409
-0.0986630022525787,0.0671509206295013,-0.0126965614035725
-0.0562233962118625,0.0746346712112426,-0.0296294726431369
0.2184175550937652,0.0674694925546646,0.0257129352539777
0.1571528762578964,0.0832066386938095,0.1066109836101532
-0.0074733607470989,0.0833150297403335,0.10499257594347
-0.0305714886635541,0.0773572772741317,0.0970920473337173
-0.0704202651977539,0.1464651674032211,0.1343278288841247
0.0160989128053188,0.1759434342384338,0.1125966981053352
0.0884483754634857,0.152974247932434,0.0924055650830268
-0.0210554804652929,0.2202353030443191,0.0490754023194313
-0.1558722257614135,0.2591848969459533,0.0207468271255493
-0.1124661639332771,0.2793191969394684,-0.0381156876683235
0.0902500823140144,0.2841013371944427,0.0120802093297243
-0.0486321672797203,0.339816004037857,0.046906366944313
-0.1051361709833145,0.3218311667442322,0.0787789225578308
0.0715360715985298,0.2786301672458648,0.0740749761462211
-0.0065130298025906,0.24353888630867,0.1260265856981277
-0.0401695258915424,0.2152654379606247,0.1385130882263183
0.0794234722852706,0.187073141336441,0.0229546949267387
0.1269055008888244,0.1655577272176742,0.007627404294908
0.0751987174153328,0.1343071460723877,-0.0062581039965152
0.0636874735355377,0.120285078883171,-0.0483637489378452
0.2091511934995651,0.0730076655745506,-0.0589751601219177
0.2312008291482925,0.0557884611189365,-0.0930705443024635
0.2472340762615203,0.0142264459282159,-0.1753707975149154
0.2222459018230438,-0.0401542373001575,-0.2588797807693481
-0.0162335485219955,-0.0606566034257411,-0.2521202266216278
-0.0286401491612195,-0.1312223821878433,-0.2700901925563812
0.0125276148319244,-0.1591319143772125,-0.3214924931526184
-0.0181562602519989,-0.1657093912363052,-0.3458433747291565
-0.1700087487697601,-0.1950110346078872,-0.4208487272262573
-0.0578925944864749,-0.1783279329538345,-0.4975142180919647
0.0900959968566894,-0.1856917589902877,-0.5177803635597229
-0.1838562041521072,-0.2044534534215927,-0.4727276563644409
-0.0580871701240539,-0.2022052407264709,-0.4200721085071563
0.0590466447174549,-0.2361826449632644,-0.3314623534679413
0.0014360377099364,-0.2751533091068268,-0.2321411818265915
0.0387818105518817,-0.2872573733329773,-0.235986515879631
-0.0283404793590307,-0.2466077953577041,-0.1858395338058471
-0.0620851255953311,-0.2370457053184509,-0.1045726388692855
-0.1514986157417297,-0.2047605365514755,-0.194093570113182
-0.0771644562482833,-0.1728247106075287,-0.2685502469539642
0.0267449617385864,-0.1583127379417419,-0.2209033370018005
0.0314105525612831,-0.1230703294277191,-0.2277045249938964
0.1160280853509903,-0.1529086530208587,-0.2722527086734772
-0.0931978374719619,-0.1931266486644745,-0.2715243399143219
-0.2150490134954452,-0.116439901292324,-0.2031548172235489
-0.0791726633906364,-0.1009514927864074,-0.1144726127386093
0.1410235315561294,-0.1154607608914375,0.0279099326580762
0.1598161309957504,-0.151443526148796,0.0395633913576602
-0.0901858955621719,-0.1613777875900268,-0.0449782274663448
-0.0834877789020538,-0.1508154273033142,-0.0303713250905275
0.0668538734316825,-0.120288997888565,-0.0569809898734092
0.0257605053484439,-0.1097364872694015,-0.011421225965023
0.1090085133910179,-0.0862697511911392,-0.0057947686873376
0.0595397651195526,-0.0655301213264465,-0.0201579947024583
-0.0016344932373613,-0.0644481480121612,-0.0029911973979324
0.0298201013356447,-0.0643589347600936,0.0120450099930167
0.0021058591082692,-0.0573723092675209,0.1198456659913063
-0.0379227846860885,-0.0393379181623458,0.1462799310684204
-0.074644036591053,-0.0286526270210742,0.1516084372997284
-0.1234672367572784,0.0025220699608325,0.1815823167562484
-0.0797204822301864,0.0184216443449258,0.2136902958154678
-0.0511764511466026,0.0423962213099002,0.2147915065288543
0.0715228468179702,0.0301410816609859,0.2188969403505325
0.0073529160581529,0.0410312823951244,0.1974353194236755
-0.0104283085092902,0.062907762825489,0.1786210834980011
-0.0399771481752395,0.0651120617985725,0.1434721499681472
-0.2119363248348236,0.0809134691953659,0.1682894229888916
-0.2355780005455017,0.0454364381730556,0.217869758605957
-0.1241100579500198,0.1023273095488548,0.3747033476829529
-0.0269281100481748,0.0544154420495033,0.2979169487953186
0.0982266962528228,-0.0051865112036466,0.2373134344816208
0.0094486251473426,0.059074766933918,0.2882362902164459
-0.0113307265564799,0.037257146090269,0.1751665472984314
-0.0186429694294929,0.013192824088037,0.1616555303335189
0.095976248383522,0.0619305074214935,0.2920151650905609
-0.0253214165568351,0.0497574619948864,0.2344176769256591
-0.0936480909585952,0.0594245009124279,0.1538329869508743
-0.2187852412462234,0.0979207605123519,0.1619343161582946
-0.2937710583209991,0.0898074805736541,0.2308514267206192
-0.0087984465062618,0.0847783684730529,0.2387644797563552
0.1018427535891532,0.0933641195297241,0.223859891295433
-0.0267873890697956,0.1153887286782264,0.1197824925184249
-0.0494210645556449,0.1126331984996795,0.0448489710688591
-0.0251173228025436,0.1356727331876754,0.136185809969902
0.1265351176261901,0.1600245088338852,0.2942806780338287
-0.0151269510388374,0.1989647299051284,0.2819036543369293
-0.0499351508915424,0.1803498268127441,0.2210856229066848
-0.0941249877214431,0.2284611612558365,0.2325428128242492
-0.0292620882391929,0.2867808640003204,0.2977640628814697
0.1629829853773117,0.2466214746236801,0.2857633233070373
0.1510687172412872,0.2279460579156875,0.3175696134567261
0.1665222346782684,0.2597322165966034,0.3201576769351959
0.0868096351623535,0.2665207684040069,0.2969721853733063
0.0659464299678802,0.2987857460975647,0.2719147801399231
-0.033402107656002,0.3090492784976959,0.184319257736206
-0.1017156466841697,0.3026345074176788,0.2258515208959579
0.0355615578591823,0.3004598319530487,0.2357392460107803
-0.0822782590985298,0.290349394083023,0.2486071139574051
0.0635453313589096,0.2843426465988159,0.2606148719787597
0.086004301905632,0.2958339154720306,0.3076265752315521
0.0638931319117546,0.2996660768985748,0.291956752538681
0.1520821005105972,0.247375413775444,0.2336636334657669
0.0361151359975338,0.2317437976598739,0.2275722324848175
-0.0342136211693286,0.245679572224617,0.1653956770896911
0.0552542880177497,0.1911015063524246,0.1419350504875183
0.0770903453230857,0.2094893008470535,0.2127168029546737
0.0353492870926857,0.2539048194885254,0.2583720088005066
-0.0390296056866645,0.2105134278535843,0.130925104022026
-0.0452726893126964,0.198772057890892,0.0851315706968307
-0.0447480455040931,0.2580937147140503,0.0411481298506259
-0.085145816206932,0.2763652503490448,0.0380819849669933
0.1543567925691604,0.241269826889038,-0.0189549382776021
0.1905646622180938,0.1793473213911056,0.0197144858539104
0.0560521222651004,0.1819050312042236,0.0616797767579555
-0.1289219260215759,0.1909527033567428,-0.0386429950594902
-0.1341214925050735,0.2212328463792801,-0.0166732482612133
0.0357714146375656,0.2199904769659042,0.0894523859024047
0.1056176126003265,0.1337642520666122,0.0286188665777444
0.2031218856573104,0.0552955046296119,-0.0788555592298507
0.1146972030401229,0.0450242273509502,-0.1191465184092521
-0.0604660026729106,0.069349929690361,-0.1772144436836242
0.0530704110860824,0.0344441458582878,-0.199086457490921
0.1559019982814788,-0.0075299595482647,-0.1279398500919342
-0.0476641803979873,-0.0034795575775206,-0.096822403371334
-0.0703710243105888,-0.0024424218572676,-0.0855699777603149
0.0641729310154914,0.0011895969510078,-0.0464739687740802
0.2163412719964981,0.0024978495202958,-0.0881701186299324
0.163557693362236,-0.0335488319396972,-0.0863397270441055
0.1356379091739654,-0.0330509357154369,-0.0305480528622865
0.0946103185415268,0.0030615297146141,-0.0105703473091125
0.005039770156145,0.007810914888978,-0.0359443053603172
0.0853204950690269,0.0442355014383792,0.0122016509994864
0.0675681382417678,0.0733920112252235,0.004209557082504
0.0855005383491516,0.056924358010292,-0.0634453818202018
0.1765613555908203,0.070352703332901,-0.0384094379842281
0.0044045024551451,0.0995902195572853,-0.1120487675070762
-0.0377240441739559,0.0355084389448165,-0.1125164180994033
0.002082758815959,0.045125912874937,-0.0141403162851929
-0.0172792207449674,0.10877226293087,-0.0037606458645313
-0.0130096413195133,0.0688831731677055,-0.0191475916653871
0.0663805231451988,0.0289583932608366,-0.0307991877198219
0.0357142202556133,0.0463376529514789,0.0512514747679233
0.0077622737735509,0.0340927764773368,0.0690717995166778
-0.1229464709758758,0.0313867405056953,0.0642149895429611
0.0171841531991958,0.0768648386001586,0.1612797677516937
-0.0680500492453575,0.1078744158148765,0.1399494409561157
-0.0894261077046394,0.0474864281713962,0.0831926763057708
0.0340470932424068,0.0626035928726196,0.0134876351803541
-0.0714765414595604,0.1445179432630539,0.0427892245352268
-0.0856709256768226,0.1169843301177024,0.069870114326477
0.0054206796921789,0.1407580375671386,0.0693711936473846
-0.0676522031426429,0.1704104840755462,0.1430214494466781
-0.223557636141777,0.2074609398841858,0.1163563877344131
-0.0801551863551139,0.2393440455198288,0.0346500724554061
0.0310678053647279,0.2390244007110595,0.0394644849002361
-0.0186267811805009,0.2580588459968567,0.1427437365055084
-0.0317360013723373,0.2618265748023987,0.1549191772937774
-0.0527278371155262,0.2535739541053772,0.053506001830101
-0.0614935122430324,0.2699474990367889,0.080296441912651
-0.1218750923871994,0.333231121301651,-0.004617117345333
0.0068570082075893,0.2773342728614807,0.007182712201029
0.1434832960367202,0.2236880660057068,0.0584421716630458
-0.0730487406253814,0.2774445116519928,0.0378056019544601
0.0397366620600223,0.2358179688453674,0.0300454180687665
0.0675038322806358,0.1808553636074066,-0.0244180411100387
0.0060263560153543,0.1980945318937301,-0.0223674066364765
0.0428359881043434,0.1419138759374618,-0.0195097271353006
0.0329862870275974,0.0890844836831092,0.0236902069300413
0.0556302182376384,0.1060928478837013,-0.0978615209460258
-0.1005684360861778,0.0446337535977363,-0.1273544281721115
0.0786232575774192,-0.0038754444103688,-0.1160158142447471
0.033465102314949,0.0166034661233425,-0.1323979794979095
0.2018277943134308,-0.0169462952762842,-0.0967673957347869
0.2551003396511078,-0.0437797755002975,-0.0637655034661293
0.0548533536493778,-0.0260038487613201,-0.0475829057395458
-0.0469821989536285,-0.0416789464652538,-0.1260603964328766
-0.0502855330705642,-0.034841563552618,-0.0387901552021503
0.0431834310293197,0.0783848613500595,0.0083304848521947
0.0971332117915153,0.0494529232382774,0.0189792867749929
0.2327323257923126,-0.0003143674694001,-0.0042133834213018
0.1165809109807014,0.0139695592224597,-0.073717787861824
0.0560094490647316,0.006862380541861,-0.0674564242362976
0.0915194526314735,0.0300287455320358,-0.0975921154022216
0.0800699889659881,0.0522714667022228,-0.0519314222037792
0.0566806495189666,0.0403226613998413,0.0088427187874913
-0.2176031023263931,0.0432151183485984,-0.0434729494154453
-0.1440930962562561,0.0630850717425346,-0.064969778060913
-0.0530140474438667,0.078604370355606,-0.0100402170792222
-0.0163003522902727,0.1247824877500534,0.0345446653664112
0.0382776707410812,0.0657287538051605,-0.021660016849637
-0.0489560328423976,0.0747235789895057,-0.049616552889347
-0.1197023689746856,0.148510992527008,-0.0059742648154497
0.0773274078965187,0.1471266448497772,0.0596935376524925
0.1478207409381866,0.127751350402832,0.078372947871685
-0.0404282286763191,0.1545798182487487,-0.0014860932715237
0.0804009884595871,0.157884269952774,0.0379593148827552
0.0147357592359185,0.168801873922348,0.0430271029472351
-0.0832219645380973,0.1975895762443542,-0.036401942372322
0.0652225390076637,0.1942821741104126,-0.0328401252627372
0.150608018040657,0.2218464165925979,0.0234575010836124
0.1359435021877288,0.199828639626503,-0.0189444944262504
0.1150837466120719,0.1561277657747268,0.004758970811963
-0.0242433659732341,0.1836244314908981,0.0020537823438644
-0.130618005990982,0.206327885389328,-0.0889176651835441
-0.1044292226433754,0.1617792844772339,-0.1083479821681976
-0.0935102626681327,0.196360170841217,-0.1367207616567611
-0.0240170303732156,0.1713524013757705,-0.1274440288543701
-0.0166422054171562,0.1018319055438041,-0.1507291048765182
-0.0338278152048587,0.0893498510122299,-0.2019009590148925
0.1630919128656387,0.027895551174879,-0.1916158199310302
0.2588796317577362,-0.0289716925472021,-0.1332945674657821
0.0415270626544952,0.0567876882851123,-0.1762151271104812
-0.2561895549297333,0.0857805013656616,-0.1793082952499389
-0.0453015454113483,-0.0608038716018199,-0.1655964702367782
0.04245475679636,-0.0182658769190311,-0.2231389582157135
0.1379205584526062,-0.0239021889865398,-0.1985606551170349
-0.0137433409690856,-0.0978593453764915,-0.2252928763628006
-0.0537272430956363,-0.1203316301107406,-0.2916857600212097
0.0621607676148414,-0.1282743364572525,-0.2492929697036743
0.0997704565525055,-0.106267049908638,-0.1775844246149063
-0.0443285219371318,-0.1411097049713134,-0.211772471666336
0.103723794221878,-0.1917782127857208,-0.1993624120950698
-0.0266694463789463,-0.1688946038484573,-0.1804466694593429
-0.1366212368011474,-0.1142313480377197,-0.2170819193124771
-0.0350131280720233,-0.1325435638427734,-0.2767219543457031
-0.0460884161293506,-0.1149757504463195,-0.263120949268341
-0.0297255646437406,-0.1083766594529151,-0.167120486497879
-0.0803112462162971,-0.0632824152708053,-0.1445427387952804
-0.0608056038618087,-0.0355419404804706,-0.1379184424877166
0.0187328979372978,-0.0353653728961944,-0.0906292274594307
0.1317887604236602,0.0124694183468818,-0.0851339995861053
0.0707086250185966,0.005207244772464,-0.0894605666399002
0.1518947929143905,-0.0420863702893257,-0.0783939212560653
-0.0521579459309577,-0.0513528399169445,-0.0817548260092735
-0.136736124753952,-0.0565517395734787,-0.1184168085455894
-0.2198914736509323,-0.0999591350555419,-0.1206256374716758
0.0012135514989495,-0.0446652211248874,-0.118928238749504
0.2528353929519653,-0.0187153797596693,-0.049303088337183
0.3608235120773315,-0.033708706498146,-0.0052831727080047
0.1607785820960998,-0.0749051496386528,-0.0096728606149554
-0.1521017998456955,-0.0295141860842704,-0.0653333365917205
-0.2182888090610504,-0.0146878343075513,-0.104312427341938
-0.2679085433483124,-0.0334590971469879,-0.1509657502174377
-0.0109444092959165,-0.00205829879269,-0.0657027810811996
0.2103072851896286,0.0029721464961767,0.087698221206665
-0.0920174196362495,-0.0352713800966739,0.0527687333524227
-0.2320641577243805,-0.0560136586427688,-0.1277720630168914
-0.0202288813889026,-0.0940864756703376,-0.1587523519992828
-0.0387959070503711,-0.0929961949586868,-0.0530727468430995
-0.016023214906454,-0.0662684440612793,-0.0067665018141269
0.1155080199241638,-0.0246639735996723,0.0862842425704002
0.1970478892326355,0.0283523742109537,0.1044017300009727
0.1052088811993599,0.0103954942896962,0.1099306643009185
0.2020406126976013,-0.0146113215014338,-0.0386830456554889
0.0278188306838274,-0.0522328726947307,-0.17911297082901
-0.0016181550454348,-0.0969132632017135,-0.106384702026844
0.1248881220817565,-0.0561663620173931,-0.0609128251671791
0.1549181938171386,-0.0525407344102859,-0.0258025079965591
0.0335920564830303,-0.1145779341459274,-0.0444187484681606
-0.0137560162693262,-0.1604588776826858,-0.0070066601037979
-0.0477029308676719,-0.1644262671470642,-0.0158891025930643
0.012145223096013,-0.1014577001333236,0.0277827437967062
-0.0041101151145994,-0.0800813511013984,-0.0231290142983198
-0.138754203915596,-0.088061511516571,-0.1386782377958297
-0.1119601055979728,-0.1082580611109733,-0.2483319789171219
-0.1569273173809051,-0.0933507531881332,-0.2284682691097259
0.2080558985471725,-0.1106348782777786,-0.0843043252825737
0.2776908874511719,-0.1781308352947235,-0.0107060028240084
-0.1198368817567825,-0.1644220501184463,-0.0686805769801139
-0.1735879927873611,-0.109858937561512,-0.0804876983165741
0.0536458753049373,-0.1287326216697693,-0.0734398066997528
0.1887147575616836,-0.1787297427654266,-0.087708756327629
0.2995932698249817,-0.1987202614545822,0.0307034887373447
0.1262446641921997,-0.1621484011411667,0.0785666182637214
-0.1605778932571411,-0.1570720970630645,-0.0102813821285963
-0.0875220596790313,-0.1816141903400421,-0.0784492567181587
-0.0836134329438209,-0.1535800248384475,-0.0380031950771808
-0.196735993027687,-0.0924535542726516,0.0863994508981704
-0.0470756515860557,-0.1174765974283218,0.1684652417898178
-0.0869303867220878,-0.112785167992115,0.1766451448202133
-0.1603659391403198,-0.0191118866205215,0.1185241490602493
-0.0920625254511833,0.0171110983937978,0.0971333682537078
-0.0666847303509712,0.0386667251586914,0.1257777959108352
-0.2223880439996719,0.1266778111457824,0.1144433841109275
-0.1114116013050079,0.1272130012512207,0.1880180239677429
0.2130234688520431,0.0729657486081123,0.3699675798416137
0.2221785336732864,0.1032082140445709,0.5048211216926575
-0.0328329801559448,0.1346612125635147,0.3155486583709717
-0.1927035301923751,0.1598973870277404,0.1503446102142334
-0.1940351128578186,0.2254494875669479,0.0547166280448436
0.1252655982971191,0.3027040362358093,0.1596534848213195
0.5496333837509155,0.2419181764125824,0.3216061890125274
0.2285822331905365,0.0954096987843513,0.2609372735023498
0.0512460581958293,0.1697286665439605,0.098173402249813
-0.2042063176631927,0.2687539458274841,0.0537588447332382
-0.0211294349282979,0.2789384126663208,0.0467288978397846
0.176684558391571,0.2035732269287109,0.0817620530724525
0.0074337469413876,0.2101259529590606,0.1417606770992279
-0.1163116693496704,0.2089368849992752,0.0549060925841331
0.0201116912066936,0.1201516240835189,0.1187140941619873
0.2391572594642639,0.1747393906116485,0.0921994447708129
0.0519855059683322,0.2186511904001236,0.0643869936466217
0.1364911794662475,0.1783657670021057,0.0727574676275253
0.0667666792869567,0.1785295605659485,0.0223054774105548
0.128389224410057,0.1945805549621582,-0.0366943515837192
0.2914686799049377,0.1419482380151748,0.0298780146986246
0.3872953653335571,0.0253149755299091,0.0439814329147338
0.2072385102510452,0.0190823785960674,-0.0198880936950445
0.2470719814300537,0.1221721991896629,0.0414178594946861
0.1866413950920105,0.1495915800333023,0.0317231565713882
0.2315976768732071,0.0800112038850784,-0.0578002110123634
0.4253402352333069,-0.0162820443511009,-0.0829250067472457
0.3659887909889221,0.00994124263525,-0.0394873097538948
0.3850301206111908,0.0721897035837173,-0.014744147658348
0.2392095029354095,0.0434353873133659,-0.0397323742508888
0.2251397520303726,0.0233303867280483,-0.0361139364540576
0.2810466289520263,0.0443146675825119,0.0484406687319278
0.2445946037769317,0.001265469007194,0.0622299835085868
0.1359120309352874,0.0069798259064555,0.0120384087786078
0.0795217156410217,0.0703915506601333,0.0108735421672463
0.1868989467620849,0.070488840341568,0.0039973095990717
0.2192651480436325,0.0758223533630371,0.0055874828249216
0.1599436402320861,0.1074675396084785,-0.0415701791644096
0.0407226979732513,0.125558391213417,-0.1023789346218109
0.066081553697586,0.1261369287967682,-0.1080693900585174
0.2387704998254776,0.1402487456798553,-0.1199582740664482
0.1752701997756958,0.1244753822684288,-0.0513842366635799
0.0956006646156311,0.1736421287059784,-0.0350103229284286
0.0232443176209926,0.2038210183382034,-0.0512082651257514
-0.0808684974908828,0.1751222610473632,-0.1371087878942489
-0.183445930480957,0.1778211444616317,-0.1703504621982574
-0.0015677438350394,0.1858612149953842,-0.2067052721977234
0.1865639239549636,0.1449707895517349,-0.1300638169050216
0.154554858803749,0.05708834156394,-0.2074203938245773
0.1650045067071914,0.043860163539648,-0.3038194179534912
0.1386509388685226,0.0485254898667335,-0.3188159465789795
-0.0360666327178478,-0.0701624676585197,-0.4033334255218506
0.0224115923047065,-0.1098451688885688,-0.3788414001464844
-0.0678183957934379,-0.1173752918839454,-0.3179185688495636
-0.0914214625954628,-0.2133651971817016,-0.3108502626419067
-0.2012471109628677,-0.281412273645401,-0.3454798460006714
-0.2376914024353027,-0.3069708943367004,-0.3788737654685974
-0.197390004992485,-0.3362797796726227,-0.4960675239562988
-0.2358348667621612,-0.388522207736969,-0.5891199707984924
-0.3013826310634613,-0.397969514131546,-0.7146019339561462
-0.4768950641155243,-0.4335602521896362,-0.7391840219497681
-0.2777475714683532,-0.4067552089691162,-0.6532087922096252
0.0008624996989965,-0.4173724353313446,-0.5978654026985168
0.0811781585216522,-0.5660333633422852,-0.6330844759941101
0.0377593114972114,-0.5962740778923035,-0.7442163228988647
-0.0537465512752532,-0.5860798358917236,-0.6477646827697754
0.0146732497960329,-0.6474787592887878,-0.6330091953277588
0.0472222119569778,-0.7193301916122437,-0.6046916842460632
0.0355836637318134,-0.7046386003494263,-0.6010522246360779
-0.1284694671630859,-0.7158730030059814,-0.648620069026947
-0.1885277479887008,-0.7484344244003296,-0.6447193026542664
-0.152079626917839,-0.708270251750946,-0.5990062355995178
-0.0791303217411041,-0.689069926738739,-0.4866184294223785
-0.1309413015842437,-0.7140963673591614,-0.5561956763267517
-0.2654131054878235,-0.709567666053772,-0.628058671951294
-0.3360828757286072,-0.6847993731498718,-0.6030329465866089
-0.261117547750473,-0.6362651586532593,-0.4380887150764465
-0.1274112462997436,-0.605307400226593,-0.3704071342945099
-0.3038129210472107,-0.6085793972015381,-0.3475401699542999
-0.077185533940792,-0.6153435707092285,-0.2594552636146545
0.1221829652786254,-0.6172274947166443,-0.2486777156591415
0.0671084150671958,-0.5922095775604248,-0.2271311432123184
-0.1107382774353027,-0.5669316649436951,-0.1771737039089203
-0.0736327543854713,-0.5501969456672668,-0.1175833344459533
0.0957147255539894,-0.545773446559906,-0.1217296123504638
-0.063030369579792,-0.5081910490989685,-0.1338257938623428
-0.1192390471696853,-0.4868777692317962,-0.0049375854432582
0.0385056883096694,-0.4496020078659057,0.1249079778790474
0.0794531181454658,-0.3975313305854797,0.1748747378587722
0.0229912847280502,-0.3439047932624817,0.2076140344142913
0.0221819505095481,-0.2795968949794769,0.3170830011367798
0.1057472974061966,-0.2105843126773834,0.408642828464508
-0.2132235020399093,-0.1517353653907776,0.3829254806041717
-0.2793024182319641,-0.1393217742443084,0.33352792263031
-0.1630870997905731,-0.1587876230478286,0.4168038964271545
-0.1314516514539718,-0.1176200732588768,0.4932327270507812
0.0036611543036997,-0.1037458032369613,0.5540190935134888
0.0134147070348262,-0.0681166425347328,0.5346949696540833
-0.0856013521552085,-0.0112413754686713,0.5601582527160645
-0.1905043125152588,0.0936636924743652,0.748511791229248
0.0590213686227798,0.1692857444286346,0.728478729724884
0.0816718786954879,0.1627528965473175,0.6042883992195129
-0.0422276966273784,0.2197128534317016,0.6326214671134949
-0.0532404147088527,0.3302543759346008,0.7381048202514648
0.1537146270275116,0.3446594178676605,0.7828336954116821
0.0023767026141285,0.3239403665065765,0.5736050009727478
-0.1096478402614593,0.3576674461364746,0.6299657821655273
-0.0035535532515496,0.3769794702529907,0.6813918352127075
-0.0347937643527984,0.3614476323127746,0.6800661087036133
-0.113079622387886,0.3840451240539551,0.6644338369369507
-0.0543915443122386,0.3858126699924469,0.6374251246452332
0.0734307542443275,0.3580623865127563,0.6435370445251465
-0.0972570925951004,0.4021009504795074,0.6266999840736389
0.1503074616193771,0.4397322535514831,0.6942182183265686
0.2382405251264572,0.468401163816452,0.6521522402763367
0.0082631846889853,0.5305274128913879,0.5644585490226746
-0.1372290253639221,0.547332227230072,0.5454321503639221
-0.2126957029104232,0.5654754042625427,0.5086091160774231
-0.2095952481031417,0.5784106254577637,0.500318169593811
0.0369116589426994,0.5702635645866394,0.5680629014968872
0.1063509210944175,0.4992226362228393,0.638976514339447
0.1111302748322486,0.415132462978363,0.5460062623023987
0.0748545601963996,0.4784033298492431,0.4172733128070831
0.050364252179861,0.5602225065231323,0.3601588904857635
-0.0185852572321891,0.5089641213417053,0.1751967668533325
0.1202941387891769,0.4046958684921264,0.2538376748561859
0.234699547290802,0.4235963225364685,0.3291460275650024
0.0715678334236145,0.4772261679172516,0.356716126203537
-0.0128828696906566,0.4496975839138031,0.2564893960952759
-0.0863244011998176,0.3767576217651367,0.138875663280487
-0.0415409468114376,0.3849729299545288,0.1278576254844665
-0.1574610322713852,0.3480706810951233,-0.0039121117442846
-0.1717867106199264,0.3127475678920746,-0.0437024012207984
-0.2075379490852356,0.2995863854885101,0.0553792379796505
-0.1437270194292068,0.2681661546230316,0.0537560395896434
0.1498700231313705,0.1426820158958435,-0.0349890738725662
0.1741122454404831,-0.0089706256985664,-0.1133382022380828
0.0313198640942573,0.1476911604404449,-0.1018347293138504
-0.0213753059506416,0.2412397563457489,-0.0534568093717098
-0.0318508073687553,0.1178386136889457,-0.1867338567972183
-0.1047423258423805,0.059327907860279,-0.3245015740394592
0.1119277477264404,0.0901048704981803,-0.3024481534957886
0.1622995734214782,0.0517638735473156,-0.2274375408887863
0.0697621032595634,0.0225035138428211,-0.2237148433923721
0.039854273200035,-0.0415026322007179,-0.3273418843746185
-0.0915114432573318,-0.0786643549799919,-0.4169866442680359
-0.091225154697895,-0.1055255308747291,-0.4916363954544067
-0.11345686763525,-0.1356434226036071,-0.464526355266571
-0.0834574252367019,-0.1655222326517105,-0.3941563367843628
0.0044832341372966,-0.2033530473709106,-0.4196561276912689
-0.0007554702460765,-0.2175671309232711,-0.4706481993198395
-0.103492371737957,-0.2106824964284896,-0.4668639302253723
-0.1112634763121604,-0.2319997698068618,-0.4387880861759186
-0.071543201804161,-0.2707789838314056,-0.4536446332931518
0.000939518213272,-0.3418150842189789,-0.5086173415184021
-0.1969084292650222,-0.3613163530826568,-0.62803053855896
-0.1756350994110107,-0.3506144285202026,-0.6052597165107727
-0.016393544152379,-0.3565379977226257,-0.4260128438472748
0.415741890668869,-0.418081521987915,-0.2897511422634125
0.3871416449546814,-0.4694107174873352,-0.4026443660259247
-0.0379281640052795,-0.3554053008556366,-0.3834472298622131
-0.0721298456192016,-0.4059658646583557,-0.4567232429981231
-0.0655859261751174,-0.4994270801544189,-0.5371555089950562
-0.2592335939407348,-0.4615174531936645,-0.4506286084651947
-0.2146826386451721,-0.4938468933105469,-0.4073634147644043
0.0500589311122894,-0.4562692940235138,-0.2896379232406616
0.3660696148872375,-0.4619612693786621,-0.3300175666809082
0.2690914273262024,-0.5010170936584473,-0.4602903425693512
0.1873209327459335,-0.2813217639923095,-0.3344546556472778
-0.0324370637536048,-0.1829151213169098,-0.2539402544498443
-0.1603470891714096,-0.3140310943126678,-0.3485077619552612
0.1471747457981109,-0.3389947116374969,-0.2377394586801529
0.3360085785388946,-0.2199423760175705,-0.0766581594944
0.1405603140592575,-0.2267109602689743,-0.0221198257058858
-0.0534608364105224,-0.2919618487358093,-0.0316637977957725
-0.1938732266426086,-0.2604179680347442,-0.1010884046554565
0.3656278848648071,-0.2670753300189972,-0.1291831582784652
0.6179417371749878,-0.3264720439910888,-0.1176127716898918
0.4076716303825378,-0.3075034022331238,-0.0535448379814624
0.2213002294301986,-0.2345263212919235,0.0871023908257484
-0.1242081522941589,-0.1778718382120132,0.1319271177053451
-0.0585105679929256,-0.2396299690008163,0.0789205580949783
-0.1065659746527671,-0.2076534032821655,0.1144433990120887
0.041324395686388,-0.0964258164167404,0.2248134315013885
0.0287572052329778,-0.0620079264044761,0.2398914545774459
-0.0281606838107109,-0.0853577032685279,0.1494589298963546
-0.0259036533534526,-0.0808934494853019,0.0774502530694007
0.2284387797117233,-0.0685090273618698,0.0572264678776264
0.2398253977298736,-0.0668365657329559,0.064458280801773
0.1899575442075729,0.0021449774503707,0.1960898041725158
0.1185802891850471,0.1218450143933296,0.3336045444011688
-0.0387676320970058,0.1708268970251083,0.342956393957138
-0.0573578253388404,0.1665815562009811,0.2647233605384826
-0.0033540306612849,0.1415388882160186,0.2947784066200256
0.0583016090095043,0.1764436066150665,0.2645659148693084
0.020748907700181,0.2333534955978393,0.2173568457365036
-0.0159654300659894,0.2978754937648773,0.1569800525903701
0.010069403797388,0.2948614656925201,0.1175012439489364
0.0445434898138046,0.2260840088129043,0.1674730628728866
-0.0611308254301548,0.187401533126831,0.2479584813117981
0.0418464243412017,0.1425078213214874,0.354442834854126
0.1055452674627304,0.1224967241287231,0.3247885406017303
0.0202301070094108,0.0901971012353897,0.1480462551116943
-0.2880298495292663,0.0349799320101738,0.0336161069571971
-0.1327624768018722,-0.0007684775628149,-0.0442208983004093
-0.1120535135269165,-0.0352978743612766,0.0529301948845386
-0.1787720918655395,-0.0371058918535709,0.1451850235462188
-0.2540315985679626,-0.0546658970415592,0.0781378149986267
-0.1325435042381286,-0.010308819822967,0.1034224033355712
0.1049801632761955,0.0074782711453735,0.142576977610588
0.0018583028577268,-0.0095688896253705,0.1199598237872123
-0.0984806567430496,0.000722050666809,0.0500431284308433
-0.045845404267311,0.0344144999980926,0.0190830826759338
0.1392610967159271,0.0720808357000351,0.0827246010303497
0.0298549700528383,0.0985795482993125,0.022402936592698
-0.1086031794548034,0.063086025416851,-0.0248189605772495
-0.1510915160179138,0.0697183609008789,-0.1580486595630645
-0.0379168726503849,0.0842645615339279,-0.1305389553308487
-0.0259643383324146,0.0983854383230209,-0.089298315346241
-0.1669859886169433,0.0835178270936012,-0.1137255504727363
0.0607590302824974,0.0471339859068393,-0.0620090849697589
0.1598065495491027,0.0685269758105278,0.0511695370078086
0.0035508899018168,0.0697642788290977,0.0460027381777763
-0.1729585081338882,0.0363759845495224,-0.079482801258564
0.092973306775093,-0.0172385089099407,-0.1393256336450576
0.0527950227260589,-0.0004012929275631,-0.1891853809356689
-0.0258039124310016,-0.0441032312810421,-0.1773028820753097
0.0807689577341079,-0.1555540114641189,-0.1970843225717544
0.0325750634074211,-0.1781352162361145,-0.1621156930923462
-0.0622992701828479,-0.1848722100257873,-0.2028658837080001
-0.0470896922051906,-0.2311121523380279,-0.2553306818008423
0.0469123311340808,-0.2627814412117004,-0.2256063669919967
0.0885620415210723,-0.3016630411148071,-0.1344769895076751
0.1536139100790023,-0.3144827485084533,-0.1244386658072471
-0.0406016409397125,-0.2733369171619415,-0.1624046862125396
-0.1048674657940864,-0.2653031945228576,-0.1886811405420303
-0.0098594576120376,-0.2343458086252212,-0.1471938788890838
0.0363302156329155,-0.1973192542791366,-0.204298198223114
-0.166630357503891,-0.1877864599227905,-0.3081383109092712
-0.2740373313426971,-0.1740308403968811,-0.2773042023181915
-0.0707603842020034,-0.1401378512382507,-0.1247692555189132
0.0127851143479347,-0.1434297114610672,-0.0791915133595466
-0.06434828042984,-0.1824479401111602,-0.1506877988576889
-0.227101594209671,-0.1516271233558654,-0.2164468765258789
-0.1270958930253982,-0.0609185248613357,-0.1723987162113189
0.0396954081952571,-0.0419283956289291,-0.1561132222414016
-0.0333939827978611,-0.0748152360320091,-0.1873001754283905
-0.168410912156105,-0.1111099123954773,-0.2801218628883362
-0.1869212090969085,-0.1197883561253547,-0.3002740144729614
0.1280029714107513,-0.1266199946403503,-0.1512576043605804
0.0894055068492889,-0.1326094418764114,-0.0612326264381408
0.0143957156687974,-0.1287635713815689,-0.0527097135782241
-0.0726728737354278,-0.11820600181818,-0.1293483078479766
0.0372813008725643,-0.1280007511377334,-0.0575712732970714
0.0618827827274799,-0.0975230038166046,-0.0467407293617725
-0.0876637995243072,-0.0855669230222702,-0.0114070568233728
0.08292818069458,-0.0952163562178611,-0.126585304737091
0.009815496392548,-0.0789747014641761,-0.1076315194368362
0.0812393426895141,-0.0996868982911109,-0.1326836049556732
-0.0559360682964324,-0.1071496531367302,-0.0688613653182983
0.1193236336112022,-0.0912894606590271,-0.0474964305758476
0.0789458826184272,-0.089961752295494,-0.0439245291054248
0.0586693733930587,-0.08071019500494,-0.0492540448904037
0.070147268474102,-0.0954054147005081,-0.077795460820198
0.1057255044579505,-0.0977910757064819,0.0082829678431153
0.0025606960989534,-0.1255889534950256,-0.0909626707434654
-0.0801014229655265,-0.1278688907623291,-0.195403054356575
-0.0587831549346447,-0.1262026727199554,-0.1497526466846466
-0.0572007074952125,-0.1036510318517685,-0.0684452652931213
0.0634999498724937,-0.1335977017879486,-0.0989162400364875
-0.0525598041713237,-0.148567333817482,-0.1739055216312408
-0.2242861092090606,-0.1525644659996032,-0.1788792014122009
-0.2418070435523986,-0.1019124686717987,-0.0988698601722717
-0.0189762208610773,-0.0841436609625816,-0.0204007197171449
0.0246402323246002,-0.1553065180778503,-0.0687304362654686
-0.0161571782082319,-0.1690536141395568,-0.2075646072626114
-0.0603629872202873,-0.1636559069156646,-0.3171294331550598
0.0704735741019249,-0.1616379022598266,-0.3357204496860504
0.1135259717702865,-0.2007229775190353,-0.3294742703437805
-0.0686413720250129,-0.239004299044609,-0.337896466255188
-0.1862606853246688,-0.2595974504947662,-0.3326503038406372
-0.2131279110908508,-0.2223033010959625,-0.2191295772790908
0.0361247882246971,-0.2006667107343673,-0.1415543556213379
0.1849563866853714,-0.2431883811950683,-0.0747447684407234
0.1655856221914291,-0.266739547252655,-0.1020576134324073
-0.089030735194683,-0.2853433489799499,-0.2136791944503784
0.0336158238351345,-0.3127699196338653,-0.227979302406311
-0.0592579320073127,-0.295747309923172,-0.208453431725502
0.0096995644271373,-0.2943033277988434,-0.2545846998691559
0.0604370310902595,-0.3586309254169464,-0.347356230020523
0.1952401250600814,-0.3514252007007599,-0.277093231678009
0.1523738354444503,-0.2716789543628692,-0.2427301406860351
0.0181230828166008,-0.2668218910694122,-0.1534857451915741
-0.0327415317296981,-0.2917629182338714,-0.1330821812152862
-0.1736379265785217,-0.2795895934104919,-0.1907689124345779
-0.0874371156096458,-0.3116431534290313,-0.1546285897493362
0.0407336317002773,-0.3201389014720917,-0.0528007633984088
-0.0204858966171741,-0.3316276371479034,-0.0110395476222038
-0.1876208186149597,-0.3065678179264068,-0.0830636769533157
-0.1080199182033538,-0.2890435457229614,-0.2157913893461227
-0.1633161902427673,-0.2538914382457733,-0.28175950050354
-0.1012668386101722,-0.2180516123771667,-0.1705700904130935
0.1550517529249191,-0.1861115247011184,-0.0395609475672245
0.1298483461141586,-0.1893554329872131,-0.0596942231059074
0.0023436485789716,-0.2447539567947387,-0.0699756294488906
0.0238047372549772,-0.2572546303272247,-0.0132789434865117
-0.0814447179436683,-0.1928617805242538,0.0311242062598466
-0.0189804416149854,-0.1897207200527191,-0.0106853209435939
0.0316606312990188,-0.1995949298143386,-0.0305474437773227
0.0638342052698135,-0.1792349070310592,-0.0029468680731952
0.1704828739166259,-0.1628660559654235,0.012664315290749
0.0260414518415927,-0.1610831618309021,-0.0560125671327114
-0.0793920308351516,-0.139288380742073,-0.0523099713027477
0.0562986992299556,-0.1378178745508194,0.0191931966692209
0.1299652010202407,-0.1175184622406959,0.1664438992738723
0.0127422176301479,-0.0519597046077251,0.1613576114177703
-0.0651336684823036,-0.0675581023097038,0.1400882750749588
0.0842264592647552,-0.1218923479318618,0.1275844126939773
0.115207552909851,-0.1200933828949928,0.1390029937028885
0.192617118358612,-0.0797026455402374,0.1583396345376968
0.0281552113592624,-0.0699192509055137,0.093478076159954
0.0047355648130178,-0.0710883811116218,0.0322838276624679
0.0873894318938255,-0.0873810648918151,0.0186977125704288
0.0562716014683246,-0.0908912196755409,0.0256679207086563
0.0840076208114624,-0.096764288842678,0.1065587773919105
0.3157235980033874,-0.0961619094014167,0.1699815690517425
0.206088975071907,-0.0780279114842414,0.1954456567764282
-0.0293773226439952,-0.0412276908755302,0.1069520786404609
-0.1374068558216095,-0.0558780059218406,0.0092960903421044
-0.0956178605556488,-0.0563251487910747,-0.0053526265546679
-0.1103866919875145,-0.0299713052809238,0.0599904283881187
0.0681363493204116,-0.0451656468212604,0.08061333745718
-0.0160794649273157,-0.0710904523730278,0.0807614102959632
-0.1661535501480102,-0.0544480606913566,0.033815324306488
-0.0737043172121048,-0.036195021122694,0.0036952388472855
0.0811113715171814,-0.031687494367361,0.0944569036364555
0.117532230913639,-0.0129678677767515,0.0924885645508766
0.1765679717063903,-0.0426939129829406,0.1381035894155502
0.1905053555965423,-0.0595586448907852,0.0662360563874244
0.1502070873975753,-0.0578977912664413,0.033296875655651
0.1374657154083252,-0.0944800376892089,0.0838505998253822
-0.0002320212079212,-0.1164403185248375,-0.0025845856871455
-0.0315505303442478,-0.1823881864547729,-0.0550166368484497
0.0450621172785759,-0.1583772748708725,0.0101493969559669
0.0370494611561298,-0.1584324091672897,0.0579709820449352
0.0876492261886596,-0.1896583139896392,0.0418187752366066
0.1817847788333892,-0.1752149313688278,-0.0193290002644062
-0.0991748496890068,-0.1558169275522232,-0.107479803264141
-0.1470789909362793,-0.1696736216545105,-0.0680120214819908
0.1038397178053855,-0.201091468334198,0.0174854807555675
-0.0139186074957251,-0.226364865899086,-0.0251671746373176
-0.1546560376882553,-0.2540538311004638,-0.1327529400587082
-0.1430827379226684,-0.1972342133522033,-0.1219807192683219
-0.1472575068473816,-0.1693855375051498,-0.0175302103161811
-0.142755702137947,-0.2083792686462402,0.0215591341257095
-0.1887181103229522,-0.2088158577680587,-0.0759703963994979
-0.2569347023963928,-0.1892901062965393,-0.1215658411383628
-0.0594152882695198,-0.1191450729966163,-0.060800727456808
-0.0062175784260034,-0.094972625374794,0.0275147501379251
0.0528207384049892,-0.1355555951595306,-0.0232044272124767
-0.1186295747756958,-0.1625193059444427,-0.1740256249904632
-0.172288492321968,-0.1815501898527145,-0.1455502957105636
-0.2304812222719192,-0.2031510770320892,0.0066490853205323
-0.0632147789001464,-0.1797461807727813,0.1235513538122177
-0.1279399842023849,-0.2155979126691818,0.0874572619795799
-0.3669061064720154,-0.2416187077760696,-0.027539350092411
-0.0891168341040611,-0.2398573011159896,-0.0303471218794584
0.0217560343444347,-0.218137189745903,0.0839372500777244
-0.1774763762950897,-0.195382073521614,0.0377463176846504
-0.1684575825929641,-0.2297283858060836,-0.0868719294667244
-0.0848569646477699,-0.2466194778680801,-0.0831432342529296
-0.0907038003206253,-0.1758884638547897,0.0650543347001075
-0.057788461446762,-0.1664944291114807,0.1069365367293357
-0.0929832011461258,-0.2337795495986938,0.0568295195698738
-0.2785610258579254,-0.1782401353120803,0.0951864942908287
-0.1066066771745681,-0.1360460817813873,0.1413200795650482
-0.1150238662958145,-0.1472278982400894,0.133280798792839
-0.3083510398864746,-0.1608878523111343,0.0477267391979694
-0.2896724343299866,-0.1085668578743934,-0.0108260530978441
-0.1755439192056656,-0.0686117187142372,0.0989623218774795
-0.1203666850924491,-0.0775889679789543,0.1764387488365173
-0.1270335763692855,-0.0675850883126258,0.1908437460660934
-0.0094036199152469,-0.0338761284947395,0.219396024942398
0.1371959447860717,-0.0297068543732166,0.2778249979019165
0.1228023543953895,0.0181850381195545,0.2676663994789123
-0.0249309092760086,0.0281369555741548,0.1938910782337188
-0.2003993988037109,0.0295979660004377,0.1157515421509742
-0.2545043230056762,0.0057882186956703,0.0395420454442501
-0.11491659283638,-0.0068362299352884,0.0632279366254806
0.1168986558914184,-0.019096914678812,0.1636131852865219
-0.1177889481186866,-0.0193613674491643,0.1517389565706253
-0.2845232784748077,-0.024631280452013,0.0921599715948104
-0.2158328890800476,-0.064665250480175,0.1165638491511344
0.0678562149405479,-0.0780722051858902,0.2518499493598938
0.3059119284152984,-0.0558505207300186,0.283106654882431
-0.1019956693053245,-0.0473181009292602,0.2131220698356628
-0.3317737281322479,-0.0249526072293519,0.2073693722486496
0.0012664728565141,0.0053875064477324,0.209090918302536
0.1986756771802902,-0.0053479620255529,0.2398347109556198
0.0123705212026834,-0.0337264351546764,0.2928099930286407
-0.0841134041547775,-0.00985305942595,0.2778323888778686
0.0157420746982097,0.0395253635942935,0.2877455651760101
-0.1281961947679519,0.1013354659080505,0.3033508956432342
-0.1266364902257919,0.1132231876254081,0.2780289053916931
-0.029783722013235,0.1043742969632148,0.3393604457378387
0.0765885263681411,0.1356096267700195,0.4014746248722076
0.3108899891376495,0.1557971835136413,0.4165854156017303
0.3495630025863647,0.1570257097482681,0.4193772375583648
0.3077031672000885,0.158024400472641,0.3639744222164154
0.2379714101552963,0.1444512158632278,0.3314411044120788
0.1041909754276275,0.1844300627708435,0.3289531767368316
-0.2465720474720001,0.2322485446929931,0.3204902112483978
-0.0176110342144966,0.2546143233776092,0.4409793615341186
0.4912556707859039,0.1756741553544998,0.3818543553352356
0.6302422881126404,0.0863520056009292,0.4630192518234253
0.2897841334342956,0.082068845629692,0.4586709141731262
0.1635148972272873,0.2540611326694488,0.3968674838542938
0.062178686261177,0.3252030611038208,0.3097290396690368
0.2551100850105285,0.2069257050752639,0.2290584295988083
0.3290973305702209,0.1931878328323364,0.2171825766563415
0.1549382954835891,0.2719820141792297,0.3505038619041443
0.2616825997829437,0.2956657707691192,0.5398163199424744
0.3061078488826751,0.2523060441017151,0.5189400315284729
-0.0539686940610408,0.2693862915039062,0.3415173888206482
0.0604790560901165,0.2577048540115356,0.2543734312057495
0.1846384108066558,0.2542431652545929,0.2382737100124359
0.1778968870639801,0.2358599007129669,0.2840302884578705
0.2272782325744629,0.2382594794034958,0.3035449385643005
0.1269132792949676,0.2151003628969192,0.3235324919223785
0.2093088775873184,0.1829680055379867,0.3314368724822998
-0.010989936068654,0.2050304263830185,0.3605697154998779
-0.1286854743957519,0.271510362625122,0.402510404586792
-0.0407124683260917,0.2780982255935669,0.3109282851219177
-0.099851593375206,0.2581594586372375,0.306955873966217
-0.1077926084399223,0.2655380070209503,0.236030027270317
0.1097823530435562,0.2329737693071365,0.2766832113265991
-0.0402201972901821,0.2137231081724167,0.3187960684299469
0.0400146730244159,0.2309283167123794,0.3129688799381256
0.2777143120765686,0.1930032968521118,0.3527045845985412
-0.0414399951696395,0.2475722134113311,0.3699382543563843
-0.1786705553531646,0.2498763799667358,0.2664651274681091
-0.1195342987775802,0.2788187563419342,0.2315939664840698
-0.1456745564937591,0.326876550912857,0.243794709444046
0.0085938852280378,0.2721591293811798,0.2348746359348297
0.0322344973683357,0.2580864727497101,0.2311462163925171
-0.0983574241399765,0.3178142607212066,0.1705041974782943
-0.1257248669862747,0.3065168559551239,0.2168245613574981
-0.0481478795409202,0.3347118198871612,0.2626475393772125
0.0282038822770118,0.3787597119808197,0.2991014122962951
0.0734032467007637,0.4251585304737091,0.3043136298656463
-0.0286672003567218,0.3971966803073883,0.2544246315956116
0.0337810032069683,0.3572292029857635,0.1480886936187744
0.2339311391115188,0.4176275730133056,0.1626588553190231
0.1719032227993011,0.4750177264213562,0.1945758014917373
0.0327993892133235,0.3947234153747558,0.0810138285160064
-0.0093251420184969,0.3388098776340484,-0.0112435147166252
0.0740845277905464,0.4167046844959259,-0.0282230321317911
0.1759128272533416,0.4491634368896484,-0.0056819305755198
0.2104787826538086,0.3829276859760284,0.042839266359806
-0.0105053093284368,0.3190124630928039,0.0337915197014808
0.0958562865853309,0.3048337996006012,0.0180602259933948
0.2169428020715713,0.2661602795124054,0.0445414073765277
0.064719446003437,0.2561060488224029,-0.0503078736364841
0.1895959079265594,0.2172905504703521,-0.1421724110841751
0.2428088039159774,0.2122923284769058,-0.036566361784935
-0.0273203123360872,0.1619423329830169,-0.1823656857013702
0.045172531157732,0.0744207352399826,-0.3087571561336517
0.0668047741055488,0.1097551211714744,-0.1484801918268203
-0.1687158644199371,0.1259732395410537,-0.0903729572892189
-0.0752844661474227,0.1196098327636718,-0.1756595075130462
-0.0885110571980476,0.1769090741872787,-0.0759688690304756
-0.0629185959696769,0.2230092138051986,-0.0498729608952999
0.0287633873522281,0.2032405585050583,-0.1287925392389297
0.0860484763979911,0.2121831178665161,-0.0928689017891883
-0.0024733981117606,0.2269370406866073,-0.1025998294353485
0.0206841565668582,0.1959304809570312,-0.0449570044875144
0.2017005383968353,0.206668883562088,-0.0078381309285759
0.3417269587516784,0.222778782248497,-0.028741767629981
0.2299146801233291,0.1497322767972946,-0.1816010922193527
0.1334344893693924,0.1485908031463623,-0.2261904180049896
0.2219340056180954,0.1972749829292297,-0.3058256208896637
-0.1233835071325302,0.1868733763694763,-0.3815140128135681
0.0497190356254577,0.1214530915021896,-0.358209490776062
0.2157710790634155,0.2084813714027404,-0.2660677134990692
0.2796390056610107,0.2495971322059631,-0.1746392548084259
0.0267025344073772,0.1348131448030471,-0.2653798758983612
-0.0328950174152851,0.1239703446626663,-0.3445298075675964
0.0218807607889175,0.1755776107311248,-0.351762980222702
-0.0846243798732757,0.1615011990070343,-0.2588096261024475
0.0054991021752357,0.0616933368146419,-0.2877522110939026
0.1136490032076835,0.0149625837802886,-0.2552779018878937
0.0405578762292861,-0.0510737150907516,-0.3066589832305908
-0.0948119312524795,-0.1340530216693878,-0.3645241558551788
0.0478432402014732,-0.1351981312036514,-0.4425003230571747
0.0730125084519386,-0.1892810761928558,-0.4632487297058105
0.0887457281351089,-0.2522844076156616,-0.4570180773735046
0.0753185972571373,-0.3042820990085602,-0.5469911694526672
0.0084605980664491,-0.3236563503742218,-0.6182889342308044
-0.0962607488036155,-0.3779265284538269,-0.5851346850395203
-0.1349612474441528,-0.3894816637039184,-0.4767914712429046
-0.1515974700450897,-0.362170934677124,-0.4972546696662903
-0.2437531501054763,-0.3357724249362945,-0.6034936904907227
-0.1810255944728851,-0.336668848991394,-0.593824028968811
-0.097691960632801,-0.4191527962684631,-0.6144360303878784
-0.105432704091072,-0.4198044836521148,-0.6831381320953369
-0.1931317001581192,-0.4237364828586578,-0.6848965287208557
-0.2169491499662399,-0.4252752363681793,-0.5823805332183838
0.0083616487681865,-0.4149114489555359,-0.5035369992256165
0.0795402228832244,-0.4208955764770508,-0.4568241238594055
0.002807093784213,-0.4404818117618561,-0.3263965845108032
-0.0873803198337555,-0.4414133727550506,-0.4466122090816498
0.0666841194033622,-0.4499921202659607,-0.4275500774383545
0.1125631928443908,-0.4099269807338714,-0.3692963719367981
-0.0379131473600864,-0.3667643666267395,-0.2982873022556305
-0.0217546839267015,-0.3681566715240478,-0.2749835848808288
-0.0528339706361293,-0.3353083431720733,-0.3199614286422729
-0.0105807930231094,-0.3023402690887451,-0.3064925074577331
-0.0471549592912197,-0.3175227642059326,-0.1557207852602005
0.259632408618927,-0.2712743282318115,0.0583513043820858
0.1899003684520721,-0.1927053928375244,0.0679584890604019
-0.0038651048671454,-0.1705138087272644,0.0286717992275953
-0.0551060102880001,-0.1615862548351287,-0.0342357158660888
-0.0458597801625728,-0.0888542458415031,-0.0169430095702409
-0.0304559078067541,-0.0487024784088134,0.0400451719760894
0.0874587446451187,-0.0837526097893714,0.1420184224843979
0.2285055816173553,-0.0728585645556449,0.2335976660251617
0.1260031759738922,-0.0142626278102397,0.3667978048324585
0.0253128763288259,0.0771761387586593,0.3744096755981445
0.076639711856842,0.0901867523789405,0.3026002049446106
0.1417531967163086,0.100502572953701,0.321384072303772
0.0009761143010109,0.1851271837949752,0.369011253118515
0.1213924810290336,0.2024388760328292,0.4913060367107391
0.0477363653481006,0.2136630266904831,0.4931521415710449
0.0365657694637775,0.2737914025783539,0.5099393129348755
0.1275478601455688,0.2572097480297088,0.4884278476238251
0.1102621629834175,0.2437300682067871,0.4743604362010956
0.1196095943450927,0.2810036540031433,0.473652571439743
0.123951755464077,0.335929811000824,0.5454282760620117
0.1284338533878326,0.3772130906581878,0.4974088072776794
0.0449684560298919,0.3628691136837005,0.4547055065631866
0.1443685442209243,0.3324123919010162,0.4842764437198639
0.1217370927333831,0.3481157422065735,0.4498115479946136
0.0282422956079244,0.3242226541042328,0.3820873498916626
0.0668023899197578,0.2067621350288391,0.2449367642402649
-0.0023766770027577,0.1895866096019745,0.1581544578075409
0.0740829184651374,0.1611769795417785,0.0781477317214012
0.0812787786126136,0.0825348943471908,0.1788655519485473
0.1846678704023361,0.0369700528681278,0.0977129712700843
0.0449858754873275,0.00187385128811,0.0214805137366056
0.0767067670822143,0.0190501250326633,-0.0807626470923423
-0.1392417699098587,0.0466900095343589,-0.090553231537342
0.0592813491821289,0.0070164585486054,-0.0196122601628303
-0.025854317471385,-0.0311631523072719,-0.0698860809206962
-0.136891022324562,-0.0204949080944061,-0.1440986096858978
-0.327959805727005,-0.0190621260553598,-0.0988499000668525
-0.0669117420911789,0.0182398315519094,-0.0050265351310372
0.2047887444496154,0.0172323565930128,-0.0059490539133548
0.0864662751555442,0.037394430488348,-0.0329600684344768
-0.0183658637106418,0.0298342481255531,-0.1490746885538101
-0.1142858043313026,0.0474184304475784,-0.2492343485355377
-0.014166128821671,0.0147270653396844,-0.2301423996686935
-0.1090986803174018,0.0017451257444918,-0.1743211597204208
-0.0606619119644165,-0.0165811516344547,-0.1216169446706771
0.0334229990839958,-0.063889630138874,-0.1219625324010849
-0.0837744697928428,-0.0854034498333931,-0.1085186302661895
-0.0969327911734581,-0.1037697792053222,-0.1417709439992904
-0.0015926907071843,-0.1258678883314132,-0.1157848760485649
0.0523460917174816,-0.1026737987995147,-0.078796811401844
0.0149771478027105,-0.0762911885976791,-0.0419125631451606
-0.0226888246834278,-0.0952389538288116,-0.1201536208391189
-0.2327872067689895,-0.11778474599123,-0.235135331749916
-0.1406680196523666,-0.1030640453100204,-0.1864071190357208
0.0306821595877408,-0.053559873253107,-0.1214073374867439
0.2835997343063354,-0.0731663778424263,-0.1026486307382583
0.0044919326901435,-0.1356143057346344,-0.1260887235403061
-0.1201063394546508,-0.0667293071746826,-0.0797558054327964
-0.2088804095983505,-0.0191386193037033,-0.1326712220907211
-0.1177974194288253,-0.0828574448823928,-0.1685908585786819
0.0561445504426956,-0.0732215940952301,-0.1410364508628845
0.2556885480880737,-0.0225614346563816,-0.1119759529829025
0.2909104526042938,-0.0926033705472946,-0.1562177240848541
-0.0027839648537337,-0.098174013197422,-0.1694009751081466
0.0929998233914375,-0.0123592419549822,-0.1337028890848159
0.048748068511486,-0.0606130510568618,-0.0625543743371963
0.1845687478780746,-0.0825937241315841,-0.0741955861449241
0.1517058163881302,-0.0619426369667053,-0.1165539845824241
0.02254144474864,-0.1483755260705948,-0.0830146670341491
-0.0883174315094947,-0.1837883740663528,-0.1187478974461555
-0.0291268099099397,-0.1650802046060562,-0.2666734755039215
-0.0402061343193054,-0.2154680490493774,-0.3232765793800354
-0.0331578105688095,-0.211407795548439,-0.2642566561698913
-0.0043925940990448,-0.2083227932453155,-0.2638484239578247
-0.1118916198611259,-0.2290799915790558,-0.2059212177991867
-0.0615308806300163,-0.2097378075122833,-0.2291390150785446
-0.0845957174897193,-0.2083116769790649,-0.2639553248882293
0.0558072552084922,-0.2469726800918579,-0.1777496933937072
0.1909466981887817,-0.257570207118988,-0.0600504949688911
0.1582276672124862,-0.226061999797821,0.0265576411038637
-0.1663866341114044,-0.250868558883667,0.0292152091860771
-0.2129943519830703,-0.2373071908950805,-0.0420219525694847
0.0376927331089973,-0.1838157474994659,-0.0182066336274147
0.1512686312198639,-0.2303010374307632,0.0619341805577278
0.0386150628328323,-0.2255824357271194,-0.0079133436083793
0.01390977576375,-0.1807477623224258,-0.0826103091239929
-0.2287915498018264,-0.1596603244543075,-0.0686809122562408
-0.2599960267543793,-0.1259352564811706,0.0091358786448836
-0.0643759071826934,-0.1312338709831237,0.0943796709179878
0.032698318362236,-0.1642900556325912,0.1785864979028701
0.0922074541449546,-0.1342669129371643,0.1447270661592483
-0.03421051800251,-0.0830766856670379,0.156999260187149
0.0029160776175558,-0.0768792405724525,0.1907668113708496
-0.0533325523138046,-0.0706250593066215,0.2437478750944137
-0.0490611083805561,-0.0542684569954872,0.2904626429080963
-0.2548038959503174,-0.029054794460535,0.2548190355300903
0.0180667638778686,-0.0291994027793407,0.2836168706417084
0.2489316910505294,-0.04655197635293,0.2885262668132782
0.267733097076416,0.0032507311552762,0.2917644083499908
0.0141956303268671,0.0202651526778936,0.2859729528427124
-0.0285904500633478,0.0114082768559455,0.3616527915000915
-0.1071462407708168,0.0574367567896842,0.3798560202121734
0.113160029053688,0.0869472399353981,0.4417644143104553
0.0692900866270065,0.1109379008412361,0.4587812721729278
-0.1071834862232208,0.1656040698289871,0.4562885463237762
0.0673698633909225,0.1873150765895843,0.4449396729469299
-0.0080862818285822,0.2071897238492965,0.3958221971988678
-0.1035182103514671,0.2378601282835006,0.3672597110271454
0.0433239676058292,0.2413917481899261,0.4204677939414978
0.0093243578448891,0.2519589960575104,0.4002311825752258
0.006974384188652,0.2067931294441223,0.4624093472957611
0.0456907376646995,0.2388644069433212,0.5155869722366333
0.0430126599967479,0.2949899733066559,0.476610004901886
-0.0254620984196662,0.2746981680393219,0.4166906177997589
-0.0523376539349556,0.2745471596717834,0.3771831393241882
-0.1347296237945556,0.3093599081039428,0.3495450615882873
0.1173625364899635,0.2670257687568664,0.3304973244667053
-0.0556777454912662,0.2519219219684601,0.3366028368473053
0.0090535767376422,0.2572735249996185,0.3352976143360138
0.0634623989462852,0.1830177456140518,0.2958367764949798
0.1570285707712173,0.1833306550979614,0.3060358762741089
-0.1368412524461746,0.2738266289234161,0.1801783591508865
-0.115501083433628,0.2696838080883026,0.0570809282362461
0.1282916814088821,0.1866532862186432,0.1373570561408996
0.1892865896224975,0.1938230544328689,0.3090667724609375
0.0857879593968391,0.1529521942138672,0.2248138040304184
-0.0537694059312343,0.098998948931694,0.0528886504471302
-0.0475133135914802,0.1178390383720398,0.0033798641525208
0.0473980195820331,0.1732746064662933,0.0491148605942726
0.1524411886930465,0.1098921746015548,0.0924261584877967
0.1099299490451812,0.0795915275812149,0.0722170248627662
0.0854655429720878,0.0392897203564643,-0.0029146485030651
-0.0134660955518484,0.044531088322401,-0.0806754902005195
-0.0731900483369827,0.0923310071229934,-0.1818974018096923
-0.0016069477424025,0.1072148829698562,-0.0935587510466575
0.1626165211200714,0.0658052414655685,-0.0389798060059547
0.1691503226757049,0.035081148147583,-0.0309357270598411
0.0700586289167404,-0.0061829341575503,-0.049850296229124
-0.024120332673192,-0.0002265078946948,-0.0592946633696556
0.1542934477329254,-0.0059164278209209,-0.0049612135626375
0.0178445354104042,0.0183468349277973,-0.0653419941663742
-0.1214407384395599,0.0206524282693862,-0.0575560294091701
-0.1276863813400268,0.0130664128810167,-0.056016456335783
-0.0559644289314746,0.0656097084283828,-0.0532769560813903
-0.0084405876696109,0.0307467933744192,-0.1211777105927467
-0.0261015798896551,0.0083824191242456,-0.0852749496698379
0.0422239489853382,0.0370774492621421,-0.0310993306338787
-0.0389653779566288,0.0543109662830829,0.0091118151322007
-0.0802105516195297,0.0481124594807624,0.1008017882704734
-0.1201208755373954,0.0518337823450565,0.0418557785451412
-0.1521054357290268,0.030938621610403,0.0064035123214125
0.1346101909875869,0.0280674137175083,0.0343140885233879
0.3013480305671692,0.0343897603452205,0.1256780922412872
0.0526214949786663,0.0311570428311824,0.132114365696907
-0.2828390598297119,0.1121943667531013,0.1136328279972076
-0.0276988223195076,0.1823126375675201,0.0789055228233337
0.1276116669178009,0.1444427669048309,0.108731061220169
0.0755292922258377,0.1173616424202919,0.130781278014183
0.012213971465826,0.1731988042593002,0.1012308299541473
-0.0725946351885795,0.1867807656526565,0.0620926022529602
-0.2341324090957641,0.1998289227485656,0.0503595136106014
-0.2462641894817352,0.2739730775356293,0.023944929242134
-0.0170347318053245,0.2794024646282196,0.089925542473793
0.0136020993813872,0.2325075566768646,0.1615627557039261
-0.0782753601670265,0.2009693384170532,0.1870936751365661
0.0391596555709838,0.2245196551084518,0.2173569202423095
0.0191489271819591,0.2986964285373688,0.2727046012878418
-0.1133051589131355,0.3351036012172699,0.1924131214618683
0.076294869184494,0.2935068905353546,0.0736499950289726
0.367733359336853,0.243818461894989,0.1718049198389053
0.1465296149253845,0.2850289940834045,0.1826655566692352
-0.1714842915534973,0.3040315210819244,0.0742489546537399
-0.0968132466077804,0.2449138611555099,-0.0303685385733842
0.1295499354600906,0.2519565224647522,-0.0511157214641571
0.2607841193675995,0.2590232193470001,0.0209640637040138
0.2262827605009079,0.0965056717395782,0.0916597619652748
0.2041201889514923,0.0306976307183504,0.0081081446260213
-0.188461884856224,0.0758740678429603,-0.0573957152664661
-0.2044555097818374,0.0628099292516708,-0.1247603669762611
-0.1715805232524871,0.1612739264965057,-0.1073730885982513
-0.1441459655761718,0.1813365817070007,-0.0136356782168149
0.1590598374605178,0.0728119239211082,-0.0624472275376319
0.3394663631916046,0.0548598282039165,-0.0317196771502494
0.0104408171027898,0.1177169606089592,-0.1284364759922027
-0.1377134919166565,0.0547632910311222,-0.2677850425243377
0.0641270875930786,0.0918322652578353,-0.2041030973196029
0.0027481426950544,0.1039653643965721,-0.0888601243495941
0.1090025752782821,0.0283852070569992,-0.1147767230868339
0.3003943860530853,-0.0310887712985277,-0.1404037922620773
0.2104922384023666,-0.0078283371403813,-0.1376208961009979
-0.0448862612247467,-0.0007901350036263,-0.233604684472084
-0.0319078601896762,-0.014175459742546,-0.2828258574008941
-0.0332929715514183,-0.012873706407845,-0.2224560230970382
-0.1852466762065887,-0.0460106097161769,-0.2191373705863952
-0.0199147053062915,-0.0364983305335044,-0.2320883274078369
-0.0323977693915367,-0.060376800596714,-0.2435423284769058
-0.0366535000503063,-0.04097381234169,-0.2217257171869278
-0.0291427634656429,-0.0310392621904611,-0.2310513854026794
-0.1387994885444641,-0.0584328025579452,-0.2189497202634811
-0.2057549059391021,-0.0304228998720645,-0.1313225775957107
0.1696740984916687,-0.0121131334453821,-0.1211455762386322
0.4452356994152069,-0.1058719977736473,-0.0948720052838325
0.318282276391983,-0.1789890825748443,-0.1948385387659073
-0.1327977478504181,-0.0998446270823478,-0.2472934573888778
-0.1318003982305526,-0.0899999886751174,-0.1322512924671173
0.0331893190741539,-0.1218293458223342,-0.0170312393456697
0.3521481156349182,-0.1084578931331634,-0.0371293164789676
0.3026103675365448,-0.1286084651947021,-0.1132645905017852
0.0164057817310094,-0.1469696313142776,-0.1592520475387573
-0.0577690601348876,-0.1076253280043602,-0.1470988094806671
-0.0826861336827278,-0.0865709111094474,-0.1103056445717811
-0.20281583070755,-0.0922460630536079,-0.0660230666399002
-0.1730555444955825,-0.0682861357927322,-0.0107523528859019
-0.0637465491890907,-0.041373923420906,0.0726142227649688
-0.0761347785592079,-0.0582043044269084,0.0663507357239723
-0.0864112600684166,-0.0584977976977825,0.0168249104171991
0.1097047179937362,-0.0325106717646122,-0.0739334896206855
-4.59894072264e-05,-0.000589158385992,-0.0405305139720439
-0.0826750919222831,0.0457826033234596,0.0530963763594627
0.059395533055067,0.0775270015001297,0.0437895767390728
0.301830530166626,0.0242502000182867,0.1163759008049964
0.3062724769115448,-0.0137854795902967,0.1699218451976776
0.1420942097902298,0.0400396697223186,0.1196722537279129
0.0304679907858371,0.069559097290039,0.1591605097055435
-0.131804808974266,0.1089009121060371,0.1737876534461975
-0.148650586605072,0.0842496678233146,0.0591361969709396
-0.1380381435155868,0.0635052472352981,0.0730975493788719
0.0399828106164932,0.092811107635498,0.0727471262216568
0.0956207737326622,0.0517148077487945,0.0515041574835777
0.1590058356523513,0.0238466225564479,0.056325264275074
-0.0726976990699768,0.0731550455093383,-0.0407634675502777
-0.2638029754161834,0.093348927795887,-0.0410231314599514
0.0096349511295557,0.0171748027205467,0.0022745379246771
0.1768745481967926,-0.0442523211240768,0.0276378095149993
0.1396164000034332,-0.0725675821304321,0.039999671280384
-0.0449941903352737,-0.1232936084270477,-0.0202833786606788
0.0584467127919197,-0.1378302127122879,-0.023597415536642
-0.1146518066525459,-0.1069699823856353,-0.0548981949687004
-0.0382419861853122,-0.136714294552803,-0.1010667532682418
0.0761067569255828,-0.1698457449674606,-0.0449603237211704
0.0051753246225416,-0.1958126276731491,-0.054002821445465
-0.0587187968194484,-0.2154650688171386,-0.0611217617988586
-0.0317353792488575,-0.2172392606735229,-0.0366928540170192
-0.1439629197120666,-0.1778286099433899,-0.0456132739782333
-0.1747298836708068,-0.1638784259557724,-0.0104579478502273
-0.1463166177272796,-0.1480901539325714,0.0663758516311645
-0.1500935107469558,-0.1068718656897544,0.152433231472969
-0.1538668125867843,-0.0950527191162109,0.1362247765064239
-0.0542097203433513,-0.0414994806051254,0.1663877367973327
0.1824701428413391,0.03993646427989,0.1723927408456802
-0.0230065733194351,0.1027407273650169,0.1348229944705963
-0.1036878004670143,0.1566010117530822,0.0914979055523872
-0.1493628770112991,0.1956309676170349,0.0270091984421014
-0.0886364430189132,0.216051772236824,0.0617190897464752
0.0977768376469612,0.2239301949739456,0.1310824602842331
0.1724072396755218,0.19038125872612,0.2946843802928924
0.2790141403675079,0.1983536928892135,0.3277877271175384
0.1248781681060791,0.253315657377243,0.2425311803817749
-0.0811948478221893,0.2826743721961975,0.2434798032045364
0.2354456335306167,0.2687837183475494,0.2094532251358032
0.2901107370853424,0.1948154866695404,0.2649298012256622
0.3404985070228576,0.241532564163208,0.3279923796653747
0.1721670180559158,0.2653705179691314,0.2612338662147522
0.1377358585596084,0.3051957786083221,0.1971873790025711
0.0645521879196167,0.3177523016929626,0.0964698195457458
0.0008576003601774,0.2911235988140106,0.0932986438274383
0.0655998438596725,0.3090991377830505,0.1056210920214653
0.2055694162845611,0.2719117105007171,0.1574258357286453
0.2243274003267288,0.2230919897556305,0.2305104285478592
0.2090380638837814,0.2202746570110321,0.2434373497962951
0.0794856697320938,0.2170026898384094,0.1973132640123367
-0.0851602181792259,0.2280208170413971,0.1755774915218353
0.0714291259646415,0.3049725592136383,0.1147101372480392
0.141075387597084,0.2752540111541748,0.1613188236951828
0.1364020705223083,0.2791331708431244,0.1491620242595672
0.1976765543222427,0.2569177448749542,0.1077995225787162
0.0823118761181831,0.2603087425231933,0.1106413826346397
-0.0683808028697967,0.2725178003311157,0.0085567561909556
0.042180061340332,0.1961607038974762,-0.0601064600050449
-0.0024602268822491,0.1781817078590393,-0.0122102238237857
-0.0085711162537336,0.164341002702713,0.0016608507139608
-0.0119379432871937,0.128089502453804,-0.0700776875019073
-0.0912543386220932,0.1007777154445648,-0.10922322422266
-0.217397466301918,0.0698435232043266,-0.1937125921249389
-0.1457187533378601,0.0525164678692817,-0.2458138763904571
-0.0595545209944248,0.053902231156826,-0.1932802051305771
-0.1836892515420913,0.0305524319410324,-0.188202366232872
-0.1959422975778579,0.0087679270654916,-0.1386092752218246
-0.0282867103815078,-0.0170572791248559,-0.1288008540868759
-0.1659241020679474,-0.0239331796765327,-0.2474917769432068
-0.2866475880146026,-0.051492903381586,-0.3690118193626404
-0.0166412703692913,-0.0484551005065441,-0.3742748200893402
0.3076052367687225,-0.0105742961168289,-0.3014591932296753
0.3200551569461822,-0.1437354981899261,-0.3085170388221741
0.0452214553952217,-0.2395898550748825,-0.3329531550407409
-0.0845703333616256,-0.2148452997207641,-0.3314250111579895
-0.0312855392694473,-0.2445651143789291,-0.3073026239871979
-0.0241842716932296,-0.212412491440773,-0.2593633532524109
0.1035396009683609,-0.1714418828487396,-0.2505474686622619
0.0574428103864192,-0.2128389775753021,-0.2447777986526489
0.0877274796366691,-0.2254929840564727,-0.1913348138332367
0.1742587387561798,-0.1830132454633712,-0.2817138135433197
-0.0476201251149177,-0.2160095572471618,-0.3473279774188995
-0.2096159607172012,-0.2906624674797058,-0.3604252934455871
-0.0568732842803001,-0.1700726747512817,-0.3379679024219513
0.1664765626192093,-0.1210162341594696,-0.1978323012590408
0.298392504453659,-0.2043534815311432,-0.1233077272772789
0.2332118302583694,-0.2581323683261871,-0.1374574303627014
0.1617432385683059,-0.2405349910259246,-0.2035975605249405
0.0134309474378824,-0.2323054820299148,-0.215655580163002
0.0180920138955116,-0.2768205106258392,-0.1309630721807479
0.1315020024776458,-0.2168746888637542,-0.1277872025966644
0.0031802630983293,-0.2161902636289596,-0.0910196006298065
0.1006088852882385,-0.2739335298538208,-0.1121181920170784
-0.0159390326589345,-0.2637312114238739,-0.188832938671112
-0.0966570898890495,-0.2304463535547256,-0.2496750205755233
-0.1351136714220047,-0.2269640117883682,-0.1881453394889831
-0.0544181503355503,-0.1407108455896377,-0.0948792397975921
0.140552669763565,-0.1230359748005867,0.0134903779253363
0.1551676243543625,-0.1413450986146927,0.0864397212862968
0.1077463254332542,-0.092636689543724,0.066420741379261
-0.073806345462799,-0.1087920367717742,0.0095927836373448
-0.255184143781662,-0.1498984545469284,0.0816869512200355
-0.1407923400402069,-0.0866736695170402,0.1008429303765297
-0.0034041099715977,-0.0731978118419647,0.114275112748146
-0.0575376525521278,-0.0752337947487831,0.1342208534479141
0.0120286419987678,-0.0680025145411491,0.1272252649068832
0.0511291623115539,-0.0660259872674942,0.1401208043098449
-0.1667890548706054,0.0004435875453054,0.1774977445602417
-0.2786034941673279,0.0516230948269367,0.2139610648155212
-0.0749939233064651,0.0130378864705562,0.2223734557628631
-0.1800368279218673,0.0849505141377449,0.3241703510284424
-0.1044746860861778,0.1702371835708618,0.4345317482948303
0.0314496904611587,0.1369219422340393,0.3284310400485992
-0.1639152914285659,0.1166864410042762,0.2287702411413192
-0.2194871306419372,0.2114098817110061,0.1698317229747772
-0.1211384609341621,0.2344217151403427,0.2923166155815124
0.0884571969509124,0.2101618200540542,0.3781679272651672
0.0581426993012428,0.2625150382518768,0.3633064031600952
0.0862978473305702,0.2427601218223571,0.3973901867866516
0.243997722864151,0.2140893340110778,0.3632175624370575
0.0818235874176025,0.2331197261810302,0.3176429569721222
-0.1679071485996246,0.2543001174926758,0.2831571698188782
0.0425997078418731,0.2167985588312149,0.3097205460071563
0.0184688083827495,0.2093414366245269,0.3439730703830719
-0.0286422539502382,0.2300200164318084,0.308513879776001
0.0446948111057281,0.1589471697807312,0.2257180660963058
0.0050114481709897,0.1479027569293975,0.1794285327196121
0.0218620672821998,0.151250347495079,0.1344485431909561
0.0157024096697568,0.1292328387498855,0.1180470585823059
-0.0956872329115867,0.1921436339616775,0.1503493338823318
-0.0176800843328237,0.1429487615823745,0.2025559395551681
0.113463819026947,0.0459042303264141,0.2730274498462677
0.2265652418136596,0.0746263861656189,0.2479396015405655
-0.1855940967798233,0.085515521466732,0.1323759853839874
-0.3012741804122925,0.0927057936787605,0.0207737758755683
0.0693859159946441,0.2172727584838867,0.1246256083250045
0.0587697513401508,0.2149654179811477,0.1749738603830337
-0.0214270837604999,0.0632826760411262,0.1060666963458061
0.0722502619028091,0.0460533238947391,-0.0069652581587433
-0.1798789352178573,0.1697310656309127,-0.0135429995134472
-0.0849090963602066,0.1895190179347992,-0.0175185501575469
0.1658834367990493,0.2073715180158615,0.0576148182153701
-0.0215080678462982,0.2357732355594635,0.1551611274480819
-0.0037525063380599,0.1817022711038589,0.1644771248102188
0.1577237099409103,0.1054654195904731,0.1447011530399322
-0.0077518071047961,0.1426809579133987,0.100112646818161
-0.1631330847740173,0.189807578921318,-0.0008446986321359
-0.0817625895142555,0.1613240092992782,-0.0344865471124649
0.1214359402656555,0.2611920535564422,0.0799641981720924
0.180214837193489,0.2581400871276855,0.0955399572849273
0.1561479419469833,0.104155458509922,0.1329679489135742
0.0274195205420255,0.1088775098323822,0.0622061602771282
-0.1120088323950767,0.2466456890106201,0.0177961662411689
-0.0654373317956924,0.3180607259273529,-0.0273923519998788
-0.0234512109309434,0.314087301492691,-0.099950835108757
0.1205240711569786,0.3440057933330536,0.0123112574219703
0.3592517375946045,0.2402893602848053,0.1827175021171569
0.1536160260438919,0.1071081310510635,0.1722856312990188
-0.0429296940565109,0.1684392541646957,0.0117607116699218
-0.1985882669687271,0.2582559585571289,-0.1637059152126312
-0.0132321249693632,0.2673239111900329,-0.1532018333673477
0.1371818780899047,0.2561157345771789,0.0097095780074596
0.0760935917496681,0.1154330298304557,0.0635838210582733
-0.1011901050806045,0.1117536127567291,-0.018310509622097
-0.0743361860513687,0.217947170138359,-0.0609440319240093
0.0931665226817131,0.1924292892217636,-0.013713939115405
0.1585067957639694,0.1197364851832389,-0.0400232411921024
0.0607187114655971,0.120180957019329,-0.0523845665156841
-0.0923361629247665,0.1468466818332672,-0.0314159095287323
-0.1029065176844596,0.1482363194227218,-0.1374739110469818
-0.0440877266228199,0.1390281021595001,-0.194911777973175
-0.0010648928582668,0.1173371970653534,-0.1169011369347572
-0.0872020348906517,0.098250463604927,-0.0482616536319255
-0.0344767682254314,0.0809923782944679,-0.1245710700750351
0.0224960297346115,0.1155560314655304,-0.1394665688276291
0.0481603816151618,0.1672778129577636,-0.050904743373394
0.3324196934700012,0.1177837997674942,-0.0894436687231063
0.2437060624361038,0.0460662022233009,-0.0970389991998672
0.114839106798172,0.0646679922938346,-0.151085078716278
0.0903199166059494,0.036914125084877,-0.2246802151203155
0.1237682551145553,-0.0121499262750148,-0.209864854812622
-0.0487150996923446,-0.0064118793234229,-0.2998448014259338
0.0964065864682197,0.0243092440068721,-0.1669212877750396
0.106417141854763,0.011107956059277,-0.061558648943901
-0.0689459592103958,-0.0529785975813865,-0.0995211228728294
0.2022179067134857,-0.0368920378386974,-0.1739889681339264
0.2003421336412429,0.0191468559205532,-0.0767516195774078
0.0787722840905189,0.0709248334169387,-0.0920911580324173
0.1154716238379478,0.0434259474277496,-0.2035027295351028
0.0955218896269798,0.0293585993349552,-0.2443716078996658
-0.0526340752840042,0.0009609279222786,-0.2646458745002746
-0.0725273564457893,-0.0864099338650703,-0.2511572241783142
-0.0234936065971851,-0.0125661818310618,-0.1694903820753097
0.0062317978590726,0.059815339744091,-0.085460714995861
0.183163434267044,-0.0217450316995382,0.0669453367590904
-0.0001965402625501,-0.0740689560770988,-0.0586586594581604
-0.3579843640327453,-0.0240590870380401,-0.3235639035701751
-0.0446954034268856,-0.1031573638319969,-0.5039509534835815
-0.1298536658287048,0.065785638988018,-0.2724177241325378
0.1314620822668075,0.1447779238224029,-0.2494000345468521
0.2338349521160125,-0.0745315551757812,-0.2140564918518066
-0.2627489864826202,-0.0660041198134422,-0.2673167884349823
-0.2231318056583404,-0.0701622813940048,-0.5475270748138428
-0.0663943886756897,-0.1918945610523224,-0.600631058216095
-0.1399382650852203,-0.1462504416704177,-0.3267523348331451
-0.1417231112718582,-0.1983421444892883,-0.2607387006282806
-0.1161152124404907,-0.3203426301479339,-0.2969401180744171
-0.3294778168201446,-0.2994836866855621,-0.3528912663459778
-0.0039490964263677,-0.3210095465183258,-0.4250368773937225
0.1893037259578704,-0.3993059396743774,-0.4362509250640869
-0.103126972913742,-0.3849466741085052,-0.5304556488990784
-0.3353101313114166,-0.3513948321342468,-0.5632476806640625
-0.1562734991312027,-0.4011267721652984,-0.5871017575263977
-0.0931656286120414,-0.3369826674461365,-0.4319108128547668
0.2098558247089386,-0.3678956627845764,-0.2803068161010742
0.2912004590034485,-0.4237897992134094,-0.2695609629154205
0.156713455915451,-0.3968504667282104,-0.3417122066020965
-0.1900058835744857,-0.3132527768611908,-0.379680335521698
-0.1608172059059143,-0.3023084700107574,-0.3385777771472931
-0.1271916031837463,-0.3126793503761291,-0.4267276227474212
0.3166995346546173,-0.3634003400802612,-0.3706328570842743
0.6462404131889343,-0.4432286024093628,-0.3009525835514068
0.4120579957962036,-0.4477097392082214,-0.1876936256885528
0.1505472958087921,-0.3865337371826172,-0.1114159002900123
-0.2733763754367828,-0.345342218875885,-0.0545620396733284
-0.2505639791488647,-0.2558600008487701,-0.1215543821454048
-0.1589236557483673,-0.2500097453594208,-0.1722386479377746
0.234170913696289,-0.291800856590271,-0.0853450298309326
0.2408708035945892,-0.2643497586250305,-0.0349402986466884
-0.1070416420698165,-0.2241274863481521,0.0951977297663688
-0.0064465054310858,-0.1651517897844314,0.0279913954436779
-0.0181036926805973,-0.1129841953516006,-0.0617187842726707
0.0160788279026746,-0.0926066264510154,-0.0912554711103439
-0.1108511611819267,-0.0826378837227821,0.0025597021449357
-0.0033585322089493,-0.0600499622523784,0.1303155422210693
-0.0086992355063557,-0.0616566464304924,0.1771371066570282
-0.1791599541902542,-0.0601743012666702,0.1452921777963638
-0.2895309329032898,0.0083341877907514,0.0779727920889854
-0.3052200078964233,0.018621802330017,-0.0185138452798128
-0.255328357219696,0.0132139865309,-0.048361487686634
-0.3229851722717285,0.0049539851024746,-0.0211122781038284
-0.1921136975288391,-0.0503907613456249,0.0909226462244987
0.1745121330022812,-0.0873396694660186,0.1672535240650177
-0.0973931476473808,-0.0619275271892547,0.115347184240818
-0.2879944145679474,0.0138674667105078,0.1452841311693191
0.0341916345059871,0.0407568737864494,0.1520317792892456
0.0250870827585458,0.0270203482359647,0.1085570231080055
-0.0463330373167991,0.0047387429513037,0.1446481794118881
0.0999611616134643,-0.0088258907198905,0.1966099590063095
-0.0420265980064868,0.0179942715913057,0.1838206648826599
-0.2734365463256836,0.0520208552479743,0.117191344499588
-0.0249713398516178,0.0440952889621257,0.0616359412670135
0.1543465852737426,0.1082821786403656,0.1233496814966201
0.0973695889115333,0.0839643254876136,0.2423849999904632
0.0599857345223426,0.0187078807502985,0.2052448391914367
0.0163796674460172,0.0489379540085792,0.1361235529184341
-0.1215069890022277,0.1037907898426055,0.1521821916103363
-0.1458554714918136,0.1719211041927337,0.0893598347902298
0.1150566413998603,0.2060426175594329,0.1639811396598816
0.2443033158779144,0.2138858884572982,0.2903883457183838
0.3419508934020996,0.2082362622022628,0.3078046441078186
0.0070261601358652,0.220324620604515,0.2092900425195694
0.0916594415903091,0.3268686234951019,0.1373103857040405
0.1401614546775818,0.2983054220676422,0.0713766440749168
0.0880730748176574,0.2046132087707519,0.0107945669442415
0.3276992440223694,0.1251314282417297,-0.0024820901453495
0.39860799908638,0.042543314397335,0.0628125593066215
0.287876158952713,-0.0036564040929079,0.0142655307427048
0.0783358961343765,-0.1343322098255157,-0.146074965596199
-0.0977480486035347,-0.2982993125915527,-0.2446952909231186
-0.1291868537664413,-0.3095608055591583,-0.2783247530460357
0.0652745068073272,-0.1985517293214798,-0.1225535422563552
0.1705494672060012,-0.2318938970565796,0.01728380843997
0.0769995525479316,-0.2866505980491638,-0.0157122276723384
0.0522390268743038,-0.2617674171924591,-0.1057261526584625
-0.0725612267851829,-0.2136339843273162,-0.2128816395998001
-0.296396404504776,-0.2231615930795669,-0.2572942078113556
-0.2291728854179382,-0.1524051278829574,-0.2993481755256653
0.0203020256012678,-0.1177350580692291,-0.2702059745788574
-0.1282442957162857,-0.1943614035844802,-0.2021968066692352
-0.0827418565750122,-0.2407459169626236,-0.1354456692934036
0.0503016747534275,-0.2148980647325515,-0.1306016445159912
-0.0131265120580792,-0.2079373449087143,-0.1199346855282783
-0.3133710324764251,-0.2211034744977951,-0.1892836540937423
-0.2376751452684402,-0.1660577952861786,-0.3278035819530487
-0.2441607415676117,-0.1297250986099243,-0.3450741767883301
-0.083783321082592,-0.2005283087491989,-0.2951145768165588
0.2078461349010467,-0.2650021016597748,-0.1451583951711654
0.1985747665166854,-0.2564726769924164,-0.0706424340605735
-0.2412585467100143,-0.1881258487701416,-0.0081769274547696
-0.2419298142194748,-0.1873355358839035,-0.0545153021812438
0.0729769989848136,-0.1832268089056015,-0.0663977935910224
0.2299507558345794,-0.1500210165977478,0.0134787075221538
0.3736107051372528,-0.172646164894104,-0.0086566880345344
-0.0151070030406117,-0.2375320196151733,-0.0908363983035087
-0.1099333837628364,-0.2388350963592529,-0.0842554569244384
-0.1925033926963806,-0.1517064720392227,-0.003502260427922
-0.0476010665297508,-0.0620298460125923,0.0797606706619262
0.2167910635471344,-0.0451699011027812,0.1230895072221756
0.0621990896761417,-0.0564654357731342,0.1823906451463699
-0.116953894495964,-0.0642248764634132,0.1507892906665802
-0.0708782747387886,-0.0547395013272762,0.0846254602074623
-0.0811521038413047,-0.0405747070908546,0.1211254671216011
-0.1991490572690963,0.0403606221079826,0.0653061494231224
-0.0720130428671836,0.0322000496089458,0.0676696747541427
0.07980577647686,0.0189068783074617,0.1774422377347946
-0.0092703839763998,0.0600324757397174,0.2521927654743194
0.0585712492465972,0.017604324966669,0.2576567828655243
0.1432602852582931,-0.015740018337965,0.1834124475717544
-0.0712200626730918,0.0506858751177787,0.1358433365821838
-0.0085213230922818,0.0823276340961456,0.141325831413269
0.1208366602659225,0.0774607062339782,0.1766553372144699
0.1266811192035675,0.0847017168998718,0.1421540528535843
-0.0595406964421272,0.0563289336860179,0.0683674439787864
-0.0717555359005928,0.014217909425497,0.0683684945106506
0.0206950381398201,0.0400021038949489,0.1361936181783676
0.0277429930865764,0.0482904240489006,0.2826935052871704
0.0278753526508808,0.0286669190973043,0.2476835995912552
0.0163996946066617,-0.0129621066153049,0.0978926941752433
-0.0265760030597448,-0.0436888597905635,0.0190841630101203
-0.0370947755873203,-0.0436273589730262,0.0007309827487915
-0.0680577531456947,-0.0556802935898304,-0.0563709214329719
-0.0273307096213102,-0.0821281000971794,-0.0497120097279548
-0.0454932004213333,-0.0637059435248375,-0.0410833694040775
0.0857060477137565,-0.0698612034320831,0.0094693163409829
0.1829324662685394,-0.0906807258725166,0.0139913633465766
0.1859939992427826,-0.0906377807259559,0.0974930673837661
0.0613761730492115,-0.0919608399271965,0.1860455721616745
-0.0555396825075149,-0.0782375782728195,0.1421060711145401
0.0421961955726146,-0.1245273128151893,0.0634315013885498
0.0837410613894462,-0.0785140097141265,0.0666471347212791
0.1292544901371002,-0.0665497630834579,0.0859390720725059
0.1206156611442565,-0.1363790035247802,0.0147355105727911
0.0312740616500377,-0.1210985854268074,-0.0014194912509992
-0.152227982878685,-0.0513327233493328,0.0599211938679218
-0.1297820657491684,-0.0779805779457092,0.0631830319762229
0.0208446066826581,-0.1071987673640251,0.1667514741420745
0.0283965319395065,-0.0460832193493843,0.1718253195285797
-0.1057468578219413,-0.0830775499343872,0.132243201136589
0.1078985854983329,-0.111868180334568,0.0701904892921447
0.0752693638205528,-0.0181472804397344,0.038982305675745
-0.1234392076730728,0.0327947288751602,0.072474755346775
-0.1484734863042831,-0.0242352075874805,0.0767409428954124
-0.1434260010719299,0.0048196134157478,0.0873805359005928
-0.3001263439655304,0.109160840511322,0.1143074035644531
0.0937692821025848,0.0841870456933975,0.1892796456813812
0.3396075367927551,0.0592851266264915,0.1908124834299087
0.0280797388404607,0.0528413355350494,0.1592833250761032
-0.1452489346265792,0.0484747402369976,0.1420802921056747
-0.1588398516178131,0.0210551004856824,0.1336987912654876
-0.1686081886291504,0.0261910930275917,0.1148193255066871
0.1655101478099823,0.0469613522291183,0.155189648270607
0.4446980357170105,0.0259377639740705,0.2881800532341003
0.1232465058565139,-0.0088092973455786,0.2398777604103088
0.0173643995076417,0.0106370188295841,0.1421682834625244
-0.1440575122833252,0.0321401767432689,0.1230723485350608
-0.2996440231800079,0.040472500026226,0.1104494556784629
-0.068843312561512,0.0494683906435966,-0.0261664409190416
0.2791305780410766,0.0032049384899437,0.1123053282499313
0.2472991496324539,0.0226598642766475,0.2559583783149719
0.0779112428426742,0.0113684087991714,0.2873866856098175
0.1388052254915237,0.0498590767383575,0.2886943221092224
0.0110060749575495,0.0926355719566345,0.2002604454755783
0.0040152776055037,0.091469906270504,0.0863812789320945
0.184953436255455,0.1190261840820312,0.0998689457774162
-0.0018105999333783,0.1562912762165069,0.2648507058620453
0.0047679366543889,0.1410903185606002,0.229432612657547
0.0219695605337619,0.16126349568367,0.2011588960886001
0.0999538898468017,0.2338981330394745,0.2255115360021591
0.1587208062410354,0.2268114537000656,0.1543148458003997
0.2594915628433227,0.1626458913087844,0.2263560444116592
0.2628918886184692,0.2263689488172531,0.1834394633769989
-0.053693700581789,0.2106830030679702,0.1415739208459854
0.1118614375591278,0.1704663336277008,0.1046891510486602
0.1682136058807373,0.1770410537719726,0.0968114286661148
-0.0263963583856821,0.1720103472471237,0.1648410856723785
0.0920402556657791,0.0963816940784454,0.1497444361448288
0.0500097200274467,0.1078332811594009,0.1139840334653854
-0.0708548203110694,0.1321809440851211,0.0224336739629507
-0.1944726407527923,0.0571775324642658,-0.0894430577754974
-0.0320980735123157,0.0687451213598251,-0.0637656897306442
-0.0180698707699775,0.0874884575605392,-0.0673170164227485
-0.0363060198724269,0.049076285213232,-0.0109509592875838
0.0909464806318283,0.064601182937622,0.0249468553811311
-0.0991569608449935,0.0728302896022796,0.0757923126220703
-0.1532556116580963,0.0916468575596809,-0.0089366920292377
-0.0232188589870929,0.0332642123103141,-0.0530158132314682
-0.0128722125664353,0.0269679687917232,-0.0084866918623447
0.0568015053868293,-0.0085407886654138,-0.0176689457148313
0.0621406137943267,-0.0271866451948881,0.0209351703524589
0.056546751409769,-0.0274648051708936,0.0414041988551616
-0.0457346104085445,-0.0228543393313884,-0.0388136766850948
0.0539830327033996,-0.0099971229210495,-0.0200193487107753
0.0021659086924046,-0.0455532521009445,0.0367818810045719
-0.1950340718030929,0.0003767521120607,0.0724343806505203
-0.001281120115891,0.0389052331447601,0.0885512977838516
0.1278411448001861,-0.0008802018128335,0.0789711773395538
0.0130487848073244,0.0096512688323855,0.0184668228030204
-0.1203980222344398,0.0684010684490203,-0.1098111346364021
-0.2327983379364013,0.0455157309770584,-0.1068875193595886
-0.0418145768344402,0.0432598814368248,0.0324951708316803
0.1167510971426963,0.158127874135971,0.1585740149021148
0.0597632378339767,0.1724630743265152,0.2607336342334747
0.112823262810707,0.1204160973429679,0.1971360296010971
-0.0269988160580396,0.1489192843437194,0.0596071705222129
0.038348764181137,0.1995608955621719,-0.0530879534780979
-0.1817269772291183,0.1952247023582458,-0.1437237858772277
-0.1315950900316238,0.1789927333593368,-0.1243498176336288
0.0718087330460548,0.2082286328077316,-0.0643566027283668
0.1318912506103515,0.1722389459609985,0.1023029536008834
0.1692366749048233,0.0709482654929161,0.04488480463624
-0.0146537972614169,0.0446665957570076,-0.0683075338602066
-0.2328000217676162,0.101576067507267,-0.069504328072071
-0.267657071352005,0.1103842034935951,-0.0637750700116157
0.0397864654660224,0.0615938901901245,0.0185356214642524
0.1582854092121124,0.0903837233781814,0.1031293421983718
0.0474725477397441,0.0250125881284475,0.1293464601039886
-0.1375164687633514,-0.0312845073640346,-0.0213229469954967
-0.2913818061351776,0.0385295748710632,-0.1504602581262588
-0.2478383034467697,0.0194088760763406,-0.2058678716421127
-0.0906279534101486,-0.0180146098136901,-0.0904062315821647
0.0983353108167648,0.0383245646953582,0.0214960630983114
0.1923209726810455,-0.0379843972623348,0.0807557106018066
0.0564459599554538,-0.0979055166244506,0.0051408377476036
-0.0426466278731823,-0.0642506629228591,-0.1347086131572723
-0.2223359644412994,-0.0660674721002578,-0.1772456914186477
-0.1895928829908371,-0.1159038841724395,-0.1303459256887436
-0.0326067321002483,-0.0412360429763793,-0.0639948695898056
-0.1023797988891601,-0.0102047622203826,0.0072630946524441
-0.029345266520977,-0.0779949948191642,0.006721940357238
0.052101869136095,-0.1379396915435791,-0.08518997579813
-0.007391816470772,-0.1020221784710884,-0.1262098550796508
-0.14413583278656,-0.0057467902079224,-0.1549803763628006
-0.2810180485248565,-0.0267905555665493,-0.1516759395599365
-0.1270574778318405,-0.0417481809854507,-0.1443524211645126
-0.1151115894317627,-0.0096696065738797,-0.0716523900628089
-0.0722845494747161,-0.0400149226188659,0.0173683110624551
0.1396279633045196,-0.1101503297686576,0.017656996846199
-0.1126905977725982,-0.075364701449871,0.0171152390539646
-0.2551414966583252,0.0697003453969955,0.0720179006457328
0.0309338476508855,0.0593532994389534,0.1125211492180824
0.3143945932388305,-0.0270907785743474,0.124856911599636
0.2144453525543213,-0.0107360407710075,0.1345643997192382
0.1742356121540069,0.0125074964016675,0.0822165012359619
0.049590777605772,0.0723856091499328,0.0507187955081462
-0.2178579717874527,0.2042600214481353,-0.0204142350703477
-0.0430023483932018,0.1538093388080597,-0.029754813760519
0.2647578716278076,0.1051294058561325,0.108350858092308
0.0930805727839469,0.1678046733140945,0.2081472724676132
0.1105320006608963,0.1088300421833992,0.1757493913173675
0.199400708079338,0.0400212109088897,0.1430200785398483
-0.0874156206846237,0.149610549211502,0.1061896309256553
-0.0542286336421966,0.2046546339988708,0.0615201666951179
0.0739503726363182,0.1423331946134567,0.1098594665527343
0.0737698078155517,0.2358133494853973,0.1356244832277298
0.1807503253221511,0.1917590796947479,0.1614110767841339
0.2957208752632141,0.0970085710287094,0.1260818541049957
0.0258872471749782,0.1250878721475601,0.0469691902399063
-0.1302583366632461,0.2423264533281326,0.0428227894008159
0.1134440600872039,0.2315049469470977,0.133771613240242
0.2833679616451263,0.2080498337745666,0.1017436012625694
0.2630222141742706,0.1079248338937759,0.1042120829224586
0.180773988366127,0.078585609793663,0.0570545010268688
-0.0651630759239196,0.1195269078016281,0.0067010507918894
-0.2668518424034118,0.1828423291444778,-0.0493257753551006
0.0114309042692184,0.155988335609436,-0.0255224425345659
0.2131364047527313,0.1648246049880981,0.0281048025935888
0.063701644539833,0.1523447632789611,0.0442954860627651
0.2377241253852844,0.0946775302290916,0.0486911833286285
0.1077032759785652,0.1145271360874176,-0.0077547812834382
-0.2464389503002166,0.188546285033226,-0.1058893725275993
-0.1656178832054138,0.1653767824172973,-0.166463240981102
0.0547388680279254,0.2116446048021316,0.0157508142292499
0.0881721898913383,0.1901158690452575,0.1369771063327789
0.23521588742733,0.0890112295746803,0.0350483730435371
0.2002419233322143,0.080849178135395,-0.0533006638288497
-0.0842903703451156,0.1530880630016327,-0.0958300605416297
-0.0593298934400081,0.1268303543329239,-0.142206072807312
0.1781299114227295,0.1002110391855239,-0.0692691430449485
0.2551815509796142,0.1412215828895568,-0.0592324882745742
0.0776635780930519,0.04963880777359,-0.0844465270638465
0.0337685644626617,0.0357850417494773,-0.1517217010259628
-0.0203283131122589,0.107660599052906,-0.2291856557130813
0.0616198144853115,0.0881534740328788,-0.2083184570074081
0.0927710905671119,0.0662502199411392,-0.1382922381162643
0.0533326007425785,0.0479154251515865,-0.1190413236618042
-0.0567721612751483,0.0137690231204032,-0.0716970190405845
-0.0522005781531333,0.024650165811181,-0.0983821600675582
-0.1924247592687606,0.0405689924955368,-0.1723295599222183
-0.1847902834415435,0.039700798690319,-0.2506544589996338
-0.045953344553709,0.0483348108828067,-0.2345461398363113
0.0409826189279556,0.057838037610054,-0.2394120097160339
0.1266479790210724,0.0522801205515861,-0.2211047112941742
0.1001010686159133,0.0504806265234947,-0.1749241650104522
0.0024947118945419,0.0644194856286048,-0.1925865560770034
0.0460025072097778,0.0223796218633651,-0.1663855761289596
0.0875164344906807,0.0207529086619615,-0.1280853301286697
0.1107128337025642,0.0671571642160415,-0.1107817143201828
0.0541583485901355,0.0170392170548439,-0.0924786478281021
0.1455127596855163,-0.0164958406239748,-0.1496473997831344
0.0989898219704628,-0.0409237183630466,-0.3316323161125183
-0.1297714561223983,-0.1143776923418045,-0.4770861864089966
-0.2378519624471664,-0.1574034541845321,-0.4931128919124603
-0.1551866382360458,-0.0909187048673629,-0.4486367702484131
-0.1586413532495498,-0.1592245548963546,-0.346390962600708
-0.1679102182388305,-0.1898663491010666,-0.3020948767662048
0.0412658378481864,-0.1951919347047805,-0.3481023907661438
0.0345919542014598,-0.2471081316471099,-0.4463610351085663
-0.1335364133119583,-0.3217723965644836,-0.448485404253006
-0.2036787420511245,-0.3256169259548187,-0.444862961769104
-0.0060877692885696,-0.2843581438064575,-0.3923702836036682
0.2555395662784576,-0.3335027992725372,-0.3659551739692688
0.2216545194387436,-0.3972925841808319,-0.462893933057785
0.1375500261783599,-0.4306587874889374,-0.5560436248779297
0.0172099117189645,-0.4484900534152984,-0.5738438367843628
-0.0799280852079391,-0.4722382724285126,-0.4489189386367798
-0.0528035424649715,-0.4560231864452362,-0.4098283648490906
0.0292457863688468,-0.4375197887420654,-0.38050377368927
0.1560154408216476,-0.4557017385959625,-0.4032381176948547
0.0763128921389579,-0.4569734036922455,-0.4476223587989807
-0.0266716405749321,-0.4818551242351532,-0.4415453374385834
-0.1483032703399658,-0.4995768368244171,-0.3669022619724273
-0.1420904099941253,-0.4453000426292419,-0.317645400762558
0.086204819381237,-0.3629330098628998,-0.3046206831932068
0.2617216408252716,-0.3777239024639129,-0.2192619889974594
0.2450787425041198,-0.4096935391426086,-0.1376022696495056
0.0862841829657554,-0.391994446516037,-0.1345786601305008
-0.1318473517894745,-0.364980936050415,-0.11084695905447
-0.1795087307691574,-0.2907445430755615,-0.0489520318806171
0.0173148475587368,-0.2214224487543106,-0.036632515490055
0.2394875884056091,-0.2705441117286682,0.0013598310761153
0.1521452218294143,-0.2566096484661102,-0.0265692714601755
-0.2180975377559662,-0.2407114654779434,-0.0768692046403884
-0.2094310820102691,-0.2086656391620636,-0.0393615067005157
-0.1425362229347229,-0.2014988362789154,0.1110228523612022
0.0322249382734298,-0.2340660989284515,0.1383482217788696
0.0450499206781387,-0.2209553569555282,0.2008523494005203
-0.0228423066437244,-0.1844066679477691,0.1278021037578582
-0.1979259997606277,-0.1467140614986419,0.0563284642994403
-0.2081520110368728,-0.132887452840805,0.0044681965373456
-0.4014351069927215,-0.0995429530739784,0.0363134481012821
-0.1683922559022903,-0.1458071172237396,0.1635443717241287
0.0415684320032596,-0.1759746074676513,0.1780109405517578
-0.1562029719352722,-0.1847201585769653,0.2306216806173324
-0.133952260017395,-0.1130689531564712,0.2089839428663253
0.0430001430213451,-0.0593980029225349,0.1891649514436721
-0.2800793945789337,-0.0578904151916503,0.1720565557479858
-0.3471651971340179,0.0214898940175771,0.2641987204551697
-0.1544204652309417,0.0641862675547599,0.3007858395576477
-0.1718897521495819,0.064898669719696,0.2046984583139419
-0.1063640043139457,0.0747067257761955,0.2497649043798446
0.1618562638759613,0.0946913510560989,0.3183192014694214
-0.026520961895585,0.0798531994223594,0.3732024729251861
-0.2177790701389312,0.1174130961298942,0.4169406294822693
-0.1961871683597564,0.2169442474842071,0.3720796406269073
-0.0760186836123466,0.193396583199501,0.2670560479164123
-0.15118508040905,0.1491534858942031,0.2387361675500869
-0.0045208046212792,0.2271579951047897,0.3503021001815796
-0.0692360699176788,0.220263585448265,0.3849409222602844
-0.1896666139364242,0.2938815951347351,0.3430036008358001
-0.0849090442061424,0.3402765393257141,0.2684171497821808
-0.0083604715764522,0.3548565506935119,0.1795264184474945
-0.0085495561361312,0.3318095505237579,0.3030736744403839
0.0023728664964437,0.3697774410247803,0.3661178946495056
-0.3685348331928253,0.3076805174350738,0.3447760939598083
-0.2305444926023483,0.3517563641071319,0.3035649955272674
0.1211416348814964,0.3845863342285156,0.2891514301300049
0.1710852235555648,0.2953432500362396,0.3085810542106628
-0.0247053150087595,0.2071437090635299,0.2335464209318161
-0.0709545686841011,0.2147411704063415,0.1848654299974441
-0.1077664569020271,0.259723424911499,0.1206273511052131
-0.1262471973896026,0.2125492691993713,0.1218718439340591
0.3011814951896667,0.1731243431568145,0.1772777140140533
0.0970424711704254,0.1920785903930664,0.2199769765138626
-0.1807339489459991,0.1674921512603759,0.2426178157329559
-0.0339756719768047,0.112851545214653,0.0918283015489578
-0.0637565776705741,0.1038675680756568,0.016529144719243
-0.0359758175909519,0.1259779334068298,0.0636649653315544
-0.0040673776529729,0.095802828669548,0.10743098706007
-0.1657886356115341,0.0638784542679786,0.1031291857361793
-0.0678486600518226,0.0532136186957359,0.04506541416049
0.0302510056644678,0.0635602623224258,0.0379379950463771
-0.0124980565160512,0.0986708477139473,-0.0105794733390212
-0.0599577203392982,0.0980109125375747,-0.0469254963099956
-0.0137675665318965,0.0961299389600753,0.0219436604529619
0.1530815958976745,0.0516964308917522,-0.0233039781451225
0.2052883505821228,-0.0076425168663263,-0.0728112608194351
0.2006035894155502,-0.0208478011190891,-0.0337589345872402
0.0542810782790184,-0.0070539941079914,-0.089108683168888
0.0888635516166687,-0.0424189120531082,-0.1111599281430244
0.0344305261969566,-0.0730277895927429,-0.1352129131555557
-0.1004687026143074,-0.0793365463614463,-0.1352331489324569
0.0844627097249031,-0.1117999926209449,-0.1697952896356582
0.2067476063966751,-0.1356584429740905,-0.0545664429664611
0.1361353397369384,-0.1588092595338821,-0.0156614016741514
0.0828806385397911,-0.1451317965984344,-0.1212450861930847
-0.0416581742465496,-0.1666977703571319,-0.1617803275585174
-0.1097908914089202,-0.1761679798364639,-0.1803460121154785
0.0723887011408805,-0.1417737156152725,-0.2006061822175979
0.0596710480749607,-0.1267135441303253,-0.1218650341033935
0.0072575225494802,-0.1539058238267898,-0.0566113404929637
0.0361903719604015,-0.1714992076158523,-0.0135419005528092
0.037561472505331,-0.1453481167554855,0.0215847305953502
-0.0256145689636468,-0.0918148458003997,-0.0401268377900123
0.0340924896299839,-0.1165811717510223,-0.0640273988246917
0.1140789315104484,-0.1380662322044372,0.0245922096073627
-0.0186094157397747,-0.1273680031299591,-0.0197558738291263
-0.0142681961879134,-0.1210134327411651,-0.1298115402460098
0.0843894407153129,-0.1659740656614303,-0.0582696162164211
-0.0650541111826896,-0.1331287622451782,0.0614831484854221
-0.0782806128263473,-0.1525008976459503,0.023905474692583
-0.0421337969601154,-0.1355722546577453,0.1016071885824203
-0.1732063442468643,-0.0470768064260482,0.2240541726350784
-0.035175509750843,-0.0520449355244636,0.1384830772876739
0.2411088496446609,-0.1033727452158927,0.0758017748594284
-0.0489107184112072,-0.0493489280343055,0.0147863551974296
-0.5064135789871216,0.0467476546764373,-0.053969670087099
-0.2864028513431549,-0.0549715161323547,-0.1094409152865409
-0.1674732714891433,0.0060659982264041,0.0226659048348665
-0.0993863716721534,0.0771377757191658,0.1095294281840324
-0.021125229075551,-0.0230927765369415,0.1414740085601806
-0.0440417304635047,-0.0559170357882976,0.088352732360363
-0.1343492418527603,-0.0081482594832777,0.1115761324763298
-0.0185712464153766,0.0027177040465176,0.2344501167535781
-0.0369909331202507,-0.0085261091589927,0.2536211907863617
-0.2220614552497863,-0.0207382999360561,0.1816511303186416
-0.2560026049613952,-0.0334867723286151,0.1770445853471756
-0.0034018054138869,-0.0231632944196462,0.2244696319103241
0.2073065340518951,-0.0484774485230445,0.2585351467132568
0.0701867640018463,-0.0563755854964256,0.261365532875061
-0.1391214877367019,0.0335195772349834,0.3152798414230346
-0.0680244117975235,0.1687852591276168,0.2826872766017914
0.0100543480366468,0.1571066081523895,0.2732003927230835
0.0162222310900688,0.1463650166988372,0.3764050900936126
-0.0084765776991844,0.2136135250329971,0.3682501316070556
-0.055172711610794,0.218067392706871,0.3753131031990051
0.054701279848814,0.2141539007425308,0.3355251848697662
-0.0879634544253349,0.234253853559494,0.3334321975708008
0.0099527817219495,0.2912478446960449,0.37940713763237
-0.0202155075967311,0.336216390132904,0.4393415749073028
0.0301326308399438,0.3292836546897888,0.3989862501621246
0.0258278977125883,0.3329841196537018,0.374562919139862
0.034989658743143,0.4354408979415893,0.3888089656829834
-0.1839578598737716,0.4781444072723388,0.3870257139205932
-0.1136361062526702,0.4195815920829773,0.3778200149536133
-0.1535190790891647,0.4943335652351379,0.3916178345680237
-0.0723826736211776,0.5147607922554016,0.4014061987400055
0.1217095702886581,0.4302355051040649,0.4385799467563629
0.0104106701910495,0.4126957058906555,0.3956821262836456
-0.2460552006959915,0.5118499994277954,0.3202760517597198
0.1973472535610199,0.4985751807689667,0.318270593881607
0.3173849582672119,0.4771287143230438,0.2860165238380432
0.2329063266515731,0.4094865918159485,0.3572601675987243
0.2058768421411514,0.3498362898826599,0.3667482137680053
-0.1220877319574356,0.4312632381916046,0.2544370293617248
-0.1764910519123077,0.4943793714046478,0.1823093146085739
0.1936439275741577,0.3935853242874145,0.1728210300207138
0.2481330037117004,0.3581541180610657,0.1981916278600692
0.2739095091819763,0.3288193643093109,0.3369421660900116
0.2386196851730346,0.2767718732357025,0.3109385371208191
0.3592475950717926,0.3064671456813812,0.0854658931493759
0.1499569863080978,0.3194567263126373,-0.0386507287621498
0.1989681124687194,0.2648557424545288,-0.0680126771330833
0.0263891406357288,0.2265813201665878,-0.0715946331620216
0.030280664563179,0.2464502453804016,-0.0742861330509185
0.2000694274902343,0.2785104513168335,0.032591313123703
0.3508144319057464,0.2106483876705169,0.0288203731179237
0.2999770641326904,0.15589140355587,-0.0594562292098999
0.2086777538061142,0.152696281671524,-0.0665238872170448
0.0393201559782028,0.2342590540647506,-0.1118895038962364
0.0658638626337051,0.2559845745563507,-0.2446630746126175
0.1092163920402526,0.2098295837640762,-0.3114671409130096
0.1492735147476196,0.2004740834236145,-0.1966809779405594
0.1318804025650024,0.1426826864480972,-0.0661128610372543
0.0899856612086296,0.1330746859312057,-0.1380984485149383
0.0502893738448619,0.1180643141269683,-0.2235694080591201
-0.0284052863717079,0.1422920674085617,-0.3087337911128998
0.0358629152178764,0.1542150378227234,-0.3417623043060303
0.0675802081823349,0.1092918664216995,-0.3606323599815368
-0.0072596715763211,0.0821800976991653,-0.2876774668693542
0.2149718403816223,-0.016456089913845,-0.3446159660816192
0.3640974164009094,-0.0789271891117096,-0.3592311441898346
0.2362271696329116,-0.0556526780128479,-0.2526650428771972
0.013909675180912,0.028683504089713,-0.2285482585430145
0.1190858855843544,-0.111266441643238,-0.4084628522396087
-0.0248542428016662,-0.1550445407629013,-0.4565371870994568
-0.1096417158842086,-0.080897532403469,-0.3270279765129089
-0.0385811179876327,-0.0578468106687068,-0.251671701669693
-0.0195701699703931,-0.0344483815133571,-0.2830888330936432
0.3091254234313965,-0.0372084788978099,-0.3375701904296875
0.2399773895740509,-0.0615731999278068,-0.333248883485794
0.0819416791200637,-0.0089904172345995,-0.4145407974720001
0.1652639806270599,-0.0143656674772501,-0.5024388432502747
0.1292393952608108,-0.0055567291565239,-0.4211535155773163
0.4254511296749115,0.04370654001832,-0.3963755965232849
0.5574901700019836,-0.0462164245545864,-0.3760167956352234
0.3342721462249756,-0.145838052034378,-0.2301419228315353
0.166763037443161,-0.0632379800081253,-0.223030224442482
-0.0497883334755897,-0.0682988464832305,-0.2219809144735336
0.1680715680122375,-0.1177121996879577,-0.2653936445713043
0.7059949636459351,-0.0434391573071479,-0.1596078127622604
0.8257580995559692,-0.0723986402153968,-0.1419427990913391
0.5622084736824036,-0.1109080910682678,-0.2596356272697449
0.32143235206604,-0.0299136415123939,-0.2940985262393951
0.4200886189937591,0.0230224225670099,-0.2299466878175735
0.5034029483795166,-0.0373133532702922,-0.2056037932634353
0.2947287559509277,-0.0526440702378749,-0.1919879168272018
0.3708560168743133,-0.0463981591165065,-0.1604342460632324
0.133131667971611,-0.0954461693763732,-0.189377948641777
0.1620746403932571,-0.0715751945972442,-0.2853646576404571
0.6264904737472534,-0.0913078486919403,-0.1776050627231598
0.8259425759315491,-0.1906669288873672,-0.1910859793424606
0.4334613084793091,-0.2436746060848236,-0.3055344223976135
0.1993252336978912,-0.1700770854949951,-0.3692385852336883
0.1167377531528472,-0.1364981085062027,-0.4139396548271179
0.2511504292488098,-0.2674390971660614,-0.4226378202438354
0.3210367560386657,-0.2573226392269134,-0.34553262591362
0.1598113924264907,-0.2432667464017868,-0.2809717655181885
0.0388714969158172,-0.3037033975124359,-0.2966290712356567
0.0648839250206947,-0.2867225408554077,-0.3331737518310547
0.0900423377752304,-0.2513934671878814,-0.406799852848053
0.0944325625896453,-0.264799028635025,-0.4290058314800262
0.1182446479797363,-0.2478148341178894,-0.4669540822505951
0.1004808321595192,-0.2897287309169769,-0.5024992823600769
0.1296600848436355,-0.364391952753067,-0.5433536171913147
0.0444088391959667,-0.419121503829956,-0.5637076497077942
0.0107695888727903,-0.4872514009475708,-0.513765811920166
-0.1078055277466774,-0.5536820888519287,-0.4212838113307953
-0.0418907403945922,-0.5835039615631104,-0.3450815081596374
0.0699500441551208,-0.6377312541007996,-0.3143395781517029
0.1866641044616699,-0.6382312774658203,-0.329069435596466
0.2350074052810669,-0.621446967124939,-0.3629075586795807
-0.035429909825325,-0.617592453956604,-0.3413181900978088
-0.1091073304414749,-0.6242942810058594,-0.2987427711486816
-0.1153098866343498,-0.6144731044769287,-0.344828337430954
0.0453551597893238,-0.6467024087905884,-0.3129769563674927
0.0033495887182652,-0.6229856014251709,-0.1484890133142471
-0.3363552391529083,-0.5426025986671448,-0.0111021194607019
-0.4726978838443756,-0.5350558757781982,-0.0444165393710136
-0.4175052046775818,-0.4866092205047607,-0.0032603139989078
-0.2955043613910675,-0.4490119516849518,0.1531839221715927
0.0295522846281528,-0.4408480226993561,0.2186409682035446
-0.0043838322162628,-0.3631603121757507,0.2510542571544647
-0.1757827401161193,-0.2515440285205841,0.1172914206981659
-0.1806498765945434,-0.2477543950080871,0.0988616049289703
0.0136149423196911,-0.1936568021774292,0.2777629196643829
-0.0024751783348619,-0.0656669586896896,0.4757668673992157
-0.1642105430364608,0.0086799748241901,0.5211777687072754
-0.2868726253509521,0.1160059347748756,0.3760543167591095
-0.2217367589473724,0.1091557517647743,0.3734084665775299
-0.2485415041446685,0.1461193710565567,0.5313401222229004
-0.2855474650859833,0.260135680437088,0.5218395590782166
-0.3750188946723938,0.2348574548959732,0.4263180196285248
-0.4576053917407989,0.2070545852184295,0.4411475360393524
-0.4585876762866974,0.2484741061925888,0.5760090351104736
-0.5058093070983887,0.2813172936439514,0.5634756684303284
-0.5315801501274109,0.2909367382526397,0.434343010187149
-0.4700997173786163,0.2785229384899139,0.4126709997653961
-0.4332561790943146,0.331131637096405,0.4706957042217254
-0.2689785659313202,0.3685810267925262,0.6235422492027283
-0.0333873555064201,0.4114636778831482,0.6326679587364197
-0.1966095715761184,0.4173199534416199,0.5607247948646545
-0.3739973604679107,0.4643857181072235,0.496208518743515
-0.2859157025814056,0.5913079977035522,0.5566771626472473
-0.156222328543663,0.6124327778816223,0.4934369325637817
-0.1012954339385032,0.5203710198402405,0.4057664573192596
0.2994409799575805,0.445863276720047,0.3931070566177368
0.3127296268939972,0.3405118286609649,0.4633031785488128
-0.024755485355854,0.4412421882152557,0.5420653223991394
-0.47362220287323,0.5926764607429504,0.4937094748020172
-0.3532536327838897,0.4689727127552032,0.3702804148197174
-0.1571978330612182,0.3016113936901092,0.1931530535221099
0.1226465180516243,0.3799768090248108,0.1449614912271499
0.1035468578338623,0.3420099914073944,0.3491181135177612
-0.1009454652667045,0.3158499598503113,0.2626667618751526
-0.1564002037048339,0.3081172108650207,0.1203516945242881
0.0243438500910997,0.2410528063774109,0.0221297889947891
0.1827558577060699,0.1326206028461456,-0.0553463622927665
0.0795440077781677,0.0361619628965854,-0.0627715960144996
-0.0912144184112548,-0.0043479120358824,-0.1462590396404266
0.021222660318017,-0.0658805444836616,-0.2837665975093841
0.1802922040224075,-0.1987959891557693,-0.3683467209339142
0.2773495614528656,-0.2880600988864898,-0.3120633661746979
0.3712851107120514,-0.3815966844558716,-0.2704821228981018
0.1533001661300659,-0.4196025729179382,-0.3473111689090729
0.07182527333498,-0.4351250827312469,-0.5078569054603577
-0.0196490939706563,-0.3690898716449737,-0.6053521037101746
-0.066728189587593,-0.3312527239322662,-0.4709588289260864
-0.04323735460639,-0.4094091057777405,-0.4090393483638763
0.0573089607059955,-0.4125761389732361,-0.3335994780063629
0.1839160770177841,-0.3168968260288238,-0.2609414756298065
0.1175974979996681,-0.2772053480148315,-0.2190954834222793
0.0507561080157756,-0.3195703327655792,-0.2732765674591064
0.0645368993282318,-0.3641750812530517,-0.3289110660552978
0.1958862245082855,-0.3743458092212677,-0.2514334321022033
0.1397252082824707,-0.3504077196121216,-0.2205127924680709
0.0493004582822322,-0.399112731218338,-0.1882107853889465
0.1127057969570159,-0.3857649564743042,-0.1637829393148422
0.0530595518648624,-0.2955898344516754,-0.0316961370408535
0.1126773431897163,-0.27884441614151,0.0242949575185775
0.0778859332203865,-0.2278138995170593,0.0103779546916484
-0.0200515426695346,-0.1976320296525955,0.0358393751084804
-0.2010075747966766,-0.1456954181194305,-0.0051445849239826
-0.2813812494277954,-0.1650965511798858,-0.0934837684035301
-0.313681423664093,-0.1130033880472183,-0.044917419552803
-0.2091587483882904,-0.1244810819625854,0.1138043105602264
-0.1439220607280731,-0.1243261620402336,0.1594842225313186
-0.1271753013134002,-0.0857380256056785,0.1371379047632217
-0.0989010110497474,-0.0533579811453819,0.1591421961784362
0.0961659476161003,0.003644851502031,0.1912743002176284
0.0997813045978546,-0.0036798659712076,0.2319283485412597
0.125186800956726,-0.0669922605156898,0.2182412892580032
-0.0513405874371528,0.0039253593422472,0.2021847069263458
-0.147443413734436,0.0824366807937622,0.2000781446695327
0.0152965476736426,0.0418011806905269,0.2780161201953888
-0.0950435400009155,0.0985816419124603,0.3758316338062286
-0.0612983480095863,0.1390984803438186,0.418340265750885
-0.0378175228834152,0.1243839710950851,0.428952157497406
-0.1163082048296928,0.1807153522968292,0.3919513523578644
-0.1565693318843841,0.2377975434064865,0.3252234756946563
-0.1230558529496193,0.2290897965431213,0.3363703787326813
-0.0481440648436546,0.212166741490364,0.3375275433063507
0.0587741322815418,0.2266753762960434,0.4361553192138672
0.159470647573471,0.2467319071292877,0.532410204410553
0.1769573241472244,0.2529250383377075,0.598011314868927
0.069594107568264,0.2530898749828338,0.6075427532196045
-0.1391756683588028,0.3237996399402618,0.4857374131679535
0.0105922548100352,0.3626117706298828,0.4586384296417236
-0.0711913555860519,0.389150470495224,0.3665513098239898
-0.3511761426925659,0.4851456880569458,0.3733029663562774
0.1301535367965698,0.4471392631530761,0.4572282433509826
0.4615421295166015,0.4871452748775482,0.5306774377822876
0.1420206427574157,0.508520781993866,0.6162503361701965
0.4182271957397461,0.4200447201728821,0.7067515254020691
0.3192786276340484,0.4774315059185028,0.5261152982711792
-0.434658795595169,0.62247234582901,0.2364445477724075
-0.3040925860404968,0.4533226788043976,-0.0014912422047927
0.0480952896177768,0.3043020665645599,0.1340066641569137
0.0002643165644258,0.4414476752281189,0.381220668554306
-0.2549421489238739,0.3710185289382934,0.2154220938682556
-0.0334852300584316,0.3018626570701599,0.2540427446365356
0.0443192869424819,0.3801135122776031,0.2552297115325928
0.0828978717327117,0.305258572101593,0.0245506018400192
-0.010236601345241,0.1743085384368896,-0.0327374525368213
-0.1996180117130279,0.2324427515268325,-0.0243880506604909
-0.0664727464318275,0.2139103412628173,-0.0533603131771087
-0.0480929836630821,0.1554226279258728,-0.0032086719293147
0.1736055761575698,0.1079682856798172,-0.0182219762355089
0.1370925903320312,0.0766459703445434,-0.067179337143898
-0.0134164877235889,0.0552690438926219,-0.1584482640028
-0.0412618033587932,0.0738671943545341,-0.2721986770629883
-0.0765841081738472,0.0884357467293739,-0.2197330743074417
0.0190612524747848,0.0361006446182727,-0.1846803575754165
0.0472627989947795,-0.0180219784379005,-0.1089634969830513
0.0362913757562637,-0.0166469886898994,-0.0800170674920082
0.0965421944856643,0.01416259072721,-0.0612345896661281
0.1682224869728088,0.0184984020888805,-0.0761561393737793
0.0697979182004928,-0.0119724217802286,-0.2301771342754364
-0.1009194776415824,-0.0468406230211257,-0.3894780874252319
-0.2395383417606353,0.0176097434014081,-0.3985339105129242
-0.2124430686235427,0.068253256380558,-0.2580491006374359
-0.2198738306760788,0.0548434369266033,-0.2368532866239547
-0.3188471794128418,0.0721663534641265,-0.3087055385112762
-0.0899466425180435,0.0843838676810264,-0.2295220494270324
-0.0942864641547203,0.1000612825155258,-0.149794802069664
0.0814941525459289,0.0990242511034011,-0.1508416831493377
0.1986164003610611,-0.0023190681822597,-0.1392735689878463
0.0310220718383789,-0.027599923312664,-0.174381211400032
-0.0215605646371841,-0.01570993848145,-0.2142809480428695
0.1271167993545532,-0.0615826211869716,-0.2083604782819748
0.0506225079298019,-0.0816377103328704,-0.2759762704372406
0.0327130146324634,-0.0793695002794265,-0.2917427122592926
0.027877802029252,-0.0709083974361419,-0.2169395983219146
0.1899828165769577,-0.0111747635528445,-0.1349136978387832
0.0541688911616802,-0.0397610589861869,-0.1983792781829834
-0.0253530964255332,-0.0605315826833248,-0.2601619362831116
-0.1075288951396942,-0.0176245644688606,-0.3386538922786712
-0.1390567272901535,0.0053843487985432,-0.3668946027755737
-0.1673817634582519,-0.02646991237998,-0.354424387216568
-0.0874491110444068,-0.0491374097764492,-0.2716911733150482
0.0948120206594467,-0.1263036876916885,-0.2533906102180481
-0.0425037629902362,-0.2145139724016189,-0.2700340151786804
-0.0379228070378303,-0.2241226881742477,-0.2598582804203033
-0.0263316631317138,-0.1992474347352981,-0.2302314192056656
-0.0887374132871627,-0.2242189049720764,-0.2304504811763763
-0.1464590281248092,-0.2873523533344269,-0.3027281165122986
-0.2231386005878448,-0.2864693999290466,-0.3647001683712005
-0.0992403551936149,-0.1536067128181457,-0.2982354164123535
0.0731513425707817,-0.1590710580348968,-0.187080442905426
0.220775157213211,-0.2453670650720596,-0.1657977998256683
0.0103128449991345,-0.2134549915790558,-0.1757975220680236
-0.1590612679719925,-0.0652801543474197,-0.154788389801979
-0.0527817010879516,-0.0774066001176834,-0.1438859403133392
-0.0300602205097675,-0.1853926032781601,-0.2125881612300872
0.0780606269836425,-0.1102204993367195,-0.1165284886956214
0.0113700116053223,-0.1312072873115539,-0.0099165579304099
0.0629340037703514,-0.2006012350320816,-0.0827691704034805
-0.0013994424371048,-0.1881906390190124,-0.2324753105640411
-0.0715104788541793,-0.1460219919681549,-0.2279464900493621
-0.0280548743903636,-0.1071707308292388,-0.2421283572912216
-0.1004213914275169,-0.1017756983637809,-0.1918185800313949
-0.0975957736372947,-0.0789627954363823,-0.1547316759824752
-0.098423883318901,-0.0816315189003944,-0.0855602994561195
0.0633434429764747,-0.0987420603632927,-0.0612877234816551
-0.0500087477266788,-0.0509478934109211,-0.0753963366150856
-0.0286376811563968,-0.0483105666935443,-0.0160667020827531
-0.0338021516799926,-0.0520291849970817,-0.0221395436674356
-0.1834052205085754,-0.022871296852827,-0.0795205384492874
-0.1238243207335472,-0.0147979166358709,-0.1036737188696861
0.0528971850872039,-0.0168014131486415,-0.0083253625780344
0.0600255317986011,-0.0356482788920402,0.0468502193689346
-0.0650447607040405,-0.0083689885213971,0.0289868041872978
-0.0688850283622741,0.0112851187586784,0.0301488135010004
-0.0237974412739276,0.012893134728074,0.0551652163267135
0.0136634809896349,0.0159917753189802,0.0541302636265754
0.05315762758255,0.0162098873406648,0.0771727338433265
0.0307690352201461,0.0221485681831836,0.0974830314517021
-0.0486845113337039,0.0077035827562212,0.1188000366091728
-0.0431685708463192,0.0085949432104825,0.03178071975708
-0.1065291613340377,0.0441494733095169,0.0063123772852122
-0.0871549621224403,0.056951779872179,0.0197598915547132
-0.1999289095401764,0.0523144155740737,-0.0099961403757333
-0.1019743755459785,0.0139197465032339,0.0027692827861756
-0.1949447989463806,0.0265913344919681,-0.0098288003355264
-0.0048700892366468,0.0314942523837089,0.0839502587914466
0.0683615133166313,0.0225284527987241,0.0842285603284835
0.0951083153486251,0.0034669544547796,0.0556457936763763
0.0094083305448293,-0.0198061428964138,-0.0576581247150898
-0.0864230841398239,-0.0192051772028207,-0.1672949492931366
-0.0276676211506128,-0.0468626394867897,-0.1599643230438232
0.0987160429358482,-0.0738472789525985,-0.1031805202364921
0.04510048776865,-0.0874251350760459,-0.0179891940206289
-0.0389617048203945,-0.0878668427467346,-0.0292621050029993
-0.0318294949829578,-0.1000745072960853,-0.0453281588852405
-0.1293340772390365,-0.0808236226439476,-0.0900003090500831
-0.1394426375627517,-0.0392117276787757,-0.106559582054615
-0.0569008961319923,-0.0062260814011096,-0.0099515477195382
-0.0024099552538245,-0.0137292714789509,-0.0101845748722553
-0.1417308896780014,-0.0439174249768257,-0.0846002325415611
-0.005201265681535,-0.0225325096398592,-0.1399322003126144
-0.0964026451110839,0.0156914331018924,-0.0838084816932678
-0.0067798122763633,0.030986500903964,-0.0565227977931499
-0.0045774965547025,0.0292318221181631,-0.052130039781332
-0.0367093309760093,0.0906693488359451,0.0526331216096878
0.0689787417650222,0.1097670942544937,0.0766560435295105
0.1747784167528152,0.0088868252933025,0.106728196144104
0.2739180028438568,0.0173095315694808,0.0284045841544866
-0.0785098075866699,0.0596732348203659,-0.0533427409827709
0.0789902284741401,0.0375243611633777,-0.1459157466888427
0.0790083408355712,0.0431502908468246,-0.181050032377243
0.194378986954689,0.0767257437109947,-0.0358815342187881
-0.0572159737348556,-0.0189323350787162,-0.00239441357553
-0.0232623443007469,-0.1095629781484603,-0.1325004398822784
-0.1030506491661071,-0.0649467706680297,-0.25453981757164
-0.1398432552814483,0.0146298576146364,-0.2450106292963028
0.0109078958630561,-0.0185898803174495,-0.2569796741008758
0.0436732694506645,-0.0299108270555734,-0.1852579861879348
0.167746216058731,-0.0396979413926601,-0.1483582854270935
-0.1261653900146484,-0.0807320028543472,-0.2142509669065475
0.0573040395975112,-0.130680650472641,-0.3339931070804596
0.0964599847793579,-0.1572727859020233,-0.324082612991333
0.0081397062167525,-0.1658865064382553,-0.2869752049446106
0.038458090275526,-0.2471196949481964,-0.3389761447906494
0.2196521162986755,-0.3204288184642792,-0.4280463755130768
0.0724503397941589,-0.3325885832309723,-0.437679260969162
0.100162923336029,-0.3974008858203888,-0.4682899117469787
0.0042410232126712,-0.453348696231842,-0.4998101890087127
0.0994157418608665,-0.4468199610710144,-0.4427221417427063
0.058237999677658,-0.4366414248943329,-0.4098246097564697
-0.0571698173880577,-0.4422612190246582,-0.4240474700927734
-0.1617779582738876,-0.4657488763332367,-0.4645611643791199
-0.2288012057542801,-0.4660223722457886,-0.3664732277393341
-0.0759347304701805,-0.4673274457454681,-0.3316184878349304
-0.0777328982949256,-0.4606602489948272,-0.3340891003608703
-0.1365489810705185,-0.4128462672233581,-0.3714069128036499
-0.1473821997642517,-0.3737603724002838,-0.3912799656391144
0.0117288902401924,-0.3491806983947754,-0.3754876554012298
0.040180504322052,-0.4067619442939758,-0.3732077181339264
-0.1189257055521011,-0.4691928923130035,-0.3222221434116363
-0.0961825773119926,-0.4758124351501465,-0.3178404569625854
-0.1171906590461731,-0.4482769668102264,-0.2580988109111786
-0.0452943630516529,-0.4607980847358703,-0.2177181243896484
-0.0024393806234002,-0.4806530177593231,-0.1803347021341323
-0.0705166980624198,-0.4893109500408172,-0.1665946543216705
-0.1362435668706894,-0.4722353219985962,-0.1820035576820373
-0.1115256920456886,-0.4084102809429168,-0.1554691642522812
-0.0920004770159721,-0.3881048560142517,-0.0766450837254524
0.003728705458343,-0.344114750623703,-0.0164488554000854
0.0836881324648857,-0.3098218142986297,-0.0357799679040908
-0.0518942028284072,-0.3078129887580871,-0.0566801875829696
0.0085467081516981,-0.2761935591697693,-0.0150865130126476
0.0243746731430292,-0.2538131475448608,0.0294476654380559
-0.1834351271390915,-0.2726202011108398,0.0982201918959617
-0.0978025197982788,-0.288893461227417,0.0824574753642082
0.0036814929917454,-0.2813979983329773,0.1108017638325691
-0.0194744262844324,-0.2220635712146759,0.1903301477432251
-0.0094610713422298,-0.2010746300220489,0.1857964098453521
0.0991908386349678,-0.2018725126981735,0.1837987750768661
0.067569687962532,-0.142381340265274,0.1536423861980438
-0.1245803162455558,-0.0985217466950416,0.18767811357975
-0.0204460341483354,-0.0816979706287384,0.2293115258216858
-0.0700756385922432,-0.0562610514461994,0.2552882730960846
0.0251587443053722,-0.0049224710091948,0.2785695493221283
0.017951164394617,-0.0170742087066173,0.3357537388801574
0.1013491153717041,0.0097507471218705,0.3839598894119262
0.1306060701608657,0.0842462852597236,0.3566454648971557
-0.0485899075865745,0.0863948315382003,0.3101532161235809
-0.0949880331754684,0.1279369443655014,0.1982764601707458
-0.0105261066928505,0.1024766787886619,0.1725918054580688
0.3906562030315399,0.0778376460075378,0.3144464194774627
0.3471477627754211,0.0534750185906887,0.3779100477695465
0.0521906800568103,0.0266351494938135,0.3360930979251861
-0.0137928947806358,0.036597590893507,0.2507026195526123
-0.0483809635043144,-0.0101566016674041,0.1019472330808639
0.042453471571207,-0.0656736195087432,0.0410506092011928
0.1416516900062561,-0.1099036633968353,0.1022279486060142
-0.053103007376194,-0.1932654529809951,0.089747816324234
-0.2371503412723541,-0.2820901274681091,-0.0776630192995071
-0.2943648993968963,-0.2315158247947693,-0.1657675355672836
-0.0425100214779377,-0.1942163854837417,-0.0314073227345943
0.1028498411178588,-0.1964106410741806,0.1473125666379928
0.0988252684473991,-0.1842296123504638,0.2107634395360946
-0.067556008696556,-0.2368130534887313,0.1126745343208313
-0.1018977314233779,-0.2356178164482116,0.0929194688796997
0.0525289252400398,-0.1975736767053604,0.107904776930809
0.1729149967432022,-0.2351711094379425,0.0905249938368797
0.1851504892110824,-0.2957430779933929,0.0475607700645923
0.0813207626342773,-0.2832802832126617,0.0214071981608867
0.0218269396573305,-0.2053498327732086,0.0724485218524932
0.0389686413109302,-0.1646756380796432,0.1379968971014022
0.1194915249943733,-0.2166204750537872,0.1546629816293716
-0.0362874194979667,-0.186638593673706,0.1868451386690139
-0.0599626190960407,-0.1299755275249481,0.2184966653585434
-0.0146955400705337,-0.064191460609436,0.3088646233081817
0.0808782279491424,-0.0493564009666442,0.3727449476718902
-0.1251282095909118,0.0303149931132793,0.3521792292594909
-0.1828359365463256,0.0658310204744339,0.2255311608314514
-0.130446508526802,0.0918881893157959,0.3084942400455475
0.1713921725749969,0.1403979361057281,0.5117490291595459
0.3816255629062652,0.1739074289798736,0.5762337446212769
0.0858904048800468,0.193207710981369,0.5122913718223572
-0.1850071400403976,0.1688134223222732,0.4163320958614349
-0.0616578049957752,0.1635785847902298,0.4109213352203369
-0.0357716158032417,0.2066645324230194,0.4441879391670227
0.129714161157608,0.2162257730960846,0.451389342546463
0.3097920417785644,0.1899387687444687,0.5042856335639954
0.4123295247554779,0.1403665393590927,0.6022509932518005
0.0955755636096,0.1959887892007827,0.5062184929847717
-0.2543152570724487,0.3140775263309479,0.3729005455970764
-0.2276969403028488,0.2149445563554763,0.2433435916900634
-0.3387461006641388,0.2233814150094986,0.2679471671581268
-0.3647787570953369,0.3025825023651123,0.4221796095371246
-0.1227231621742248,0.2832891643047333,0.5732411742210388
0.2459099888801574,0.2379299402236938,0.5852981209754944
-0.0290288086980581,0.1498926430940628,0.3417595028877258
-0.2806248068809509,0.2045108824968338,0.1781750917434692
-0.2477891147136688,0.2984176278114319,0.2395775467157364
0.0852010920643806,0.297357439994812,0.348492830991745
-0.0016570824664086,0.2472074776887893,0.3178167343139648
-0.0362033434212207,0.1889550983905792,0.3497485518455505
0.0894636511802673,0.1126440539956092,0.3764890730381012
0.0898010730743408,0.1013336107134819,0.4339089691638946
-0.1284905076026916,0.1467929780483245,0.3525033295154571
-0.1985596120357513,0.1188388392329216,0.354238361120224
-0.2955331802368164,0.1220525205135345,0.4010341465473175
-0.250879168510437,0.1706421673297882,0.3829291760921478
-0.1094454973936081,0.170135349035263,0.3799465894699096
-0.1390241682529449,0.2051924020051956,0.4387020468711853
0.043885301798582,0.2941272556781769,0.4664749503135681
0.052443902939558,0.3402145802974701,0.4757368862628937
-0.1555424481630325,0.415133535861969,0.386428028345108
-0.4397677779197693,0.5091612339019775,0.2762104272842407
-0.164824366569519,0.480919599533081,0.274350106716156
0.1648715138435363,0.4594097733497619,0.4370013475418091
0.1842256784439087,0.5217804312705994,0.5687377452850342
0.0871281549334526,0.4587210416793823,0.4446387588977813
0.1032279282808303,0.4452865421772003,0.3893710970878601
0.083669938147068,0.5642824172973633,0.3407380580902099
0.0709642991423606,0.5149160027503967,0.2553178071975708
0.1120339706540107,0.4045897424221039,0.2375313490629196
0.2062589675188064,0.3775421977043152,0.2748715877532959
0.0235655792057514,0.3967262804508209,0.2731770277023315
-0.1193521246314048,0.3796766400337219,0.1063203588128089
-0.086130253970623,0.3573742508888244,0.0003747518057934
-0.0190435014665126,0.399954617023468,0.1255963742733001
0.0618662610650062,0.3743794858455658,0.225075826048851
-0.1180852949619293,0.3413104116916656,0.2194367349147796
-0.0703563839197158,0.3616412281990051,0.1666901558637619
-0.0770765393972396,0.4502905011177063,0.1684118211269378
0.0276448111981153,0.500675618648529,0.2499817907810211
0.128199890255928,0.4682864248752594,0.1818521171808242
0.1828772574663162,0.4331752955913543,0.1466499269008636
0.1063617765903472,0.4892733991146087,0.096485786139965
0.1508424282073974,0.5126005411148071,0.1266029328107834
0.4252223074436188,0.4037522375583648,0.0941484272480011
0.1980775594711303,0.3351897001266479,0.0257049240171909
0.0279975589364767,0.3965212404727936,-0.0102982837706804
0.0217175595462322,0.3991468548774719,-0.0700034275650978
0.1950226724147796,0.3330914676189422,-0.039371870458126
0.3319927752017975,0.2584742307662964,-0.1273019909858703
0.1387741267681121,0.1766974478960037,-0.1935174316167831
0.2408877164125442,0.1052022203803062,-0.1688941121101379
-0.0661408901214599,0.1007179468870163,-0.1720845103263855
0.1059680208563804,0.1175403296947479,-0.197350189089775
0.2381639182567596,0.0782655924558639,-0.2808309197425842
0.0931976810097694,0.025161363184452,-0.287796139717102
-0.0318412482738494,0.0095209088176488,-0.3103170692920685
0.0042557693086564,0.0438791513442993,-0.3285378813743591
0.1262137293815612,-0.0150717422366142,-0.372972309589386
-0.051586877554655,-0.0728900358080864,-0.4882695972919464
-0.1411908268928527,-0.1251861453056335,-0.4997371733188629
-0.0103057781234383,-0.1255821585655212,-0.4410637319087982
0.1559239774942398,-0.0750864967703819,-0.3432510197162628
0.2122889906167984,-0.1111531555652618,-0.4226869940757751
0.2020623534917831,-0.2091841399669647,-0.4909046590328216
0.1762121170759201,-0.1937985271215438,-0.4611214697360992
-0.0063472096808254,-0.1268799304962158,-0.3631453514099121
0.0200111605226993,-0.1306048929691314,-0.3372551798820495
0.1045229956507682,-0.1749562472105026,-0.3877361118793487
0.0416233912110328,-0.1639901399612426,-0.3754709362983703
0.1343628168106079,-0.1407667845487594,-0.3059181869029999
0.0969216972589492,-0.1162960603833198,-0.2983505427837372
0.135267436504364,-0.1550157964229583,-0.3545407056808471
0.1787406057119369,-0.1626731902360916,-0.3738134503364563
0.1915619522333145,-0.1781965792179107,-0.3695767819881439
0.1641178131103515,-0.1893752068281173,-0.3698271214962005
0.1953074187040329,-0.1570383012294769,-0.3446796834468841
0.3166818022727966,-0.1268239319324493,-0.2974357306957245
-0.0662229135632515,-0.108481079339981,-0.2606093287467956
-0.22037173807621,-0.1916569322347641,-0.2913054525852203
-0.1977663040161132,-0.1518109887838363,-0.3257359564304352
-0.0694911554455757,0.0333029329776763,-0.0766531750559806
0.0116968499496579,0.0386137589812278,-0.1378324925899505
0.0012647154508158,-0.0823371633887291,-0.2481534034013748
-0.0423534587025642,-0.1044254750013351,-0.2296758592128753
-0.0299745537340641,0.0242294408380985,-0.1861584782600402
0.3140029907226562,0.0152515918016433,-0.0746670663356781
0.1552943140268325,-0.0648035630583763,-0.107438325881958
-0.0212241485714912,-0.0602955818176269,-0.1504017859697342
-0.0740080028772354,-0.0795694142580032,-0.0995774716138839
0.060096051543951,-0.0948575958609581,-0.0911533012986183
0.2547414600849151,-0.0571150109171867,-0.0498173125088214
0.4099244475364685,-0.152938574552536,0.0405674576759338
0.1694356650114059,-0.1599658578634262,-0.0169264618307352
0.0958082824945449,-0.129337191581726,-0.0294645614922046
-0.1408596485853195,-0.1195266395807266,0.0044230977073311
0.1716852039098739,-0.1431210339069366,-0.099857248365879
0.2752305269241333,-0.0811700522899627,-0.1320026665925979
0.1623060852289199,-0.0995053797960281,0.040156316012144
0.2413660883903503,-0.0911105349659919,0.0999662578105926
0.3123978674411773,-0.1051149442791938,0.0766498893499374
0.1522920578718185,-0.1247887834906578,0.0720993429422378
0.0818198695778846,-0.0627023354172706,0.0571483746170997
0.3068878650665283,-0.0399831756949424,0.0159870870411396
0.4132283627986908,-0.0509181804955005,0.1724912524223327
0.2684602439403534,0.0008760378696024,0.241941437125206
0.1657608598470688,-0.0042493371292948,0.1396960616111755
-0.030323427170515,-0.00573271792382,-0.0181585531681776
-0.0841772556304931,0.06078926846385,-0.0757542550563812
0.0278462208807468,0.1240401417016983,0.0301700439304113
0.2702232301235199,0.1195151284337043,0.2420501261949539
0.3624948263168335,0.145741656422615,0.300705999135971
-0.0126545839011669,0.134987324476242,0.1961136311292648
-0.0667324662208557,0.1775582283735275,0.0915478020906448
0.0582017675042152,0.1939013451337814,0.071376122534275
0.1058941856026649,0.2044096440076828,0.0219835378229618
-0.0681526511907577,0.167634516954422,0.0759918838739395
-0.0499305054545402,0.1629167199134826,0.0932054966688156
0.0822580978274345,0.140449047088623,0.1013702377676963
0.0272233448922634,0.0933483764529228,0.0993230640888214
-0.210105150938034,0.0302376840263605,0.0259276647120714
-0.0401904135942459,0.0069541973061859,0.0103487065061926
-0.1945323199033737,0.0342711135745048,0.0912686735391616
-0.2295632660388946,0.070065326988697,0.0402464978396892
0.0441145412623882,0.0296222306787967,0.0510686859488487
0.0383048541843891,0.0019208281300961,0.0726999416947364
-0.0944841206073761,-0.0159391779452562,0.0355966687202453
0.0084901954978704,-0.0188758447766304,-0.0161634664982557
0.0099828578531742,-0.0167515277862548,0.037541102617979
-0.098446674644947,-0.0317786782979965,0.0132006099447608
-0.0562706775963306,-0.0445591211318969,0.0027162404730916
0.1764880120754242,-0.0496849045157432,0.1045046523213386
-0.0284168645739555,-0.0324849337339401,0.0602133013308048
-0.2461332082748413,-0.0154966283589601,-0.0838735625147819
-0.2001181840896606,-0.0199257489293813,-0.1637254357337951
-0.0356615930795669,0.0775922834873199,-0.0280616078525781
0.2196937054395675,0.0670870989561081,0.0197436530143022
0.1256596148014068,-0.032541487365961,-0.0735578015446662
-0.102037064731121,-0.0985296890139579,-0.1020017713308334
-0.2431680858135223,-0.0232602320611476,-0.04170673340559
0.056040171533823,0.0373536981642246,0.0745344012975692
0.3172725737094879,0.0563841164112091,0.2345456480979919
0.2080713361501693,0.052782516926527,0.2835822701454162
0.0352186076343059,0.0383894629776477,0.1816295385360717
-0.1256886422634124,0.0382590591907501,0.0350608639419078
-0.0790028870105743,0.0557389855384826,-0.0555558539927005
0.2204907238483429,0.1033462360501289,-0.0641956776380539
0.3402919471263885,0.1225886419415474,0.0273254457861185
0.2964881360530853,0.0864650085568428,0.2026147842407226
0.0640224143862724,0.1108427867293357,0.2248087674379348
-0.056412361562252,0.132497176527977,0.1425914019346237
-0.0252805426716804,0.1490045189857483,0.04486670717597
-0.0827505216002464,0.2066387981176376,0.1560657769441604
-0.1527722179889679,0.1865284740924835,0.1759534627199173
-0.2189856469631195,0.1267689317464828,0.1020822152495384
-0.1191969960927963,0.1601311564445495,0.0620450489223003
-0.1044499948620796,0.1969152390956878,0.0345957353711128
-0.0826485604047775,0.1806055158376693,0.0541201680898666
-0.1575697809457779,0.2003481239080429,0.1449314653873443
-0.2027606964111328,0.2320218980312347,0.2337638735771179
-0.0595881938934326,0.2056852281093597,0.1676027625799179
-0.1552904844284057,0.2219536751508712,0.1812195032835006
0.0027849385514855,0.2573731541633606,0.208798736333847
0.0070270881988108,0.1478306651115417,0.2113226056098938
-0.2007878720760345,0.1861118972301483,0.0868475064635276
-0.2075685411691665,0.2525289952754974,0.0028519462794065
-0.2149901092052459,0.3129494488239288,0.082592137157917
-0.1989259123802185,0.3420543372631073,0.147023856639862
0.0011564326705411,0.2996776103973388,0.2234596908092498
0.0828584879636764,0.3224484324455261,0.2492585331201553
0.1505775600671768,0.3245156109333038,0.1621820479631424
0.1177429184317588,0.3531528413295746,0.1288227587938308
0.0593664608895778,0.3222565352916717,0.084800086915493
-0.0315109826624393,0.2479202598333358,0.0398248918354511
0.0174504928290843,0.1781500726938247,-0.1101531088352203
-0.1309022158384323,0.2414030730724334,-0.1485060751438141
0.0412355475127697,0.2420310825109481,-0.0315967537462711
0.1019929051399231,0.1130563169717788,-0.0052058910951018
0.1552135944366455,0.0968113243579864,-0.0138888349756598
0.0425754748284816,0.1855853945016861,-0.0897961184382438
0.092905506491661,0.1926663368940353,-0.1491731107234954
0.0759195983409881,0.1584202200174331,-0.2473420351743698
0.0448223799467086,0.1301669180393219,-0.2409623712301254
0.1737468093633651,0.0872269049286842,-0.1886967718601226
0.1257347762584686,0.0571708902716636,-0.0967584922909736
0.067024327814579,0.0166660733520984,-0.1797500550746917
0.1183947250247001,0.0049196542240679,-0.2587734162807464
0.0773040130734443,0.0216863844543695,-0.2507141530513763
0.0827330276370048,-0.0100526995956897,-0.3535860776901245
0.1412346959114074,-0.0491348542273044,-0.3028421998023987
0.0016952510923147,-0.0568689927458763,-0.3184965550899505
-0.0110509041696786,-0.146839365363121,-0.3572948276996612
0.2182325422763824,-0.1492012739181518,-0.3088074028491974
0.1637437343597412,-0.1643655747175216,-0.3197236955165863
0.174391284584999,-0.2428800463676452,-0.3980694115161896
0.0737520232796669,-0.2783347070217132,-0.4581710994243622
-0.1937201619148254,-0.25339275598526,-0.4908793568611145
-0.035756878554821,-0.1740896850824356,-0.4152525067329407
0.0860811248421669,-0.1769087612628936,-0.2788282334804535
0.1155655160546302,-0.2325286120176315,-0.2742460072040558
0.0884784683585167,-0.2420289516448974,-0.3856365382671356
-0.1146514788269996,-0.2152383476495742,-0.4346408545970917
-0.2325038313865661,-0.173035517334938,-0.3451318740844726
-0.1159710958600044,-0.1473661065101623,-0.2430324107408523
0.1112111583352088,-0.2085975408554077,-0.1271908283233642
-0.0570372343063354,-0.2405647933483123,-0.1680250763893127
-0.0834100991487503,-0.2251437455415725,-0.3070419430732727
-0.1542445868253708,-0.2162700891494751,-0.3129006326198578
-0.208623394370079,-0.1725752353668213,-0.254465639591217
-0.0919897258281707,-0.1540406942367553,-0.1139141023159027
0.1212769150733947,-0.1433580815792083,0.0174630433320999
-0.0195078942924737,-0.1261170357465744,-0.0069749215617775
-0.2239339351654052,-0.1391762197017669,-0.0899885967373848
-0.2912940680980682,-0.1300165355205536,-0.1508056074380874
-0.1049623861908912,-0.0818889588117599,-0.1690186411142349
-0.0661603957414627,0.009954685345292,-0.1459798961877823
0.1315770894289016,0.0629554912447929,0.0346975326538085
0.1926726549863815,0.0727870836853981,0.0767123624682426
0.0859800204634666,0.0333430655300617,-0.0517154745757579
-0.086032748222351,0.0382366254925727,-0.1451375782489776
-0.1282899975776672,0.0265399329364299,-0.1964688748121261
0.0018850566120818,-0.0857261568307876,-0.1831112504005432
0.2311260402202606,-0.0450014509260654,-0.0234197285026311
0.1292361617088318,-0.0279862470924854,0.1142688989639282
-0.0386570207774639,-0.2129632234573364,-0.0300866048783063
-0.0964113995432853,-0.3010227680206299,-0.2458005249500274
-0.1480547189712524,-0.1560131311416626,-0.3079259097576141
-0.1333988159894943,-0.1651437729597091,-0.1761883944272995
0.202625423669815,-0.1682477444410324,-0.0506422966718673
0.2435416877269745,-0.1383268684148788,0.0130413426086306
-0.1387796998023986,-0.1688165813684463,-0.0594800859689712
-0.1360113471746444,-0.241898775100708,-0.2536176145076751
-0.0274419225752353,-0.1689290255308151,-0.2386339157819748
-0.017061186954379,-0.1097991168498992,-0.0740079507231712
-0.0020147017203271,-0.1296100169420242,0.0315930321812629
0.0888643413782119,-0.1276493966579437,0.0742560774087905
0.0750368386507034,-0.1338237226009369,-0.0417984724044799
-0.1023613810539245,-0.170102909207344,-0.1385098248720169
0.0422146469354629,-0.1978213936090469,-0.1528547704219818
0.1792971342802047,-0.1838885396718979,-0.0914654359221458
0.1379034370183944,-0.1841336190700531,-0.002913137897849
0.1148447319865226,-0.1817674040794372,-0.0307061523199081
0.061151172965765,-0.2057470083236694,-0.0370121076703071
0.0199424847960472,-0.2406911551952362,-0.0035582785494625
-0.0469619929790496,-0.2544980645179748,-0.0066958013921976
-0.008899831213057,-0.2391124665737152,-0.0137715535238385
-0.0515916161239147,-0.193897545337677,0.02744597569108
0.010736471042037,-0.164533257484436,0.0309163406491279
0.0571973361074924,-0.1655328571796417,-0.0853216275572776
-0.1379567086696624,-0.1830679178237915,-0.15540112555027
-0.1452435851097107,-0.1488406062126159,-0.178530752658844
0.0396996438503265,-0.1170003935694694,-0.0483938045799732
0.1450483649969101,-0.0973091945052146,0.0847869366407394
-0.1122140660881996,-0.0790212675929069,0.1000713557004928
-0.2258022725582122,-0.0824605450034141,-0.0522714257240295
0.0613892935216426,-0.0683913305401802,-0.0731807053089141
0.1398632377386093,-0.0445219688117504,0.0213287323713302
0.0719595700502395,-0.1194132566452026,0.0660842210054397
-0.0469624325633049,-0.147345632314682,0.042618054896593
-0.1173668205738067,-0.0597521439194679,0.0062280870042741
-0.2435306459665298,-0.0155578982084989,0.0019764516036957
-0.039797481149435,-0.0168940052390098,0.0534833185374736
0.0318817645311355,-0.0162852946668863,0.0778387039899826
-0.2261854708194732,-0.0841809883713722,0.0729768350720405
-0.1836514174938202,-0.0827924758195877,0.074782907962799
-0.0478485710918903,0.00269579840824,0.1316190361976623
-0.0600698366761207,0.0452582500874996,0.1289041936397552
-0.0500827170908451,-0.0125813474878668,0.1413318365812301
-0.069026380777359,-0.0260575246065855,0.1972107291221618
-0.0475328043103218,0.0058681843802332,0.2315979897975921
-0.0664637312293052,0.0442130900919437,0.2882178723812103
0.013878246769309,0.080878160893917,0.3086507320404053
-0.0078676082193851,0.1286069750785827,0.2483451962471008
-0.0672579631209373,0.1220926195383071,0.2150631248950958
-0.0048707034438848,0.1392032206058502,0.1679446697235107
0.0673102885484695,0.1345530748367309,0.1784705519676208
-0.0673805847764015,0.1434946656227111,0.2064773589372635
-0.1970845162868499,0.162801519036293,0.1818191409111023
-0.0075231669470667,0.1619187891483307,0.1340418010950088
0.0120092555880546,0.1842408776283264,0.2342672049999237
0.0396233908832073,0.1186657324433326,0.2591402530670166
0.1063859090209007,0.0144714154303073,0.1891726106405258
0.0342888794839382,0.0551012195646762,0.1113134026527404
-0.1663614064455032,0.1133866310119628,-0.0240990165621042
0.0371292866766452,0.0569899380207061,-0.0221805050969123
0.0646479949355125,0.0641610324382782,0.0618912279605865
0.008506872691214,-0.0228546913713216,0.086699441075325
-0.031835488975048,-0.1060862019658088,0.000732606393285
0.0482652634382247,-0.0514097288250923,-0.0225174594670534
-0.0008503502467647,-0.003470963332802,0.0251288879662752
0.0496971532702446,-0.001895036548376,0.0123231522738933
0.0722578540444374,-0.0174481626600027,-0.0609555877745151
-0.0164617262780666,-0.0174016915261745,-0.1476182341575622
-0.1181303039193153,0.0268483273684978,-0.1420136094093322
0.136812075972557,0.0944833979010582,-0.0777375549077987
0.311414510011673,0.0427136793732643,-0.0183554515242576
0.1653504818677902,-0.0069872220046818,-0.0852814987301826
0.0001399544999003,-0.0016209525056183,-0.1220195367932319
0.0335835218429565,-0.0228071101009845,-0.0836692303419113
0.1399459093809127,-0.0244561396539211,-0.0068056089803576
0.1563535332679748,-0.0491023398935794,0.0412566326558589
0.161270260810852,-0.0862877890467643,0.0419826097786426
0.1282955855131149,-0.1038570627570152,0.0119089419022202
0.2060026377439499,-0.1109828799962997,-0.0123087801039218
0.1962379813194275,-0.0824949890375137,-0.0535490810871124
-0.1103816106915474,-0.0494984202086925,-0.074537456035614
-0.1551067233085632,-0.0624212995171546,-0.1288189142942428
-0.0488135740160942,-0.0318878889083862,0.0094388388097286
0.0083501636981964,-0.0092571014538407,0.1498181372880935
-0.0025211262982338,-0.0217995252460241,0.1137442886829376
-0.0651309862732887,-0.0127812437713146,0.0258872844278812
-0.1893477439880371,0.0293393116444349,-0.0080235451459884
-0.1422008275985717,0.0554663687944412,0.0222149789333343
0.0814466327428817,0.0599252954125404,0.1018442958593368
0.1458838582038879,0.0189724974334239,0.1129229068756103
-0.1825289130210876,-0.044087428599596,-0.0062767225317656
-0.1857499182224273,-0.0238291118294,-0.1232567429542541
-0.0467592701315879,0.0084609184414148,-0.0880867764353752
-0.0680112764239311,0.0501259490847587,-0.0508766621351242
-0.275480568408966,0.0348607115447521,-0.0884107202291488
-0.3062705099582672,-0.0097916536033153,-0.1404496133327484
-0.2333483844995498,-0.0041657267138361,-0.1226759329438209
-0.0023038769140839,0.0039028748869895,-0.073195643723011
0.1507306843996048,-0.0234035812318325,-0.0492487661540508
-0.0533610358834266,-0.0508712567389011,-0.0603341087698936
-0.40330570936203,-0.0476115494966506,-0.0957893058657646
-0.2531455159187317,-0.0428397394716739,-0.1101679131388664
0.0975499376654625,-0.0759654715657234,-0.1077894493937492
-0.0386960729956626,-0.0760008469223976,-0.0787613242864608
-0.0236931573599576,-0.0972856283187866,-0.0747490003705024
0.0449547953903675,-0.0983762145042419,-0.0940332412719726
0.0869832038879394,-0.0569917559623718,-0.0669624730944633
0.1193433105945587,-0.0502305664122104,-0.1060227304697036
0.0755300521850586,-0.0808459967374801,-0.1476045250892639
0.1071775630116462,-0.091214507818222,-0.1250783503055572
0.0979931205511093,-0.0919476747512817,-0.1557816714048385
0.1553783863782882,-0.091656319797039,-0.1363038420677185
0.1207913756370544,-0.1319393068552017,-0.1019706428050994
0.0796257555484771,-0.1085852608084678,-0.0680017843842506
0.0353017039597034,-0.1196198016405105,-0.0996276214718818
0.0717490464448928,-0.1285088211297989,-0.1814993321895599
0.1002645716071128,-0.0988390743732452,-0.2137605994939804
0.241020068526268,-0.0848331972956657,-0.2535189986228943
0.1730428785085678,-0.1072141304612159,-0.2384982109069824
0.0733645856380462,-0.1064911186695098,-0.2159709930419922
0.1197062507271766,-0.1108150258660316,-0.1644313633441925
0.2447834312915802,-0.1644977480173111,-0.0971691980957984
0.1089057624340057,-0.186151385307312,-0.0712377279996872
-0.0333010107278823,-0.1836107075214386,-0.0978534594178199
0.1043465957045555,-0.2307992577552795,-0.1360761970281601
0.088438369333744,-0.2071633040904998,-0.1704690009355545
0.0902573093771934,-0.1913864761590957,-0.1932568699121475
0.0933589786291122,-0.2235711067914962,-0.1861047893762588
0.167778342962265,-0.2355739772319793,-0.2131433337926864
-0.107010431587696,-0.2009181231260299,-0.2267496138811111
-0.0901150777935981,-0.185499221086502,-0.1943144351243972
0.0306926649063825,-0.1779734343290329,-0.1753179132938385
-0.0896782204508781,-0.1826478242874145,-0.1849098205566406
-0.2243922501802444,-0.2220580726861953,-0.1706797778606414
-0.0880506560206413,-0.2489914149045944,-0.1586073935031891
0.0003429952776059,-0.2440836578607559,-0.1936862617731094
-0.17146897315979,-0.2425547391176223,-0.1785190254449844
-0.0554879233241081,-0.1989578157663345,-0.1420875489711761
0.1818442046642303,-0.197929561138153,-0.1406283974647522
0.0710476785898208,-0.234626904129982,-0.1876746714115142
0.0441239140927791,-0.2727737724781036,-0.1997233480215072
-0.0715101137757301,-0.3277761042118072,-0.1928300112485885
0.0341276377439498,-0.315354585647583,-0.091390736401081
0.1408140957355499,-0.283606469631195,-0.0608792304992675
0.006461358629167,-0.2980530560016632,-0.0330124460160732
0.0390104390680789,-0.3081759512424469,-0.0175021104514598
-0.0633460283279419,-0.2886392474174499,-0.0091158151626586
-0.0312164425849914,-0.3041511476039886,-0.020471591502428
0.0807796046137809,-0.3239602744579315,-0.0743875503540039
0.0977588221430778,-0.3071005344390869,-0.0476926229894161
0.089262805879116,-0.2883740067481994,-0.0220399927347898
0.0704591050744056,-0.292998731136322,-0.0099700856953859
0.1316958367824554,-0.2971790730953216,0.0230768136680126
-0.0331292115151882,-0.2690753042697906,0.0301188677549362
-0.1465620249509811,-0.2458277642726898,0.1186524629592895
-0.0414080321788787,-0.2236477583646774,0.1966977715492248
-0.1390959769487381,-0.1871126592159271,0.2461297661066055
-0.0616879649460315,-0.168607622385025,0.2023180723190307
-0.021502997726202,-0.1596397012472152,0.1889082491397857
-0.0374524630606174,-0.1264442056417465,0.1741140931844711
-0.0962420105934143,-0.0852783918380737,0.1367613971233368
-0.118254542350769,-0.0662114098668098,0.1563649177551269
-0.2903251051902771,-0.0333189740777015,0.1570203304290771
-0.201546311378479,-0.0270146019756793,0.2441555559635162
-0.0478382334113121,0.019969418644905,0.3349808156490326
-0.059387020766735,0.0265355557203292,0.3453982174396515
-0.0775809362530708,0.0195034779608249,0.3989088237285614
0.0086293620988726,0.0855742767453193,0.4163960814476013
-0.1124422028660774,0.1548526883125305,0.4376827180385589
-0.0601659268140792,0.1791816800832748,0.3935222625732422
0.1002237424254417,0.1452940255403518,0.396785706281662
0.2693012058734894,0.1406073421239853,0.3934418857097626
0.0929703786969184,0.1635387539863586,0.4396794438362121
-0.0108560947701334,0.2097982615232467,0.5373960733413696
-0.0205505341291427,0.2704560160636902,0.5510250329971313
-0.0074342428706586,0.2005743831396103,0.5228605270385742
0.0218549370765686,0.1754810214042663,0.4674587547779083
-0.1334691494703292,0.2406564503908157,0.4295556843280792
-0.1178185492753982,0.2248199582099914,0.4187917411327362
-0.0846546366810798,0.2381566017866134,0.4246438443660736
-0.0302449204027652,0.2220540642738342,0.3897604048252105
-0.0320621877908706,0.2406635582447052,0.3845070004463196
0.0635255873203277,0.3132994174957275,0.3478568494319916
0.0514369644224643,0.30851611495018,0.3912413418292999
0.2730202078819275,0.2907840013504028,0.4272502064704895
0.2708674073219299,0.3036300837993622,0.3961804211139679
0.1094638705253601,0.2817791402339935,0.3771659731864929
-0.0737476572394371,0.2301655113697052,0.3387417197227478
0.0840776562690734,0.1819385886192321,0.3191451132297516
0.2782134711742401,0.1638375222682953,0.2947950065135956
0.0397961288690567,0.1630689203739166,0.2839261293411255
0.0752657055854797,0.1691190898418426,0.2530241310596466
-0.0848107859492302,0.1656087785959243,0.2862289547920227
-0.1447429656982422,0.2065779715776443,0.2783976197242737
-0.085496686398983,0.1275475919246673,0.2521697580814361
-0.2058899998664856,0.1169113665819168,0.2905462086200714
-0.2362662851810455,0.2227166295051574,0.3332254886627197
-0.0253043305128812,0.257088154554367,0.3875145018100738
0.0726424753665924,0.2824150919914245,0.3760639727115631
0.0108693866059184,0.2383072674274444,0.271097332239151
-0.0640125796198844,0.2235738635063171,0.1696130484342575
-0.0831907913088798,0.2435625940561294,0.1194746792316436
-0.0974229872226715,0.2543305456638336,0.0844383984804153
0.0535686649382114,0.3114746510982513,0.2936538457870483
0.1543277651071548,0.2376693934202194,0.3627753853797912
0.1211078688502311,0.1252285242080688,0.3113158643245697
-0.08379627764225,0.1353594660758972,0.2655390501022339
-0.2653611600399017,0.2252261340618133,0.1934115141630172
-0.1999565809965133,0.1977297961711883,0.1600189507007599
-0.1649344265460968,0.1666973978281021,0.2405010014772415
-0.0232443995773792,0.2768188416957855,0.2901391088962555
0.192690297961235,0.2619328796863556,0.3239534497261047
0.207163780927658,0.1611692458391189,0.2451478540897369
-0.0350975431501865,0.1731030344963073,0.0654405355453491
-0.2423420697450637,0.2575420141220093,0.0212765391916036
-0.1021752282977104,0.2851125299930572,0.1091039031744003
0.1227723956108093,0.3047906160354614,0.1034177839756012
0.2321070879697799,0.2992058098316192,0.1953981816768646
0.1517693698406219,0.2360318750143051,0.2870524823665619
0.2071640938520431,0.236352726817131,0.2702803611755371
-0.1442559957504272,0.3143788278102875,0.1103990599513053
-0.1881691366434097,0.2234415858983993,-0.0058437390252947
0.125980794429779,0.2214530110359192,-0.049051396548748
0.060943953692913,0.29322350025177,0.0639275982975959
-0.0012957185972481,0.2237501591444015,0.0771025270223617
0.0548665486276149,0.1001907959580421,-0.0024950245860964
-0.0494627878069877,0.1808169484138488,-0.0193826630711555
-0.0304961241781711,0.2472362369298935,0.0177962202578783
-0.0052629406563937,0.2087487578392028,0.1216416582465171
-0.0328709222376346,0.2473120093345642,0.187764286994934
-0.0819865390658378,0.2670982182025909,0.1279286444187164
0.004934602882713,0.2477637082338333,0.0725613236427307
0.0935318395495414,0.2386983036994934,0.1091968342661857
-0.0291140805929899,0.2814729213714599,0.0746914446353912
0.0574639551341533,0.2861568927764892,0.0867278650403022
0.1782407313585281,0.270984023809433,0.1801161915063858
0.1127589270472526,0.3199781775474548,0.1569509506225586
-0.0353639274835586,0.2932912707328796,0.087713785469532
0.0102371117100119,0.2465623766183853,0.065109945833683
0.0586972273886203,0.2741481065750122,0.0895428583025932
0.0966587215662002,0.3247756063938141,0.1349444240331649
0.0906132757663726,0.2843120396137237,0.1137072890996933
-0.1502171754837036,0.2847658395767212,0.0294424761086702
-0.1564740091562271,0.3277619183063507,-0.0472184009850025
-0.0326735079288482,0.3256976902484894,-0.0540416873991489
0.0046576410531997,0.3086055815219879,-0.064621664583683
-0.0304673220962286,0.2726260125637054,-0.1184002086520195
-0.0455625392496585,0.2944536507129669,-0.1060367375612258
-0.1295389235019683,0.3130480945110321,-0.0915219783782959
-0.1497094482183456,0.3384168446063995,-0.1108581200242042
0.0115713216364383,0.325559914112091,-0.20876444876194
0.1142741069197654,0.2377553731203079,-0.2292239516973495
0.2948563992977142,0.1586440354585647,-0.135177344083786
0.137398362159729,0.1545364558696746,-0.1405974328517913
0.37742879986763,0.1319515258073806,-0.1413138210773468
0.295124351978302,0.0906578600406646,-0.1988013684749603
0.2910456955432892,0.0870860293507576,-0.2674211859703064
0.3547354340553283,0.0001910640858113,-0.2930160462856293
0.0817108154296875,0.0145513601601123,-0.2638128697872162
0.1875270307064056,0.0359471030533313,-0.2789347171783447
0.2806513905525207,-0.0111445095390081,-0.3845812380313873
0.2745327353477478,-0.0464987270534038,-0.4201408922672272
0.2784489095211029,0.0142687521874904,-0.3949215710163116
0.2555238306522369,0.0006871954537928,-0.3019291460514068
0.0960393771529197,-0.0437636263668537,-0.338940680027008
0.0086987214162945,-0.0295988228172063,-0.3468248546123504
0.1256554275751114,0.05973931401968,-0.2913932800292969
0.0834512561559677,0.1341117322444915,-0.2651831209659576
0.0860539600253105,0.0913861095905304,-0.327282190322876
0.3187322616577148,0.0135653614997863,-0.3862192630767822
0.214044764637947,0.0219937339425086,-0.4194059669971466
0.0834869965910911,0.0364537723362445,-0.4851816594600677
0.1035935953259468,-0.0334941558539867,-0.5084659457206726
0.2554483115673065,-0.089496836066246,-0.46817147731781
0.1751523911952972,-0.1452551782131195,-0.42745441198349
0.0628718212246894,-0.194466695189476,-0.417275071144104
0.0580427199602127,-0.1686430871486663,-0.4863992631435394
0.0125728491693735,-0.1409281343221664,-0.4339068233966827
-0.0114054540172219,-0.1650926023721695,-0.3729800879955292
-0.0970146358013153,-0.1879142671823501,-0.4284740388393402
-0.1794799417257309,-0.2479807883501052,-0.5475689768791199
-0.2456628233194351,-0.2275884747505188,-0.5718352794647217
-0.2173275798559188,-0.1975168585777282,-0.4811652898788452
-0.0885108783841133,-0.2897702157497406,-0.4982116222381592
0.1159378662705421,-0.3434888422489166,-0.4689248502254486
-0.2094231992959976,-0.3155483901500702,-0.5150256752967834
-0.3106560707092285,-0.3323808908462524,-0.5868695378303528
-0.2591067850589752,-0.3717696368694305,-0.6435550451278687
-0.3258615732192993,-0.3256285190582275,-0.5197558403015137
-0.2793712019920349,-0.3647662699222564,-0.4983794093132019
-0.2556067407131195,-0.3821561932563782,-0.5078999400138855
-0.3200341165065765,-0.4203184247016907,-0.4551339149475097
-0.3610859513282776,-0.3495997786521911,-0.4385613203048706
-0.3275076746940613,-0.2732097804546356,-0.4421758353710174
-0.2886399328708648,-0.2619057297706604,-0.3914101123809814
-0.0692236647009849,-0.2846237123012543,-0.322544515132904
0.3364695012569427,-0.3229244947433471,-0.3770996332168579
0.2772809863090515,-0.3974455595016479,-0.481725811958313
0.1283514201641082,-0.4106436669826507,-0.5751665234565735
0.1801636815071106,-0.4389497339725494,-0.4726395905017853
0.2809502482414245,-0.4339664280414581,-0.2861658632755279
0.2972780764102936,-0.3675418198108673,-0.2060913145542144
0.1995885372161865,-0.4261169731616974,-0.1443816125392913
0.1667235940694809,-0.4593225121498108,-0.1254856586456298
0.0562847070395946,-0.4336195588111877,-0.1332242637872696
0.05195277556777,-0.3972456157207489,-0.0910168886184692
0.1562357693910598,-0.3847466111183166,-0.1097897812724113
0.0110268425196409,-0.3648159205913543,-0.2079493254423141
0.0667785182595253,-0.3644958138465881,-0.2518659234046936
0.1494927406311035,-0.3911560475826263,-0.2365628182888031
0.0043821521103382,-0.4115587770938873,-0.2118857055902481
-0.1192096471786499,-0.4248252213001251,-0.1935074180364608
0.0041594263166189,-0.3988756537437439,-0.1259624511003494
0.3222135305404663,-0.377468466758728,-0.0232589095830917
0.4081915616989136,-0.3678281009197235,0.0544497333467006
0.4817066192626953,-0.3499890267848968,0.036321010440588
0.2104572653770446,-0.3081166744232178,-0.0868978649377822
0.13707135617733,-0.2585071325302124,-0.1218215003609657
0.2506064474582672,-0.22157683968544,-0.0897168293595314
0.4702672064304352,-0.1701830327510833,0.0764198750257492
0.3226196765899658,-0.1619645059108734,0.1416572034358978
-0.1404518038034439,-0.0899620056152343,0.1787790656089782
-0.385869026184082,0.0001327316276729,0.2093135416507721
-0.1748865395784378,-0.0405861660838127,0.1093783304095268
-0.1652959585189819,-0.1664828360080719,0.0841693803668022
-0.3835332095623016,-0.076006956398487,0.1308766305446624
-0.3762726485729217,-0.1350242048501968,0.1071742326021194
-0.4368225634098053,-0.1807508468627929,0.0848179310560226
-0.37930628657341,-0.1734729707241058,0.0640687048435211
-0.3214453160762787,-0.2357879281044006,0.1095094233751297
-0.0949879586696624,-0.221427634358406,0.1342187672853469
-0.1050922274589538,-0.1874921470880508,0.1355600655078888
-0.0955205708742141,-0.1364081799983978,0.1631733179092407
0.0834464207291603,-0.0923948436975479,0.2478893399238586
0.1406599134206771,-0.0522223897278308,0.3135445415973663
0.3239936828613281,-0.0116149643436074,0.4017740786075592
0.4032818377017975,-0.0185897834599018,0.3895493745803833
-0.0391896404325962,-0.0010911491699516,0.3231784999370575
0.0467590913176536,-0.0119714941829442,0.1837625354528427
0.2043360471725464,-0.0746256113052368,0.1254330724477768
0.0011866657296195,-0.0739177390933036,0.1082628667354583
-0.1251696646213531,-0.0804298594594001,0.164763867855072
-0.0112516181543469,-0.1101986691355705,0.2757433652877807
-0.0655006915330886,-0.0792006850242614,0.2988547384738922
-0.1175694838166236,-0.0559363737702369,0.2423392832279205
-0.0126387625932693,-0.0878680869936943,0.2888851463794708
0.1599921286106109,-0.0512797124683856,0.3309287130832672
-0.0045283925719559,0.0093468222767114,0.2857679426670074
-0.0318321846425533,-0.0005928943865001,0.2585656344890594
-0.0828230902552604,0.022257562726736,0.2016678303480148
-0.0029639452695846,0.0657195448875427,0.217327743768692
0.0640170723199844,0.0854466333985328,0.2397735267877578
0.1570950895547866,0.1246363744139671,0.3009095788002014
0.1450121402740478,0.1585897952318191,0.3154833316802978
-0.020107040181756,0.1302934437990188,0.3313549757003784
0.1529008597135543,0.1431407183408737,0.2923614680767059
0.1428434401750564,0.1916414052248001,0.2220745235681533
-0.0376072190701961,0.1640314906835556,0.1653116047382354
-0.0288512762635946,0.141921117901802,0.1685880869626999
-0.2415616065263748,0.156316876411438,0.2531664669513702
-0.2363583296537399,0.1485617458820343,0.20958012342453
-0.2597577273845672,0.1690382659435272,0.1853001564741134
-0.3970913589000702,0.1731581836938858,0.177749827504158
-0.2621768712997436,0.141141265630722,0.2334943115711212
-0.0080287596210837,0.1255354136228561,0.2833470702171325
-0.2468769997358322,0.1100148409605026,0.238394409418106
-0.2517865598201751,0.1253184378147125,0.1927419751882553
-0.0518114455044269,0.1157506108283996,0.1677474975585937
-0.0681552663445472,0.1375424563884735,0.1774906665086746
-0.1705380976200103,0.1717924624681472,0.1618857085704803
-0.013444622978568,0.1514855921268463,0.2130381017923355
0.0307553298771381,0.1613432914018631,0.2408060878515243
-0.0965118110179901,0.1614061444997787,0.1778958290815353
-0.0237278882414102,0.1597416698932647,0.1694067418575287
0.0402524285018444,0.2214542925357818,0.3247353434562683
0.1269691735506057,0.1991391330957412,0.3121955692768097
0.1272099316120147,0.1175087094306945,0.2587126493453979
0.0160719566047191,0.1832538992166519,0.1634529531002044
-0.0843696892261505,0.2579678297042846,0.0324051864445209
-0.0658407285809516,0.1877028942108154,-0.0649092569947242
0.0972073152661323,0.2066739201545715,0.011816419661045
0.2189978659152984,0.223939374089241,0.1144104376435279
0.1062145978212356,0.124341145157814,0.1866721212863922
0.0737555474042892,0.1282179951667785,0.13724946975708
0.0363586395978927,0.2147499620914459,0.1526768952608108
0.2528890371322632,0.1959469020366668,0.1005290076136589
0.283903419971466,0.1094825863838195,0.0167488940060138
0.1917215585708618,0.0704861357808113,-0.0474207028746604
-0.0346516519784927,0.0631685629487037,-0.0909522026777267
-0.0446473807096481,-0.0148254353553056,-0.2290991246700287
0.1730186343193054,-0.0686942636966705,-0.1850187480449676
0.1601116806268692,-0.0103994524106383,-0.0339341536164283
0.1377744227647781,-0.1087009832262992,-0.0041712005622684
0.104572094976902,-0.0785685032606124,0.0008962884894572
0.0060236807912588,0.0200526118278503,0.0718551501631736
0.0034831096418201,-0.0133286919444799,0.0274758804589509
0.1468876749277115,-0.0242274105548858,-0.0184671096503734
0.1357957124710083,-0.0056907655671238,-0.0114847086369991
-0.1509468406438827,0.0036185807548463,-0.0935931652784347
-0.0926043763756752,0.0347486697137355,-0.154229387640953
0.0128951463848352,0.0847551077604293,-0.0666566491127014
-0.0529163368046283,0.0303318910300731,0.0029684142209589
-0.0853738784790039,-0.0105231320485472,0.0170818362385034
-0.0485106892883777,0.044320173561573,0.0440258160233497
0.0183903165161609,0.0613891743123531,0.0667244717478752
-0.1397124677896499,0.0336511954665184,-0.0057322531938552
-0.030414218083024,0.0321539640426635,-0.0366984270513057
-0.0784195885062217,0.0533341765403747,-0.0811270400881767
-0.1059508100152015,0.0897606313228607,-0.0720326080918312
-0.0105616943910717,0.0566233471035957,-0.0931678563356399
0.1050756871700286,0.0138351377099752,-0.0097299572080373
-0.1159810572862625,0.0131837958469986,0.0264737401157617
-0.2237543910741806,-0.0094900913536548,-0.0422731004655361
-0.1337231546640396,-0.0220612287521362,-0.0135068763047456
-0.0224403031170368,0.0554391518235206,0.1037973761558532
-0.0082888510078191,0.0327214673161506,0.1146524921059608
0.0867708176374435,-0.0018836478702723,0.0755988359451294
-0.0644299685955047,0.0174488462507724,-0.0583845786750316
-0.2661351263523102,0.0054339943453669,-0.1450472921133041
-0.037379577755928,-0.0346735380589962,-0.2054384052753448
0.0256417281925678,0.0567290782928466,-0.0821388363838195
0.0047641894780099,0.0414493158459663,0.0031618792563676
-0.132501795887947,-0.0253491550683975,0.0198047719895839
-0.0286952331662178,-0.0053426902741193,0.0049597793258726
-0.0239987485110759,0.019615389406681,-0.0369682274758815
-0.2007380425930023,-0.0119815543293952,-0.0189008489251136
-0.1976730078458786,0.0245381072163581,-0.0582304149866104
-0.2479644566774368,0.0591346323490142,-0.0267992503941059
-0.2384620308876037,0.0782366842031478,0.0650526359677314
-0.0671818926930427,0.0381927564740181,0.1122197210788726
0.1989933252334594,-0.0081313354894518,0.1569917201995849
0.1189309284090995,0.0251610316336154,0.0598292201757431
-0.1945638805627823,0.0911288633942604,-0.045327290892601
0.0122907254844903,0.0398773811757564,-0.1266216486692428
-0.0308069437742233,0.0108662359416484,-0.0982975959777832
-0.0427579991519451,0.0772103741765022,0.0326528884470462
-0.1054251044988632,0.003436816856265,0.1173504665493965
-0.0973431095480918,-0.016165068373084,0.108137272298336
-0.0623292028903961,-0.0151655841618776,-0.0245528649538755
-0.2220369279384613,-0.0327602289617061,-0.1017939671874046
-0.2827732563018799,-0.051496896892786,-0.2382729947566986
-0.3327256143093109,-0.0644158795475959,-0.3096203804016113
-0.3773641884326935,-0.0596925020217895,-0.1088928580284118
-0.1177444085478782,-0.0602732077240943,-0.0011607982451096
-0.029317608103156,-0.1042736917734146,0.0394244454801082
0.0744368061423301,-0.1465920954942703,-0.0264756791293621
-0.126208946108818,-0.1035135984420776,-0.0661839395761489
0.0162611193954944,-0.049133077263832,-0.0641592368483543
0.0605167299509048,-0.1001155599951744,-0.1160147115588188
0.045163094997406,-0.1075339540839195,-0.0899080857634544
0.1566856205463409,-0.0965100675821304,-0.0727405473589897
0.0104907555505633,-0.1404546052217483,0.056437749415636
0.1214020922780036,-0.1343551725149154,0.1318648606538772
-0.0363586992025375,-0.0410119332373142,0.0921676531434059
-0.0362425856292247,0.0012843906879425,0.0505072884261608
-0.0197385363280773,-0.0244786888360977,-0.0478162802755832
-0.0581530332565307,0.012033780105412,-0.0290966555476188
0.0463643074035644,0.0249622501432895,-0.039557185024023
0.0577929988503456,0.025757472962141,-0.0369712561368942
0.0712818428874015,0.0447027012705802,0.000460177543573
0.1131483316421508,0.0408624224364757,0.0718448758125305
0.1174174100160598,0.0551466159522533,0.1739696115255355
0.0800553932785987,0.0740923434495925,0.253385066986084
0.1598740369081497,0.0815054029226303,0.2917078137397766
0.1366709768772125,0.0821693316102027,0.3297995328903198
0.1909085661172866,0.1470183879137039,0.301713228225708
0.1557716280221939,0.1745187193155288,0.2195992022752761
0.1878398209810257,0.2375369369983673,0.1091985628008842
0.2427534013986587,0.2302071154117584,0.0497520118951797
0.1997430622577667,0.1951610893011093,0.0414542667567729
0.1546608060598373,0.2021742612123489,0.123559795320034
0.2871591746807098,0.1990116387605667,0.2923473119735718
0.1665808409452438,0.1823564916849136,0.3745335340499878
0.0819122865796089,0.1720105856657028,0.3704370856285095
0.1335086226463318,0.2289305925369262,0.2984947264194488
0.1503171920776367,0.2542507648468017,0.2827444076538086
-0.0278040766716003,0.2422764003276825,0.2046461105346679
0.1324324309825897,0.2531844675540924,0.1660986244678497
0.2570808827877044,0.2306605279445648,0.1625635474920272
0.1480026543140411,0.2224446088075637,0.0966840684413909
0.19376802444458,0.1635501235723495,0.0595777109265327
0.0881366208195686,0.152688667178154,0.0667524710297584
0.0534990206360816,0.1245366558432579,0.1128041222691536
-0.0852730274200439,0.0892219021916389,0.0234908517450094
-0.1211900189518928,0.1304212659597396,0.0483208373188972
-0.0821049138903617,0.1587435156106948,0.086922787129879
0.1141719222068786,0.1500797122716903,0.1769296377897262
0.3476435542106628,0.1444593369960785,0.1646210998296737
0.0986475721001625,0.197284460067749,0.0756385028362274
-0.0242911521345376,0.248073548078537,-0.0140852183103561
0.1103004813194274,0.2638506591320038,-0.0613110549747943
0.2149726003408432,0.2379764020442962,-0.0228493195027112
0.0648651272058487,0.2040376216173172,0.0150088472291827
0.1286587566137313,0.1384575366973877,0.0722316578030586
0.0178507473319768,0.0816192850470542,0.0084883635863661
0.0351085215806961,0.1199357062578201,-0.1793843358755111
-0.1210789531469345,0.1473265886306762,-0.2597326934337616
-0.0291681420058012,0.15816031396389,-0.1883694976568222
-0.0378641635179519,0.1711163371801376,-0.1303626447916031
0.0554758757352829,0.1466627866029739,-0.0454732030630111
0.0155396470800042,0.1175981163978576,-0.0297983698546886
-0.1053168326616287,0.104394756257534,-0.1187473461031913
-0.0068688178434967,0.1337361484766006,-0.1712821871042251
-0.0344271250069141,0.1952751129865646,-0.0921358466148376
0.0888460725545883,0.1902161687612533,-0.0095038181170821
0.0249784514307975,0.1107990145683288,-0.0529496632516384
0.0542415305972099,0.0694606304168701,-0.2000560313463211
-0.0233436115086078,0.0590813048183918,-0.2283557653427124
0.0987375527620315,0.0705467537045478,-0.1763594150543213
0.033740509301424,0.0420317202806472,-0.2329360097646713
-0.0645551681518554,-0.0178390685468912,-0.2698660492897033
0.0448695980012416,-0.056406483054161,-0.318585067987442
0.0249787177890539,-0.0684018954634666,-0.2809761762619018
-0.1099290400743484,-0.0885366722941398,-0.3423596918582916
-0.1810455620288849,-0.1147869154810905,-0.3621701598167419
-0.0719632878899574,-0.0897555500268936,-0.3234875500202179
-0.0874098911881446,-0.0873619019985199,-0.3376659452915191
-0.251832902431488,-0.1107445061206817,-0.3855889141559601
-0.0511368326842784,-0.0791202634572982,-0.3290529549121856
-0.0046017915010452,-0.0252633560448884,-0.3032982945442199
-0.0146509641781449,-0.0676518306136131,-0.2858383655548095
0.0009031840600073,-0.1303628534078598,-0.3139921128749847
0.0284253563731908,-0.0978938639163971,-0.3765681385993957
0.0725065320730209,-0.1197871789336204,-0.3696542978286743
-0.0239512994885444,-0.1731992661952972,-0.3608757257461548
0.1309906393289566,-0.2297284007072448,-0.3551662862300873
0.1153488308191299,-0.2936754524707794,-0.3374522626399994
0.1129336133599281,-0.3178679645061493,-0.3064271211624145
0.0871081426739692,-0.2754323482513428,-0.284644603729248
0.0886409878730773,-0.2291971296072006,-0.2558038234710693
0.0990973636507988,-0.2229722589254379,-0.2723580300807953
0.0371573641896247,-0.1769824624061584,-0.3056501746177673
0.1280923336744308,-0.1584953367710113,-0.3519105911254883
0.0252112317830324,-0.1540313512086868,-0.367341548204422
-0.0262375771999359,-0.1469942182302475,-0.290341317653656
0.1527140438556671,-0.1341611891984939,-0.2726215720176697
0.1259447485208511,-0.1435690820217132,-0.2768146991729736
0.1562184691429138,-0.1635196954011917,-0.3304347991943359
-0.0430336557328701,-0.1812883019447326,-0.3448270559310913
-0.0638848468661308,-0.2259674966335296,-0.3118039071559906
-0.0669829025864601,-0.2879610955715179,-0.3640476763248443
-0.0670841410756111,-0.2899918258190155,-0.3309126198291778
0.0016871984116733,-0.2502481341361999,-0.2670031487941742
0.0631255507469177,-0.3095833659172058,-0.2528079450130462
-0.0051642907783389,-0.3811358511447906,-0.3644998669624328
-0.1179994717240333,-0.3783376812934875,-0.4698067307472229
-0.116892397403717,-0.3654645085334778,-0.5532609224319458
-0.0874508991837501,-0.3328934609889984,-0.4669988453388214
0.0527309738099575,-0.3527438640594482,-0.3001557886600494
0.0494148358702659,-0.3791517615318298,-0.227672129869461
-0.14006108045578,-0.4355609714984894,-0.3201538622379303
-0.259681761264801,-0.4758088588714599,-0.4066919386386871
-0.0822446569800376,-0.414089024066925,-0.3627566993236542
0.1859694868326187,-0.373576283454895,-0.2552695870399475
0.0352098010480403,-0.45853191614151,-0.2355944067239761
-0.0141319409012794,-0.4637651443481445,-0.3190655708312988
-0.0185378734022378,-0.4317299723625183,-0.3910369575023651
-0.001602882752195,-0.4665383100509643,-0.3261219263076782
-0.0195262227207422,-0.4242318570613861,-0.222816064953804
0.0206508114933967,-0.3899967968463897,-0.1662910431623459
0.0826100558042526,-0.4016768932342529,-0.1261441558599472
-0.018897421658039,-0.3802519142627716,-0.1148911640048027
0.0526156425476074,-0.3690397143363952,-0.1509780585765838
0.0457263104617595,-0.3495336771011352,-0.1543003618717193
0.0030824441928416,-0.3227558434009552,-0.1752061694860458
-0.0603532269597053,-0.326042503118515,-0.1693559139966964
0.0019194706110283,-0.2882860600948334,-0.0321905873715877
0.0697017312049865,-0.2541505992412567,-0.0556610636413097
0.0090825948864221,-0.2643829882144928,-0.099385105073452
0.0218966621905565,-0.2414688915014267,-0.1402329355478286
-0.1092733442783355,-0.2234558016061782,-0.0886389836668968
-0.0822207033634185,-0.2511960864067077,0.0248004235327243
-0.0090572768822312,-0.191269651055336,0.1088412627577781
0.0215078126639127,-0.1440212279558181,0.186964064836502
0.0226630922406911,-0.1637387424707412,0.159583032131195
-0.1082911863923072,-0.1813512146472931,0.0571167171001434
-0.07510606944561,-0.1923780292272567,0.0242439899593591
-0.067629225552082,-0.1935055702924728,0.0220658872276544
0.121864803135395,-0.2110486179590225,0.0458053089678287
0.2113765776157379,-0.2569848895072937,0.0582193322479724
-0.1149144545197486,-0.2843741476535797,0.0838378816843032
-0.1931647807359695,-0.2560680210590362,0.0874872356653213
-0.1024165004491806,-0.2388440370559692,0.0852342024445533
-0.0726179033517837,-0.2823024690151214,0.1470933705568313
-0.0740016847848892,-0.2758821249008178,0.1699254512786865
-0.1035073399543762,-0.2764561176300049,0.1742636561393737
-0.2598700523376465,-0.2729530036449432,0.0352104194462299
-0.3775416314601898,-0.2724102735519409,-0.0172797814011573
-0.1874622255563736,-0.2435698509216308,0.1160694882273674
0.0005721531342715,-0.2075188905000686,0.2326768189668655
-0.0994210243225097,-0.2011331617832183,0.2669959366321563
-0.1904022842645645,-0.1893247216939926,0.2055205255746841
-0.0234676320105791,-0.1539885699748993,0.1853944957256317
0.0366513505578041,-0.0910496860742569,0.2701189517974853
0.0233914740383625,-0.0525760576128959,0.2871224284172058
0.0112764975056052,-0.085450679063797,0.306666225194931
-0.0572277307510376,-0.093588501214981,0.2857031524181366
-0.1943727880716323,-0.0548330694437027,0.3086349964141845
-0.0500856526196002,-0.0139082726091146,0.3066477477550506
0.0874726921319961,0.040461778640747,0.3640141785144806
0.2340530902147293,0.0398915968835353,0.3994709551334381
0.0652720853686332,0.0423851311206817,0.3871448636054992
0.0142792100086808,0.1095026507973671,0.3568175733089447
-0.0297090224921703,0.134398952126503,0.3454570472240448
0.0606666840612888,0.121397390961647,0.3623750507831573
0.1800325065851211,0.1631273925304412,0.4379582107067108
0.2129443883895874,0.1483055651187896,0.4778366386890411
0.1343965828418731,0.1049554720520973,0.4730950891971588
0.0017687565414234,0.0914588421583175,0.3953861892223358
-0.0625314190983772,0.0996207445859909,0.3551290035247803
-0.0858045145869255,0.1455197930335998,0.3618566989898681
-0.029411306604743,0.1483779549598693,0.3838275074958801
0.2347836047410965,0.1160154864192009,0.4486506879329681
0.2202640622854232,0.1451278030872345,0.48039510846138
0.1004705503582954,0.1510000824928283,0.4746043384075165
0.1221375092864036,0.1376742869615554,0.4356588125228882
0.1474180966615677,0.1694300770759582,0.4541230499744415
-0.0486997440457344,0.2166870683431625,0.4484424591064453
-0.1368242651224136,0.2318681478500366,0.3612753450870514
-0.2688446342945099,0.2367186099290847,0.397094190120697
-0.1568933427333831,0.2745994031429291,0.424730896949768
0.0588605403900146,0.266930878162384,0.4824384748935699
0.1406331658363342,0.2751091718673706,0.5374154448509216
0.0759569630026817,0.2985654771327972,0.4966530799865722
0.0572695657610893,0.2966975271701813,0.4859008193016052
-0.1877207458019256,0.2985791563987732,0.3295388221740722
-0.2215127944946289,0.2925359308719635,0.3114676475524902
-0.0978095531463623,0.3333815336227417,0.4867222607135772
-0.0665893107652664,0.314531147480011,0.536697506904602
-0.047483779489994,0.3017357885837555,0.4401334226131439
-0.1281237602233886,0.3273897469043731,0.4042513072490692
-0.2324453592300415,0.3710357248783111,0.361278086900711
-0.1162868067622184,0.3561576902866363,0.2740616798400879
0.0872191861271858,0.3782268762588501,0.3625615835189819
0.0406463630497455,0.3820269405841827,0.4526158273220062
0.0270312093198299,0.3841781616210937,0.3985381126403808
0.0855701491236686,0.3400490283966064,0.3690188229084015
-0.0153937339782714,0.3829010426998138,0.3771670758724212
-0.0134456316009163,0.4230668246746063,0.2734899520874023
0.1747418642044067,0.3877657949924469,0.2592625916004181
0.270366370677948,0.377928078174591,0.3503408432006836
0.1341773718595504,0.4050013720989227,0.3128029406070709
0.1128545105457305,0.3571347892284393,0.2098192721605301
0.0563422180712223,0.3556554913520813,0.0572201162576675
-0.175895020365715,0.4318479895591736,0.0104041416198015
0.1428651511669159,0.4219531416893005,0.0430531948804855
0.1196945905685424,0.3732572495937347,0.0790764465928077
-0.0501120835542678,0.3615038990974426,0.0451254397630691
-0.0149263991042971,0.3116236925125122,0.0258215144276618
-0.0149154430255293,0.3069872558116913,0.0363052487373352
-0.0443955697119236,0.3007860779762268,-0.0822573527693748
0.0107635837048292,0.3150371611118316,-0.0423808805644512
0.3667499423027038,0.3122310042381286,0.0372787937521934
0.2791409790515899,0.2521534562110901,0.0058831572532653
0.1556315571069717,0.2026644498109817,-0.1454280614852905
0.0166576821357011,0.2180874049663543,-0.2920146882534027
-0.0749140456318855,0.2092100232839584,-0.2827804386615753
0.149496704339981,0.1332683861255645,-0.2968671917915344
0.1743706315755844,0.1242061927914619,-0.2529000043869018
0.1865931749343872,0.0920325219631195,-0.2424018830060959
0.0165338329970836,0.0523005574941635,-0.2356678247451782
0.1513949930667877,0.0046760132536292,-0.2492116838693618
0.2495018690824508,-0.0644908025860786,-0.2421535104513168
0.2404380589723587,-0.1002228111028671,-0.2102657854557037
0.2296376079320907,-0.1459532976150512,-0.2930887639522552
0.0049000959843397,-0.1834871768951416,-0.4418932795524597
-0.1451389491558075,-0.2323500514030456,-0.5404582023620605
-0.1092395186424255,-0.197780430316925,-0.5758460164070129
-0.0111648896709084,-0.181343674659729,-0.4458225667476654
0.0160411540418863,-0.2148462533950805,-0.4287810027599334
-0.0597340352833271,-0.2252339124679565,-0.4070594608783722
0.0588211230933666,-0.1742455959320068,-0.2968378067016601
0.1039001867175102,-0.1285761147737503,-0.3092220425605774
0.1663273423910141,-0.1717678308486938,-0.2455236166715622
0.1615847796201706,-0.1981653571128845,-0.2571823894977569
0.1619371175765991,-0.1549755483865738,-0.352269560098648
0.1765099316835403,-0.211653470993042,-0.4349652528762817
0.1706736087799072,-0.2557381987571716,-0.4590541124343872
0.2444120049476623,-0.2396804094314575,-0.5082704424858093
-0.1086853295564651,-0.2351033091545105,-0.5273544788360596
-0.160791665315628,-0.2737942337989807,-0.4546965062618255
-0.0672004595398902,-0.2743472158908844,-0.4130188822746277
-0.0131460111588239,-0.2662144601345062,-0.3028873205184936
0.0462765656411647,-0.2681173086166382,-0.2237676829099655
0.0970460027456283,-0.2553674280643463,-0.1977778971195221
0.0265191067010164,-0.2160316556692123,-0.1996496617794037
-0.0691711977124214,-0.2240887880325317,-0.2479034811258316
-0.2493979632854461,-0.2757479250431061,-0.2816191613674164
-0.1806497871875763,-0.2419255077838897,-0.1978869885206222
0.04398038610816,-0.1929911077022552,-0.1330152601003646
0.1334050744771957,-0.2046637386083603,-0.1257578879594802
0.1211486756801605,-0.2499824911355972,-0.1492964476346969
-0.057896438986063,-0.2062674909830093,-0.1191902011632919
-0.0453148670494556,-0.1326609253883361,-0.042766835540533
-0.1318500190973281,-0.1157341375946998,0.0335721410810947
0.0228756386786699,-0.1293355822563171,0.0217822268605232
-0.0271907225251197,-0.140230044722557,-0.0620511509478092
-0.0751358866691589,-0.1180307790637016,-0.0718599706888198
0.0187775529921054,-0.0886401385068893,-0.0009122965857386
-0.0114144226536154,-0.0752472132444381,0.0906517431139946
-0.2547003030776977,-0.0557408891618251,0.0359307043254375
-0.3299596309661865,-0.0454665124416351,-0.0455352254211902
-0.1723023802042007,0.0168229602277278,0.0269256588071584
-0.1361294984817505,0.0784674733877182,0.1247811242938041
-0.0233592689037323,0.0615635924041271,0.1332260072231292
0.0199717096984386,0.0240178126841783,0.0794985592365264
-0.0953420996665954,0.0692284330725669,0.0715146660804748
-0.0818651542067527,0.0731679275631904,0.0951552763581276
0.0480025634169578,0.0340245179831981,0.1025008037686348
0.305071085691452,0.0049657705239951,0.1527246385812759
0.117794930934906,0.0325758270919323,0.1469871252775192
-0.1185920089483261,0.0674142837524414,0.1247147321701049
-0.0607039481401443,0.0284306667745113,0.071302905678749
0.0360199362039566,0.0443323403596878,0.1484581530094146
0.1115474477410316,0.0747997015714645,0.2187618762254715
-0.022292923182249,0.0669205412268638,0.167812168598175
0.0923801288008689,0.0294440034776926,0.1287475824356079
0.0693262293934822,0.0515356585383415,0.1645958423614502
0.0649455934762954,0.1372281908988952,0.1035130470991134
0.0878698155283927,0.0931960195302963,0.0841449052095413
0.1366285681724548,0.0746716037392616,0.1112430989742279
0.0491921938955783,0.1162653863430023,0.0388117767870426
0.041075412184,0.1034430637955665,-0.0190909355878829
0.0327540971338748,0.0733391121029853,-0.0436933860182762
-0.0486720502376556,0.041936982423067,0.0148524837568402
0.0481351427733898,0.0063301092013716,0.0642099827527999
-0.0587087497115135,-0.0057105747982859,0.0416356995701789
0.0449364520609378,-0.0426201485097408,0.1308489888906479
0.069996528327465,-0.0052679823711514,0.1420046985149383
0.1836104542016983,0.0152071677148342,0.0970733910799026
0.225904107093811,-0.0445323288440704,-0.0018649091944098
-0.1108403503894805,-0.0643938779830932,-0.0760202631354332
-0.0729275867342948,-0.1275467425584793,-0.1310382336378097
0.0705651268362999,-0.0821967273950576,-0.1161773055791854
0.0397377088665962,-0.0406327694654464,0.0515270084142684
0.0874783024191856,-0.0654451996088028,-0.0085745435208082
0.1487688273191452,-0.1091985404491424,-0.0858818441629409
0.1671108305454254,-0.1434544920921325,-0.0555600300431251
-0.0501580946147441,-0.1502615362405777,-0.0240545682609081
0.0179113857448101,-0.1995117962360382,0.0584979057312011
0.043129127472639,-0.1901174932718277,0.039719957858324
0.0182824842631816,-0.1737104952335357,0.0959984362125396
0.001614824635908,-0.1513463407754898,0.0634724497795105
-0.0741446539759635,-0.1402361243963241,0.0431401804089546
-0.0268919169902801,-0.1219798848032951,0.07741479575634
0.0685344710946083,-0.0747377052903175,0.1418762505054474
0.0527656264603138,-0.0230745039880275,0.1894032806158065
-0.0907204300165176,0.0041137682273983,0.1993171721696853
-0.0501953773200511,-0.0252859331667423,0.1886277645826339
0.1045659556984901,0.0080896839499473,0.2606346309185028
0.1566786915063858,0.0272724349051713,0.254680871963501
0.1418459564447403,0.0110899731516838,0.241997480392456
0.2259911894798278,0.0285003874450922,0.2629099488258362
0.0705773532390594,0.1424059271812439,0.2582169771194458
-0.1235575005412101,0.1890027225017547,0.2097844630479812
0.0350803546607494,0.0859496220946312,0.1745683401823043
0.157186284661293,0.077572114765644,0.2464787513017654
0.0258245542645454,0.1484181135892868,0.3217031061649322
-0.0062217954546213,0.1461911648511886,0.3427404761314392
0.0090767322108149,0.1504324078559875,0.3645381927490234
-0.0843642652034759,0.1699935793876648,0.323992371559143
-0.0523621328175067,0.1463781148195266,0.2693431079387665
-0.0093914987519383,0.1702863723039627,0.2840363085269928
-0.1679622530937194,0.2349484711885452,0.3351116478443146
-0.1167443320155143,0.2101235538721084,0.3171251714229584
0.0531094297766685,0.2239706665277481,0.2757534980773926
0.0105385333299636,0.2732178270816803,0.3171781599521637
-0.0821945890784263,0.2765211164951324,0.2818439602851867
0.0497714318335056,0.2504229247570038,0.3358768224716186
0.1721524596214294,0.2914346158504486,0.3688859343528747
-0.0148251624777913,0.3222639262676239,0.3442301154136657
-0.021954420953989,0.2821816504001617,0.2949311733245849
0.1108014956116676,0.2948569655418396,0.3077215254306793
0.1090555191040039,0.343640387058258,0.3269218206405639
0.0472456850111484,0.3177936375141144,0.3006278872489929
0.03678610175848,0.2847133576869964,0.2609016001224518
-0.0544918812811374,0.3364604413509369,0.2382253259420395
-0.0247504711151123,0.3469223976135254,0.2797494530677795
0.0883571729063987,0.3496180474758148,0.2829116880893707
0.0479631461203098,0.3770554363727569,0.2280382215976715
-0.0066305883228778,0.3709546625614166,0.1818038821220398
0.0797234699130058,0.3629386723041534,0.201124757528305
0.1245239600539207,0.3553526699542999,0.1990823745727539
0.1305030286312103,0.3367137312889099,0.1686893105506897
0.0882232189178466,0.3277977406978607,0.1274313628673553
0.0735779553651809,0.3639861047267914,0.1098905801773071
0.1142689287662506,0.3721239268779754,0.0859274566173553
0.1419618129730224,0.3238983452320099,0.0416735783219337
0.0855315625667572,0.2764911353588104,-0.011608550325036
-0.0589598380029201,0.3110246062278747,-0.0474771335721015
0.047865942120552,0.345978319644928,-0.0109622683376073
0.1140462905168533,0.3409159481525421,-0.0200180821120739
0.0321674048900604,0.2874729633331299,-0.0961900800466537
0.0149987721815705,0.2515313923358917,-0.1627585142850875
0.0272250771522521,0.2572393417358398,-0.1473768949508667
0.0247560944408178,0.2344110459089279,-0.1535569578409195
-0.0295007526874542,0.1926849037408828,-0.1676096618175506
-0.1057004630565643,0.1286316066980362,-0.2067954540252685
-0.1153669357299804,0.1118784621357917,-0.2566109597682953
-0.0598764978349208,0.1177666559815406,-0.20449198782444
0.1195297464728355,0.1014718487858772,-0.1352189034223556
0.1359387934207916,0.0022330465726554,-0.1670703887939453
0.0216628201305866,-0.0259045828133821,-0.2144376337528228
-0.0705619007349014,0.0219492688775062,-0.2496061325073242
0.0321964360773563,-0.0275311954319477,-0.2664277255535126
0.1184849813580513,-0.0846598893404007,-0.2857737839221954
0.1123993918299675,-0.1143344268202781,-0.3081683218479156
0.0734506547451019,-0.1163233369588851,-0.3480108380317688
0.0677421689033508,-0.106656864285469,-0.3873190879821777
-0.0214130133390426,-0.1234086602926254,-0.4079730808734894
0.0603401698172092,-0.1157059967517852,-0.3681945204734802
0.3962236642837524,-0.2046007364988327,-0.30810546875
0.4107860922813415,-0.2805532813072204,-0.3490350544452667
0.3219800591468811,-0.2116943299770355,-0.378160685300827
0.3751079738140106,-0.2205149829387664,-0.3576354384422302
0.3329493403434753,-0.3211120069026947,-0.3574358522891998
0.3631565272808075,-0.3455265164375305,-0.3674429655075073
0.4191316068172455,-0.3457626402378082,-0.4081579148769378
0.3230149447917938,-0.3612651824951172,-0.4219000935554504
0.236822560429573,-0.3467825353145599,-0.4176767766475677
0.2427882999181747,-0.3049743771553039,-0.4101186990737915
0.2115427702665329,-0.2833216488361358,-0.3806683421134949
0.1397857517004013,-0.2725068032741546,-0.3293894529342651
0.136432260274887,-0.2426065802574157,-0.2716619372367859
0.2721767723560333,-0.2393910884857177,-0.2215026170015335
0.2795913219451904,-0.2311857342720031,-0.2466061413288116
0.2378366887569427,-0.2436938136816024,-0.2761619091033935
0.1817883253097534,-0.2139498144388198,-0.2952242493629455
0.1961502134799957,-0.1894498020410537,-0.2897597253322601
0.1826828569173813,-0.1870068609714508,-0.277071475982666
0.0923215299844741,-0.1453994959592819,-0.2368058115243911
-0.0352627746760845,-0.1220221668481826,-0.2051596045494079
-0.0925867855548858,-0.1079140752553939,-0.1596533805131912
-0.0977541655302047,-0.094594694674015,-0.0886652469635009
-0.2026683241128921,-0.0834070220589637,-0.1154324114322662
-0.227461501955986,-0.0765268057584762,-0.1442433595657348
-0.2651982307434082,-0.0678001567721366,-0.1120702400803566
-0.2632610499858856,-0.0568759739398956,-0.1074916049838066
-0.3513685464859009,-0.0390557013452053,-0.1064183562994003
-0.4557746052742004,-0.0652540102601051,-0.1143116205930709
-0.542091429233551,-0.0778901726007461,-0.079032190144062
-0.503119707107544,-0.0373038798570632,-0.0012666981201618
-0.3853435516357422,-0.0311708878725767,0.0174100510776042
-0.2893097102642059,-0.0373695455491542,0.0312118511646986
-0.2966411113739013,-0.0199641901999712,0.0488017611205577
-0.3305061459541321,-0.0155389178544282,0.0447760298848152
-0.3606502115726471,-0.0231443736702203,0.0187276527285575
-0.3055577576160431,-0.0247053615748882,0.0249095894396305
-0.2410357445478439,-0.0284990333020687,0.046295303851366
-0.3232133388519287,-0.0435977280139923,0.0202633962035179
-0.3746954202651977,-0.0699100196361541,0.0139003042131662
-0.290187269449234,-0.0477068126201629,0.0788260102272033
-0.2469367235898971,-0.0260268189013004,0.1015824526548385
-0.2879035770893097,-0.0544400326907634,0.0530752725899219
-0.3005607724189758,-0.061573039740324,0.0139196142554283
-0.2932211458683014,-0.0433294288814067,0.0065556112676858
-0.2751688957214355,-0.0393954068422317,0.0073119490407407
-0.2681801915168762,-0.0491336807608604,-0.0395313613116741
-0.3074852526187897,-0.0531348139047622,-0.0795051455497741
-0.3060460686683655,-0.0570409297943115,-0.0667951703071594
-0.1706240624189376,-0.0546291694045066,-0.0140267666429281
-0.0580544993281364,-0.0511583276093006,0.0560103170573711
-0.1085890457034111,-0.0337327346205711,0.0655833184719085
-0.2189913243055343,-0.0213856305927038,0.0563209988176822
-0.2097189873456955,-0.0146137438714504,0.0533872619271278
-0.126911774277687,0.0145855881273746,0.085651159286499
-0.0510247386991977,0.039267498999834,0.0767791047692298
-0.0022044146899133,0.0401234850287437,0.0773701593279838
0.0134592335671186,0.0502240546047687,0.0682762637734413
-0.118490070104599,0.0724028199911117,0.074202761054039
-0.1649601012468338,0.085482932627201,0.125736266374588
-0.1736571341753006,0.1110412329435348,0.1416848301887512
-0.1237945035099983,0.1030267104506492,0.1739458292722702
-0.130236729979515,0.0806262344121933,0.1570447832345962
-0.1550504565238952,0.0900434404611587,0.1705600619316101
-0.1538405567407608,0.0948056876659393,0.1732511073350906
-0.2508773505687713,0.106178194284439,0.1662003844976425
-0.263784646987915,0.0830899253487587,0.1324248760938644
-0.2332408428192138,0.0652858912944793,0.0990900993347168
-0.2326331585645675,0.0890427827835083,0.1587778329849243
-0.0486041903495788,0.0920870378613472,0.1736214905977249
0.0811748430132865,0.0934117957949638,0.1780339926481247
-0.1359138041734695,0.126506894826889,0.1496763825416565
-0.1390453875064849,0.1627983301877975,0.11139527708292
-0.0630747228860855,0.1615328043699264,0.1138664186000824
0.0109824892133474,0.1767479628324508,0.1312703639268875
0.0928243622183799,0.1931490451097488,0.2000329196453094
0.1453344225883484,0.1957709193229675,0.2112616449594497
0.0645378455519676,0.1982271522283554,0.1744450330734253
-0.0179047100245952,0.2009671777486801,0.146570011973381
0.1046592891216278,0.2230620980262756,0.1647253185510635
0.1000436469912529,0.2103316038846969,0.1735255867242813
0.0764096900820732,0.2173202633857727,0.1337177157402038
-0.0557041615247726,0.2248950898647308,0.0492194145917892
-0.0118672009557485,0.191477745771408,0.0369377136230468
0.0584708154201507,0.1897217631340026,0.0400567837059497
0.2359239012002945,0.1559736579656601,0.1043862327933311
0.3821001052856445,0.1151842549443245,0.123875506222248
0.2583648562431335,0.0751311108469963,0.0631695538759231
0.1187813952565193,0.0428308509290218,-0.0246100388467311
0.1117884665727615,-0.0237966477870941,-0.0617241151630878
0.2030331194400787,-0.0325728692114353,0.001185510540381
0.3202849328517914,-0.0593956932425498,0.0105326734483242
0.3170550763607025,-0.1331114172935485,-0.0545332469046115
0.3624718189239502,-0.1676467508077621,-0.1647929102182388
0.3252578377723694,-0.1824299544095993,-0.1874907314777374
0.2516882717609405,-0.1969873309135437,-0.1769214421510696
0.1499557942152023,-0.2018735259771347,-0.1771767288446426
0.0256176088005304,-0.1987072974443435,-0.1851654201745987
-0.031471773982048,-0.1598544418811798,-0.2032964825630188
-0.0983959436416626,-0.1361443102359771,-0.1667469888925552
-0.1152097955346107,-0.1382625550031662,-0.1915744245052337
-0.0550172962248325,-0.1418040245771408,-0.2285713255405426
-0.087691493332386,-0.110214352607727,-0.2214469611644745
-0.0454939752817153,-0.0764422789216041,-0.211055040359497
-0.1720766276121139,-0.0733098089694976,-0.1988946050405502
-0.1829220801591873,-0.0860700756311416,-0.1970519721508026
-0.0600996874272823,-0.0782040059566497,-0.1394952088594436
0.0123353656381368,-0.050420843064785,-0.087487131357193
0.0164032224565744,-0.072052426636219,-0.0455208346247673
0.0375218205153942,-0.0505327507853508,-0.0448036454617977
0.0396023839712142,-0.0289507564157247,-0.0821812152862548
-0.1010865643620491,-0.0699916630983352,-0.1671741306781768
-0.0931727141141891,-0.0569796189665794,-0.1568217277526855
0.178993821144104,-0.0079313851892948,-0.0294435378164052
0.2701844274997711,-0.0790662318468093,0.0455731526017189
0.0855315029621124,-0.1113195121288299,-0.0162233710289001
-0.1411961168050766,-0.0373320542275905,-0.0404668673872947
-0.2086944729089737,0.0419435948133468,-0.0077688391320407
-0.0543664433062076,0.0152573976665735,-0.0051082386635243
0.1139711663126945,-0.0318493954837322,-0.0484157651662826
0.0570361874997615,-0.0206046234816312,-0.082689344882965
-0.2274155020713806,0.0238158367574214,-0.0595336928963661
-0.1640485376119613,0.0428983978927135,-0.0513119138777256
0.0773164182901382,-0.0175969041883945,-0.01057939697057
0.0713733658194542,-0.0525572299957275,-0.0310744233429431
-0.0724221542477607,-0.0668381601572036,-0.0277851540595293
0.0165227819234132,-0.1018079742789268,0.0044742249883711
0.0891373306512832,-0.114710196852684,0.0517868809401989
0.1698914319276809,-0.1602131724357605,0.0518596395850181
0.0722048208117485,-0.1659336388111114,0.0517352670431137
0.0966395288705825,-0.1480284631252288,0.044695608317852
0.0461132414638996,-0.1233478859066963,0.0689578056335449
0.0875387638807296,-0.1016134023666381,0.0867682546377182
0.1609517335891723,-0.0645352751016616,0.0233541280031204
0.1586688309907913,-0.0450741723179817,0.04577262327075
0.0339894816279411,-0.0152899120002985,0.0297318696975708
0.0280691348016262,0.0321908295154571,0.0344484075903892
0.0754981711506843,0.0487485006451606,0.1147885173559188
-0.0441311262547969,0.0617076642811298,0.167947769165039
0.0004613751079887,0.0458645224571228,0.1585510671138763
-0.0196623187512159,0.0658977776765823,0.1358192861080169
-0.0535025745630264,0.1192960143089294,0.1024775803089141
-0.0597186051309108,0.1362952589988708,0.0890743508934974
-0.0281359124928712,0.1835021823644638,0.0830356329679489
-0.0822197422385215,0.2110754698514938,0.0248022638261318
-0.0031195960473269,0.2107385694980621,0.0623690783977508
-0.0904438346624374,0.2232038229703903,0.0216934885829687
-0.039072785526514,0.2317496538162231,0.0487368255853652
0.1223086342215538,0.1961271464824676,0.0595914013683795
0.1033250913023948,0.1647995859384536,0.0891327857971191
0.0835746228694915,0.1513795554637909,0.077334739267826
-0.1188919320702552,0.1617477685213089,0.0595173947513103
0.007974243722856,0.1378151029348373,0.0334357731044292
0.0467445440590381,0.0871710926294326,-0.0346095897257328
0.111950010061264,0.0727201551198959,-0.0486249811947345
0.0661409795284271,0.009457828477025,-0.0842082723975181
0.0438418239355087,-0.0417724922299385,-0.1110911592841148
-0.0021480389405041,-0.0433328375220298,-0.1243100240826606
-0.0567894987761974,-0.0731419250369072,-0.1150346621870994
-0.1030555292963981,-0.0719789192080497,-0.0732264965772628
-0.1171606630086898,-0.0606161691248416,-0.1315754204988479
-0.0138758225366473,-0.10723827034235,-0.1408488154411316
0.0078614642843604,-0.1065378487110138,-0.1293874084949493
0.1798212528228759,-0.128522515296936,-0.1748755425214767
0.3340785205364227,-0.2039273828268051,-0.1782114505767822
0.127665176987648,-0.1645687818527221,-0.1894755512475967
-0.0648263692855835,-0.1602605283260345,-0.185327798128128
-0.0074288570322096,-0.1990995407104492,-0.2019935995340347
0.2153413295745849,-0.2328798621892929,-0.2135287821292877
0.0819305405020713,-0.2312918305397033,-0.1851197779178619
-0.1202412024140358,-0.2241667956113815,-0.1965918689966201
-0.0574135035276412,-0.2129173427820205,-0.2377449125051498
0.2132198810577392,-0.2187520116567611,-0.248323306441307
0.0739916786551475,-0.263129323720932,-0.2821467816829681
-0.1636447757482528,-0.2844244241714477,-0.3229918181896209
-0.2091278284788131,-0.2761409282684326,-0.3308553397655487
-0.0289992429316043,-0.2275373637676239,-0.2177063673734665
0.0757205113768577,-0.23178431391716,-0.1150649487972259
0.0251959729939699,-0.2299273312091827,-0.1150293424725532
-0.0976002588868141,-0.1916651576757431,-0.1267991811037063
-0.2853621244430542,-0.1263076663017273,-0.1039549559354782
-0.0918658971786499,-0.0963678807020187,-0.0818360671401023
0.0866521447896957,-0.1204527616500854,-0.0611131116747856
0.1315261423587799,-0.1080016866326332,-0.0235644057393074
0.146092802286148,-0.0801698938012123,-0.0122034922242164
0.0382329188287258,-0.0321003720164299,0.0269167460501194
0.1189325302839279,0.0009147254750132,0.0487995445728302
0.0421858169138431,0.0052040135487914,0.116546630859375
-0.0396984219551086,0.0432784780859947,0.1538771837949752
-0.1312272697687149,0.0889831185340881,0.2326641529798507
-0.1828024834394455,0.0913488119840622,0.2471830695867538
-0.0505461655557155,0.0596609190106391,0.2297191172838211
-0.0265730507671833,0.0723119378089904,0.2161917686462402
-0.0875684916973114,0.1059985309839248,0.1842945516109466
-0.1076312661170959,0.1109457314014434,0.2210232764482498
-0.1388538926839828,0.1109481304883956,0.2490509152412414
-0.0600856393575668,0.1277574151754379,0.2709129154682159
-0.0457834005355834,0.1527756750583648,0.2262895256280899
-0.1435561031103134,0.1777086108922958,0.1337802857160568
-0.0711468756198883,0.2161249816417694,0.1511552780866623
0.0668301582336425,0.2297081649303436,0.2289816290140152
-0.1875592470169067,0.271297425031662,0.1793632060289383
-0.2906788885593414,0.302606463432312,0.0665230080485344
-0.1104244217276573,0.2645232677459717,0.0821506977081298
-0.0170095637440681,0.2747825980186462,0.1439166069030761
0.1357283145189285,0.2399609684944152,0.1163696572184562
-0.0195298921316862,0.1986732333898544,0.0536155626177787
0.0024065652396529,0.1955293715000152,0.0471763052046299
-0.0656644627451896,0.2064351737499237,0.0073899840936064
0.0291414037346839,0.1540731638669967,0.018716674298048
0.1469684243202209,0.0874149948358535,-0.0464779734611511
-0.0191033724695444,0.041514616459608,-0.1094188541173935
0.0246125068515539,-0.0162372514605522,-0.126806303858757
0.0681629180908203,0.0042469846084713,-0.1154631078243255
-0.0946464762091636,0.0118462052196264,-0.074224829673767
-0.1576099842786789,-0.0286887045949697,-0.1099671125411987
-0.01893987134099,-0.092330053448677,-0.153422474861145
0.1917406767606735,-0.1890246421098709,-0.1993622630834579
0.0933587998151779,-0.2097976058721542,-0.2201352268457412
0.1273588389158249,-0.223928615450859,-0.2701696157455444
0.047630101442337,-0.2448018938302993,-0.3535361289978027
-0.0285653341561555,-0.2780860662460327,-0.3520958721637726
0.0101658785715699,-0.3614630401134491,-0.3115793466567993
-0.0260648317635059,-0.3754827082157135,-0.3081867396831512
-0.0443682037293911,-0.3766832649707794,-0.3101609349250793
-0.1468655467033386,-0.3766108155250549,-0.3083577156066894
-0.0323820784687995,-0.349934846162796,-0.2557157278060913
0.1203595250844955,-0.3398316204547882,-0.2469915002584457
0.197077140212059,-0.3814139664173126,-0.2653113305568695
0.2445639669895172,-0.3684166669845581,-0.322142630815506
0.0346001423895359,-0.3221365809440613,-0.2757365107536316
0.0154858333989977,-0.3359956443309784,-0.2405628412961959
0.1458802670240402,-0.3705072402954101,-0.2573713660240173
0.1810614317655563,-0.3893911838531494,-0.1825485229492187
0.1630131006240844,-0.3428782820701599,-0.1331148594617843
0.0009245898108929,-0.2929054200649261,-0.0722472444176673
-0.130201369524002,-0.2690595388412475,-0.0607021525502204
-0.0842748954892158,-0.2336757332086563,-0.0882181972265243
-0.0251750890165567,-0.1899420917034149,-0.0502260737121105
0.0800168439745903,-0.1907618194818496,-0.0240314900875091
0.0048166238702833,-0.152827650308609,-0.0237341132014989
-0.0083074336871504,-0.1354830116033554,-0.0205513685941696
0.0327944532036781,-0.1090206727385521,0.0203027538955211
-0.0832895413041114,-0.0911338180303573,0.0886932611465454
-0.0321184620261192,-0.1147331446409225,0.1577830910682678
-0.0920446440577507,-0.0694527477025985,0.2321249693632125
0.0251934826374053,-0.0100757172331213,0.2703627049922943
0.1612381488084793,-0.0071188095025718,0.2442956715822219
0.0736202970147132,-0.0037902798503637,0.2387509196996688
-0.0210494808852672,0.0455282665789127,0.2118066549301147
-0.1897836923599243,0.0606477297842502,0.2320479601621627
0.0466458871960639,0.0353546254336833,0.2890539765357971
-0.0095455013215541,0.0782332718372345,0.2761606872081756
-0.1497651934623718,0.11659637093544,0.247236356139183
-0.0474569834768772,0.102057859301567,0.269380122423172
-0.1193913593888282,0.1217599213123321,0.3592602014541626
-0.1622656136751175,0.165711298584938,0.3285532891750335
-0.1390998512506485,0.1932284086942672,0.307786226272583
-0.1754683852195739,0.1964136064052581,0.369362324476242
-0.1938457936048507,0.2417067885398864,0.3941734135150909
-0.1526952087879181,0.2488334625959396,0.3913248777389526
-0.0004185963189229,0.235526442527771,0.417666494846344
-0.0513006709516048,0.2816343307495117,0.3955933451652527
-0.1589946448802948,0.3024392127990722,0.3854357600212097
-0.0245001912117004,0.3316190540790558,0.3852896988391876
0.1336478888988495,0.3462525904178619,0.3817013502120971
-0.057547204196453,0.3337655365467071,0.3454973995685577
0.1240345761179924,0.306537926197052,0.344914436340332
0.2902750372886657,0.2772592902183532,0.3549497723579407
0.1379046738147735,0.2901540398597717,0.3454420268535614
0.0084870811551809,0.299095094203949,0.3338572084903717
0.0565478168427944,0.2788340151309967,0.2709743976593017
0.0622097328305244,0.2543864250183105,0.2277456372976303
-0.0147905116900801,0.2458438426256179,0.2353066056966781
0.0866896659135818,0.2237124890089035,0.2757422924041748
0.1926688253879547,0.2034232020378112,0.2360819578170776
0.1104597374796867,0.2217038869857788,0.2287966310977935
0.1205938607454299,0.2223169356584549,0.0943304374814033
0.1678902059793472,0.167410597205162,0.0074898209422826
0.2648052871227264,0.1298184841871261,0.0380767583847045
-0.1032818183302879,0.1713393479585647,0.0349889509379863
-0.1018242686986923,0.1356841474771499,0.039993830025196
0.0861146450042724,0.0320976227521896,0.0345410481095314
0.1220739781856536,0.1010655090212822,0.0892668738961219
0.1419123858213424,0.0664069652557373,-0.0025542229413986
-0.0331968441605567,0.0136992819607257,-0.0691281855106353
-0.0112425191327929,0.0783136412501335,-0.0283245369791984
-0.0636721700429916,0.0595801696181297,-0.0981094762682914
-0.0390368476510047,0.0069886515848338,-0.0124100856482982
0.0920133143663406,0.0523281693458557,0.0432230792939662
-0.0404458828270435,0.1144853383302688,0.0809261500835418
-0.0526327714323997,0.0635763555765152,0.0378202237188816
-0.0399595759809017,0.0604983232915401,-0.0535486377775669
-0.1689122319221496,0.0921563804149627,0.002744460478425
-0.1320796012878418,0.0606962479650974,0.0331477671861648
-0.0804704651236534,0.0928374007344245,0.0580664351582527
-0.0375350937247276,0.1371772736310959,0.0413812398910522
-0.0839233621954917,0.121608980000019,-0.0402568988502025
-0.0323383584618568,0.1130680441856384,-0.0308237019926309
0.0389310270547866,0.0766346678137779,-0.0220557767897844
-0.1382574439048767,0.145253837108612,0.0808588787913322
-0.0671110972762107,0.1309358924627304,0.0561197064816951
-0.0645027831196785,0.1232536286115646,-0.0118986591696739
-0.1768871247768402,0.109792947769165,-0.0279697719961404
-0.0751698315143585,0.0870682522654533,-0.0109679158776998
0.0500573217868804,0.0840136110782623,-0.0484228804707527
0.0552991554141044,0.0596139356493949,-0.1440920382738113
-0.095119908452034,0.0063304705545306,-0.1973648518323898
-0.1180482432246208,-0.0027136132121086,-0.2018854469060897
0.0478432588279247,-0.0001995894126594,-0.2096829116344452
-0.0138073079288005,8.181668817996979e-07,-0.1471510380506515
0.0311636291444301,-0.0073391203768551,-0.1602215617895126
-0.0749237462878227,0.0084224976599216,-0.1514878123998642
0.021490141749382,0.0098709911108016,-0.1475742906332016
0.1328083723783493,0.0093151852488517,-0.1150338947772979
0.2958433628082275,-0.0180421359837055,-0.0148724084720015
0.1683472841978073,-0.0307450890541076,-0.0520026087760925
0.1099534779787063,-0.0449985936284065,-0.1005930453538894
0.0704028233885765,-0.0257788822054862,-0.1047759652137756
0.0766617879271507,0.0360663756728172,-0.0905688032507896
0.1021006032824516,0.007768427953124,-0.101192720234394
0.1012356132268905,-0.0093836607411503,-0.1506151407957077
0.1135642081499099,0.0421888269484043,-0.1011103019118309
0.0961383432149887,0.0710660144686698,-0.0807917118072509
-0.0272399168461561,0.06248364970088,-0.0951555594801902
0.0276837851852178,0.076576828956604,-0.1290240436792373
0.0384677946567535,0.0824929997324943,-0.0379753671586513
0.0381870977580547,0.0885250568389892,0.0066213961690664
0.1395229995250702,0.0822402536869049,0.0041675958782434
0.0307120960205793,0.0859138220548629,-0.0157509855926036
-0.0632593929767608,0.0848814770579338,-0.0607852041721344
-0.065785139799118,0.0811368077993393,-0.0813978090882301
0.2195489555597305,0.0723938643932342,-0.0963456407189369
0.1818942576646804,0.06839619576931,-0.0691473111510276
0.098500870168209,0.0222508907318115,-0.0782847926020622
0.052471324801445,0.0103119406849145,-0.1120747104287147
0.0283755660057067,0.0418119132518768,-0.0174039639532566
0.0344611555337905,0.0264452099800109,-0.0617139041423797
-0.0366476327180862,-0.0160943679511547,-0.1162657290697097
-0.1171539202332496,-0.0265981405973434,-0.1271868348121643
-0.1948123574256897,-0.0254359766840934,-0.1364360302686691
-0.1728263646364212,-0.0151148959994316,-0.1110667586326599
-0.105590246617794,0.000581195577979,-0.1658855676651001
0.0161439068615436,-0.0273929126560688,-0.1794256120920181
0.097669743001461,-0.043161291629076,-0.1825338453054428
0.0862573012709617,-0.0650921612977981,-0.1949934363365173
0.007899111136794,-0.1017098277807235,-0.1949377804994583
-0.0273211933672428,-0.0918984711170196,-0.1376651674509048
-0.1427624374628067,-0.0538711808621883,-0.104873776435852
-0.2076929658651352,-0.0676807388663292,-0.1155131086707115
-0.1700004637241363,-0.0854064226150512,-0.1554333865642547
-0.101110078394413,-0.077970877289772,-0.1476556211709976
-0.0454538390040397,-0.0856346562504768,-0.1827392280101776
-0.0308053866028785,-0.0731497630476951,-0.1998638957738876
0.0473353117704391,-0.0827390030026435,-0.2236284166574478
-0.1145774200558662,-0.0821349993348121,-0.1317307204008102
-0.1387162208557129,-0.0924303159117698,-0.137478694319725
-0.0873624831438064,-0.098464235663414,-0.1043591052293777
0.0215470548719167,-0.1214338839054107,-0.0611982233822345
-0.1020443961024284,-0.0999166071414947,-0.1873106211423874
-0.0918502211570739,-0.0857178419828414,-0.265902042388916
-0.0753167867660522,-0.0655627772212028,-0.262839138507843
-0.053356647491455,-0.0725829303264617,-0.1654171794652938
0.1312656700611114,-0.1009282767772674,-0.1837479770183563
0.1820728778839111,-0.1305606365203857,-0.1144147813320159
0.0366336517035961,-0.1204427555203437,-0.1068186461925506
-0.0968966856598854,-0.1021082699298858,-0.1090860292315483
0.0407059155404567,-0.148681104183197,-0.1356947273015976
0.0347760692238807,-0.1109040603041648,-0.1082554459571838
0.0065130069851875,-0.1077471449971199,-0.0708457604050636
0.0402696393430233,-0.0971440374851226,-0.2227609902620315
0.0453296452760696,-0.1255953907966613,-0.2867506444454193
0.1660493612289428,-0.1425160467624664,-0.2120483815670013
0.0884232744574546,-0.1038432270288467,-0.1123702600598335
0.1506784707307815,-0.1528632789850235,-0.046985674649477
0.0377844013273716,-0.1954179257154464,-0.0288791060447692
-0.065357781946659,-0.193041980266571,-0.0705344974994659
-0.0663620606064796,-0.2166072279214859,-0.0814079195261001
0.003696329658851,-0.2036501467227935,-0.0092588532716035
0.1636345982551574,-0.2364160865545272,-0.0735558196902275
0.2048813253641128,-0.2418535649776458,-0.1680342406034469
0.1337235271930694,-0.2196574509143829,-0.271296739578247
-0.1270519495010376,-0.2376116216182708,-0.3081744909286499
-0.0057415105402469,-0.2642448246479034,-0.1476133167743683
0.0726187750697135,-0.2310903668403625,-0.0010351322125643
0.0121679501608014,-0.2362332046031952,0.0573155283927917
-0.0379431322216987,-0.268527090549469,-0.0792881473898887
-0.0891232341527938,-0.2281223982572555,-0.1500542014837265
-0.0558887980878353,-0.2165770679712295,-0.1611550897359848
-0.0235329922288656,-0.2220482677221298,-0.1859603077173233
0.0343439653515815,-0.229013979434967,-0.1513097882270813
0.0985293462872505,-0.2420384287834167,-0.1100331842899322
0.073580227792263,-0.2165518105030059,-0.0221108496189117
-0.0858043730258941,-0.1688876301050186,-0.0354482270777225
-0.096887357532978,-0.1795054376125335,-0.025204611942172
0.0116859888657927,-0.1662729829549789,0.0250705424696207
-0.056946326047182,-0.1374038904905319,0.0750043764710426
-0.0038290470838546,-0.1209295764565467,0.1202781125903129
-0.0243726130574941,-0.0921087637543678,0.0898701921105384
-0.1335648745298385,-0.076846182346344,0.0801272839307785
0.0666208118200302,-0.0263536497950553,0.0709581449627876
0.1301140189170837,-0.0053056231699883,0.1298499554395675
0.1078068986535072,-0.0181983858346939,0.2199249863624572
-0.0629003942012786,0.0345564372837543,0.2062227576971054
-0.1701645702123642,0.0268853344023227,0.2406523674726486
0.0582060180604457,-0.0073216361925005,0.2295096963644027
0.0683481693267822,0.0283596124500036,0.2434417903423309
0.1954374015331268,-0.0014624665491282,0.1754984259605407
0.0568822808563709,-0.0205232910811901,0.1237856596708297
0.0581281073391437,-0.0166321452707052,0.1538793891668319
-0.0426288358867168,-0.0142939649522304,0.1748834550380706
-0.1104989647865295,0.0049345903098583,0.2005949467420578
0.2072069197893142,-0.044733140617609,0.2417008280754089
0.2028137743473053,-0.0072318380698561,0.2237074524164199
-0.0004600536776706,0.0124636683613061,0.1087861284613609
-0.0821306854486465,0.0005263150669634,0.0418046973645687
0.0161616578698158,-0.0130741149187088,0.0344358533620834
-0.0457272753119468,-0.0286474823951721,0.0107912421226501
-0.1428443491458892,-0.0170048475265502,0.0560708157718181
-0.0344646126031875,-0.0240310635417699,0.1334162056446075
-0.0466182418167591,-0.0095493830740451,0.1584648936986923
-0.0644840523600578,0.0058833691291511,0.140870451927185
-0.0646262392401695,-0.0035098101943731,0.0633495002985
-0.0937966480851173,0.0378876999020576,0.1152305454015731
0.0062573440372943,0.0952556729316711,0.1539236605167389
-0.0126295275986194,0.0711226463317871,0.1294718533754348
0.0460973270237445,0.0532835349440574,0.111502818763256
-0.0614027678966522,0.0537951290607452,0.0676573365926742
0.0463461428880691,0.0422349423170089,0.1144532263278961
0.0909719318151474,0.0733811408281326,0.1255444884300232
-0.0003366728778928,0.0437092669308185,0.1496892422437667
0.0442076250910759,-0.0186142940074205,0.1763618737459182
-0.0605592206120491,-0.0058316281065344,0.1322152763605117
-0.159702330827713,-0.0175956096500158,0.1319529414176941
-0.0511607490479946,-0.0242941286414861,0.183667317032814
0.1055242046713829,-0.0022340998984873,0.2160705327987671
0.1039831638336181,-0.0576970018446445,0.1594349294900894
0.0504664070904254,-0.0873989760875701,0.1172017231583595
-0.0681881755590438,-0.0432725548744201,0.0473205968737602
-0.1529707014560699,-0.0256629381328821,0.0249308701604604
-0.0087905228137969,-0.0514960959553718,0.0591528005897998
-0.0056826141662895,-0.0030886190943419,0.113509252667427
-0.0390381999313831,0.0275030545890331,0.1918968111276626
-0.0791693776845932,-0.0020718812011182,0.2194149792194366
0.0239941999316215,0.0044026584364473,0.2840957343578338
0.0307290703058242,0.0538112185895442,0.3033397495746612
-0.1654438078403473,0.0780561193823814,0.2496823221445083
-0.1058156266808509,0.0826860219240188,0.1371773481369018
-0.0222789105027914,0.0997364297509193,0.2035261988639831
0.0419565364718437,0.1284500956535339,0.2317107021808624
-0.00951689761132,0.0878656953573226,0.1563901603221893
-0.0006131508853286,0.1102218776941299,0.1311409920454025
0.0583767890930175,0.2062671333551406,0.1968363523483276
-0.0722965374588966,0.2483384013175964,0.2276512533426284
0.0151786375790834,0.1944295316934585,0.333081990480423
-0.0867533236742019,0.1650199741125106,0.3093159198760986
-0.2675825953483581,0.1832629442214965,0.2640301883220672
0.0036816822830587,0.2324382215738296,0.2190262377262115
0.2829990088939667,0.280376523733139,0.2946369051933288
0.0725584253668785,0.2732895910739898,0.320137470960617
-0.06220318749547,0.2563562989234924,0.2381314486265182
0.0230424664914608,0.3110179603099823,0.2339710593223571
-0.0011744231451302,0.3326202630996704,0.3498415946960449
-0.0167714916169643,0.3261727690696716,0.3585765063762665
0.0397161059081554,0.2770103216171264,0.3894058763980865
0.0259723290801048,0.2855952680110931,0.3717999756336212
-0.0260923504829406,0.3202919363975525,0.3157399296760559
0.0094539262354373,0.3286880850791931,0.2174881845712661
-0.0136143304407596,0.3190929591655731,0.1044313833117485
0.06159333512187,0.3207787275314331,0.1385062634944915
-0.0035833641886711,0.3045052289962768,0.1190873607993125
-0.1294467449188232,0.2693206071853637,0.1043379753828048
0.1023004502058029,0.3307592868804931,0.1004762947559356
0.0189368482679128,0.3554313480854034,0.1009434089064598
-0.2557945549488067,0.2671937644481659,0.0023368089459836
-0.1040108725428581,0.2106503099203109,-0.1394323110580444
0.1270851343870163,0.3114531934261322,0.1152036488056182
0.3107905089855194,0.2791461050510406,0.1030361950397491
0.1326708644628524,0.1386660188436508,-0.0931355133652687
-0.0517213456332683,0.1200497299432754,-0.1423123776912689
-0.0366403944790363,0.1658566296100616,-0.212220624089241
0.0157557018101215,0.1041418761014938,-0.1269448846578598
0.1511270403861999,0.0998074114322662,-0.0017223057802766
0.1838519722223281,0.0576602257788181,0.0857484191656112
0.1473493129014969,0.0227222368121147,0.1092977747321128
0.0230633132159709,0.0343061909079551,-0.0563748180866241
-0.012425335124135,0.0148492790758609,-0.1948056817054748
0.1623920053243637,-0.0178514085710048,-0.2188367247581482
0.0935567617416381,0.0031627956777811,-0.2338982224464416
0.0550437197089195,-0.0302151348441839,-0.2001772820949554
-0.0090775098651647,-0.0271106399595737,-0.1607574671506881
0.0462733618915081,-0.0168548058718442,-0.1606549471616745
0.1033667996525764,-0.0899620279669761,-0.2579021751880646
-0.1115987673401832,-0.1370102316141128,-0.3086172640323639
-0.0721816718578338,-0.0658554285764694,-0.2593905031681061
-0.0338454656302928,-0.0137373646721243,-0.2248069494962692
-0.0067279376089572,-0.0683870092034339,-0.2296351194381714
0.0198597311973571,-0.1185409948229789,-0.2598654329776764
0.0472990497946739,-0.0968071445822715,-0.2843151688575744
0.2141191959381103,-0.1067569851875305,-0.2665875852108001
0.2255288660526275,-0.06858791410923,-0.2304995357990265
0.0713712573051452,-0.0610778033733367,-0.2296696901321411
-0.184941291809082,-0.1060255914926529,-0.2846600413322449
-0.127277985215187,-0.2074496895074844,-0.3866409957408905
-0.0236275773495435,-0.1885478198528289,-0.4057016670703888
0.1032081320881843,-0.1377437710762024,-0.2577116787433624
0.1448564231395721,-0.2378169596195221,-0.2482192069292068
0.1198051273822784,-0.2580340802669525,-0.2501489222049713
-0.0265848636627197,-0.2055317759513855,-0.2172633558511734
-0.1252312809228897,-0.2155157029628753,-0.1526643931865692
0.1586396098136901,-0.2302437275648117,-0.0913901776075363
0.1140271350741386,-0.1895471662282943,-0.0791846439242363
0.0778337940573692,-0.2002741545438766,-0.1201768219470977
-0.0142455352470278,-0.1811704933643341,-0.2221391499042511
0.0515137612819671,-0.1387928426265716,-0.1989915817975998
0.0506855174899101,-0.1308326572179794,-0.1511425673961639
-0.0228632781654596,-0.0977124124765396,-0.0383838899433612
-0.0324179008603096,-0.0568280965089798,0.0799358263611793
0.037424948066473,-0.0302582345902919,0.1625239551067352
0.135101705789566,0.0045910906046628,0.1762629449367523
0.1449096947908401,0.0489428006112575,0.0967393442988395
-0.0142386816442012,0.0959965884685516,9.37648583203e-05
-0.1170952469110488,0.1145403012633323,-0.129265159368515
0.0223728995770216,0.1139597296714782,-0.0450711846351623
0.2188832908868789,0.1145473271608352,0.1047451123595237
0.0781932771205902,0.0895234644412994,0.0844526216387748
-0.0806597769260406,0.09603963047266,0.1069087237119674
-0.071385845541954,0.1030325591564178,0.0776395201683044
-0.1038098335266113,0.0975304394960403,0.0823779702186584
0.1143414080142974,0.1013992130756378,0.1456229835748672
0.2029390484094619,0.0618894770741462,0.1105993092060089
0.1719443798065185,0.0232568643987178,0.0880013257265091
0.0375313274562358,0.0288759376853704,0.0237452294677495
-0.0510696470737457,0.0536888763308525,0.030524305999279
0.0898224264383316,0.011449109762907,0.0445465892553329
0.0698133036494255,-0.0046955058351159,0.0466230548918247
0.1629118025302887,0.004135375842452,0.0396699719130992
0.0617010295391082,0.0237697996199131,-0.0033685727976262
0.0681223720312118,-0.0279851797968149,-0.0042181815952062
0.1448344588279724,-0.0467186532914638,-0.0670235082507133
-0.0076091727241873,-0.0339222215116024,-0.1011329442262649
-0.0359361506998539,-0.0344716310501098,-0.0712541416287422
-0.0601517409086227,-0.0231950096786022,-0.0137274619191885
0.0127877118065953,-0.0301788821816444,0.0636967569589614
0.0035933698527514,-0.065062515437603,0.0787997767329216
-0.0445456653833389,-0.0497168526053428,0.0815771892666816
0.0278290603309869,0.0042879180982708,0.0600168593227863
0.0445028431713581,0.0018095802515745,-0.0076820263639092
-0.0693693086504936,0.00188794080168,-0.070029929280281
0.0307919103652238,0.00494977645576,-0.1455784887075424
-0.0764550268650055,0.004359234124422,-0.1536223888397216
-0.1666043549776077,0.015620675869286,-0.0872055441141128
-0.2878582775592804,0.0473421439528465,0.0312676206231117
-0.1249692216515541,0.0279522035270929,0.1454208344221115
-0.0775771662592887,0.0473152361810207,0.1617698520421981
-0.1154539734125137,0.0523944161832332,0.1005911752581596
0.0167386643588542,0.0720820501446724,0.0464102998375892
0.0086008422076702,0.116067349910736,0.0053725838661193
0.018744122236967,0.024211224168539,-0.0428297854959964
0.1032488867640495,-0.0005202195607125,-0.1150075793266296
0.0419585406780242,0.0236227605491876,-0.1236405372619628
-0.0751688778400421,0.025278715416789,-0.077924445271492
-0.1856150925159454,0.0770234540104866,-0.0215394683182239
-0.1354347467422485,0.0830858722329139,0.0541017614305019
-0.1245874240994453,0.0956150516867637,0.0929302126169204
-0.1698792725801468,0.1334039717912674,0.0053745247423648
-0.1464264541864395,0.1226742342114448,-0.0334988236427307
-0.0747299119830131,0.1418202370405197,-0.0556067898869514
0.0346118509769439,0.110003262758255,-0.1877008974552154
-0.0344282016158103,0.0726311281323432,-0.2454089373350143
-0.1364722400903701,0.0868115052580833,-0.2091895490884781
-0.1048655658960342,0.0975770726799964,-0.1460832953453064
-0.0010683318832889,0.0761274397373199,-0.0483865477144718
0.0249709915369749,0.0479786247014999,0.0556615553796291
0.0251553710550069,0.0452829301357269,0.0688604414463043
-0.0799646601080894,0.0629897564649581,-0.0432328060269355
-0.0535974502563476,0.0338766351342201,-0.1427675634622573
0.0446532182395458,0.0112693281844258,-0.1598831713199615
0.1241763234138488,0.0083972234278917,-0.1806940585374832
0.0953132510185241,-0.0100395735353231,-0.2512819170951843
-0.0198639463633298,-0.0300347488373518,-0.2213307917118072
-0.1179444417357444,-0.0107774315401911,-0.1757409423589706
-0.1213900297880172,-0.0003065192140638,-0.1761216670274734
-0.053604319691658,-0.0630561858415603,-0.1534366011619568
0.0963926091790199,-0.0846555456519126,-0.0454543977975845
0.0263895541429519,-0.0705879256129264,-0.0675687566399574
-0.0047980318777263,-0.1118645668029785,-0.1435072422027588
0.0164939407259225,-0.1250783652067184,-0.164032757282257
0.0202631894499063,-0.1135253384709358,-0.1842281818389892
-0.0056230025365948,-0.1631360203027725,-0.2623759806156158
-0.05740387737751,-0.204408049583435,-0.2671215236186981
-0.015007953159511,-0.2413096129894256,-0.1656718999147415
-0.0534958317875862,-0.2437271922826767,-0.1822259128093719
-0.0415835082530975,-0.2541356384754181,-0.2208553254604339
-0.1474787145853042,-0.2651120722293854,-0.2142726182937622
-0.206450954079628,-0.2551286518573761,-0.1845775842666626
-0.0223817396908998,-0.2523644566535949,-0.1966647505760193
0.1404348760843277,-0.2552435994148254,-0.1963667422533035
0.14268758893013,-0.2286404967308044,-0.1785466820001602
-0.0019590705633163,-0.205747976899147,-0.2734537422657013
-0.0868614166975021,-0.2249518036842346,-0.3674148619174957
-0.1477564573287964,-0.20097616314888,-0.3197916746139526
0.042967215180397,-0.1325294077396392,-0.1216576471924781
0.1167000234127044,-0.0847932994365692,-0.022719083353877
0.0572518184781074,-0.1295603066682815,-0.0177362039685249
-0.086587905883789,-0.1445003598928451,-0.1544290781021118
-0.0264655407518148,-0.1334919333457946,-0.2851861119270324
0.196201890707016,-0.1610764116048813,-0.264216661453247
0.0949517637491226,-0.1540290415287017,-0.1266355067491531
0.0869987681508064,-0.2040658444166183,-0.0570974349975585
0.0616223439574241,-0.288374662399292,-0.1286032795906067
0.0255594179034233,-0.3103515803813934,-0.2059220373630523
0.0575635321438312,-0.2963494956493377,-0.2477056235074997
0.049170047044754,-0.2557786405086517,-0.1979324668645858
0.0522051006555557,-0.2912876307964325,-0.091317780315876
0.0610731542110443,-0.2822664380073547,-0.1216194927692413
0.0613162294030189,-0.2469971925020218,-0.1345279961824417
0.0323929674923419,-0.2340856492519378,-0.1237091645598411
-0.0486556328833103,-0.2216777950525283,-0.0946118980646133
0.0664941221475601,-0.2053054720163345,-0.0712330713868141
0.1088849306106567,-0.1780782490968704,-0.1069862619042396
-0.0689377933740615,-0.147188514471054,-0.1353031247854232
0.0920286774635315,-0.1747223287820816,-0.1482070982456207
0.0700890272855758,-0.2077697664499282,-0.0480762422084808
0.0728413984179496,-0.2120988070964813,0.0318795219063758
-0.0034949155524373,-0.2352222353219986,-0.0100285140797495
0.0618359595537185,-0.2589096426963806,0.0463679321110248
0.0756164863705635,-0.2446827739477157,0.1047694608569145
-0.0411743074655532,-0.2019089460372924,0.0321913920342922
-0.0242864061146974,-0.2415785938501358,0.0014031199971213
-0.0198268461972475,-0.2263891547918319,0.0050247330218553
-0.0731441304087638,-0.2183187156915664,0.0588086023926734
0.0987280160188674,-0.2075165659189224,0.1570794135332107
0.144321858882904,-0.1423815041780471,0.1629732549190521
0.1504716426134109,-0.1456474661827087,0.1248431876301765
0.1623195111751556,-0.1852979362010955,0.0715988799929618
0.091823436319828,-0.1682701259851455,0.0367502905428409
-0.0188077371567487,-0.2006847858428955,0.0982109904289245
0.0116900233551859,-0.2080665826797485,0.2100845575332641
0.010171222500503,-0.1306080073118209,0.2709321677684784
-0.0121209705248475,-0.1060051843523979,0.2144726067781448
-0.0584871396422386,-0.1085836589336395,0.1453361362218856
0.047037735581398,-0.0636286288499832,0.1220713257789611
0.1627494245767593,-0.0582847259938716,0.1137662529945373
0.1797533631324768,-0.0762307271361351,0.1880641430616378
0.1265287548303604,-0.0488483756780624,0.2204282134771347
-0.0093108266592025,-0.0024298490025103,0.2248416990041732
0.0187487713992595,-0.0045262891799211,0.1961224377155304
0.0042699626646935,0.0117506841197609,0.2097463756799698
0.0639282315969467,0.0243740677833557,0.2966399788856506
-0.0200090575963258,0.0239461585879325,0.2816584408283233
-0.2139420360326767,0.0694787576794624,0.2730103731155395
-0.0479164123535156,0.1180515363812446,0.2045183926820755
0.0211976785212755,0.1123736798763275,0.2636695802211761
0.1155609041452407,0.1207037270069122,0.3288478851318359
0.1797039359807968,0.1224395781755447,0.3049686551094055
-0.0183358844369649,0.0984315648674964,0.3118123710155487
-0.0995119661092758,0.1197096928954124,0.2472911775112152
-0.0801185965538024,0.1235344633460044,0.2493940740823745
-0.0478144511580467,0.1282301545143127,0.3126702606678009
-0.0079428078606724,0.1424115598201751,0.3734501600265503
-0.0705742314457893,0.1274400651454925,0.3152416944503784
-0.1345704793930053,0.1284413188695907,0.2853566408157348
-0.0304619260132312,0.1600450575351715,0.2006508111953735
0.1301550567150116,0.1496389210224151,0.1180091649293899
0.0727426409721374,0.1074786856770515,0.1422940045595169
0.0132583053782582,0.0993076339364051,0.1846243292093277
-0.1223882064223289,0.1011526733636856,0.1875785738229751
-0.1868896484375,0.0513310022652149,0.105420097708702
-0.1381223797798156,0.0920834988355636,0.1416987478733062
-0.0369154550135135,0.1388228088617324,0.2191717028617859
-0.046572346240282,0.0824407562613487,0.1417847722768783
-0.0220617204904556,0.0644058808684349,0.0734296515583992
0.0049818800762295,0.1089499145746231,0.1490956395864486
-0.1064672023057937,0.129183828830719,0.1522300839424133
-0.0838891938328743,0.1144727990031242,0.1169352009892463
-0.0210102591663599,0.1171513348817825,0.1398579776287078
0.0133429206907749,0.097931832075119,0.140486478805542
-0.0563714019954204,0.0908568277955055,0.0888664573431015
-0.0450779981911182,0.1154029220342636,0.0878062546253204
0.002470048610121,0.1018175482749939,0.0719863474369049
-0.0873786136507988,0.0843456164002418,0.0710257440805435
-0.0717914029955864,0.095125027000904,0.0525990687310695
-0.092223972082138,0.1029030531644821,0.0560417361557483
0.0059953783638775,0.0848827436566352,0.0944360718131065
0.1121207475662231,0.0523106902837753,0.0746123045682907
0.046637874096632,0.0334231369197368,0.1086154952645301
0.0502525828778743,0.0346905328333377,0.1204260811209678
0.0856944471597671,0.0308523718267679,0.0974940881133079
0.0451680608093738,-0.0057511776685714,0.1085701733827591
-0.0541811622679233,-0.0142117738723754,0.0855050683021545
-0.1491012871265411,-0.0029575219377875,0.0306436829268932
-0.1587551832199096,0.0183383859694004,-0.0074907131493091
-0.103044793009758,-0.035327773541212,0.0135083124041557
0.0257259625941514,-0.0282748192548751,0.1044841930270195
0.138053297996521,0.0282486453652381,0.0897622406482696
0.1328919827938079,0.0206662081182003,0.0662759095430374
0.1084747910499572,0.0216491818428039,0.0629522800445556
0.0217884387820959,0.0390533097088336,0.0315209291875362
0.0051077296957373,0.0002971268258988,0.0236241221427917
0.1041435673832893,-0.0424973554909229,-0.0281398780643939
-0.0020955197978764,-0.0410821512341499,0.0381539240479469
-0.0341157205402851,-0.0260675642639398,0.1013928428292274
-0.0925771668553352,-0.0029558525420725,0.1519766598939895
-0.0796243622899055,0.0337684452533721,0.1929815262556076
-0.0350811332464218,0.0882452651858329,0.1711305528879165
-0.1347994357347488,0.1470423191785812,0.1523333489894867
-0.0581182427704334,0.1582856625318527,0.1471652239561081
-0.1610933244228363,0.1926881670951843,0.174962967634201
-0.0867639705538749,0.2091491669416427,0.2407193332910537
-0.112067312002182,0.2348470091819763,0.2418401092290878
0.005934958346188,0.237930417060852,0.2831846177577972
-0.0650756061077117,0.2677357196807861,0.2812238931655884
-0.0551060661673545,0.2956264913082123,0.2582341432571411
0.0796740502119064,0.2846761047840118,0.2689278423786163
0.0147091671824455,0.3326798379421234,0.2452451586723327
-0.0350929722189903,0.3497923910617828,0.2197032421827316
-0.101666934788227,0.3184579014778137,0.2409150600433349
0.2128221094608307,0.3134985566139221,0.3004284203052521
0.3293354213237762,0.2933900952339172,0.3057824373245239
0.1605823338031768,0.2916114628314972,0.3348676860332489
0.0908378660678863,0.3061227798461914,0.2018273621797561
-0.0278989840298891,0.2934448719024658,0.1125331073999404
-0.0210930109024047,0.2370947897434234,0.0211533885449171
-0.0667109638452529,0.2038826495409011,0.0169476363807916
-0.0021508806385099,0.1880815774202346,0.1103598773479461
0.1079373806715011,0.1338202804327011,0.1590508818626403
0.1171588450670242,0.1214344426989555,0.1357133239507675
0.0055834213271737,0.1225287169218063,0.0707487910985946
-0.0980476289987564,0.1332804411649704,-0.0392927601933479
0.0316204167902469,0.1017132997512817,-0.048344187438488
0.1499582380056381,0.0901906043291091,-0.003456606529653
0.0670135244727134,0.1069963052868843,0.01231524720788
0.0288032926619052,0.102275051176548,-0.007845414802432
-0.0230603497475385,0.0988961234688758,0.0033750841394066
0.1186509802937507,0.1021845936775207,0.0122814932838082
0.0544343516230583,0.123979665338993,-0.0802213549613952
0.0244599413126707,0.1151166632771492,-0.0858017429709434
-0.0266524031758308,0.10704255849123,-0.107509009540081
0.0399836152791976,0.1019620448350906,-0.0337498374283313
0.2216288745403289,0.1256789118051529,0.0341341197490692
0.2093873918056488,0.1017794385552406,-0.0552804470062255
0.0185641627758741,0.0540908351540565,-0.1877422779798507
-0.0078549273312091,0.0694596767425537,-0.2315787076950073
-0.0587852336466312,0.0917720049619674,-0.2021090686321258
0.0005196346901357,0.0546174496412277,-0.1534288674592971
0.0514024198055267,0.0040210504084825,-0.1104823648929596
0.0829281210899353,-0.0067746057175099,-0.1043211370706558
-0.0746323242783546,-0.0120653267949819,-0.1553648561239242
0.0037708736490458,-0.0517488270998001,-0.2528043389320373
0.0538499541580677,-0.0726091116666793,-0.2508143782615661
0.115863524377346,-0.0703486204147338,-0.1627921164035797
0.0827621296048164,-0.0981050655245781,-0.193660020828247
0.0182923264801502,-0.1383621990680694,-0.2856400310993194
-0.0781979337334632,-0.1151292026042938,-0.3070868551731109
-0.1060458049178123,-0.0639110207557678,-0.2794163525104522
-0.0226982329040765,-0.0741415098309516,-0.3117234408855438
-0.0786690860986709,-0.0935788601636886,-0.2878042757511139
-0.2052445411682129,-0.0971436873078346,-0.2982518672943115
-0.0148716634139418,-0.1013509482145309,-0.3114294707775116
0.0602271854877471,-0.0885509699583053,-0.2369349747896194
0.0177234057337045,-0.1016017943620681,-0.1753283441066742
0.0244577936828136,-0.1045325025916099,-0.1554962247610092
-0.006751524284482,-0.1170727908611297,-0.1666253209114074
-0.1682388633489608,-0.1236900389194488,-0.1839065104722976
-0.1566240191459655,-0.149790346622467,-0.1755891889333725
-0.0961808636784553,-0.1595159918069839,-0.1290296465158462
0.0798242539167404,-0.1309551894664764,-0.1112956628203392
-0.0198397897183895,-0.0812701880931854,-0.1497337818145752
0.001466563437134,-0.0556574985384941,-0.1092819571495056
-0.0291321016848087,-0.0203466080129146,-0.107191227376461
-0.0068715373054146,-0.019209437072277,-0.0719829052686691
-0.0028953009750694,-0.0145326256752014,-0.0276069100946187
-0.1077426224946975,0.0363902114331722,0.0176316741853952
0.1154340356588363,0.0411730408668518,-0.0103723332285881
0.0570434369146823,0.048715379089117,-0.0170914884656667
0.1162545382976532,0.0369259305298328,-0.032533124089241
0.0261526126414537,-0.0362723805010318,-0.2122309803962707
0.1011551395058631,-0.0798173770308494,-0.212221547961235
0.167262777686119,-0.0450138598680496,-0.1104336678981781
0.0455426685512065,-0.0516565926373004,-0.0537541024386882
-0.0639723688364029,-0.1178744956851005,-0.119471326470375
-0.1172304823994636,-0.138144850730896,-0.1519918739795684
-0.1392244696617126,-0.1214114129543304,-0.0084248650819063
0.0014971897471696,-0.139507383108139,-0.0480558834969997
0.0850285664200782,-0.1684503555297851,-0.1078036352992057
0.0853933840990066,-0.180797591805458,-0.0932396501302719
-0.10621839761734,-0.1789871752262115,-0.1270122677087783
-0.1248232945799827,-0.1446379870176315,-0.0957029834389686
-0.0053594829514622,-0.1523502320051193,-0.0249121729284524
-0.0588977672159671,-0.1609915643930435,0.0878314971923828
0.0758190378546714,-0.1822936534881591,0.0305136106908321
0.095741719007492,-0.1745543777942657,-0.0329551994800567
0.1440570652484893,-0.1569862961769104,-0.0799892842769622
-0.0523938760161399,-0.1520468145608902,-0.2027228027582168
-0.1795315891504287,-0.1393299549818039,-0.1380596458911895
-0.2069941908121109,-0.1215895861387252,-0.0125003550201654
-0.2034535259008407,-0.0892398953437805,0.1102585867047309
0.1094160228967666,-0.111185610294342,0.2208234220743179
0.307709127664566,-0.057068046182394,0.3010197281837463
0.2526133060455322,-0.0026689521037042,0.2288647592067718
-0.0097812777385115,0.0015979642048478,0.1491022855043411
-0.0884631425142288,0.046817235648632,0.0790724232792854
0.0229853484779596,0.0494492389261722,0.0435762219130992
-0.0315655283629894,0.0657721236348152,0.0685110315680503
-0.0087094809859991,0.0348027572035789,0.126696303486824
0.0180540382862091,0.0410204194486141,0.2373268157243728
0.0378762111067771,0.1150661557912826,0.343015968799591
-0.0743024051189422,0.1824187338352203,0.3605509996414184
-0.090565800666809,0.1977316439151764,0.3047687113285064
-0.0918308049440383,0.1762190014123916,0.299842357635498
-0.2024848759174347,0.2289488017559051,0.2979600131511688
-0.0834972783923149,0.1967589855194091,0.3149351179599762
0.01348093803972,0.212442085146904,0.327240526676178
0.0180465318262577,0.2314880639314651,0.3254919052124023
-0.0696090161800384,0.2295226454734802,0.3332432806491852
-0.0302441902458667,0.2377126514911651,0.3204789459705353
0.0539724193513393,0.2409124374389648,0.3495316207408905
0.2404822409152984,0.2369250804185867,0.424022227525711
0.3270429670810699,0.2915571630001068,0.4716355502605438
0.1294409334659576,0.3213974833488464,0.3878892958164215
0.0693978369235992,0.3869916796684265,0.2809652388095855
0.0629744008183479,0.4088898599147796,0.2039292007684707
0.0289783552289009,0.3683421611785888,0.2235292643308639
0.0096214283257722,0.3561039566993713,0.3344416916370392
0.0641959905624389,0.3351626992225647,0.3544604182243347
-0.0154394144192337,0.3441109359264374,0.34845170378685
-0.0467565916478633,0.366369366645813,0.3013965785503387
-0.0358978472650051,0.3365994095802307,0.2155150175094604
-0.0606551244854927,0.2976224422454834,0.1700037270784378
0.159231036901474,0.2701296210289001,0.1924483180046081
0.2875983119010925,0.2498810887336731,0.1663789004087448
0.1984121799468994,0.2137304097414016,0.1024932712316513
0.1439052671194076,0.189304694533348,0.0244927480816841
-0.0019757114350795,0.1922780722379684,0.0099945273250341
0.0832678154110908,0.1719368547201156,-0.0311553068459033
-0.0196150448173284,0.1531413942575454,-0.0131343370303511
0.0590965449810028,0.1241124123334884,0.0633662939071655
0.0912374556064605,0.1150991022586822,0.0338319391012191
0.1842571347951889,0.0537894070148468,0.0553998164832592
0.1373962759971618,0.0634099468588829,0.0046233655884861
-0.0496292673051357,0.1113628223538398,-0.1318458020687103
-0.1781488955020904,0.0540137812495231,-0.2886548340320587
-0.1924077272415161,0.0965122357010841,-0.1761924922466278
-0.0153872519731521,0.0778595507144928,-0.0604915134608745
0.0524368025362491,-0.0047778058797121,-0.0877644121646881
-0.0345903150737285,-0.0331482738256454,-0.0993046686053276
-0.0355415940284729,0.0113411657512187,-0.1194176599383354
-0.1132507920265197,0.0437641739845275,-0.2090515941381454
0.0314035899937152,-0.0407254099845886,-0.264618456363678
0.0518761910498142,-0.0372296497225761,-0.2149703949689865
0.1307369172573089,-0.0325174555182457,-0.1274059265851974
0.0397183038294315,-0.101334199309349,-0.1813569962978363
-0.0635795891284942,-0.1259844154119491,-0.2103713452816009
0.012465912848711,-0.1094001531600952,-0.2537461221218109
-0.0937225744128227,-0.0893966183066368,-0.2506486177444458
-0.1306320428848266,-0.0712015777826309,-0.2747921645641327
-0.0670283064246177,-0.0518590398132801,-0.2211348116397857
-0.115440733730793,-0.057795662432909,-0.1396375149488449
-0.1099258586764335,-0.0473278425633907,-0.2010430842638015
-0.0734053179621696,-0.0612711943686008,-0.2194316834211349
-0.0919342637062072,-0.0255558080971241,-0.2093446999788284
-0.0958282798528671,-0.0062469765543937,-0.2110849320888519
-0.1795261055231094,-0.0534935854375362,-0.1697233766317367
-0.2020164430141449,-0.0686034485697746,-0.1864660233259201
0.0029769204556941,-0.0068069244734942,-0.1370462775230407
-0.0088603403419256,0.0057216975837945,-0.0680107772350311
-0.0636234581470489,-0.0200001783668994,-0.070117600262165
0.0043249097652733,-0.0149400196969509,-0.0487304106354713
-0.1099907457828521,0.0207063909620046,-0.014661394059658
-0.1230156421661377,0.0178758911788463,-0.0516004413366317
-0.1251986473798751,0.0402962416410446,-0.1011842414736747
0.1109172999858856,0.0662010014057159,-0.0187928136438131
0.2100303024053573,0.0527512356638908,0.0735781267285347
0.0877347365021705,0.0596766248345375,0.0539787635207176
-0.0703116208314895,0.1202265173196792,-0.0200493931770324
-0.1464596688747406,0.1496462970972061,-0.0534660369157791
-0.0252466965466737,0.1287085264921188,-0.0602850578725338
0.1054394319653511,0.1421816200017929,0.0312987491488456
0.2117775827646255,0.1055141538381576,0.111131265759468
0.0621762685477733,0.1038196757435798,0.0554423816502094
-0.0695002749562263,0.1117596253752708,-0.0443515926599502
-0.1029847413301467,0.1141856014728546,-0.1588021069765091
-0.0774934962391853,0.1231996044516563,-0.0965070351958274
-0.0457444824278354,0.0780776366591453,0.0082491906359791
-0.0242993757128715,0.0411454439163208,0.0254015456885099
0.0231596939265728,0.0703777968883514,-0.052919428795576
-0.1109650880098342,0.0555128306150436,-0.0919360741972923
-0.0460106022655963,0.0611379481852054,-0.1307940483093261
0.0526880100369453,0.1143753305077552,-0.048980139195919
0.164093017578125,0.1106659621000289,0.0245565362274646
0.1774967163801193,0.1066227555274963,0.0674691125750541
0.163497656583786,0.0766423791646957,0.0340120606124401
-0.0020111410412937,0.0455859303474426,-0.0584286600351333
0.1293162554502487,0.0533247180283069,-0.0189066305756568
0.1699337214231491,0.0906872674822807,0.1838488727807998
0.1555759310722351,0.1152814254164695,0.1393012851476669
0.1395865827798843,0.0632075741887092,0.0161545984447002
0.0734763219952583,0.052331980317831,0.0141801591962575
0.1423001289367675,0.096992127597332,0.0086519699543714
0.0526917316019535,0.1115333214402198,0.0782459452748298
0.1052031442523002,0.0666870176792144,0.0347045920789241
0.0474991127848625,0.0438756942749023,-0.0049199238419532
0.0732233896851539,0.043074082583189,-0.036222718656063
-0.0880841612815857,0.0721363425254821,-0.125009223818779
0.0328595675528049,0.0497713796794414,-0.1106390878558158
0.153131753206253,0.053497277200222,-0.0028037852607667
0.1612868905067443,0.0449690371751785,0.0297525599598884
0.0114040710031986,-0.0149722397327423,-0.1326968520879745
-0.1400973051786422,0.0106218047440052,-0.2284617274999618
-0.0632958263158798,0.0067792613990604,-0.2576341927051544
-0.0825467556715011,0.0107468385249376,-0.2226977795362472
0.1359229683876037,-0.0639932379126548,-0.1771978586912155
0.1096351668238639,-0.0479849763214588,-0.1482578217983245
0.002044097520411,-0.0792196914553642,-0.1867566853761673
-0.2133315950632095,-0.1095610857009887,-0.4104052186012268
-0.1068923622369766,-0.1700679063796997,-0.3891528248786926
0.0126105984672904,-0.086567685008049,-0.1650145202875137
0.143680527806282,-0.0969487354159355,-0.0731168016791343
0.0737285986542701,-0.1923287808895111,-0.1714116781949997
-0.2480012774467468,-0.192982017993927,-0.3325563967227936
-0.076705165207386,-0.1999395191669464,-0.3634887337684631
0.0215463731437921,-0.2233737707138061,-0.3459546566009521
0.1229033544659614,-0.1861081570386886,-0.212512731552124
0.1488799750804901,-0.2854403555393219,-0.1987612396478653
0.0982032269239425,-0.3604232668876648,-0.3107530176639557
0.0018854786176234,-0.3675349652767181,-0.4636461734771728
0.0138233648613095,-0.3543350100517273,-0.4180368781089782
0.1794082373380661,-0.375681459903717,-0.3024893999099731
0.0489567480981349,-0.3880307972431183,-0.3162507712841034
0.0639184489846229,-0.3800846636295318,-0.3965640068054199
-0.0220073759555816,-0.3556280434131622,-0.4460758864879608
-0.1276952475309372,-0.3068738579750061,-0.3511420488357544
0.0813008472323417,-0.322010725736618,-0.2123112082481384
0.2477412074804306,-0.3546627759933471,-0.0983084589242935
0.1346870958805084,-0.3098601400852203,-0.1034728586673736
0.0995579734444618,-0.2110625207424163,-0.1194573640823364
-0.0543825849890708,-0.1901532560586929,-0.140055850148201
-0.0618880875408649,-0.2083782106637954,-0.1500902026891708
-0.1291352957487106,-0.1664192974567413,-0.10211893171072
0.0733225271105766,-0.183399498462677,0.0400988385081291
0.1909775286912918,-0.1552040725946426,0.0654404163360595
-0.0665211156010627,-0.0701785236597061,0.116717979311943
-0.0433625318109989,-0.0239527001976966,0.17755788564682
-0.0098273511976003,-0.0079694418236613,0.2111893594264984
0.0103402351960539,0.0356763042509555,0.1693471074104309
-0.0248904004693031,0.0597419179975986,0.1932767033576965
0.0780887156724929,0.0788311883807182,0.2345525026321411
0.1201260387897491,0.0934891551733017,0.2062301635742187
-0.0115853808820247,0.0837251991033554,0.2642106413841247
0.0935144275426864,0.0765641629695892,0.289515733718872
0.0071891234256327,0.0737808942794799,0.3626266717910766
0.0646586567163467,0.1376284509897232,0.4211615324020386
-0.0536512099206447,0.2059057801961898,0.3223367035388946
-0.2174954116344452,0.1657752096652984,0.2102374732494354
-0.0801974758505821,0.1482705175876617,0.1922353059053421
-0.1422858536243438,0.2155190855264663,0.220842495560646
-0.2062597721815109,0.1812524646520614,0.1404451131820678
-0.0969098433852195,0.123577170073986,0.172667771577835
-0.0773667693138122,0.1748590171337127,0.2158959358930587
-0.1717298626899719,0.1531921923160553,0.1042730882763862
-0.227520152926445,0.1183687001466751,0.1450684517621994
-0.2368485927581787,0.1434508562088012,0.2146561294794082
-0.2308772504329681,0.1873749047517776,0.2052064388990402
0.075651153922081,0.1757400631904602,0.2037108540534973
0.1817094087600708,0.125509113073349,0.1848061382770538
0.1104180738329887,0.1302511543035507,0.0974529907107353
-0.2035459876060485,0.1624367833137512,0.0184993222355842
-0.2124906033277511,0.2082727551460266,-0.0338925048708915
0.1367390155792236,0.1676217317581176,0.0013126224512234
0.4133447706699371,0.208485722541809,0.1204323545098304
0.4201070666313171,0.1014064028859138,0.2154504805803299
0.1273280680179596,0.0547388866543769,0.13980233669281
-0.1372947990894317,0.2096946537494659,0.0922457352280616
0.0407725349068641,0.2080443650484085,0.0337183997035026
0.2295147627592086,0.1120935976505279,-0.0490750148892402
0.2638908326625824,0.0943898037075996,-0.0522496029734611
0.0835378244519233,0.1006626114249229,-0.0677111148834228
-0.0407443083822727,0.0348007045686244,-0.1217606589198112
0.0059081451036036,0.0254450179636478,-0.1336980164051056
0.071554496884346,0.0539426431059837,-0.0275640506297349
0.1237252876162529,0.0143491644412279,-0.0120085263624787
-0.1147912293672561,-0.044263519346714,-0.1122752949595451
-0.0774153620004654,-0.0253295097500085,-0.179631695151329
-0.018620254471898,0.0601288713514804,-0.1355456560850143
0.1059858575463295,0.0522682890295982,-0.0923182889819145
0.0968639329075813,-0.0647934004664421,-0.160874530673027
-0.0022432145196944,-0.111711636185646,-0.2184131890535354
0.1213818043470382,-0.0938928574323654,-0.2244302332401275
0.2046050578355789,-0.1158799231052398,-0.1936606019735336
0.1904965937137603,-0.2048953026533126,-0.2283879667520523
-0.0152733456343412,-0.2457391321659088,-0.2318178415298462
0.0005899600218981,-0.2477804273366928,-0.3008571863174438
0.009381853044033,-0.2236655056476593,-0.2739307582378387
0.0234513320028781,-0.2232794910669326,-0.2249073386192321
-0.1048411279916763,-0.2922963500022888,-0.2726365029811859
-0.1285426765680313,-0.3261301815509796,-0.2951794564723968
-0.0095121692866086,-0.2559934556484222,-0.2431553900241851
-0.1368224024772644,-0.2203113734722137,-0.2376362383365631
-0.1710328310728073,-0.2819989919662475,-0.3183731436729431
-0.1233060210943222,-0.2530311644077301,-0.3011837899684906
-0.1741026192903518,-0.2085185796022415,-0.2249694466590881
-0.1903008073568344,-0.220171257853508,-0.2019523978233337
-0.0094671007245779,-0.1934986412525177,-0.1773671507835388
-0.0473071001470088,-0.203205406665802,-0.166911169886589
-0.0972086116671562,-0.222971111536026,-0.1940032392740249
-0.1179350689053535,-0.201785609126091,-0.1790350526571273
-0.0534988231956958,-0.1793556660413742,-0.1259380131959915
0.1126096472144126,-0.1927489191293716,-0.0481459274888038
0.2349302470684051,-0.169781282544136,-0.0260422211140394
0.0961938500404357,-0.1345162540674209,-0.0661289915442466
-0.0925278663635253,-0.1368220150470733,-0.1039141863584518
-0.1294997632503509,-0.1406821608543396,-0.1357549875974655
-0.1318401396274566,-0.0821235105395317,-0.0611185654997825
-0.0901552438735961,-0.0864886119961738,0.0443575493991375
-0.0906513854861259,-0.0983508601784706,0.0211627483367919
-0.0404124706983566,-0.0771056860685348,-0.000713443965651
-0.0088084693998098,-0.0603245757520198,-0.0228946469724178
-0.1292935162782669,-0.0557893700897693,0.0241182092577219
0.0195761155337095,-0.06512401252985,0.0444642230868339
0.1257472932338714,-0.072512686252594,0.0914178863167762
0.256907194852829,-0.1007872000336647,0.1327126026153564
0.1395889818668365,-0.1148444488644599,0.0232814829796552
0.0221076216548681,-0.1646953523159027,-0.0055709369480609
-0.0877480953931808,-0.1193629875779151,-0.0173722319304943
-0.1007222160696983,-0.0959322303533554,-0.0014609087957069
0.0300932507961988,-0.1430595964193344,0.015062534250319
0.0339955799281597,-0.1317310333251953,0.055240049958229
-0.015278710052371,-0.1254296600818634,0.0975719913840293
-0.035430584102869,-0.1258171498775482,0.0313048176467418
-0.0882790312170982,-0.1121905520558357,-0.0024772123433649
-0.0744066312909126,-0.068860650062561,0.0658821389079094
0.0438063256442546,-0.0672113895416259,0.1521348804235458
0.0527617372572422,-0.0437473356723785,0.1781672835350036
-0.1093488335609436,-0.0110328057780861,0.0892290845513343
-0.1675804555416107,-0.0135356448590755,0.0238349009305238
-0.027195356786251,0.0088449260219931,0.1220933943986892
0.175816610455513,0.04458774253726,0.2159370630979538
0.0316561572253704,0.040531363338232,0.2229146808385849
-0.1723158806562423,0.1244225427508354,0.1065340116620063
-0.1019849106669426,0.1846247464418411,0.0774327144026756
0.0759347602725029,0.1403534114360809,0.0887098684906959
0.0788039416074752,0.1251385062932968,0.1393952667713165
-0.0134636675938963,0.1517389565706253,0.0901427716016769
0.030440242961049,0.1488230675458908,0.0770859718322753
0.0573418997228145,0.1519413590431213,0.1733834743499755
0.2041990309953689,0.1104429811239242,0.2380734533071518
0.1313141733407974,0.0684459954500198,0.2287478595972061
0.0391408987343311,0.0985100194811821,0.0437465012073516
0.0365464501082897,0.0667654052376747,-0.0572504177689552
0.0501796565949916,0.024242652580142,0.0022934053558856
0.1356261223554611,-0.0194640830159187,0.0667978301644325
-0.0131480591371655,-0.0558578372001647,0.0662070214748382
-0.0382699258625507,-0.0534253045916557,-0.0208048429340124
-0.0827540382742881,-0.0483242198824882,-0.0025256816297769
0.0173991918563842,-0.059279665350914,0.0598857626318931
0.0768617838621139,-0.0805529430508613,0.0472110882401466
-0.0285770259797573,-0.0937505066394805,-0.0035088143777102
-0.0936475545167923,-0.0556331761181354,-0.1032883003354072
-0.0925966724753379,-0.0485971048474311,-0.0631749704480171
-0.0924074053764343,-0.0761030316352844,0.0006065207999199
-0.1249677464365959,-0.0773419365286827,-0.033773023635149
-0.0912100374698638,-0.0990680530667305,0.0006328970775939
-0.0701891705393791,-0.0542747527360916,0.0831253752112388
0.0736500918865203,-0.0206304509192705,0.1315284669399261
0.0963527411222457,-0.0495015121996402,0.0658559799194336
-0.0842207670211792,-0.064578466117382,-0.0777856037020683
0.038445234298706,-0.0627976134419441,-0.0720241218805313
0.2869738936424255,-0.0330847650766372,0.0299238432198762
0.2016760259866714,-0.043567769229412,0.0471454411745071
-0.1005677208304405,-0.0786099135875701,-0.086481861770153
-0.264666885137558,-0.1023509204387664,-0.1750050783157348
-0.122096300125122,-0.043611891567707,-0.1228859946131706
0.0126074496656656,0.0138047961518168,0.0316734835505485
0.0265202317386865,-0.0666786208748817,0.0343483500182628
0.03982724994421,-0.1196161359548568,-0.0401940606534481
-0.0202920734882354,-0.0679334551095962,-0.0745328888297081
-0.0806544795632362,-0.0040737851522862,-0.075564332306385
0.032331682741642,-0.0300404634326696,-0.0353816896677017
-2.91860196739e-05,-0.0705844312906265,-0.0745623782277107
-0.1542144417762756,-0.097135916352272,-0.1322088837623596
-0.1404813081026077,-0.0700803399085998,-0.153400182723999
-0.1648285090923309,-0.03072458691895,0.009202966466546
0.1013853326439857,-0.0287831425666809,0.1062259227037429
0.3120438158512115,-0.1163331419229507,0.126779168844223
0.2097289115190506,-0.1776162087917328,0.1206714808940887
-0.0641453638672828,-0.0711882263422012,0.0547719746828079
-0.1480197608470916,0.0438009425997734,0.0478344410657882
-0.0038609225302934,-0.0070798583328723,0.0219269711524248
0.1853103190660476,-0.0344584845006465,-0.0155567545443773
0.1882273405790329,-0.0541459396481514,0.0216117370873689
-0.0356230586767196,-0.0455961264669895,0.0429604351520538
-0.1907950490713119,0.0466271750628948,0.0331198871135711
0.0409553572535514,0.0867777913808822,0.0808615759015083
0.0714510604739189,0.0931377038359642,0.1434774994850158
0.0584074296057224,0.0605235621333122,0.2360255420207977
0.0747434943914413,0.0410831123590469,0.1952686607837677
0.0514102131128311,0.0349850058555603,0.1396669149398803
0.0375912003219127,0.0404942147433757,0.0970617681741714
0.0616608522832393,0.0770194679498672,0.0905426144599914
0.0012190972920507,0.0775874108076095,0.1246916279196739
-0.1779357492923736,0.0862418860197067,0.0641172304749488
-0.147355780005455,0.1160724312067031,0.1554626673460006
-0.016062993556261,0.1316367536783218,0.2289411425590515
0.0877745971083641,0.1023710817098617,0.1821954250335693
0.0465145073831081,0.0927818417549133,0.08511733263731
-0.061516311019659,0.1212596148252487,0.0561852194368839
0.0038211494684219,0.1814401298761367,0.0836573243141174
0.2432179301977157,0.1964778155088424,0.0861767530441284
0.1679660528898239,0.1721402555704116,0.1265409588813781
0.2170128375291824,0.1448350399732589,0.1115059256553649
0.1463820785284042,0.1021530926227569,0.0823086276650428
0.189056783914566,0.1089251860976219,0.0382126085460186
0.1442789286375045,0.1549632549285888,-0.0617637857794761
-0.0463221743702888,0.1052706763148307,-0.1190233007073402
-0.0422997362911701,0.0807080790400505,-0.0781776010990142
0.0797474011778831,0.039586815983057,-0.0071258167736232
0.1216224133968353,0.0238155759871006,0.0543268918991088
0.111959584057331,0.0229818858206272,0.0258679594844579
-0.0519694313406944,0.0200308375060558,-0.0329050756990909
-0.0041162455454468,0.035234197974205,-0.069380834698677
0.0563106127083301,0.0406318977475166,-0.0944433063268661
0.0894375145435333,0.016707643866539,-0.1294951736927032
0.0810152739286422,-0.0476606972515583,-0.1844047605991363
-0.0423135124146938,-0.0414121188223362,-0.1483989059925079
-0.0397448912262916,-0.0202924534678459,-0.1246642768383026
-0.0733889564871788,0.0176711603999137,-0.0854627788066864
0.0670003741979599,0.041666243225336,-0.0408875904977321
0.053740058094263,-0.0066556525416672,-0.1222050264477729
-0.0548852235078811,-0.0572442635893821,-0.1701922565698623
-0.0866671204566955,-0.0507211163640022,-0.202606126666069
0.0140949105843901,-0.0142999906092882,-0.174086332321167
0.0505067855119705,-0.0642679184675216,-0.1381291002035141
-0.1422016769647598,-0.1113534048199653,-0.1708383113145828
-0.0708293467760086,-0.0861356854438781,-0.2181501239538192
-0.0220242533832788,-0.0206919647753238,-0.1164605095982551
0.361175537109375,-0.0111234690994024,-0.0640048906207084
0.3930919170379638,-0.1011257991194725,-0.2176652997732162
0.0490866042673587,-0.138688787817955,-0.3221798241138458
-0.1660435497760772,-0.0697214305400848,-0.289284199476242
0.0492384955286979,-0.1292252093553543,-0.2308263927698135
0.2318075150251388,-0.1893066465854644,-0.1886922568082809
0.2603252828121185,-0.222062811255455,-0.2154156416654586
0.0544767677783966,-0.3119232058525085,-0.2433245033025741
0.0888657346367836,-0.3087258338928222,-0.2297754436731338
0.2442063242197036,-0.2116530984640121,-0.1788874864578247
0.251207023859024,-0.2583058476448059,-0.0897119864821434
0.1017815768718719,-0.2851718366146087,-0.1162485182285308
-0.0387399233877658,-0.2052276879549026,-0.1140801981091499
0.0606559105217456,-0.1885847896337509,-0.1191681697964668
0.2690896093845367,-0.1656488925218582,-0.0622089877724647
0.4689247012138366,-0.1484744399785995,-0.0260650962591171
0.1769600361585617,-0.1436781138181686,-0.0597304105758667
-0.0181857608258724,-0.1229366213083267,-0.0595421232283115
0.0611381568014621,-0.086895503103733,-0.0298962779343128
0.1905765682458877,-0.1209429502487182,0.020163694396615
0.1060849353671073,-0.1314059197902679,0.0519952662289142
-0.1211511418223381,-0.0659004151821136,0.0297237820923328
-0.0785794481635093,-0.0853734537959098,0.0016410149401053
0.0611041486263275,-0.0565386079251766,0.0795736312866211
0.17188061773777,-0.044500071555376,0.0858379602432251
0.043091744184494,-0.0628559067845344,0.0033295010216534
-0.233714148402214,-0.066309317946434,-0.0932252183556556
-0.3794790804386139,-0.0374254696071147,-0.180532693862915
-0.3676057457923889,-0.0496679730713367,0.0160195492208004
-0.3669080138206482,-0.0279794596135616,0.1212405115365982
-0.3258453905582428,-0.0261623859405517,0.0671664699912071
-0.1726915389299392,-0.0426329709589481,0.0491579063236713
-0.2213348895311355,0.0125576965510845,0.0574386045336723
-0.2407615929841995,0.0641758814454078,0.0074076605960726
-0.2918110489845276,0.0764555633068084,-0.0382892042398452
-0.326863557100296,0.1082185506820678,-0.0029565112199634
-0.3710431456565857,0.173033520579338,0.0382036119699478
-0.2577400207519531,0.173300638794899,0.0830112919211387
-0.289961040019989,0.1877174526453018,0.0886270850896835
-0.2964828610420227,0.1994963437318802,0.0589355044066906
-0.3054881989955902,0.1743124127388,0.093024805188179
-0.2423454374074936,0.1633074283599853,0.1359163522720337
-0.1888076663017273,0.1659572124481201,0.123202160000801
-0.2525874674320221,0.1321414560079574,0.0738689675927162
-0.354543387889862,0.1004160270094871,0.0066074328497052
-0.3376003503799438,0.0832796469330787,0.0188720878213644
-0.1722579449415207,0.0566698312759399,0.04829977825284
0.0280157662928104,0.0471722036600112,0.0686431378126144
0.0823273435235023,0.0462482683360576,0.0303392112255096
-0.0875573009252548,0.0517620742321014,-0.0009529321687296
-0.2375914305448532,0.0570268034934997,0.018143642693758
-0.082675352692604,0.0461097061634063,0.0559639930725097
0.0378457270562648,0.0250273793935775,0.0916343629360199
0.1077292039990425,0.0332695990800857,0.0682081282138824
0.003941009286791,-0.0129708247259259,-0.0200760122388601
0.0171052813529968,-0.1105000451207161,-0.0742889195680618
0.1674672216176986,-0.1264388859272003,-0.1030797660350799
0.1172509267926216,-0.1260319501161575,-0.1210630238056182
0.0142127983272075,-0.1825794726610183,-0.1552166193723678
0.0597493909299373,-0.2330863177776336,-0.1437602341175079
0.2345262616872787,-0.237197607755661,-0.1387693583965301
0.1363688111305236,-0.2388354539871215,-0.1597976833581924
0.0005457275547087,-0.2479059100151062,-0.1833488196134567
0.0345990359783172,-0.2511480450630188,-0.1842652112245559
0.1086095049977302,-0.2787197530269623,-0.2127410173416137
0.0501027815043926,-0.3649374544620514,-0.3650887310504913
-0.0451400689780712,-0.3978735208511352,-0.416833221912384
-0.106156013906002,-0.3653464615345001,-0.3487034440040588
-0.0580241084098815,-0.3647414445877075,-0.217084139585495
-0.0108925495296716,-0.3814463913440704,-0.1234902665019035
-0.0429218746721744,-0.3670178055763244,-0.1081319227814674
-0.0462516248226165,-0.3021117746829986,-0.1483925133943557
-0.1233738288283348,-0.2547141015529632,-0.1484098583459854
-0.1135571524500846,-0.223362848162651,-0.1022292971611023
0.0519868358969688,-0.1830066442489624,-0.0107503086328506
0.0798637419939041,-0.1728967428207397,0.0132745997980237
0.0122859273105859,-0.1806009709835052,-0.0581231191754341
-0.0264851711690425,-0.1581726223230362,-0.1221457794308662
-0.0082136960700154,-0.1507097482681274,-0.0874444842338562
0.0169989820569753,-0.1461333632469177,-0.0362627916038036
-0.0287769641727209,-0.1164480522274971,-0.0675100088119506
-0.0808731913566589,-0.1096974685788154,-0.112821564078331
-0.0828324779868125,-0.120119385421276,-0.1282203793525695
-0.1023284196853637,-0.1048363074660301,-0.1322095245122909
-0.0557238534092903,-0.1003738865256309,-0.1150752156972885
-0.0339916609227657,-0.1111136153340339,-0.1219925060868263
0.0143529754132032,-0.1410694569349289,-0.1292709112167358
0.0546953380107879,-0.1251780986785888,-0.1169990673661232
0.1341587156057357,-0.1215598210692405,-0.0699994340538978
0.1682072281837463,-0.1356061398983001,-0.0468182153999805
0.1664020121097564,-0.1771624535322189,-0.0383453145623207
0.1525863260030746,-0.2074764221906662,-0.0333936959505081
0.1163290739059448,-0.2119379937648773,-0.0096526658162474
0.1546695381402969,-0.2142088711261749,0.0249753519892692
0.1966348141431808,-0.2266898304224014,0.0078256735578179
0.1762515157461166,-0.2641994059085846,-0.0402816645801067
0.1185841932892799,-0.310674786567688,-0.0793740600347518
0.0790213420987129,-0.3112193942070007,-0.0609684288501739
0.1251688152551651,-0.2829687595367431,0.0044860416091978
0.1339146345853805,-0.2764349579811096,0.0581876188516616
0.0964642465114593,-0.2827782928943634,0.0278426930308341
-0.0482426062226295,-0.275004506111145,-0.0114019140601158
-0.0498274974524974,-0.2473335564136505,-0.0140277212485671
-0.0113072684034705,-0.2163439393043518,0.0210708770900964
0.1344571262598037,-0.2185650169849395,0.0784228518605232
0.1587124019861221,-0.2109382599592209,0.1127941384911537
0.0420072861015796,-0.206397533416748,0.0762917622923851
0.020554456859827,-0.2427123934030532,0.0779069662094116
0.079174630343914,-0.2113603055477142,0.143345445394516
-0.0024485900066792,-0.1921778172254562,0.2105511128902435
-0.0423012897372245,-0.2119642794132232,0.2074000388383865
-0.0182076692581176,-0.1837664544582367,0.1752894967794418
-0.0494535788893699,-0.1608569175004959,0.1665612161159515
-0.0235889591276645,-0.1399798691272735,0.1871391981840133
0.0321205668151378,-0.113358661532402,0.1847050487995147
-0.0754785984754562,-0.079406552016735,0.1492834091186523
-0.1988490670919418,-0.0761811584234237,0.1663704961538314
-0.1772026270627975,-0.0740021541714668,0.2360334694385528
-0.1771371662616729,-0.0570473745465278,0.3021048009395599
-0.2062356621026992,-0.0447550229728221,0.3155934512615204
-0.2883808016777038,-0.026960888877511,0.3453335464000702
-0.2829106450080871,0.010434154421091,0.3765052855014801
-0.1183762624859809,0.0350226163864135,0.3726935684680938
-0.0452743545174598,0.0182103458791971,0.412685751914978
-0.1324344873428344,0.0904456228017807,0.4514715075492859
-0.3051729500293731,0.1818578243255615,0.4473204314708709
-0.3525220453739166,0.1367220282554626,0.4745472371578216
-0.2244541198015213,0.136426955461502,0.5205631852149963
-0.0758632570505142,0.200776070356369,0.5777183771133423
-0.1354024708271026,0.2547450363636017,0.5452733635902405
-0.1846769154071808,0.2483635544776916,0.5284550786018372
-0.1696399003267288,0.2587610781192779,0.5580776929855347
-0.1264795362949371,0.2753143012523651,0.5966616868972778
-0.0533291585743427,0.2869011759757995,0.6398147344589233
-0.0670188888907432,0.3067061305046081,0.5845471620559692
-0.0778600871562957,0.3123240768909454,0.5796594619750977
-0.0723985433578491,0.3499855995178222,0.5763694643974304
-0.0331251695752143,0.3484843671321869,0.5287449359893799
-0.1403505206108093,0.3314514756202698,0.4840260744094848
-0.2810948491096496,0.3476898074150085,0.4502191245555877
-0.4207502603530884,0.3577106893062591,0.4621536135673523
-0.4293519854545593,0.3703250288963318,0.4613085687160492
-0.4180551171302795,0.3838455080986023,0.4368315935134887
-0.4650370180606842,0.3684425950050354,0.4057804644107818
-0.3750878274440765,0.3732054233551025,0.3849859237670898
-0.2416112720966339,0.4246704876422882,0.4012445211410522
-0.2941949665546417,0.4531698524951935,0.3950781524181366
-0.3316549956798553,0.4376782476902008,0.3836353421211242
-0.174532800912857,0.4326882064342499,0.4271048307418823
-0.1738403737545013,0.4606947898864746,0.449394166469574
-0.3097685575485229,0.4898921251296997,0.3679997324943542
-0.179400160908699,0.4495255351066589,0.3621772527694702
-0.0807538628578186,0.472637265920639,0.3784188330173492
-0.0969948843121528,0.4856529533863067,0.3092994093894958
-0.1043788343667984,0.4753073453903198,0.2832227647304535
-0.0273546185344457,0.4562335014343261,0.3138291537761688
-0.0089053642004728,0.4700269699096679,0.3606612086296081
0.014432449825108,0.4589740633964538,0.354355901479721
-0.0252707451581954,0.4104473292827606,0.2830582559108734
0.0151483165100216,0.3544610142707824,0.2744868695735931
0.0943629592657089,0.3462971746921539,0.308074414730072
-0.0172517206519842,0.3405569791793823,0.2641690075397491
0.007972708903253,0.279336005449295,0.2012300938367843
0.1080817282199859,0.2524769604206085,0.1834345906972885
0.1529933214187622,0.2422530502080917,0.2129326313734054
0.0990461930632591,0.170425459742546,0.2128772437572479
0.2242504060268402,0.1437356919050216,0.1871581971645355
0.2233997881412506,0.1586725562810897,0.1495279967784881
0.1788386553525924,0.1574948877096176,0.0982030034065246
0.1766873598098755,0.1714322865009308,0.1015687063336372
0.2376168370246887,0.2061512917280197,0.1800702810287475
0.1669698357582092,0.2495818585157394,0.1744938939809799
0.2153983116149902,0.2874889075756073,0.1019742339849472
0.3136479258537292,0.3570645153522491,0.189144566655159
0.4544069468975067,0.4240050911903381,0.2442016005516052
0.6217021942138672,0.3502786457538605,0.2488269805908203
0.722693681716919,0.2376120388507843,0.1650190651416778
0.5315932631492615,0.3027588427066803,0.0673460289835929
0.4010974168777466,0.3863048553466797,0.0357361361384391
0.5354520082473755,0.3553826212882995,0.0607759766280651
0.55591881275177,0.2781475484371185,0.0985100641846656
0.413202166557312,0.2916564345359802,0.093697465956211
0.3849090039730072,0.3585640490055084,0.1049811020493507
0.3472649455070495,0.3598844408988952,0.0350355766713619
0.4028044641017914,0.3179916441440582,-0.0158535111695528
0.3678046464920044,0.2955768704414367,-0.0645896270871162
0.343655526638031,0.254870593547821,-0.1498232185840606
0.1704877316951751,0.1839721798896789,-0.2198867350816726
0.0887942835688591,0.1790315061807632,-0.1923552304506302
0.0142814330756664,0.1724013090133667,-0.1952253133058548
0.1189271211624145,0.1738578826189041,-0.1247499138116836
0.2336728870868683,0.1047217026352882,-0.0522432252764701
0.2119159698486328,0.0752538815140724,-0.1379733830690384
0.1293598413467407,0.1277807354927063,-0.213390365242958
0.0635128170251846,0.2609130442142486,-0.1429464071989059
0.2080854475498199,0.3002253174781799,0.0610730275511741
0.359761506319046,0.2610843479633331,0.1442861407995224
0.4597301781177521,0.2342050522565841,0.1115473806858062
0.150090143084526,0.2656313478946686,-0.0684417188167572
-0.0991468504071235,0.2626965641975403,-0.2894465327262878
-0.0582204647362232,0.2935248017311096,-0.4124905169010162
0.0307070109993219,0.3371047675609588,-0.3393007218837738
0.1095153614878654,0.2950142323970794,-0.1469346433877945
0.0911749750375747,0.2798254191875458,-0.1312819123268127
0.001070860074833,0.2662439048290252,-0.2686740458011627
0.1057245656847953,0.251358687877655,-0.3175307810306549
-0.0037897625006735,0.2914083302021026,-0.2351359128952026
0.0581439137458801,0.2252841591835022,-0.2345116734504699
0.0178276486694812,0.1383580565452575,-0.2768205106258392
-0.0264916121959686,0.0551398694515228,-0.3697328865528106
-0.0977699160575866,-0.0270567573606967,-0.4131990671157837
0.0995418280363082,-0.0471678860485553,-0.3051517009735107
0.2075140625238418,-0.1177916601300239,-0.3263930678367615
0.1035551875829696,-0.1561084240674972,-0.4453471601009369
-0.0492889955639839,-0.1559183597564697,-0.5112968683242798
-0.0607158206403255,-0.1290763467550277,-0.5163350701332092
-0.045069582760334,-0.2047707140445709,-0.5432035326957703
-0.1067470610141754,-0.2372450232505798,-0.4783491790294647
-0.1281688064336776,-0.218020424246788,-0.4211008548736572
-0.0846868455410003,-0.226838156580925,-0.4645769596099853
-0.102667897939682,-0.2526003122329712,-0.5496195554733276
-0.19624924659729,-0.1923891752958297,-0.5534955263137817
-0.055408775806427,-0.2221579551696777,-0.5345983505249023
0.0577577278017997,-0.285465806722641,-0.500177264213562
0.0365797132253646,-0.2930082976818084,-0.4697622060775757
-0.1061233803629875,-0.2848835289478302,-0.4387587606906891
-0.136110171675682,-0.2661604881286621,-0.3714331984519958
-0.0986842364072799,-0.2259624600410461,-0.3529745638370514
0.0276263523846864,-0.2440234273672104,-0.3801932036876678
0.0296780504286289,-0.2272015661001205,-0.416682481765747
-0.0405002385377883,-0.2046296894550323,-0.3723017275333404
-0.0190599616616964,-0.2120445817708969,-0.3311366140842438
0.107613056898117,-0.1949918270111084,-0.3441137373447418
0.007796982768923,-0.1951239258050918,-0.3818528652191162
-0.0166984647512435,-0.2059108316898346,-0.3151621520519256
-0.0551012456417083,-0.1766951531171798,-0.2291606962680816
-0.0208878628909587,-0.1747089624404907,-0.173546478152275
-0.0209134276956319,-0.1803551316261291,-0.1614533364772796
0.0796519219875335,-0.1721957623958587,-0.1699798852205276
-0.0024283044040203,-0.1505655646324157,-0.1959843188524246
-0.1173603236675262,-0.1466002911329269,-0.1948399990797042
-0.0194444134831428,-0.1764774918556213,-0.1258883625268936
0.1659803390502929,-0.1749798506498336,-0.0903015807271003
0.2668190896511078,-0.1569957882165908,-0.081089437007904
-0.0139181884005665,-0.1176110580563545,-0.0676676034927368
0.0316889770328998,-0.087509885430336,-0.0128078218549489
0.0767681971192359,-0.0433097369968891,0.0905766710639
0.1070129200816154,-0.0140543831512331,0.0596115700900554
-0.0938086286187172,-0.0275240633636713,0.0325610339641571
-0.0014395513571798,-0.0547402389347553,0.0681888088583946
-0.0431108027696609,-0.0333106368780136,0.0710485130548477
-0.1753183752298355,-0.0294021815061569,0.0205416679382324
-0.1175029575824737,-0.064696192741394,-0.0204489789903163
-0.0494227111339569,-0.0568832755088806,0.0819849818944931
0.1955267786979675,-0.0456471405923366,0.130803182721138
0.1045510694384574,-0.0322290696203708,0.1672418862581253
-0.0387544557452201,-0.0060002487152814,0.0802639201283454
-0.0013538205530494,0.0042198984883725,0.0079993139952421
-0.1200305372476577,0.022936837747693,0.0213670954108238
-0.1362444013357162,0.035456359386444,0.0791299939155578
0.086231954395771,-0.003987431526184,0.1411991864442825
0.1331757605075836,-0.0540503337979316,0.1136586293578147
0.0755035802721977,-0.0147702004760503,0.0684530586004257
-0.0085143605247139,-0.0176687855273485,0.0117325168102979
-0.0602227561175823,-0.0462045595049858,0.0060393963940441
0.0149300517514348,-0.0092201745137572,-0.0285137873142957
-0.0090388534590601,-0.012234378606081,-0.0770882219076156
-0.0717653483152389,-0.0969042554497718,-0.0354792587459087
-0.1170546412467956,-0.0847454518079757,-0.0792686715722084
-0.2143276631832122,-0.0365188047289848,-0.130598708987236
-0.1937174946069717,-0.0508865043520927,-0.1196528598666191
-0.0579476803541183,-0.0126395169645547,-0.0294697023928165
0.1386973410844802,-0.0152227114886045,-0.0081400442868471
0.0963445603847503,-0.0681117624044418,-0.0680875405669212
0.1123373731970787,-0.1191590204834938,-0.1053880229592323
-0.0521295964717865,-0.088035725057125,-0.1157053709030151
0.0230482947081327,-0.0749815851449966,-0.0373704358935356
-0.0840206295251846,-0.0976631939411163,-0.0133279534056782
0.050552450120449,-0.1389015913009643,-0.0514917224645614
0.0929654240608215,-0.1532922536134719,-0.0871469303965568
-0.0324081480503082,-0.1770055890083313,-0.061396449804306
-0.1996815651655197,-0.1974275112152099,-0.1179705113172531
-0.1291584372520446,-0.153692364692688,-0.1350922435522079
0.1244283020496368,-0.1075000911951065,-0.071248821914196
0.1318016946315765,-0.0948009341955185,-0.0068273460492491
0.1334123760461807,-0.0897755473852157,0.0178082268685102
0.0833578258752822,-0.0946029350161552,0.0385013781487941
0.0375501252710819,-0.0457488447427749,-0.0071939378976821
0.0656980648636818,0.0217876266688108,-0.009341805242002
-0.0057252482511103,0.0056541967205703,0.0594031699001789
-0.0373154506087303,-0.0448870658874511,0.048022486269474
0.0323017127811908,-0.064253844320774,-0.0125311352312564
-0.0168245043605566,-0.0891929492354393,-0.0147424284368753
-0.2371009439229965,-0.1250609457492828,-0.0014926699222996
-0.0701468735933303,-0.1016130298376083,0.0545372143387794
0.1944195330142974,-0.0952102616429328,0.0243686567991971
0.1282865405082702,-0.1218331456184387,-0.0300809331238269
-0.0615992397069931,-0.131446897983551,-0.0400720499455928
-0.0810572654008865,-0.1637512743473053,-0.1115094423294067
-0.0835009813308715,-0.1623440533876419,-0.1505764126777649
-0.0778773054480552,-0.1871806383132934,-0.0998723655939102
0.1032794341444969,-0.2051993161439895,-0.0751979127526283
0.1316466927528381,-0.225052148103714,-0.0885333940386772
0.0988717079162597,-0.2443805783987045,-0.0793758481740951
0.0363176614046096,-0.2377017140388488,-0.0007110749138519
0.0134618822485208,-0.2355120629072189,-0.0091144135221838
-0.0609733499586582,-0.1936468333005905,0.045440386980772
-0.1426506340503692,-0.1482473909854889,0.0542453303933143
-0.2652942836284637,-0.1057930886745452,0.0364334881305694
-0.1707584708929062,-0.0639886558055877,-0.0477266609668731
-0.1333768665790558,-0.0235461164265871,-0.0664672926068306
-0.1061604171991348,0.0163134150207042,-0.0129223112016916
0.0917401686310768,0.0430975221097469,0.0502226650714874
0.1342226564884185,0.0607670657336711,0.13942950963974
-0.0083687771111726,0.0781947523355484,0.1786970496177673
0.0445314571261405,0.1040532439947128,0.2349885553121566
0.2337798178195953,0.0567363090813159,0.304088294506073
0.0928605124354362,0.0867789015173912,0.3321673274040222
-0.0757635533809661,0.0774353891611099,0.311366856098175
-0.043833315372467,0.0236075744032859,0.3568019568920135
-0.0469545423984527,0.05923443287611,0.3400315940380096
-0.0417890772223472,0.0765580236911773,0.2921351790428161
-0.0599452033638954,0.0629510208964347,0.2907706797122955
-0.1075316369533538,0.058856938034296,0.301906943321228
-0.1691979616880417,0.1172140464186668,0.2685742676258087
-0.1027717888355255,0.2022509127855301,0.2793291807174682
-0.0138615509495139,0.2057981789112091,0.2951584160327911
0.0347874760627746,0.2090022265911102,0.3968096673488617
0.1130467355251312,0.2434609085321426,0.4451359510421753
0.0076723778620362,0.23782379925251,0.4358652234077453
-0.0503197610378265,0.2723453044891357,0.425439715385437
-0.0481780469417572,0.3203482329845428,0.4150078296661377
-0.0958509147167205,0.3561414182186126,0.4521857798099518
0.1203799173235893,0.3810987174510956,0.4827173352241516
0.2298084497451782,0.4037346839904785,0.525688111782074
0.1070021092891693,0.4215845167636871,0.4696009159088135
-0.086479976773262,0.4174471795558929,0.3308021128177643
-0.173020988702774,0.4337489306926727,0.2264871448278427
-0.0617753788828849,0.398587018251419,0.2126359790563583
0.0449718385934829,0.3852147459983825,0.2210046947002411
-0.0458998084068298,0.3733364939689636,0.2709770202636719
-0.0727154463529586,0.3448047339916229,0.3092629015445709
0.0269637946039438,0.3233602046966553,0.1928182542324066
0.0862396359443664,0.317919373512268,0.1300414204597473
0.3698527216911316,0.3618811368942261,0.1494591534137725
0.1990175992250442,0.2885347604751587,0.1176530197262764
0.1504460573196411,0.2191549390554428,0.102971538901329
0.137935072183609,0.1948053836822509,0.0984247252345085
0.0393469519913196,0.1785482317209243,0.0674627125263214
0.0263062492012977,0.164244920015335,0.0528965517878532
0.0142136812210083,0.1523496657609939,0.0620000548660755
-0.0144597738981246,0.1638934016227722,0.0207407642155885
-0.155637040734291,0.1447058171033859,-0.0676340758800506
-0.1458384841680526,0.1537818759679794,-0.1564084142446518
-0.1036852300167083,0.1377829760313034,-0.1901461482048034
-0.0918919518589973,0.096244066953659,-0.1210483089089393
0.0029143644496798,0.1222211867570877,-0.1000042930245399
-0.0917913690209388,0.1785574257373809,-0.1055487245321273
0.0669115483760833,0.1347141563892364,-0.0700165554881095
0.0009684811811894,0.0928061231970787,-0.1474074870347976
0.0923464745283126,0.0700862556695938,-0.2260583937168121
0.2893876433372497,0.0498100109398365,-0.2159306555986404
0.0712820589542388,0.0651802942156791,-0.1876550167798996
0.0790172070264816,0.0060818176716566,-0.299453467130661
0.1372900903224945,-0.0765215530991554,-0.3289971053600311
0.1243926510214805,-0.0511821098625659,-0.2695108652114868
0.0714740976691246,0.0006776913069188,-0.2982922494411468
0.0340963676571846,-0.0485870577394962,-0.2609845697879791
-0.039296768605709,-0.0695986747741699,-0.2430237978696823
-0.0820429027080535,-0.0153719205409288,-0.2157764583826065
-0.0226040016859769,0.0168843362480402,-0.2040136903524398
-0.0611772276461124,0.0259425472468137,-0.2549557089805603
0.1367900520563125,0.0123148653656244,-0.255325049161911
0.2435335516929626,-0.0034904633648693,-0.2657966017723083
0.0592217706143856,-0.0210111327469348,-0.3165340721607208
0.0906507968902587,-0.0338150784373283,-0.3642198443412781
0.1332638263702392,0.0226021856069564,-0.3217544853687286
0.1919388622045517,-0.0209647323936224,-0.2802634835243225
0.1725926846265792,-0.0897442027926445,-0.3057913482189178
0.1942348629236221,-0.0737018585205078,-0.2770145535469055
-0.0141693102195858,-0.0831722691655159,-0.3625248968601227
-0.015505151823163,-0.1341446340084076,-0.3627853393554687
0.0505341403186321,-0.1011382639408111,-0.3880541920661926
-0.1911266893148422,-0.0849686115980148,-0.4083648025989532
-0.1840614378452301,-0.1416980177164077,-0.4589727818965912
-0.2241236269474029,-0.1057828962802887,-0.4240177273750305
0.1250339299440384,-0.1096168532967567,-0.3272218108177185
0.3920299708843231,-0.1830388754606247,-0.316720962524414
0.0648198351264,-0.2284276634454727,-0.3477401435375213
-0.196566492319107,-0.2057663053274154,-0.3811529576778412
-0.1920745521783828,-0.2028604298830032,-0.3324790298938751
0.1103052645921707,-0.2577433884143829,-0.2912753820419311
0.2507782876491546,-0.2033125907182693,-0.3140559494495392
0.3459618091583252,-0.2743148505687713,-0.3275640308856964
0.1239571198821067,-0.2937096357345581,-0.3503224551677704
0.1637995988130569,-0.240979328751564,-0.3376279771327972
0.085775539278984,-0.2821186184883117,-0.3312399983406067
0.163710281252861,-0.3115196526050567,-0.2439953684806823
0.2126176357269287,-0.2807680368423462,-0.2024450600147247
0.0885239243507385,-0.2615165710449219,-0.2096451818943023
-0.0152395423501729,-0.3146281242370605,-0.2896206676959991
-0.14549420773983,-0.2985487580299377,-0.3271906673908233
-0.0466299578547477,-0.2393914312124252,-0.2999995350837707
-0.0933271571993827,-0.2411203533411026,-0.2267748415470123
-0.0765329003334045,-0.3078034818172455,-0.2672745585441589
-0.0686006844043731,-0.32984060049057,-0.3499151170253753
-0.0883437022566795,-0.3351828455924988,-0.3126058876514435
-0.1048574298620224,-0.27591073513031,-0.2809765934944153
0.2069211155176162,-0.3006908893585205,-0.2278186231851577
0.4229199886322021,-0.3671559393405914,-0.1597570180892944
0.1341131031513214,-0.3250725269317627,-0.2018324136734008
-0.1840907037258148,-0.3189712166786194,-0.2771229147911072
-0.035802025347948,-0.3826130032539367,-0.3169997930526733
0.1537173092365265,-0.2720375061035156,-0.1905869990587234
0.4279127120971679,-0.2645711600780487,-0.1050147041678428
0.3043425679206848,-0.3445629179477691,-0.1506570279598236
0.1873342245817184,-0.3906037807464599,-0.198055624961853
0.0507113896310329,-0.3790552318096161,-0.20775006711483
0.040845587849617,-0.3590607047080993,-0.1188844069838523
0.0476939044892787,-0.3339748084545135,-0.0412181131541729
0.0089911948889493,-0.3053224384784698,-0.0622831098735332
-0.1287802457809448,-0.3024691343307495,-0.0961534678936004
-0.2039573788642883,-0.2820793390274048,-0.0758698731660842
-0.0398754850029945,-0.2593229115009308,-0.0758704096078872
0.0891931727528572,-0.2525418400764465,-0.0686592310667038
0.048692088574171,-0.2704185545444488,-0.0618410035967826
-0.0137323550879955,-0.2282907962799072,-0.0573071986436843
0.1302828639745712,-0.1828431636095047,0.0336999371647834
0.1750664263963699,-0.1985790878534317,0.1322078853845596
0.0836486369371414,-0.2144613713026046,0.1628944277763366
-0.0268816426396369,-0.1995779722929,0.1361863762140274
-0.190608263015747,-0.1893948465585708,0.1398820430040359
-0.0741459801793098,-0.1793689876794815,0.1938306093215942
0.0707329139113426,-0.1186577007174491,0.2120106816291809
0.2346975654363632,-0.1118023917078971,0.1288497895002365
0.0991501212120056,-0.173859640955925,-0.0205974876880645
-0.0457857102155685,-0.1556154489517212,-0.0763574540615081
-0.1066011190414428,-0.0729059278964996,-0.0563304871320724
-0.0460365191102027,-0.1054213494062423,0.079524926841259
-0.0999205261468887,-0.0942320749163627,0.1198100373148918
-0.2182444334030151,-0.0975803583860397,0.0945295542478561
-0.167162075638771,-0.1477476507425308,0.1253290176391601
-0.1602579653263092,-0.1533943712711334,0.2124168127775192
-0.1802273988723755,-0.1590709090232849,0.2146650552749633
-0.1320274621248245,-0.1787163615226745,0.1203707009553909
-0.2302885204553604,-0.1843950152397155,0.1167735680937767
-0.2025049924850464,-0.143886461853981,0.1273302584886551
-0.0611523874104023,-0.1458449512720108,0.0687305852770805
-0.058240607380867,-0.1540134102106094,0.1075227856636047
-0.0948281809687614,-0.1172127872705459,0.1053845360875129
0.0378300324082374,-0.1092870607972145,0.18221016228199
-0.0504420399665832,-0.0607741139829158,0.301849752664566
-0.196072518825531,0.0172036476433277,0.2929708361625671
-0.1460799276828766,0.0327810086309909,0.2559472918510437
-0.1056399568915367,0.0333246514201164,0.2244426161050796
-0.1880189925432205,0.0923078134655952,0.2555158138275146
0.0601809099316597,0.0791609361767768,0.3381251096725464
0.0098761916160583,0.0975255668163299,0.3184720575809479
-0.0469665378332138,0.0796834677457809,0.2232206761837005
-0.0164232775568962,0.0632262006402015,0.1467003375291824
0.0687151253223419,0.0688012167811393,0.1891804188489914
-0.0821529477834701,0.0691476911306381,0.2357061058282852
-0.1260080337524414,0.0431141592562198,0.2528243660926819
-0.0260468143969774,0.0397423319518566,0.2660299241542816
0.0602616854012012,0.0272016059607267,0.2559697329998016
0.2616443336009979,-0.0048402147367596,0.3196541965007782
0.3185850381851196,0.0397340171039104,0.3253282904624939
0.0548218302428722,0.0832226425409317,0.2149594277143478
-0.063468612730503,0.0677331984043121,0.10407355427742
0.076704204082489,0.0409258157014846,0.0599516294896602
0.2305563688278198,0.0806734636425972,0.1778906136751175
0.1249401867389679,0.0745798870921135,0.2177727818489074
-0.0371735952794551,0.0495088919997215,0.1248713657259941
-0.1876232922077179,0.056649625301361,0.0254222769290208
-0.150956779718399,0.0640492215752601,0.0362591296434402
-0.1874327659606933,0.0480305776000022,0.0718581303954124
-0.1086520329117775,0.0519858971238136,0.0526608228683471
-0.0607239305973053,0.035614114254713,0.1190265268087387
-0.0205305032432079,0.0571728684008121,0.1105287224054336
-0.0677126571536064,0.0538921244442462,0.0399640090763568
-0.2081166803836822,0.0523788966238498,-0.0158146098256111
-0.2018143087625503,0.1066764965653419,-0.0470886453986167
0.0374169126152992,0.0842527821660041,0.0328223593533039
0.2564243674278259,0.0634601563215255,0.0699958279728889
0.0791783258318901,0.0112439505755901,0.0512406341731548
-0.2371993362903595,0.0011955783702433,0.0045998962596058
-0.0553065091371536,-0.0343632139265537,-0.0311913881450891
0.272657573223114,-0.0077958367764949,0.0864263251423835
0.2322898209095001,0.0241781137883663,0.1611047983169555
0.041145697236061,-0.0520301051437854,0.0595712512731552
-0.131761685013771,-0.1377505511045456,-0.0937394574284553
-0.2143764048814773,-0.1520040482282638,-0.2276117801666259
-0.299324482679367,-0.032636672258377,-0.2073805034160614
-0.2468053549528122,-0.0390394479036331,-0.0918459072709083
-0.0949633494019508,-0.0666244328022003,-0.0095503674820065
-0.0632155388593673,-0.0653748735785484,0.0432313531637191
-0.0244667176157236,-0.0240092501044273,0.0657627135515213
0.1419957727193832,-0.0332794450223445,0.0952718704938888
0.0339498668909072,-0.0198751520365476,0.1079678237438201
-0.1100246161222457,0.0138897355645895,0.0828166604042053
-0.212423026561737,-0.0193143133074045,0.0088918814435601
0.1192236170172691,-0.0346312187612056,0.0605473518371582
0.3259644210338592,0.0152076873928308,0.074749507009983
0.1136596128344535,-0.0544337071478366,0.068822905421257
-0.0360665321350097,-0.0529399961233139,-0.0127352494746446
-0.1159006506204605,-0.0040177246555686,-0.0117538748309016
-0.0432431884109973,0.0778767764568328,-0.0079334722831845
-0.0795617848634719,0.0174190234392881,-0.0228311941027641
-0.0963313728570938,-0.0351690240204334,-0.0223899818956851
0.0097495159134268,0.0005117426626384,0.0028975321911275
-0.0202141292393207,-0.0069896108470857,0.0229245498776435
-0.1492147147655487,0.0103664770722389,0.1076514199376106
-0.0739121511578559,0.0432989746332168,0.1389641761779785
-0.0470155589282512,0.0428052246570587,0.1303874552249908
-0.0741933584213256,0.0394492745399475,0.079571783542633
-0.2236526161432266,0.0379054397344589,0.0380286015570163
-0.1426276862621307,0.0725835040211677,0.1152595207095146
0.03359155356884,0.070920892059803,0.2152910381555557
0.2357963323593139,0.0475652813911438,0.2115910202264785
-0.0151711776852607,0.0659213811159133,0.146252766251564
-0.061047576367855,0.0526360571384429,0.0861334279179573
-0.0569076910614967,0.1114655509591102,0.1186698004603385
-0.114741176366806,0.1080746948719024,0.1072648838162422
-0.0452198907732963,0.0476409159600734,0.1235338672995567
-0.0405986867845058,0.0677816420793533,0.1310035586357116
0.012035496532917,0.0803475007414817,0.0815015286207199
0.0604762621223926,0.0784329548478126,0.0814309492707252
0.0937724411487579,0.1100002005696296,0.0158900246024131
-0.1004156768321991,0.0752379596233367,-0.0622633695602417
-0.120119608938694,0.0304963178932666,-0.0507819466292858
-0.0233764797449111,0.0736352205276489,-0.0218845140188932
-0.0784304141998291,0.0502228401601314,0.0293230134993791
0.1167617738246917,-0.0209992341697216,0.0342246778309345
0.0122963478788733,0.0113403294235467,0.0263587664812803
-0.0525651089847087,0.0518784001469612,0.0005202711909078
-0.0117196775972843,0.0124697405844926,0.0021983289625495
0.0025887486990541,0.058277241885662,-0.0612195990979671
0.0928635150194168,0.0525466501712799,-0.0513171665370464
0.2239332497119903,-0.0048510017804801,-0.0084766335785388
0.2066514641046524,-0.0047737704589962,-0.0525727234780788
-0.0695663914084434,0.0045314622111618,-0.0882442742586135
-0.1381087005138397,-0.0089563829824328,-0.1254654079675674
0.0989647284150123,-0.0886518284678459,-0.068151481449604
0.1305975019931793,-0.0735319927334785,0.0421843416988849
0.1108635812997818,-0.0918722599744796,-0.0002061341656371
0.0806992873549461,-0.1263697892427444,-0.0473560690879821
0.0278358627110719,-0.1325437277555465,-0.1063214614987373
-0.0925334244966507,-0.1382381021976471,-0.166541114449501
-0.0146163227036595,-0.1332181394100189,-0.1033763512969017
0.0777074843645095,-0.1170338541269302,-0.0392109490931034
-0.0594536364078521,-0.1102811992168426,-0.0253208931535482
-0.1036346778273582,-0.0834429338574409,-0.0691658481955528
0.1328906267881393,-0.0612861104309558,-0.0786399394273758
0.1398217678070068,-0.0462403185665607,-0.0099141374230384
0.0388136506080627,-0.0325840078294277,0.0002512284554541
-0.0106082260608673,-0.019453290849924,0.026653541252017
0.02306461147964,-0.0094735510647296,0.0692171901464462
-0.0069524100981652,0.0297960899770259,0.0589432492852211
0.2085617631673813,-0.0111901126801967,0.0469488278031349
0.1334744691848755,-0.0360555164515972,-0.0440929308533668
-0.0095927268266677,-0.0259170364588499,-0.0280999671667814
0.0237191580235958,-0.0283793956041336,-0.001228405511938
0.0955368503928184,-0.0534384585916996,0.0429863035678863
0.1391623616218567,-0.097502589225769,0.0970649868249893
-0.074585847556591,-0.0948472172021865,0.1398790031671524
-0.0807795599102974,-0.0660493895411491,0.1673087626695633
-0.0267487503588199,-0.0648474767804145,0.1749680787324905
-0.0055041816085577,-0.002223243471235,0.2093894332647323
0.0286842659115791,0.0359687395393848,0.1367360949516296
0.0941277146339416,-0.0088535938411951,0.1265076845884323
0.1144348531961441,0.0087730698287487,0.159329816699028
0.0375211648643016,0.0316384397447109,0.2137970626354217
0.0967184901237487,0.0489217303693294,0.2907859683036804
0.0160902235656976,0.0868656486272811,0.3447881937026977
-0.0547427199780941,0.1137169525027275,0.3503110408782959
-0.1112427413463592,0.1202198565006256,0.3450489044189453
-0.007800655439496,0.156820461153984,0.3298713266849518
0.0018541018944233,0.1953279078006744,0.3825292289257049
-0.0469748973846435,0.2368006855249405,0.3270967602729797
-0.1527412682771682,0.260054349899292,0.2061814963817596
-0.1266208887100219,0.2951606512069702,0.1851467937231063
-0.1760009527206421,0.3479042649269104,0.210130974650383
-0.0797997489571571,0.3557230234146118,0.2617167234420776
0.1042758151888847,0.3444828689098358,0.2560702860355377
0.0279562640935182,0.3278365135192871,0.217016115784645
-0.1039594262838363,0.3333575129508972,0.20347660779953
-0.1242575496435165,0.3189232647418976,0.1765652000904083
0.0921666324138641,0.3040497899055481,0.1781013160943985
0.2813400328159332,0.2698699831962585,0.1950102895498275
0.1401123404502868,0.2186542153358459,0.1826066225767135
0.0106664719060063,0.233265534043312,0.1075633242726326
0.04226940497756,0.2307158261537552,0.0551413930952549
0.1007358208298683,0.1646762639284134,0.0638622343540191
0.2070960849523544,0.164552167057991,0.0408107079565525
-0.0635607317090034,0.1406009048223495,-0.0396654121577739
-0.1485587060451507,0.0528169944882392,-0.1389288753271103
-0.0840357095003128,0.0623085089027881,-0.1909139603376388
-0.0222112238407135,0.0950528681278228,-0.0754603222012519
0.0925204381346702,0.0434452332556247,-0.0184291843324899
0.0849682465195655,0.0135882683098316,-0.0219679921865463
-0.0340102165937423,-0.0196398645639419,-0.0990144535899162
-0.1397755295038223,-0.0228673499077558,-0.1783862262964248
0.027618883177638,0.011267265304923,-0.1304480284452438
0.2186498194932937,-0.0091514568775892,-0.0662413612008094
0.0609383583068847,-0.085808552801609,-0.0763268917798996
-0.0283891260623931,-0.0973656103014946,-0.1252491623163223
-0.0346848368644714,-0.0817669332027435,-0.1805470287799835
0.0252027288079261,-0.093647301197052,-0.1706970334053039
0.1168548986315727,-0.0610814802348613,-0.1102514863014221
0.1381306201219558,-0.0476343780755996,-0.0381035283207893
0.1299305111169815,-0.0649491772055625,-0.0675977244973182
-0.0383999124169349,-0.0822248384356498,-0.0946304053068161
-0.0470694676041603,-0.1083060055971145,-0.0622623264789581
0.0195588264614343,-0.1067118346691131,-0.0388305075466632
0.0933859944343566,-0.0814954712986946,-0.0350634567439556
-0.0922035723924636,-0.0538915432989597,-0.127568632364273
-0.2165118753910064,-0.0512810312211513,-0.1769705414772033
-0.1572925001382827,-0.0187039133161306,-0.0907874479889869
-0.0719123482704162,0.0199297666549682,0.0350871235132217
-0.007036680355668,0.0227420646697282,0.0699433758854866
-0.022612715139985,0.0158489886671304,0.0639112591743469
-0.0308714434504508,0.0207737069576978,0.0315008498728275
-0.05197274684906,0.0381530709564685,0.0210800897330045
-0.1351677626371383,0.0414242297410965,0.0081339310854673
-0.1390388756990432,0.0564019195735454,0.0218917708843946
-0.0935454294085502,0.0833318084478378,0.0354898683726787
-0.0780670270323753,0.1183603256940841,0.0616908743977546
-0.0785280242562294,0.1364937871694564,0.0477100796997547
0.0570164769887924,0.1511456966400146,0.0149414576590061
-0.0533164218068122,0.1233777105808258,-0.0479088760912418
-0.1754170954227447,0.1013312116265297,-0.086683340370655
-0.1264631301164627,0.1252538561820984,0.003539492143318
-0.0828428268432617,0.1109577789902687,0.1146631091833114
-0.0077459476888179,0.090206429362297,0.140587642788887
-0.0845787599682807,0.0913929939270019,0.0561679117381572
-0.172625258564949,0.0766063258051872,-0.0241096150130033
-0.2092494964599609,0.10215425491333,-0.0272300355136394
0.0165415499359369,0.1086302623152732,0.0175968240946531
0.2034370452165603,0.0259821787476539,0.0173838250339031
0.0725216418504715,-0.0019059125334024,-0.0314191356301307
-0.0373552590608596,0.0202576331794261,-7.80990812927e-05
0.0656555444002151,0.0706089586019516,0.0833536759018898
0.1542793959379196,0.0592199489474296,0.1253301799297332
0.0336648374795913,-0.0114997625350952,0.0687995254993438
-0.1088737174868583,-0.0733918100595474,-0.0741578117012977
-0.1331572234630584,0.0021215858869254,-0.0550927743315696
-0.0374584458768367,0.0850763246417045,0.0683789029717445
0.2480140477418899,-0.0002758558839559,0.0375970229506492
0.1938535422086715,-0.0802839323878288,-0.0072747748345136
0.0353299491107463,-0.0154958851635456,-0.0810709670186042
0.0385946668684482,0.0437791012227535,-0.1324147582054138
0.1468239277601242,0.0534562282264232,-0.024057125672698
0.2180180251598358,0.0565841756761074,0.0745761692523956
0.0399481505155563,0.015207439661026,0.070265844464302
-0.0680497661232948,0.0085705034434795,-0.0202754568308591
0.0286296382546424,0.0327887572348117,-0.0558028258383274
0.2088958024978637,0.0464490167796611,-0.0041120108217
0.2699426412582397,-0.0118571631610393,0.0647956803441047
0.1175369024276733,-0.0273748133331537,0.0454871393740177
0.0375691018998622,0.0260982643812894,-0.0006691676098853
0.102644957602024,0.0772754698991775,-0.0423471108078956
0.1712818145751953,0.0804379731416702,-0.0272147636860609
0.1275170147418975,0.0633278489112854,-0.0187450554221868
0.2064903974533081,0.011232690885663,0.0548218376934528
0.0767459198832511,0.0392895638942718,0.0563756003975868
-0.060297418385744,0.0498466007411479,-0.0540558360517025
-0.1492418795824051,0.0003652521409094,-0.1510607898235321
-0.1360451132059097,0.0223688222467899,-0.0898131430149078
-0.0666679143905639,0.0690383091568946,0.0848092213273048
0.068449430167675,0.0735060274600982,0.1308757811784744
0.2122456580400467,0.0267159063369035,0.0524346455931663
0.0650940388441085,0.0186931360512971,0.0286377053707838
-0.0307916402816772,0.0609933324158191,0.0119353793561458
-0.0491514690220356,0.0599419213831424,-0.0189186744391918
-0.0354508087038993,0.041407436132431,0.0155409425497055
0.0287875644862651,0.0476363040506839,0.0405922345817089
0.0474812127649784,0.0295795109122991,0.0954675078392028
0.0353731513023376,-0.0082174027338624,0.0122847398743033
-0.1183904558420181,0.0293307546526193,-0.0477420464158058
0.05357251688838,0.0334762297570705,-0.0365098975598812
0.0772150456905365,0.0358786098659038,-0.0046204212121665
-0.0006073135882616,0.03627435490489,-0.021643878892064
-0.1474890261888504,0.0302441455423831,-0.0329670421779155
-0.1513857692480087,0.0090701505541801,-0.0619630068540573
-0.0719893649220466,0.0324819758534431,0.0552638173103332
0.0481570102274417,0.0474470779299736,0.1193309426307678
-0.0917471945285797,0.0289186909794807,0.0789882540702819
-0.123203657567501,0.0427524782717227,0.006552935577929
-0.0734807327389717,0.1085588932037353,-0.0179749969393014
-0.0515048652887344,0.137309581041336,0.0127160679548978
0.1083172932267189,0.0871968865394592,0.0388315804302692
-0.0048484150320291,0.0656801462173461,0.0313558205962181
-0.165916234254837,0.1021827831864357,0.0212599765509367
-0.1384052485227584,0.1399496048688888,0.0140827568247914
-0.0284123420715332,0.1550353020429611,0.0190868619829416
-0.0527440458536148,0.1611557751893997,0.014438847079873
-0.0998003333806991,0.117538571357727,-0.0100992787629365
-0.1790546774864196,0.1068848595023155,-0.0355308651924133
-0.1224265694618225,0.1413925141096115,-0.0118640894070267
-0.0039883428253233,0.1705871522426605,0.0291709620505571
0.0780963376164436,0.1520148366689682,0.0451168343424797
-0.0446855053305625,0.1220633164048194,0.0472793206572532
-0.1063922122120857,0.1403390616178512,0.0388364940881729
-0.1257014721632003,0.1764272898435592,0.0078466217964887
-0.0270094480365514,0.159596711397171,0.0118455747142434
0.1736701279878616,0.1408150345087051,0.0196281317621469
0.1143220514059066,0.1360159516334533,0.0231520552188158
0.0837902426719665,0.096799835562706,-0.0129119399935007
-0.0936793535947799,0.0659686923027038,-0.0336616933345794
-0.0278915520757436,0.0982275605201721,-0.0680284574627876
0.07736536860466,0.0788202136754989,-0.1018120869994163
0.0320508852601051,0.0445706285536289,-0.1275062710046768
0.0233911145478487,0.0244693551212549,-0.1893715411424636
-0.096962459385395,0.0049273441545665,-0.2360429018735885
-0.1153490915894508,-0.0131060164421796,-0.2576919794082641
-0.0468035899102687,-0.0034368769265711,-0.2475655525922775
0.0307139679789543,0.0162434838712215,-0.169875681400299
0.0499297380447387,-0.0132667366415262,-0.1863302886486053
0.0752083510160446,-0.0495016872882843,-0.197257325053215
0.0667171329259872,-0.0711348056793212,-0.1644578427076339
0.056483369320631,-0.064377561211586,-0.1320452243089676
0.2408169955015182,-0.0882914140820503,-0.1088093966245651
0.2190040200948715,-0.1374112665653228,-0.1225692853331565
0.2090078443288803,-0.1566592752933502,-0.1939326822757721
0.1920411735773086,-0.18406942486763,-0.261887639760971
0.0540114007890224,-0.1681152135133743,-0.2460021674633026
0.1183451563119888,-0.157537505030632,-0.2044838666915893
0.1547076851129531,-0.1491429507732391,-0.1585278213024139
-0.0079061891883611,-0.1453875601291656,-0.1608781516551971
-0.0669838935136795,-0.1337253153324127,-0.2066022306680679
-0.0217642802745103,-0.1070160046219825,-0.1501319706439972
-0.0331173352897167,-0.080925814807415,-0.0657494440674781
-0.000960431410931,-0.0489796996116638,-0.0534191764891147
0.0645123198628425,-0.0313620902597904,-0.0542615354061126
0.0592509098351001,-0.0238011740148067,0.0243188310414552
0.1062045693397522,0.0353521592915058,0.0404250994324684
0.1009182929992675,0.0813848599791526,-0.022011624649167
0.0716903656721115,0.0464623011648654,-0.0074971294961869
0.0192357469350099,0.0503476522862911,-0.0291100833564996
0.0417205467820167,0.0793390870094299,-0.0250066854059696
0.0396031700074672,0.0830366015434265,0.0327102094888687
0.0405597761273384,0.1225395277142524,0.0114890746772289
0.0158516038209199,0.0839039459824562,-0.0067088338546454
-0.0179359205067157,0.059075828641653,-0.0053732581436634
-0.1159489080309867,0.1104342192411422,0.0134085416793823
-0.0475237816572189,0.0951135829091072,-0.0090581513941288
-0.034470047801733,0.0958539620041847,0.0259454380720853
0.050948180258274,0.1042703464627265,0.0062702698633074
-0.0799588114023208,0.0743945986032486,-0.0245112460106611
-0.1192060783505439,0.0636253133416175,-0.0596087798476219
-0.0422730296850204,0.0580086298286914,-0.1029029563069343
-0.0478907003998756,0.0418616160750389,-0.061331283301115
-0.0464444905519485,0.0397297330200672,-0.0861742496490478
-0.0242933817207813,0.0550807230174541,-0.1187172755599021
-0.0271603800356388,0.0253332499414682,-0.1010027527809143
-0.0291564166545867,0.0498495139181613,-0.10392876714468
0.0397950783371925,0.0256457738578319,-0.1275556534528732
0.0243242438882589,-0.0313946083188056,-0.1888147443532943
-0.0068672476336359,-0.0243574902415275,-0.2345873713493347
-0.1292323172092437,-0.0405636243522167,-0.269123762845993
-0.0599529109895229,-0.0630057603120803,-0.317432165145874
-0.1056996285915374,-0.0745167434215545,-0.3793935179710388
-0.1163838952779769,-0.0938048884272575,-0.3916297554969787
-0.1582003086805343,-0.1207028180360794,-0.44978067278862
-0.058529183268547,-0.1583629101514816,-0.4639030694961548
0.1811092346906662,-0.2085650861263275,-0.3365656435489654
0.1721668094396591,-0.2221187949180603,-0.2650821208953857
0.2039756029844284,-0.2408458888530731,-0.2767363786697387
0.0519091412425041,-0.2889013886451721,-0.2514335811138153
0.0242125336080789,-0.3129886090755462,-0.2764417231082916
0.0455505140125751,-0.3510819971561432,-0.2995362877845764
0.0246955677866935,-0.4161182641983032,-0.3250815868377685
0.0334251411259174,-0.432421863079071,-0.3403886556625366
0.0535836741328239,-0.397236704826355,-0.3202980160713196
0.0909796133637428,-0.3943743705749511,-0.3246322870254516
0.1039191111922264,-0.3904059827327728,-0.3113063871860504
0.0105095226317644,-0.3540514707565307,-0.2688273787498474
-0.0123638352379202,-0.3333142399787903,-0.2703222036361694
0.029508689418435,-0.3369006514549255,-0.2301231175661087
0.0835772454738617,-0.2760820388793945,-0.1979175060987472
-0.0272815190255641,-0.2475013136863708,-0.1769118160009384
-0.0057956669479608,-0.2625255286693573,-0.2031503468751907
0.0158400498330593,-0.2471034973859787,-0.1882405430078506
0.0538697242736816,-0.2263494879007339,-0.1212599202990531
0.1397986263036728,-0.2270416170358657,-0.0321218706667423
0.2153101563453674,-0.2065059840679168,-0.0319056250154972
0.1003187969326973,-0.1819730252027511,-0.0851639807224273
-0.0257938597351312,-0.1810936480760574,-0.0696153789758682
0.036493182182312,-0.189883291721344,-0.0422972440719604
0.0396935045719146,-0.1990533471107483,-0.0358310863375663
-0.0216242671012878,-0.1816856265068054,-0.0466552525758743
0.0576314032077789,-0.1835018992424011,-0.0511567927896976
0.0723072960972786,-0.1772180646657943,0.0022523142397403
0.092407502233982,-0.1728395670652389,-0.0190756116062402
0.0012176046147942,-0.1784944087266922,-0.069024309515953
-0.0576904527842998,-0.2136124372482299,-0.0998717099428176
-0.0302237775176763,-0.2123667448759079,-0.1900156140327453
0.0734999552369117,-0.2267206609249115,-0.1639086604118347
0.0899208039045333,-0.2545572817325592,-0.0909285247325897
0.009171899408102,-0.2805015444755554,-0.0892009288072586
-0.0768086388707161,-0.3379014134407043,-0.1387403160333633
-0.2207482308149337,-0.3394010365009308,-0.2188055962324142
-0.1460624635219574,-0.3011515736579895,-0.1718152165412902
0.0771786123514175,-0.3150168061256408,-0.0619776584208011
-0.015575791709125,-0.3806755542755127,-0.0974759012460708
-0.0929933562874794,-0.4168652594089508,-0.21882364153862
-0.0681650638580322,-0.4007943570613861,-0.2138430178165435
-0.0451737344264984,-0.3675314784049988,-0.0996554642915725
-0.0252504292875528,-0.3520708084106445,-0.0249867402017116
0.1257121860980987,-0.3533105254173279,0.0180147886276245
0.0308420751243829,-0.3657205998897552,0.0327551625669002
-0.2247779816389084,-0.3440872132778168,-0.0011625881306827
-0.1653553992509842,-0.3167294263839721,-0.0312653817236423
0.0436510741710662,-0.290363609790802,0.053530465811491
0.0138221904635429,-0.2651853859424591,0.1019146963953971
-0.0162717960774898,-0.3115251958370209,0.0981386005878448
-0.1018035933375358,-0.3135120570659637,0.1444212794303894
-0.0537146292626857,-0.2513719797134399,0.2132120579481125
-0.0125192143023014,-0.2135703712701797,0.2612795233726501
-0.1200528666377067,-0.1985381692647934,0.2874471843242645
-0.0778617411851883,-0.1597617417573928,0.2835358083248138
-0.0693598613142967,-0.1258927136659622,0.3430353701114654
0.003782327286899,-0.0718714967370033,0.3486311137676239
-0.1000367477536201,-0.0132545242086052,0.3628750443458557
-0.001171636627987,0.0269398391246795,0.395026832818985
0.1273903250694275,0.0563171692192554,0.4063306152820587
-0.021667405962944,0.0960345119237899,0.463329941034317
0.0344808213412761,0.1420789659023285,0.5132418274879456
0.0595397986471653,0.1949255019426345,0.5842927098274231
-0.0402459166944026,0.2319322675466537,0.5933312177658081
-0.1149921789765358,0.2594571411609649,0.5636687278747559
-0.0182925313711166,0.2894152998924255,0.5689947605133057
-0.0785925760865211,0.2871386408805847,0.5993685126304626
-0.0384515486657619,0.2738782167434692,0.5422085523605347
-0.0593420751392841,0.2659034132957458,0.5128219723701477
-0.0156782194972038,0.2741408348083496,0.5727039575576782
-0.0431621596217155,0.2665719389915466,0.6032004356384277
-0.0024442884605377,0.2361272126436233,0.5957643985748291
0.0295696444809436,0.2317559272050857,0.4742739200592041
0.0199367254972457,0.2264605015516281,0.4117415845394134
-0.0373453088104724,0.207144021987915,0.4018593728542328
-0.0741408765316009,0.2158562988042831,0.3160052001476288
-0.0226450022310018,0.1569151431322097,0.2582684755325317
-0.0991570875048637,0.1632625311613083,0.3311546742916107
0.0937274321913719,0.134884774684906,0.3630701005458832
0.063923992216587,0.0796292498707771,0.2950870394706726
0.1581934094429016,0.0501690283417701,0.2487817108631134
0.0425456427037715,0.0663354843854904,0.1865393817424774
0.0860893130302429,0.0519898608326911,0.151600494980812
0.086283192038536,-0.0269515570253133,0.061634387820959
0.1404079794883728,-0.0817661732435226,0.0841653645038604
0.103474736213684,-0.0898861512541771,0.1320535242557525
0.032437864691019,-0.079384870827198,0.1590442359447479
0.020627811551094,-0.1280349642038345,0.0596556104719638
0.0616307444870471,-0.1577170044183731,0.0479036383330822
0.0966164246201515,-0.1532929539680481,0.1191626340150833
-0.0267877839505672,-0.1342517137527465,0.1356306821107864
0.0894770398736,-0.1535053104162216,0.117059126496315
0.0467531681060791,-0.1740584820508957,0.1273053437471389
-0.0293077751994133,-0.1368911415338516,0.1555723994970321
-0.0024490752257406,-0.1103177592158317,0.1350569278001785
-0.0123384576290845,-0.0914175659418106,0.2058426886796951
-0.0469477549195289,-0.0555448867380619,0.2082087248563766
-0.0734307616949081,-0.0103678191080689,0.2784269750118255
-0.0020254389382898,0.0316199772059917,0.3134162425994873
-0.0599997900426387,0.0879711359739303,0.3986949324607849
0.0826253667473793,0.1291473954916,0.4554776847362518
0.0397982746362686,0.1830614954233169,0.425576776266098
-0.0698384642601013,0.2534770667552948,0.4067985415458679
-0.0618436522781848,0.2998091578483581,0.4277794659137726
-0.1426979899406433,0.3448841273784637,0.4745963513851166
-0.1265919953584671,0.3702752292156219,0.4813141524791717
-0.0518544465303421,0.4220086634159088,0.5982730984687805
-0.0366198346018791,0.4615848362445831,0.6422184109687805
-0.0288347080349922,0.4674933552742004,0.6369740962982178
0.1087601780891418,0.4917760789394378,0.6204175353050232
0.0404772572219371,0.5257372260093689,0.5839675664901733
-0.2102457731962204,0.5663882493972778,0.5824088454246521
-0.0030296046752482,0.5277479887008667,0.5375433564186096
0.2400323003530502,0.5038817524909973,0.6066047549247742
0.216128870844841,0.5200801491737366,0.6154823899269104
0.0697961598634719,0.481148213148117,0.5144428610801697
0.0248826835304498,0.4480132758617401,0.363818883895874
0.080814391374588,0.4554155170917511,0.3429490327835083
0.2431159764528274,0.4123334586620331,0.3737677633762359
0.1784919798374176,0.3488213419914245,0.3666307628154754
0.0938199684023857,0.322942703962326,0.4384651482105255
0.0131834428757429,0.3235166072845459,0.3843111097812652
-0.020227413624525,0.3277939856052398,0.3045768141746521
-0.0472347922623157,0.3220934867858886,0.1766667962074279
-0.0508928745985031,0.2936795055866241,0.0692560598254203
0.109901875257492,0.2356111109256744,0.1402226537466049
0.2675784230232239,0.2444836795330047,0.225980207324028
0.1687101423740387,0.2393685579299926,0.130933329463005
0.0610234886407852,0.1757854372262954,0.0232853032648563
0.1027514934539794,0.1877369135618209,0.092722438275814
0.0890308693051338,0.2300666272640228,0.2058185040950775
0.131123200058937,0.1568339467048645,0.2625789940357208
0.2491511553525924,0.179914966225624,0.2634097635746002
0.0085635893046855,0.2223148941993713,0.135154590010643
-0.1230861619114875,0.2030788511037826,-0.0120665626600384
0.0924261510372161,0.2250443398952484,0.0592973642051219
0.0821544900536537,0.2623321712017059,0.0684848353266716
-0.0931267812848091,0.2283225506544113,0.0482421517372131
-0.0240507442504167,0.2655891180038452,0.0750419273972511
0.0216488316655159,0.3040643334388733,0.0884046033024787
0.0624126680195331,0.2285232841968536,0.1716254204511642
0.0227155871689319,0.2134681642055511,0.1607133895158767
-0.1090656816959381,0.2528863251209259,0.0997225567698478
-0.1732398867607116,0.3055585920810699,0.1031670868396759
0.0792425572872161,0.3341360688209533,0.2569693028926849
0.2725174725055694,0.4083682298660278,0.2550270557403564
0.3205903470516205,0.2408541887998581,0.2575467824935913
0.0049916640855371,0.2035840451717376,0.2232684344053268
-0.0955381393432617,0.4576136469841003,0.2605257928371429
-0.0744072869420051,0.5539631247520447,0.1764490008354187
0.0099507365375757,0.3729144930839538,0.1156964376568794
-0.0035738605074584,0.4024438858032226,0.0832546055316925
0.0007316020783036,0.4235251247882843,0.1774296015501022
0.0326826125383377,0.4344334304332733,0.2849078476428985
0.1614570617675781,0.4846183955669403,0.3083521425724029
0.1979269236326217,0.476752758026123,0.3608143031597137
-0.0169883091002702,0.4326862394809723,0.3211427927017212
-0.0733772814273834,0.4895817339420318,0.2732972204685211
0.0187568478286266,0.5586401224136353,0.4016017019748688
0.0117663163691759,0.6212904453277588,0.4430820345878601
0.1430292278528213,0.4975555539131164,0.4102582335472107
0.1683676093816757,0.5078071355819702,0.3971368372440338
-0.0902118757367134,0.6796358823776245,0.4859093129634857
0.0164205636829137,0.7485499978065491,0.4219442009925842
0.2677006721496582,0.7718571424484253,0.3528346121311188
0.2969576418399811,0.7159366011619568,0.3090831339359283
0.2247994840145111,0.6971578001976013,0.3555892407894134
0.2150248736143112,0.7419953346252441,0.3936854898929596
0.4517607092857361,0.7560967803001404,0.4461691975593567
0.4722228348255157,0.6652278304100037,0.2695251703262329
0.1529397219419479,0.5637887120246887,0.0359476655721664
0.101098358631134,0.5519986152648926,-0.104780688881874
0.1538277566432953,0.6773852109909058,0.0245319064706563
0.1422203630208969,0.6576029658317566,0.0190071780234575
0.118994303047657,0.5595626831054688,-0.153491660952568
0.324305385351181,0.479064404964447,-0.1896648555994033
0.1536019295454025,0.4373705089092254,-0.1358913481235504
0.1930822283029556,0.4110193252563476,-0.292978972196579
0.12893146276474,0.3516661822795868,-0.4550237655639648
0.1895713657140731,0.2584070861339569,-0.4323781132698059
0.1504432559013366,0.1468857526779174,-0.411749392747879
0.1097845137119293,0.0710586309432983,-0.3677691519260406
0.1693131327629089,0.0551730319857597,-0.4559479653835296
0.0846621617674827,0.0201287604868412,-0.6335890889167786
0.062089953571558,-0.0205594785511493,-0.6811951398849487
0.0820085406303405,0.007202377077192,-0.5701099038124084
0.1582296192646026,-0.0675086006522178,-0.5439414381980896
0.2494838982820511,-0.0914996862411499,-0.4987114071846008
0.143318772315979,-0.1116946712136268,-0.456237256526947
-0.0547953769564628,-0.1924947053194046,-0.5359219312667847
-0.0562109798192977,-0.1167871877551078,-0.5900719165802002
-0.0936787277460098,-0.0567009411752224,-0.6001149415969849
0.0374014303088188,-0.0639219209551811,-0.5248159170150757
0.1591153442859649,-0.0949805080890655,-0.5358954668045044
-0.0712939947843551,-0.1263386607170105,-0.5600389242172241
0.0876386612653732,-0.1069404631853103,-0.5953143239021301
0.2070043534040451,-0.0491943098604679,-0.4897961914539337
0.1000334322452545,-0.0749308317899704,-0.3767455518245697
0.0627221763134002,-0.1017775014042854,-0.397969514131546
0.0363600775599479,-0.1102008074522018,-0.3538172543048858
-0.1150988489389419,-0.0797069445252418,-0.3828252851963043
0.0477446652948856,-0.0583960637450218,-0.4055801331996918
0.1136996373534202,-0.0724950060248375,-0.3095085322856903
0.1220462471246719,-0.0725400149822235,-0.2889779508113861
-0.0202774051576852,-0.0242935232818126,-0.2652123570442199
-0.1261945068836212,0.0369059182703495,-0.3607032001018524
-0.0037223957479,0.0541267171502113,-0.3916432559490204
0.0584850534796714,0.1338718831539154,-0.2491335272789001
-0.0097646107897162,0.1100806295871734,-0.1859117746353149
-0.1302574723958969,0.0502963922917842,-0.2311559617519378
-0.1970123052597046,0.1013097241520881,-0.3157285153865814
-0.1223742887377739,0.1695122271776199,-0.3301444947719574
-0.0767857581377029,0.1818087100982666,-0.200296938419342
-0.0925604552030563,0.138514757156372,-0.2092725932598114
-0.2710807621479034,0.0798673704266548,-0.2039387226104736
-0.0968106910586357,0.1382382661104202,-0.1945726573467254
-0.0137421423569321,0.1676730811595916,-0.1472386121749878
0.0125067718327045,0.0921101495623588,-0.11725515127182
-0.0300415512174367,0.0197804290801286,-0.1300004124641418
-0.2001701444387436,0.0294173415750265,-0.2358773052692413
-0.1462391912937164,-0.0041764061897993,-0.3481095433235168
-0.0670370534062385,0.0182074625045061,-0.2800599038600921
-0.0981211960315704,-0.0264152288436889,-0.1990226954221725
-0.0274795163422822,-0.096773013472557,-0.1780585646629333
-0.0929555371403694,-0.0834310129284858,-0.2169394493103027
-0.1563994884490966,-0.0359593704342842,-0.3666445314884186
-0.041714459657669,-0.0029847049154341,-0.3156487047672272
-0.0942714139819145,-0.0198198780417442,-0.2216023504734039
-0.0816855728626251,-0.0961235389113426,-0.2536357939243316
-0.0209170281887054,-0.0913871005177497,-0.2967537045478821
-0.0860213488340377,0.025718979537487,-0.3018546998500824
0.0149127170443534,0.0145123973488807,-0.3229655921459198
0.074501633644104,-0.0781240314245224,-0.3212843537330627
-0.0126156900078058,-0.1344986259937286,-0.418851375579834
-0.0651554092764854,-0.1023931130766868,-0.5026179552078247
-0.0958086624741554,-0.0078447740525007,-0.42563396692276
0.0096027972176671,-0.017745641991496,-0.3396508395671844
0.320164680480957,-0.1034717261791229,-0.3044039011001587
0.2592453062534332,-0.164593905210495,-0.3110706508159637
0.1886752545833587,-0.1337473094463348,-0.4479515254497528
0.3005753755569458,-0.0995337441563606,-0.4905610084533691
0.3575286567211151,-0.0797539129853248,-0.3745411932468414
0.3965882658958435,-0.1671436578035354,-0.4152510464191437
0.2300163507461547,-0.2656979262828827,-0.4597820043563843
0.1870619654655456,-0.2230540513992309,-0.4721382856369018
0.2602227032184601,-0.1792325377464294,-0.4277902543544769
0.2163934707641601,-0.2640239298343658,-0.4141447246074676
0.1292013227939605,-0.3573062121868133,-0.5343158841133118
0.0373564809560775,-0.3209694921970367,-0.6153501868247986
-0.029376208782196,-0.2807251513004303,-0.5572637319564819
0.137604758143425,-0.2765387296676636,-0.4873061776161194
0.2401425987482071,-0.3217512369155884,-0.454197496175766
0.0228097401559352,-0.4087510406970978,-0.6051822900772095
0.0631121546030044,-0.3808166086673736,-0.7484337091445923
0.0844184383749961,-0.3304283320903778,-0.6272057890892029
0.0930089950561523,-0.3958861827850342,-0.556361198425293
0.1157663986086845,-0.4951938390731811,-0.4952824115753174
0.0192920565605163,-0.4929003119468689,-0.5698999166488647
0.0720082893967628,-0.5000184178352356,-0.6876811981201172
0.0967522487044334,-0.5082382559776306,-0.6693400144577026
0.1407895386219024,-0.563710629940033,-0.555411696434021
0.1084955185651779,-0.6045475006103516,-0.556979775428772
0.001021594973281,-0.6098445653915405,-0.7501755952835083
-0.0862456709146499,-0.5986343026161194,-0.7886702418327332
-0.2385914325714111,-0.5920677781105042,-0.6381201148033142
-0.2284740805625915,-0.6495789885520935,-0.5359013080596924
-0.1843248009681701,-0.6739534735679626,-0.582977294921875
-0.2921476662158966,-0.6357570886611938,-0.6693135499954224
-0.2975216507911682,-0.5987906455993652,-0.6849313378334045
-0.1094068735837936,-0.6327826976776123,-0.573354184627533
-0.0635292083024978,-0.7061505317687988,-0.4885994493961334
0.0676762163639068,-0.7549489736557007,-0.5799666047096252
-0.0596794746816158,-0.7748610377311707,-0.6291108727455139
0.0770504102110862,-0.7780211567878723,-0.5093163251876831
0.1386254876852035,-0.7717308402061462,-0.4482299387454986
0.0872184932231903,-0.7879769206047058,-0.4740830957889557
0.0266002193093299,-0.8259946703910828,-0.5331186652183533
0.0263863690197467,-0.8139705061912537,-0.5483253598213196
0.0619464926421642,-0.8456964492797852,-0.383219450712204
0.1826742440462112,-0.8139116168022156,-0.2673740983009338
0.2305413782596588,-0.7834433317184448,-0.2421418130397796
0.0747286081314086,-0.8294113874435425,-0.2798231542110443
-0.071718730032444,-0.807471752166748,-0.2386991679668426
0.0559689179062843,-0.7280892729759216,-0.1665927469730377
0.2183246910572052,-0.7274637818336487,-0.1435895711183548
0.1383731365203857,-0.7396584153175354,-0.1891245692968368
0.0674116909503936,-0.7165751457214355,-0.1983652859926223
-0.0453422851860523,-0.671550989151001,-0.0507971309125423
-0.1108455508947372,-0.6402077078819275,0.0743821188807487
-0.1219959408044815,-0.600877583026886,0.0452623106539249
-0.2132673412561416,-0.5656629800796509,0.1256696134805679
0.0169280506670475,-0.534803569316864,0.235872283577919
0.2802011966705322,-0.501365065574646,0.3255210816860199
0.499129056930542,-0.5318422913551331,0.2912051677703857
0.3229652643203735,-0.4137074649333954,0.2433085739612579
0.0364099070429801,-0.3252180814743042,0.3078039288520813
-0.2989684641361236,-0.1228818818926811,0.3398296535015106
-0.0578424073755741,0.0491886809468269,0.5362971425056458
0.2187025547027588,-0.1607416123151779,0.5333929657936096
0.4141900539398193,-0.1340181231498718,0.5980291962623596
0.4151535034179687,0.0248179174959659,0.9519590735435486
0.2390972375869751,0.0475621111690998,0.978752851486206
0.1681869477033615,-0.0408091209828853,0.9017846584320068
0.076217882335186,0.1846301257610321,0.7984164357185364
0.0055523924529552,0.2378681898117065,0.6124618649482727
-0.1098841875791549,0.1315041929483413,0.6727052330970764
-0.0710990875959396,0.1857095062732696,0.8621447682380676
0.1511374413967132,0.2159238755702972,0.9281956553459167
0.1631804257631302,0.2326555699110031,0.9946576356887816
-0.0337600596249103,0.3087210357189178,0.8901381492614746
-0.2012422233819961,0.424349695444107,0.6946170330047607
-0.0403497368097305,0.4362178146839142,0.7194203734397888
0.1196268051862716,0.5115345120429993,0.8318973779678345
0.1481876075267791,0.567660927772522,0.8948443531990051
0.3154263794422149,0.4476105570793152,0.8529707789421082
0.1702284514904022,0.4365363419055938,0.8071575164794922
0.2125806659460067,0.5452038049697876,0.7821776866912842
0.2577457726001739,0.5398111939430237,0.6370772123336792
0.2718629837036133,0.4657018184661865,0.6088607907295227
0.155268982052803,0.4926066994667053,0.5644840002059937
-0.0072573339566588,0.4756507277488708,0.561504065990448
0.0036911873612552,0.4179259240627289,0.477599561214447
-0.0324760451912879,0.4143793880939483,0.3873836696147918
-0.0603241883218288,0.3761936724185943,0.351286381483078
-0.0358349569141864,0.300699770450592,0.2836867272853851
-0.0863077193498611,0.2805359065532684,0.1989089846611023
-0.2720373868942261,0.2232749611139297,0.1473483741283416
-0.2747447788715362,0.1764051914215088,0.1115578785538673
-0.1537373214960098,0.1692700088024139,0.2129418104887008
-0.1905525922775268,0.1301827877759933,0.2794955372810364
-0.093112014234066,0.071989431977272,0.2645758092403412
-0.0052583278156816,0.1066850945353508,0.1532777845859527
-0.0246862843632698,0.1428529322147369,0.0317437015473842
0.0213706903159618,0.0706362575292587,0.0047336565330624
-0.0337238684296608,0.0772337689995765,0.0246688891202211
0.013678534887731,0.0487595163285732,0.0789619535207748
0.1243765205144882,0.0306787341833114,0.0832060649991035
0.0334881544113159,0.0498255304992198,-0.0119532048702239
-0.0859189331531524,0.0096888095140457,-0.2081230580806732
-0.1415726095438003,0.023759089410305,-0.1769699305295944
-0.1236932128667831,0.0403793007135391,-0.0979285687208175
-0.1588474661111831,-0.0045618107542395,-0.1490556597709655
-0.0102099254727363,-0.0182902906090021,-0.1387742012739181
-0.0021493358071893,0.0215276945382356,-0.1989315450191497
-0.0145765338093042,-0.011461628600955,-0.2409207820892334
0.021366287022829,-0.1313201189041137,-0.3600791096687317
0.0403480753302574,-0.1565128117799759,-0.3036928474903106
0.1218216344714164,-0.146881490945816,-0.2004591673612594
0.0875507816672325,-0.1682470589876175,-0.1223056688904762
0.1596638560295105,-0.2367699295282364,-0.1680294871330261
0.0049269702285528,-0.2123656868934631,-0.2480365335941314
0.072886049747467,-0.2079738676548004,-0.2915461659431457
0.0642921775579452,-0.1907998025417328,-0.3808285593986511
0.1632645577192306,-0.1805596798658371,-0.3016469180583954
0.2202633917331695,-0.1928216218948364,-0.2505927979946136
0.0659347996115684,-0.2041815966367721,-0.2459581047296524
0.0066397218033671,-0.2351405471563339,-0.2997268438339233
0.0249612051993608,-0.1950748860836029,-0.2063697278499603
-0.0362016446888446,-0.1590911895036697,-0.1139874532818794
-0.087202250957489,-0.1530351638793945,-0.1304111629724502
-0.2660774886608124,-0.1460892111063003,-0.1484305262565612
-0.2899585664272308,-0.1429003477096557,-0.2332508862018585
-0.1257812529802322,-0.1059623509645462,-0.2097692787647247
-0.1867500692605972,-0.1025564298033714,-0.1880115121603012
-0.2248371690511703,-0.1330706775188446,-0.2054348886013031
-0.0303979273885488,-0.1217706277966499,-0.1577757447957992
0.0836337208747863,-0.1039353609085083,-0.1444443315267563
-0.138955682516098,-0.133072480559349,-0.1643815636634826
-0.1268690973520279,-0.1620741635560989,-0.1000482216477394
0.0682969465851783,-0.1463346183300018,0.0203692652285099
-0.1037012860178947,-0.1655460000038147,0.017642306163907
-0.1174921989440918,-0.2011900097131729,-0.1488377600908279
-0.0384910069406032,-0.1309584826231002,-0.1298847943544387
-0.0359399653971195,-0.0660181045532226,-0.1300696283578872
-0.1827934831380844,-0.1222781017422676,-0.2419017255306244
-0.0190985482186079,-0.1637600362300872,-0.3418232500553131
0.0625818967819213,-0.1329147815704345,-0.3211640119552612
0.0262646339833736,-0.140629693865776,-0.2674072980880737
0.0343834646046161,-0.1969673335552215,-0.221283957362175
0.0467914007604122,-0.2083741724491119,-0.1757055521011352
0.0749747976660728,-0.1936897337436676,-0.1554189473390579
0.0424583926796913,-0.2030864357948303,-0.2239772379398346
0.1809527575969696,-0.2224928438663482,-0.2206198126077652
0.2096294164657592,-0.2288407534360885,-0.2385348975658416
0.0549822673201561,-0.2074536234140396,-0.2258580923080444
0.0874400734901428,-0.2311970293521881,-0.3146604001522064
0.1279003918170929,-0.2317878454923629,-0.3264306485652923
0.2160504907369613,-0.200908213853836,-0.2232837826013565
0.2089502513408661,-0.1946699172258377,-0.1624924540519714
0.1653870642185211,-0.2098470032215118,-0.0938513427972793
0.1605870574712753,-0.1998530626296997,-0.0497919358313083
0.1798627525568008,-0.1393090188503265,0.0236481949687004
0.2209642827510833,-0.0883325263857841,0.0793568342924118
0.2092415690422058,-0.0945448875427246,0.0835406556725502
0.1403923630714416,-0.0927130058407783,0.0720647573471069
0.1417471170425415,-0.0428453125059604,-0.0039876671507954
0.2361908853054046,0.006537324283272,0.0347243770956993
0.185836374759674,0.0288159977644681,0.103762038052082
0.1467802375555038,0.017695739865303,0.1401831060647964
0.1781586706638336,0.0287470575422048,0.1284098029136657
0.0641865730285644,0.0503188855946064,0.1054454445838928
-0.1429660767316818,0.077670618891716,0.0768753215670585
-0.0305309649556875,0.0773771107196807,0.1196427568793296
-0.0145067246630787,0.0641545206308364,0.1780149936676025
-0.0637710615992546,0.0423081032931804,0.1252739876508712
-0.1269055604934692,0.057564552873373,0.1007726341485977
-0.1139774397015571,0.0860859081149101,0.089192196726799
-0.0930276811122894,0.042960274964571,0.0201742481440305
-0.1547158509492874,0.0453750230371952,-0.0085548814386129
-0.1328851133584976,0.0413065105676651,-0.0084970900788903
-0.1414083987474441,-0.0048136077821254,-0.0094174901023507
-0.0678337663412094,0.0101411063224077,0.060855071991682
0.0209582466632127,0.0021928097121417,0.0343324579298496
-0.1300381869077682,-0.0687237083911895,-0.1396627724170684
-0.1842445582151413,-0.0947681218385696,-0.2193221747875213
-0.2490384727716446,-0.0438700504601001,-0.1481944769620895
-0.2190097421407699,-0.0869749635457992,-0.1067982017993927
-0.1395242512226104,-0.1622361540794372,-0.1111940145492553
-0.0526230856776237,-0.1130331233143806,-0.0950380191206932
-0.1294800639152526,-0.1496233642101287,-0.1102728992700576
-0.149328127503395,-0.2119273692369461,-0.1748674064874649
-0.0763902738690376,-0.2162624597549438,-0.2019493579864502
-0.1527331173419952,-0.1927943080663681,-0.1912766247987747
-0.2347984313964843,-0.2105509340763092,-0.2226800769567489
-0.2267579287290573,-0.2453304082155227,-0.2729739844799042
-0.1459687948226928,-0.2836572825908661,-0.2625152170658111
-0.1282163262367248,-0.3198318779468536,-0.2141198813915252
-0.0666123479604721,-0.3249507546424866,-0.2158685177564621
0.0518259480595588,-0.3521104753017425,-0.1907386779785156
-0.0633091628551483,-0.3338313102722168,-0.1839505583047866
-0.0829668194055557,-0.3395761251449585,-0.2718270421028137
-0.1294499039649963,-0.3710136711597442,-0.36213219165802
0.0671950951218605,-0.4276551008224487,-0.3493053317070007
0.0841261371970176,-0.4315627515316009,-0.3251864016056061
0.145555168390274,-0.423351377248764,-0.3250868618488312
-0.0748192816972732,-0.4265293478965759,-0.2940597236156463
0.0179786216467618,-0.4544259309768677,-0.2451936155557632
0.1765373796224594,-0.4713189005851745,-0.2111935764551162
0.1765953451395034,-0.4676148295402527,-0.1443862020969391
0.0614634230732917,-0.4515937864780426,-0.1013495102524757
0.0620466135442256,-0.4432422816753387,-0.0331915989518165
0.0570451989769935,-0.394544780254364,0.016853192821145
-0.0125502198934555,-0.3261727690696716,0.0315877832472324
0.2031461298465728,-0.3601981103420257,0.0485292188823223
0.1421398818492889,-0.3465835154056549,0.0909930765628814
0.101758636534214,-0.2867263257503509,0.058426346629858
0.0905565023422241,-0.2839639186859131,0.098046526312828
0.1020152866840362,-0.2789169549942016,0.173659011721611
0.0937049835920333,-0.1833844184875488,0.2024686932563781
0.1111175268888473,-0.1688494235277176,0.2518964409828186
0.1270407736301422,-0.1547205746173858,0.2824940085411072
0.0596902221441268,-0.1090135499835014,0.3469822108745575
0.0948370769619941,-0.0740751549601554,0.3872746229171753
0.2234392464160919,-0.0322203859686851,0.3730892837047577
0.7381039261817932,-0.0343779176473617,0.3664940893650055
0.4782992601394653,0.0279760044068098,0.4540902376174927
0.3970743715763092,0.0433399900794029,0.5010094046592712
0.0308047607541084,0.0926145985722541,0.3877171874046325
-0.0604119412600994,0.1165336668491363,0.3084682524204254
0.0406430400907993,0.0726578161120414,0.1241881400346756
-0.2073883414268493,0.1598347574472427,0.3683633506298065
-0.1534249633550644,0.218442678451538,0.512729287147522
-0.0727128833532333,0.2092707306146621,0.5038477182388306
-0.1175386756658554,0.2260502427816391,0.5280209183692932
-0.1531146019697189,0.3038349449634552,0.499161422252655
-0.0505517497658729,0.3601472079753876,0.4330716431140899
-0.1735934317111969,0.3989173471927643,0.5059459805488586
-0.0219658240675926,0.4151645004749298,0.5208889842033386
-0.0449394136667251,0.4159273207187652,0.4444311261177063
0.0597374625504016,0.3797045946121216,0.3868258893489837
0.0635227486491203,0.3706966638565063,0.352737545967102
-0.0186224542558193,0.3308517932891845,0.2931088209152221
-0.2673855125904083,0.299162209033966,0.2175938636064529
-0.1402693688869476,0.2615575790405273,0.1939370036125183
-0.1771291643381118,0.2143088728189468,0.1970853805541992
-0.1313989609479904,0.1401813924312591,0.2620358765125274
-0.1387724131345749,0.0954178646206855,0.2588401138782501
-0.304842084646225,0.0909589305520057,0.1726461052894592
-0.3865126371383667,0.11330446600914,0.0337140522897243
-0.2768660187721252,0.1166264936327934,0.0428684018552303
-0.1431226879358291,0.1049143746495246,0.0420905649662017
-0.0721830055117607,0.0031962725333869,0.0292264316231012
0.0391252934932708,-0.0517140328884124,-0.0320793688297271
-0.4304283559322357,-0.0029036197811365,-0.0672823637723922
-0.1084215268492698,-0.0640163347125053,0.0941985324025154
0.4323152303695678,-0.140409380197525,0.1676019132137298
0.0223650261759758,-0.1350253671407699,0.0265032090246677
-0.2181586325168609,-0.1468889415264129,-0.0270369816571474
0.1104188337922096,-0.1743268817663192,-0.0067083416506648
0.340617686510086,-0.1190433800220489,0.0084889866411685
0.2186391651630401,-0.1252418905496597,-0.0252815522253513
-0.1073120459914207,-0.1277995854616165,-0.0785311907529831
-0.3195343315601349,-0.0961866527795791,-0.1756339371204376
-0.2578685879707336,0.0040533975698053,-0.1512870490550995
-0.0554531142115592,0.1356885284185409,0.00154583028052
-0.0478391423821449,0.1211937367916107,0.0082277012988924
-0.0918342173099517,0.0315133407711982,-0.0561105236411094
-0.1625438034534454,0.0688308775424957,-0.0399374142289161
0.1606833487749099,0.1184995621442794,0.0521715730428695
0.2215746641159057,0.0353173166513443,0.0524938181042671
0.245748296380043,-0.0637451261281967,-0.0238393079489469
0.2804895043373108,-0.0608470737934112,-0.0081487614661455
0.2526096105575561,-0.0136571377515792,0.0197390392422676
0.2763426601886749,-0.0290198493748903,0.0245788022875785
0.3509957194328308,-0.0390466786921024,0.0089031942188739
0.1808625906705856,0.0437382161617279,0.0405513979494571
-0.1045982167124748,0.1860153079032898,0.1725671291351318
-0.1870648711919784,0.051048956811428,0.0698399543762207
0.1354024559259414,-0.128800943493843,0.0256157685071229
0.0280240643769502,0.0591614954173564,0.1869229078292846
-0.1398097574710846,-0.0059198956005275,0.0773706957697868
-0.3575660586357116,-0.0779679864645004,-0.1177130416035652
-0.4397287964820862,-0.0397857688367366,-0.1089245900511741
-0.3322840929031372,0.0337267965078353,-0.132811814546585
-0.3988676965236664,0.1019419059157371,-0.0539253540337085
-0.2064159512519836,0.1263457834720611,0.1337814182043075
-0.0017273996490985,0.1293252557516098,0.2185917645692825
0.0509786903858184,0.0867170616984367,0.2138465344905853
-0.0555542185902595,0.0981466397643089,0.1573016345500946
0.2308288067579269,0.0803146436810493,0.1951885670423507
0.4109865128993988,0.027439771220088,0.2226343154907226
0.3551909029483795,-0.0285137761384248,0.2548876106739044
0.0367396138608455,-0.0276371892541646,0.2664061486721039
-0.1894485056400299,-0.0026370310224592,0.1786435544490814
-0.0908013954758644,-0.0031364439055323,0.0958589911460876
-0.0409291721880435,0.1276407390832901,0.2115911990404129
0.0863740071654319,0.1932219862937927,0.3238765299320221
0.1968182176351547,0.2000529915094375,0.3806181252002716
0.1248294413089752,0.2348832637071609,0.3312323987483978
-0.0040752808563411,0.267812967300415,0.1412843167781829
-0.2304107695817947,0.2568363547325134,-0.0163049306720495
0.0375793948769569,0.2465453743934631,0.0780828297138214
0.241123229265213,0.3840167820453644,0.3239510357379913
0.2949845790863037,0.366670548915863,0.4556542038917541
0.1095850616693496,0.2373862266540527,0.3408244550228119
0.0475704222917556,0.2902832627296448,0.1833717226982116
0.0885728374123573,0.4235213100910187,0.0689153000712394
0.1371749937534332,0.3644044697284698,0.0765713602304458
0.4939285516738891,0.2837173044681549,0.2328145653009414
0.5596750378608704,0.2528062462806701,0.2919111847877502
0.5545580387115479,0.3341414034366607,0.3275564014911651
0.1456285417079925,0.4200813472270965,0.242637813091278
-0.0973609387874603,0.3725172877311706,0.0541499145328998
0.048358179628849,0.287907063961029,0.017204413190484
0.2295190244913101,0.3013789355754852,0.0818896144628524
-0.0605732500553131,0.3507435619831085,0.0826102644205093
-0.191173255443573,0.2531487941741943,-0.0580298900604248
-0.1551159173250198,0.2898088097572326,-0.0941870883107185
-0.1976361870765686,0.2860976159572601,-0.0629499554634094
-0.0628472045063972,0.1990508586168289,-0.0105003267526626
0.2366984039545059,0.1832998842000961,0.172043040394783
0.2162463963031768,0.2760434150695801,0.2410506010055542
-0.1004432067275047,0.2353555560111999,-0.0137272849678993
-0.2243081629276275,0.2036735266447067,-0.2529712915420532
-0.2283721268177032,0.3332240283489227,-0.2033839672803878
-0.2210846543312072,0.3426995575428009,-0.0844053775072097
-0.1214464828372001,0.3226470053195953,-0.0493443235754966
0.1035472154617309,0.3390800654888153,-0.0513645969331264
0.0367594100534915,0.3295334577560425,-0.1673953682184219
-0.031577568501234,0.2952761650085449,-0.206294298171997
-0.0222507398575544,0.2859870791435241,-0.225716546177864
-0.0222137216478586,0.2642828524112701,-0.182870015501976
0.0933310613036155,0.2022822499275207,-0.1752399355173111
0.0331678614020347,0.0999002158641815,-0.2287545651197433
-0.1346214413642883,-0.0272268410772085,-0.3082397878170013
-0.1233394965529441,-0.0718952417373657,-0.3669544756412506
0.1202454790472984,-0.0984653905034065,-0.32146155834198
0.2072909027338028,-0.140724167227745,-0.3410072922706604
0.115150511264801,-0.2327937185764312,-0.4187781512737274
0.020781397819519,-0.2580122649669647,-0.4852261543273926
0.0324022248387336,-0.2181642055511474,-0.5226520895957947
0.058040477335453,-0.2654829919338226,-0.5979476571083069
0.2291963994503021,-0.3029408454895019,-0.6578799486160278
0.1309342682361602,-0.3406845033168793,-0.6692149043083191
0.0914587378501892,-0.3297940194606781,-0.6132285594940186
0.0658889263868331,-0.3540607392787933,-0.5137720108032227
0.0788720622658729,-0.3689837753772735,-0.5310024619102478
0.0255209580063819,-0.3588488698005676,-0.5326226949691772
0.1136038154363632,-0.3011599779129028,-0.4662607312202453
0.070738635957241,-0.2688821852207184,-0.4808548390865326
0.0280505549162626,-0.325490653514862,-0.5039066076278687
0.0602835901081562,-0.3272140026092529,-0.5683466196060181
0.0917234495282173,-0.2511989176273346,-0.5614814162254333
0.0075617060065269,-0.2489858269691467,-0.6174226999282837
0.0428795665502548,-0.2794813513755798,-0.6266618371009827
0.0573194921016693,-0.337364912033081,-0.5433533787727356
-0.0471428968012332,-0.3880974054336548,-0.4916991293430328
-0.0863169282674789,-0.4394735097885132,-0.474424809217453
-0.0692886412143707,-0.4071474075317383,-0.4870980679988861
-0.0010701734572649,-0.4230832457542419,-0.5146074891090393
0.0607599914073944,-0.4848679900169372,-0.5846537351608276
0.0542871765792369,-0.5465835332870483,-0.6449162364006042
-0.1105868965387344,-0.5312517881393433,-0.7176798582077026
-0.1811425536870956,-0.5682960748672485,-0.7055238485336304
-0.106837473809719,-0.5855082869529724,-0.6359297037124634
-0.0553971901535987,-0.5669739842414856,-0.5357498526573181
-0.0989538505673408,-0.6413344740867615,-0.4872561991214752
-0.0630054399371147,-0.6788597702980042,-0.505159854888916
-0.1193002313375473,-0.6510661840438843,-0.5634231567382812
-0.1263868957757949,-0.6375093460083008,-0.5242837071418762
0.0970996618270874,-0.6523513197898865,-0.4435151517391205
0.1787756085395813,-0.6387497782707214,-0.3563794493675232
0.1320226788520813,-0.631906270980835,-0.3454127907752991
-0.1304835081100464,-0.637204647064209,-0.3860931098461151
-0.0747948363423347,-0.6428421139717102,-0.3145530223846435
0.2152039706707,-0.5914335250854492,-0.1624233871698379
0.2160010039806366,-0.5465276837348938,-0.0616010874509811
0.0475635342299938,-0.5625330209732056,-0.0302484948188066
-0.128819853067398,-0.4968308508396148,-0.0598416849970817
0.0219398327171802,-0.4266743957996368,-0.0535832569003105
0.2092574685811996,-0.4220073223114013,0.0384612791240215
0.3520793318748474,-0.3772960603237152,0.1000889614224433
0.2017790377140045,-0.3240407109260559,0.0922746434807777
0.0799705758690834,-0.3080351054668426,0.0884649902582168
0.0518429949879646,-0.2804253697395324,0.1515326350927353
0.1094756573438644,-0.2423035204410553,0.2261347025632858
0.0177762228995561,-0.23383229970932,0.302310436964035
0.0414061844348907,-0.2097040563821792,0.2474730312824249
0.0407837107777595,-0.1953177899122238,0.2610598504543304
0.184208795428276,-0.1656877249479293,0.2949437797069549
0.1581951826810836,-0.0907502844929695,0.327731728553772
-0.0036171521060168,-0.058326032012701,0.3120936453342438
0.0332965031266212,-0.0760557875037193,0.2869558334350586
0.1004683524370193,-0.0770949497818946,0.3459965288639068
0.2034218311309814,-0.0813851132988929,0.5058506727218628
0.1164565682411193,0.0018234909512102,0.5216138958930969
0.1038297787308693,0.0199308171868324,0.4865222871303558
-0.0188876166939735,0.0124012604355812,0.4638180434703827
-0.101581685245037,0.0669015794992446,0.4698410034179687
-0.084349438548088,0.0924514159560203,0.4865065515041351
-0.1557603329420089,0.1304909884929657,0.4738125801086426
-0.1055541560053825,0.1610443741083145,0.4397800266742706
-0.0434328988194465,0.1652188301086425,0.478450208902359
0.0024890538770705,0.1928525865077972,0.5314335227012634
0.0037270691245794,0.2188295871019363,0.5755218863487244
-0.0947800576686859,0.218494027853012,0.6396787762641907
-0.1054909899830818,0.2277518212795257,0.5775353908538818
-0.0336735174059867,0.1900736838579177,0.5832667946815491
-0.1071997731924057,0.2409342229366302,0.617790162563324
-0.144105851650238,0.2889659404754638,0.5751833319664001
-0.183967038989067,0.2461938560009002,0.5717651844024658
-0.1626215428113937,0.2200120538473129,0.4798629879951477
-0.1264274716377258,0.1652802675962448,0.4781141877174377
-0.007335434667766,0.1759837865829467,0.5167854428291321
-0.1550644040107727,0.2282170057296753,0.4974582195281982
-0.2256826609373092,0.2116824984550476,0.4381394982337951
-0.1884109377861023,0.1828044056892395,0.4038524627685547
-0.1050670593976974,0.1877043545246124,0.4002763926982879
-0.1344244629144668,0.1671582758426666,0.4267861247062683
-0.1748400628566742,0.1965617090463638,0.4020479917526245
-0.2208813279867172,0.2279960066080093,0.3307661414146423
-0.1120746806263923,0.2092611938714981,0.3199734389781952
0.0917280614376068,0.1791760027408599,0.3456995189189911
0.0310937445610761,0.1496783047914505,0.4139842987060547
-0.016286103054881,0.1805594116449356,0.3907299637794494
0.0151426615193486,0.1602472215890884,0.3802680075168609
-0.0435554049909114,0.168825015425682,0.2883798778057098
-0.1217279657721519,0.2041507810354232,0.2581207752227783
-0.046895183622837,0.2086745500564575,0.3041171431541443
0.0263854227960109,0.1850722879171371,0.3122310042381286
0.0310904718935489,0.1407718360424041,0.2420317977666854
-0.003278418444097,0.1191602796316146,0.2108584344387054
-0.0369777977466583,0.1386561691761016,0.2318604290485382
-0.1562919318675995,0.149483248591423,0.2236568182706833
-0.0820689722895622,0.120045006275177,0.2132179588079452
0.1087047085165977,0.1351470053195953,0.3136028945446014
-0.0430680438876152,0.2010756880044937,0.4169103801250458
-0.0205398295074701,0.2639332115650177,0.3675918281078338
-0.0122137246653437,0.2665835916996002,0.2960207164287567
-0.0452097579836845,0.3209813237190246,0.3215247392654419
0.1141307502985,0.3732837438583374,0.3195688128471374
0.0899439230561256,0.3585189282894134,0.2987551689147949
0.0207726676017045,0.3731538653373718,0.275115817785263
0.105548545718193,0.3781326413154602,0.3394513726234436
0.3072717487812042,0.3700422942638397,0.3961260318756103
0.0957056879997253,0.3483567237854004,0.312325119972229
0.0441912077367305,0.3263546228408813,0.2279518097639084
0.1153221055865287,0.3481384813785553,0.2015028893947601
0.1567571312189102,0.3112056255340576,0.1384869962930679
0.221588060259819,0.2152415513992309,0.0507193282246589
0.02634884044528,0.1711426079273224,0.0415172688663005
0.1472172141075134,0.0800252184271812,-0.0242510940879583
0.1166455000638961,0.0204311851412057,-0.0847310274839401
0.0912341475486755,-0.0196959935128688,-0.0793855339288711
-0.0650225654244422,-0.0635704472661018,-0.1118836030364036
0.0007077124901115,-0.0658471882343292,-0.0737306252121925
0.0752379596233367,-0.0512942858040332,-0.0737965032458305
0.1663936972618103,-0.0435058698058128,-0.1111060604453086
0.1418419182300567,-0.0264415722340345,-0.1154236420989036
-0.0181717164814472,0.0153860356658697,-0.1310846358537674
-0.0455705262720584,0.1049401760101318,-0.1996698081493377
-0.1305834203958511,0.1440252512693405,-0.1814255565404892
-0.0398106575012207,0.1435020565986633,-0.0852924585342407
-0.05157171189785,0.1409046649932861,-0.0258863940834999
0.033059038221836,0.1451291441917419,0.0321029610931873
0.037897203117609,0.1522264629602432,0.0984825193881988
0.0414760448038578,0.1385797560214996,0.0943952500820159
0.0222107395529747,0.1181884482502937,0.05094950273633
-0.0857189074158668,0.1628997474908828,0.0816789269447326
-0.1430088281631469,0.2092832177877426,0.1539454013109207
0.0139601314440369,0.2066103816032409,0.2059761583805084
0.0228537581861019,0.1728220582008361,0.2233176082372665
-0.0916247591376304,0.2063403129577636,0.2321425527334213
-0.0489499978721141,0.2227850556373596,0.2816096842288971
-0.0630057677626609,0.2592426240444183,0.2783601284027099
-0.1296593695878982,0.2982797622680664,0.2448101639747619
-0.0486268661916255,0.3449673950672149,0.2732575535774231
-0.1069093495607376,0.4158844351768493,0.3230842351913452
-0.1089269518852233,0.4554232656955719,0.3032674491405487
-0.1663854420185089,0.532245934009552,0.2652758359909057
0.0112913809716701,0.5640138387680054,0.2764100730419159
0.1124888435006141,0.5909956097602844,0.3190566003322601
0.0397883541882038,0.6377621293067932,0.2702754735946655
-0.0040432843379676,0.6275339722633362,0.1796257197856903
0.0450513400137424,0.5930561423301697,0.1138462275266647
0.2105998247861862,0.5445354580879211,0.0352930910885334
0.2135209143161773,0.468806654214859,0.0397333577275276
0.1421457976102829,0.379745215177536,0.0027692129369825
-0.0448491871356964,0.2478315830230713,-0.15300352871418
0.0402025915682315,0.1360118389129638,-0.2372020184993744
0.1651586890220642,0.0788978934288024,-0.2171758413314819
0.0658163949847221,0.047671802341938,-0.199813887476921
0.1942346394062042,-0.0540507994592189,-0.2612567543983459
0.263695478439331,-0.0414993241429328,-0.1919591575860977
0.1726582497358322,-0.0595470331609249,-0.2156426459550857
0.0834545940160751,-0.0712644085288047,-0.1949325799942016
0.2539845407009125,-0.0482663139700889,-0.1403440237045288
0.2034928649663925,-0.0372157953679561,-0.1771563738584518
0.0644287317991256,-0.05371955037117,-0.1889947354793548
0.022700997069478,-0.0513179115951061,-0.2833750247955322
-0.0681215822696685,-0.0102341370657086,-0.3037221431732178
0.000542172929272,-0.021279064938426,-0.299297571182251
0.055915217846632,-0.0525256507098674,-0.2496687620878219
0.0333609096705913,-0.0713158473372459,-0.2907693386077881
0.0941128432750701,-0.1105810925364494,-0.3154873549938202
0.1809864938259124,-0.1963647007942199,-0.2018113881349563
0.1938667297363281,-0.2630225718021393,-0.1960924863815307
0.0790101811289787,-0.3086643815040588,-0.226501002907753
-0.1229290068149566,-0.3158399760723114,-0.2933479249477386
-0.2783990204334259,-0.3233135938644409,-0.3742547631263733
-0.1977554410696029,-0.3418090045452118,-0.4528478384017944
-0.14864382147789,-0.3724342882633209,-0.4950847625732422
-0.1730665266513824,-0.3462673127651214,-0.4173096418380737
-0.1724249571561813,-0.3247361779212951,-0.3557685315608978
-0.1615564376115799,-0.2993020713329315,-0.2549954950809479
-0.0329862125217914,-0.2525409460067749,-0.1261056959629058
0.0055290525779128,-0.2134080976247787,-0.0614265985786914
-0.0385814160108566,-0.1764852404594421,-0.0126819657161831
0.0368618033826351,-0.1726492047309875,-0.0314120315015316
-0.0311002004891634,-0.1344775855541229,0.0176777504384517
0.0434698276221752,-0.0883979722857475,0.0464407540857791
-0.0452970601618289,0.0194368809461593,0.0576132498681545
-0.0589428432285785,0.0885419026017189,0.1741829961538314
-0.0060908114537596,0.1979123502969741,0.2803336679935455
-0.0324138030409812,0.2919384241104126,0.4552522301673889
0.0050571402534842,0.3050249218940735,0.4818294942378998
-0.1091073378920555,0.3809966146945953,0.4875510931015014
-0.1376548260450363,0.4979003071784973,0.5440543293952942
-0.0038844214286655,0.5007497668266296,0.5347318053245544
0.1512417793273925,0.5308791995048523,0.5821278095245361
0.1972937881946563,0.6446353793144226,0.6130640506744385
-0.109423279762268,0.6866763234138489,0.5608224272727966
-0.1832697093486786,0.7055598497390747,0.489013135433197
-0.0316394418478012,0.781529426574707,0.5378440022468567
0.0696068778634071,0.8053620457649231,0.6794106960296631
-0.0245350655168294,0.7562216520309448,0.7237424850463867
0.0220183134078979,0.7333481311798096,0.7213013768196106
0.1894523203372955,0.7258457541465759,0.6966655254364014
-0.0959915816783905,0.7099112272262573,0.5434962511062622
-0.0279723163694143,0.6305903196334839,0.4005566835403442
0.1195252761244773,0.6123167872428894,0.3826072514057159
0.0671898946166038,0.5781854391098022,0.3830525279045105
0.0984845608472824,0.4556126296520233,0.2499309629201889
0.135887324810028,0.3917127549648285,0.1419403105974197
0.157316580414772,0.3427774906158447,0.0410969965159893
0.1785672754049301,0.2424373030662536,-0.0251957401633262
0.3720247149467468,0.212195873260498,-0.0743111595511436
0.2804127633571625,0.1662938892841339,-0.1503966152667999
-0.0176354087889194,0.0399883724749088,-0.2443563342094421
0.0874928683042526,-0.0126822972670197,-0.4351593255996704
0.0667137801647186,0.0083434581756591,-0.5604856610298157
-0.0092265270650386,-0.0038104108534753,-0.4927569329738617
0.1158183515071868,-0.0362711325287818,-0.457338809967041
0.1873628348112106,-0.1611566096544265,-0.5113884806632996
0.1638983190059662,-0.2639462351799011,-0.5936471819877625
-0.0075432192534208,-0.2637289464473724,-0.6283414959907532
0.1119528114795684,-0.2789805829524994,-0.7532552480697632
0.0576658770442009,-0.3879454135894775,-0.7642008066177368
-0.0361912287771701,-0.3805062174797058,-0.5865631103515625
0.0854595750570297,-0.3748667240142822,-0.497498482465744
0.0057820538058876,-0.4606303572654724,-0.4570527970790863
0.1634427905082702,-0.4711812734603882,-0.5414467453956604
0.1083236038684845,-0.464901864528656,-0.5600230693817139
0.0910287722945213,-0.5042351484298706,-0.5093261003494263
0.0385373756289482,-0.4686582386493683,-0.503879964351654
-0.1256462335586547,-0.4108013212680816,-0.4793790876865387
-0.0982519313693046,-0.4103847742080688,-0.4650582671165466
-0.1231817826628685,-0.4063596725463867,-0.4487751722335815
-0.0235405080020427,-0.405011773109436,-0.3638502657413482
-0.0562827438116073,-0.3670175075531006,-0.1931837052106857
-0.0262660719454288,-0.3005277216434479,-0.0537096820771694
-0.2479784935712814,-0.2541109323501587,-0.031145779415965
-0.2721286118030548,-0.2397896349430084,-0.0746595710515976
-0.0628723353147506,-0.1704204082489013,-0.0823949947953224
0.0479933284223079,-0.1397404968738556,-0.0531646832823753
-0.0317182801663875,-0.1313307583332061,-0.0968234837055206
-0.0950190871953964,-0.1043774858117103,-0.106118693947792
0.0130344135686755,-0.0797573551535606,-0.0463605634868145
0.0753080397844314,-0.0518353171646595,-0.0263342764228582
-0.0595363266766071,-0.0292959194630384,-0.0185802169144153
-0.0667193531990051,-0.0032429979182779,0.0230047833174467
0.0322378501296043,-0.0061157499440014,0.0994779840111732
0.102064199745655,-0.0006401087157428,0.2070082426071167
0.1234184876084327,0.0359328165650367,0.2069853395223617
0.054908312857151,0.0822061747312545,0.1467053443193435
-0.1044515222311019,0.1212475821375846,0.1035789102315902
-0.107504092156887,0.1380330026149749,0.0680057257413864
0.024185225367546,0.1708402186632156,0.1582373529672622
0.1771247237920761,0.1664787083864212,0.2396507710218429
0.0852832198143005,0.1749009639024734,0.2149741947650909
-0.169461190700531,0.215370625257492,0.1440672427415847
-0.0735146850347518,0.246472880244255,0.100596472620964
0.1155292764306068,0.2726383209228515,0.1542286276817321
0.0797726139426231,0.2882854640483856,0.1659878194332122
0.0660344436764717,0.2099925726652145,0.132739782333374
0.1701834797859192,0.1628445088863372,0.200623482465744
0.1753652989864349,0.2269708514213562,0.112135924398899
-0.0191791504621505,0.2200277149677276,0.0584902726113796
0.1080193296074867,0.1636450290679931,0.0115641392767429
0.1603770852088928,0.1450135558843612,-0.0402942635118961
0.1677518039941787,0.1160441637039184,0.0157959759235382
0.3289737403392792,0.0622269995510578,0.1131363734602928
0.2383064180612564,0.0495627634227275,0.1700239777565002
0.0390106253325939,-0.0002524638548493,0.123819999396801
-0.1474641263484954,-0.0376981496810913,0.0910546481609344
-0.0886168032884597,-0.0474061705172061,0.1223907321691513
0.0319773852825164,-0.070884570479393,0.1090895608067512
0.1389480382204055,-0.1370489448308944,0.0418932102620601
0.1047989130020141,-0.1467321366071701,-0.0082925437018275
0.0696121677756309,-0.073982834815979,-0.0472194366157054
-0.0293347425758838,-0.0826397761702537,-0.0783770158886909
-0.0697213187813758,-0.0994533747434616,-0.085112415254116
-0.0516704730689525,-0.0773792564868927,-0.060253944247961
0.0354162268340587,-0.1248442456126213,-0.0074141635559499
-0.1011445373296737,-0.16265270113945,-0.0020341831259429
-0.2393538057804107,-0.1219675838947296,-0.0385684929788112
-0.1665762811899185,-0.0665663257241249,-0.0696012899279594
-0.0207516998052597,-0.0972022637724876,-0.0804400891065597
-0.032849296927452,-0.0915168449282646,-0.1017588451504707
-0.0742880851030349,-0.0761583968997001,-0.1273930966854095
-0.1223046407103538,-0.0815120786428451,-0.0982615873217582
-0.0487518571317195,-0.0748342052102088,-0.0284795779734849
0.0035141955595463,-0.0912109613418579,-0.0045378720387816
-0.0651426240801811,-0.1171522811055183,-0.0337066762149333
-0.1523579806089401,-0.1443800330162048,-0.1091811060905456
-0.1211068481206893,-0.1218147948384285,-0.1434719562530517
-0.0805127099156379,-0.093904361128807,-0.1030587032437324
-0.0985862463712692,-0.0846237763762474,-0.1301750093698501
-0.0342625379562377,-0.1027459353208541,-0.1377699673175811
-0.0699622109532356,-0.1131413206458091,-0.1214402616024017
-0.0937357544898986,-0.0720338225364685,-0.0628256499767303
-0.0691164284944534,-0.0572998821735382,0.0032686810009181
-0.1427150964736938,-0.0790104195475578,-0.026006219908595
-0.1201996728777885,-0.0894039347767829,-0.0042916033416986
0.0764048621058464,-0.0807168930768966,0.0319651365280151
0.168549969792366,-0.0839912518858909,0.0586944818496704
0.0734606012701988,-0.0684836283326149,0.0759040862321853
0.0955395400524139,-0.0245718322694301,0.1070971563458442
0.0571337267756462,0.0073002758435904,0.1619919091463089
-0.0092210602015256,0.0830714702606201,0.1716035306453704
0.0464265197515487,0.1373879164457321,0.2148714065551757
-0.0658811181783676,0.1693511754274368,0.2281246334314346
-0.0487713366746902,0.1953442692756652,0.3114505410194397
0.0240080635994672,0.2396313101053238,0.366971343755722
0.026313429698348,0.3091419637203216,0.3875240087509155
-0.0265117026865482,0.3490752577781677,0.3771922588348388
-0.1177621260285377,0.3841858804225921,0.3426364064216614
-0.1675962656736374,0.4086368978023529,0.4056270718574524
0.0970901548862457,0.395337849855423,0.4613681435585022
0.1504298001527786,0.4301877021789551,0.499826580286026
0.1269882023334503,0.4551759362220764,0.4419911503791809
0.0076213227584958,0.4557312130928039,0.4417735636234283
-0.0735692381858825,0.5256751775741577,0.4734817445278168
-0.0310041978955268,0.5766099691390991,0.4246966242790222
0.0861867889761924,0.5652726292610168,0.3956222832202911
0.228433147072792,0.5505890250205994,0.3712261319160461
0.0519823059439659,0.5363271832466125,0.3008692562580108
-0.0108792139217257,0.5321407318115234,0.3211558759212494
0.1770475506782531,0.535832941532135,0.3569996058940887
0.1000558286905288,0.4778173267841339,0.2601574957370758
0.0635429099202156,0.4151898622512817,0.2394298315048217
0.014395335689187,0.3880043029785156,0.1670576333999633
-0.1367544680833816,0.3593881726264953,0.0502039417624473
-0.0627020820975303,0.3092304468154907,-0.0119233438745141
0.0299646463245153,0.2812714576721191,-0.0561429299414157
0.1190721541643142,0.2010043263435363,-0.0887986123561859
0.1639604270458221,0.1188147738575935,-0.0424935854971408
0.0669369325041771,0.0874294266104698,-0.0872884839773178
0.0300222188234329,0.0772825926542282,-0.1403278261423111
0.0267846137285232,0.0669031888246536,-0.1643953472375869
0.0810778215527534,0.0748382732272148,-0.1438529640436172
0.111216016113758,0.0185505021363496,-0.1769222319126129
0.1544021517038345,0.0207115057855844,-0.2433186918497085
0.154680460691452,0.0466826520860195,-0.3141403794288635
0.0670227482914924,0.0359166637063026,-0.470604658126831
0.0467568971216678,-0.0704246908426284,-0.5771510601043701
-0.0353757254779338,-0.1402598917484283,-0.5254083275794983
-0.0624488890171051,-0.1420426070690155,-0.4286346435546875
-0.0604789555072784,-0.2054460346698761,-0.4554977416992187
-0.1154785528779029,-0.2781420648097992,-0.5278947353363037
-0.0190215613692998,-0.3459048569202423,-0.5483600497245789
-0.0375073626637458,-0.3523472845554352,-0.4900464415550232
-0.0921559929847717,-0.3490690886974334,-0.5273331999778748
-0.0738126710057258,-0.3898138701915741,-0.5821788907051086
-0.0462183430790901,-0.4159083366394043,-0.6176689267158508
0.0629558190703392,-0.3906099200248718,-0.6051750183105469
0.1979812383651733,-0.4213544428348541,-0.508712112903595
0.1944482922554016,-0.445648580789566,-0.4259735941886902
0.0309526044875383,-0.4081571400165558,-0.3571601808071136
-0.0629142373800277,-0.3575722575187683,-0.2693685293197632
0.0372031293809413,-0.3044064342975616,-0.2580552399158478
-0.0098248301073908,-0.2682239413261413,-0.312587171792984
-0.0307385548949241,-0.2587016820907593,-0.2893091440200805
0.1333664953708648,-0.2322045713663101,-0.2920591235160827
0.1706364452838897,-0.1883144825696945,-0.2415372133255005
0.054931953549385,-0.1265749484300613,-0.1652432382106781
0.0855022072792053,-0.0570426620543003,-0.1054510772228241
0.0335939973592758,-0.0391566082835197,-0.0611190348863601
0.0630783662199974,-0.0263504832983016,-0.0559070147573947
-0.0663307532668113,0.0082189440727233,-0.0215122904628515
-0.1800636947154998,0.0551573745906353,-0.0004479747731238
0.019606813788414,0.1155618652701377,0.035372070968151
0.1352584064006805,0.1479979008436203,0.0876455903053283
-0.0098748169839382,0.1357199251651764,0.0656763762235641
-0.1310025006532669,0.0955372154712677,-0.0182551257312297
0.0403008125722408,0.0433491095900535,-0.0464105978608131
0.0697933062911033,-0.0065742135047912,-0.0784636288881301
0.0990657061338424,-0.0736800134181976,-0.1309356242418289
0.1976485848426818,-0.1247434392571449,-0.1452291011810302
-0.0096966009587049,-0.1560741961002349,-0.1044856607913971
-0.0140113644301891,-0.250495433807373,0.0206181090325117
0.1401076316833496,-0.2285374253988266,0.0821725502610206
0.1588639914989471,-0.2310545891523361,0.0285771880298852
-0.0262712407857179,-0.2804815173149109,-0.1137059181928634
0.062729425728321,-0.2929565608501434,-0.266449898481369
-0.0945917516946792,-0.3022089302539825,-0.3417233526706695
-0.0904084891080856,-0.2893230617046356,-0.2235249727964401
-0.0844760313630104,-0.2947561740875244,-0.1261866986751556
-0.0983952134847641,-0.289319783449173,-0.0973516628146171
-0.126717135310173,-0.2365039885044098,-0.0324805192649364
-0.1691633462905883,-0.1495966166257858,-0.017327569425106
-0.2149968743324279,-0.0923192128539085,-0.0980759486556053
-0.0045853722840547,-0.1174148842692375,-0.0602533034980297
0.1052622944116592,-0.1380442678928375,-0.0263826884329319
0.0500026009976863,-0.1103231385350227,-0.020429752767086
-0.0817066878080368,-0.0695144534111023,-0.007638057693839
-0.1943220943212509,-0.0145991407334804,0.0527298413217067
-0.1614032983779907,0.0040437863208353,0.1113918274641037
-0.1619175970554351,-0.0100467586889863,0.1650534272193908
-0.0616237558424472,-0.0088845556601881,0.1096144095063209
-0.0343337915837764,0.0181112308055162,0.1172884926199913
-0.0790647789835929,0.0625521913170814,0.1026565507054328
-0.1211385279893875,0.0823449045419693,0.1434400975704193
-0.0070271324366331,0.0933400243520736,0.2378233224153518
-0.0013069440610706,0.1344241350889206,0.2543814778327942
0.0072500589303672,0.1546955853700637,0.2774311304092407
-0.0362325794994831,0.1736615747213363,0.2305911779403686
-0.1293452084064483,0.1692428588867187,0.231963500380516
-0.0296225640922784,0.1635489165782928,0.2338286191225052
0.0271760039031505,0.1533593982458114,0.1886187940835952
0.0694730952382087,0.135354608297348,0.1915141195058822
0.0258166939020156,0.1253381967544555,0.1833826899528503
0.0104887280613183,0.1230953261256218,0.1822750717401504
-0.0379877276718616,0.0928029268980026,0.1484310925006866
-0.113151304423809,0.0895281583070755,0.1384808272123336
0.1278921961784362,0.0572975203394889,0.1284748017787933
0.100097082555294,0.0336372181773185,0.1137038692831993
0.0024602739140391,0.0282967817038297,0.0698964670300483
-0.0440961234271526,-0.0053267702460289,-0.0233633872121572
-0.0230305176228284,-0.0642635896801948,-0.0475113354623317
0.0404454469680786,-0.0625440776348114,-0.0324411988258361
0.0965047180652618,-0.0204557478427886,0.0400684215128421
0.2465346157550811,-0.0364390984177589,0.17003133893013
0.1569312363862991,0.0248908400535583,0.1865932643413543
-0.0266700722277164,0.0600949339568614,0.1678991466760635
0.0193440243601799,0.034714475274086,0.1401077359914779
0.1674451529979705,0.0322203412652015,0.1631433814764022
0.2413345575332641,0.0691887363791465,0.1506238579750061
-0.0124025866389274,0.0951243191957473,0.1245969161391258
-0.013854275457561,0.0943152531981468,0.0770642831921577
-0.0688601061701774,0.1038192585110664,0.1424355953931808
-0.1265590935945511,0.0979075729846954,0.2444887310266494
-0.1367486864328384,0.1112389639019966,0.2596547603607178
-0.1738366782665252,0.0946879461407661,0.2252384573221206
-0.0177465416491031,0.0926959291100502,0.1789154112339019
-0.0380353033542633,0.0860782414674758,0.0973648875951767
0.049209326505661,0.0399706773459911,0.0825164467096328
0.0735958963632583,-0.0060607311315834,0.0444987565279006
-0.0582552663981914,-0.0049957120791077,0.0604311116039752
-0.1023103445768356,-0.019080638885498,0.0900699645280838
-0.0403841100633144,-0.0412314906716346,0.1510352790355682
0.0216896478086709,-0.0241510402411222,0.1328219175338745
-0.0269718281924724,-0.041701890528202,0.0333069004118442
-0.0114447996020317,-0.0767584070563316,-0.061476070433855
-0.0081413146108388,-0.0404567867517471,-0.1696265786886215
-0.0089655630290508,-0.0668135583400726,-0.1974086761474609
0.0505883768200874,-0.0841879025101661,-0.1270259767770767
0.0592314004898071,-0.0782352015376091,-0.0664340034127235
-0.0477101132273674,-0.0630389228463172,-0.0919180959463119
-0.076071985065937,-0.0763928145170211,-0.1541135460138321
-0.1193929016590118,-0.0349019579589366,-0.1841267347335815
-0.1444937288761139,0.0496845692396163,-0.2034599632024765
-0.0501866415143013,0.041636724025011,-0.2302376925945282
0.0890135914087295,0.0146232172846794,-0.2117905020713806
0.0351504161953926,0.0219129268079996,-0.2149076163768768
-0.0279510524123907,0.0253143161535263,-0.2124780118465423
0.0436042696237564,0.029877632856369,-0.1245827451348304
0.1659751832485199,0.0501751825213432,-0.0067714280448853
0.1354017853736877,0.0269210282713174,0.0145572358742356
0.0014112300705164,-0.0166474860161542,-0.0538817420601844
0.0627025663852691,-0.0053149284794926,-0.1169786751270294
0.0702968388795852,0.0014572241343557,-0.1420539319515228
0.1056015416979789,-0.0207899790257215,-0.0980274081230163
0.1903744786977768,-0.0048192692920565,-0.0740592256188392
0.0896707847714424,-0.030116157606244,-0.0543078482151031
-0.1302128434181213,-0.0452698096632957,-0.042318295687437
-0.0033061027061194,-0.0300906542688608,-0.0753371492028236
0.0220908671617507,-0.0264650266617536,-0.0345279350876808
0.0075023593381047,-0.0168124455958604,0.0001001346390694
-0.0013989901635795,-0.0701156109571456,-0.0109242871403694
0.1026263833045959,-0.1137377396225929,-0.0757173299789428
0.0775335431098938,-0.0932503044605255,-0.1139217093586921
0.035758476704359,-0.0726706087589263,-0.1115532144904136
0.0533670298755168,-0.0778030529618263,-0.0521519370377063
0.0181858446449041,-0.0727326124906539,0.0098629118874669
-0.0806999877095222,-0.0437390394508838,0.0470939017832279
-0.0706344544887542,-0.0026075555942952,0.0544434152543544
-0.1124732494354248,0.0105774886906147,0.0069169104099273
-0.0132324639707803,0.00011269422248,0.0282146465033292
0.0069447089917957,0.0457877703011035,0.0924993604421615
-0.0121440961956977,0.0635392144322395,0.0346297770738601
0.0080642364919185,0.0563556030392646,0.0460115931928157
0.0717859342694282,0.0713090375065803,0.124722346663475
0.1048163250088691,0.041471779346466,0.0643761828541755
-0.0341213904321193,0.017985813319683,-0.0399355515837669
-0.0387528911232948,0.0249222815036773,-0.0459375157952308
-0.0252178087830543,0.020557602867484,-0.0073064430616796
-0.0083432216197252,0.008615456521511,0.0358918942511081
-0.0086392452940344,-0.0106493877246975,0.0073879198171198
-0.2106605172157287,-0.0386682376265525,0.0157241467386484
-0.1006345897912979,-0.0037963176146149,0.0208651423454284
0.0386804193258285,0.056754644960165,0.019113315269351
0.0294876042753458,0.0095441695302724,-0.0018875169334933
-0.0863473787903785,-0.0443600714206695,-0.1557535082101822
-0.1301341354846954,-0.0436184108257293,-0.2350270003080368
-0.1401079446077346,-0.0427824445068836,-0.1600377112627029
-0.0256033185869455,-0.0505594201385974,0.0284483563154935
0.1053871884942054,-0.0758858174085617,0.0470289625227451
0.032662309706211,-0.1190591901540756,0.049354501068592
-0.0224302392452955,-0.1071263626217842,-0.0016636769287288
-0.0272376872599124,-0.0902173519134521,-0.0922261551022529
0.013089494779706,-0.1222466602921485,-0.1257723867893219
0.1386967748403549,-0.1498706191778183,-0.1618992239236831
0.0741585344076156,-0.1854589730501175,-0.1386908441781997
-0.0724254176020622,-0.1744451373815536,-0.1399323940277099
-0.0983555540442466,-0.1761293262243271,-0.0776069685816764
-0.0464738272130489,-0.1581514775753021,-0.0489324070513248
0.0313290916383266,-0.14242684841156,-0.0295123662799596
-0.0001802113838493,-0.1205510646104812,0.0025867070071399
0.006556786596775,-0.0901252478361129,0.0112310610711574
0.0010192031040787,-0.0492985881865024,-0.0078141596168279
-0.0987776964902877,-0.0236195884644985,0.0155188590288162
-0.119021788239479,0.0301002487540245,0.0293330680578947
-0.0881419032812118,0.0732666254043579,0.1149441078305244
0.0216605700552463,0.0746092498302459,0.1940806210041046
-0.0456220619380474,0.0980463996529579,0.2027848958969116
-0.165225401520729,0.113350473344326,0.1723873615264892
-0.1218979060649871,0.1353300660848617,0.1473690867424011
0.1352069079875946,0.1733313649892807,0.2133775651454925
0.1159019321203231,0.2079591304063797,0.2210884839296341
-0.053021851927042,0.2229682207107544,0.2937868535518646
0.0907606184482574,0.2544371783733368,0.2331762462854385
-0.0097033455967903,0.2797027230262756,0.2048659175634384
-0.0539048947393894,0.2636627852916717,0.239562913775444
0.024598155170679,0.2513046860694885,0.1593718975782394
0.0085038747638463,0.2679955065250397,0.1895316541194915
-0.0712992176413536,0.2857875823974609,0.2082573771476745
-0.0574920587241649,0.2336761802434921,0.1639367789030075
0.0048179356381297,0.17659392952919,0.1231209561228752
-0.0003738964442163,0.1526832729578018,0.0602764785289764
0.0104941707104444,0.1072010621428489,0.051839280873537
-0.0333973877131938,0.065834179520607,0.0651505589485168
-0.0091230068355798,-0.0230947509407997,0.0456102564930915
0.0743657574057579,-0.1082242876291275,-0.0470235422253608
-0.0136859184131026,-0.1819001287221908,-0.1653533577919006
-0.1484171003103256,-0.1774142980575561,-0.2223535180091858
-0.046869371086359,-0.1943795830011367,-0.2180590182542801
0.0590951479971408,-0.2187949120998382,-0.2196124345064163
0.0783292204141616,-0.2718500196933746,-0.3189927041530609
-0.0925344005227088,-0.2705402672290802,-0.4239603877067566
-0.0440351590514183,-0.254621297121048,-0.4439105987548828
-0.0028246066067367,-0.2170440703630447,-0.3962000608444214
-0.0466295853257179,-0.1799507737159729,-0.2713300287723541
-0.1074913367629051,-0.1805063039064407,-0.268610417842865
-0.1124155223369598,-0.2039232105016708,-0.2793743908405304
-0.1063610911369323,-0.2274527698755264,-0.3203218281269073
-0.270990788936615,-0.1988317817449569,-0.3697271943092346
-0.4205160737037658,-0.1679074168205261,-0.35285285115242
-0.3512642383575439,-0.1407247483730316,-0.2828096747398376
-0.3348226845264435,-0.1413069069385528,-0.2022834122180938
-0.3307121992111206,-0.1170722022652626,-0.2608912587165832
-0.3366454541683197,-0.0648904889822006,-0.2193422019481659
-0.328942596912384,-0.0341631099581718,-0.2162612825632095
-0.1327887773513794,-0.0423158444464206,-0.1307008415460586
0.1556302160024643,-0.0458140820264816,0.0095275240018963
0.0448522977530956,-0.0228882580995559,-0.0206357054412364
0.0002798275090754,-0.0662052556872367,-0.0581294111907482
-0.0428023934364318,-0.0648132190108299,-0.0578138269484043
0.0674332380294799,-0.0490186624228954,0.0265760142356157
0.1376810371875763,-0.0965374484658241,0.0769491791725158
0.1863569766283035,-0.0811625272035598,0.0781995877623558
0.1365302950143814,-0.0347785167396068,0.113162100315094
0.0920783653855323,-0.043391715735197,0.0521522909402847
-0.032571155577898,-0.0018780962564051,0.0807804688811302
-0.1148018017411232,0.064878299832344,0.0851320624351501
-0.0338504947721958,0.1362552791833877,0.1602403968572616
0.1974603980779647,0.224654346704483,0.4333670139312744
0.509783148765564,0.2575950026512146,0.4999103546142578
0.4262999594211578,0.2318387776613235,0.4177153706550598
0.2417639195919037,0.3128244280815124,0.298941045999527
0.3303223252296448,0.3947128653526306,0.1983399093151092
0.558800220489502,0.3420091569423675,0.1166146919131279
0.5436041355133057,0.324675589799881,0.0450879000127315
0.5346173048019409,0.3204270601272583,-0.0155645264312624
0.5526478886604309,0.2571981549263,-0.0464341752231121
0.4536550045013428,0.2229890674352646,-0.0402809418737888
0.4311545789241791,0.2308130711317062,-0.0562883056700229
0.3005054891109466,0.1953964829444885,-0.0388725660741329
0.2460371851921081,0.1741452068090438,-0.0825994834303855
0.1783263087272644,0.1715148091316223,-0.119303174316883
0.0438570901751518,0.1692200899124145,-0.1312747448682785
0.0243739373981952,0.14590385556221,-0.1632707566022873
-0.1663446724414825,0.1358443945646286,-0.1478317230939865
0.0201314687728881,0.1195229440927505,-0.1749427020549774
0.1785469800233841,0.105450764298439,-0.1107066795229911
0.1604481339454651,0.0777139440178871,-0.1694307178258896
0.0973226949572563,0.0424417443573474,-0.3149062097072601
0.1390669494867324,-0.0302154123783111,-0.4443819224834442
-0.0497885830700397,-0.1475399285554886,-0.5435316562652588
0.0695817545056343,-0.2200085371732711,-0.4594255685806274
0.1826341301202774,-0.2327125966548919,-0.3179930746555328
0.0039618536829948,-0.3102436065673828,-0.3064432144165039
-0.2547856569290161,-0.3486714959144592,-0.4356770515441894
-0.3426976501941681,-0.3187532722949981,-0.4555420875549316
-0.350889503955841,-0.3156715035438537,-0.5414093136787415
-0.2315253019332885,-0.2656802535057068,-0.5802725553512573
-0.18178391456604,-0.23649862408638,-0.4990400075912475
-0.2704823613166809,-0.2179401069879531,-0.4380589425563812
-0.1648370027542114,-0.2191339880228042,-0.3766017258167267
-0.1548578739166259,-0.2989430427551269,-0.4018314480781555
-0.1189801692962646,-0.4110216498374939,-0.4513045251369476
-0.1771795600652694,-0.4915644228458404,-0.5105427503585815
-0.1520782262086868,-0.5199874639511108,-0.5408709049224854
-0.1832774132490158,-0.5860602259635925,-0.5458419919013977
-0.2031410932540893,-0.5695413947105408,-0.5072935819625854
-0.11409243196249,-0.5367479920387268,-0.5161783695220947
-0.0384053103625774,-0.5230363011360168,-0.5332076549530029
0.0402149334549903,-0.5109513998031616,-0.50115966796875
-0.1387339532375335,-0.4781222641468048,-0.4568311870098114
-0.029963256791234,-0.4803009927272796,-0.3505111336708069
0.0177914313971996,-0.4674698114395141,-0.3421174883842468
-0.0890692397952079,-0.4894760549068451,-0.3231299519538879
-0.0354350246489048,-0.5098596215248108,-0.2622478902339935
0.1540715247392654,-0.4337092339992523,-0.2533199191093445
0.139988511800766,-0.4384460151195526,-0.2420874089002609
0.0588491857051849,-0.4232146143913269,-0.2410003095865249
0.0195916593074798,-0.3726707100868225,-0.2202130407094955
-0.0509514808654785,-0.3583114743232727,-0.2096389532089233
0.0511571355164051,-0.3695042431354522,-0.1178344264626503
0.1463797837495803,-0.3289640247821808,-0.0881047621369361
-0.0028350977227091,-0.2660077512264251,-0.0883606150746345
-0.0753015801310539,-0.294708639383316,-0.0960350483655929
-0.0898014605045318,-0.3053097426891327,-0.1263457387685775
-0.1018820852041244,-0.2788866758346557,-0.0947265475988388
0.0326619930565357,-0.2896739840507507,-0.0735635384917259
-0.0385967418551445,-0.2875048518180847,-0.0778973028063774
-0.1048357039690017,-0.302663505077362,-0.0817277655005455
-0.0272873826324939,-0.3101720213890075,-0.0337437316775321
-0.0294837057590484,-0.3089948892593384,0.0099693862721323
-0.0756762400269508,-0.349668025970459,-0.0165120214223861
-0.0790112018585205,-0.3275177776813507,-0.0283579230308532
0.0268153641372919,-0.2885139286518097,0.0763871297240257
0.0124443368986248,-0.2608455121517181,0.1296479105949401
0.0595165081322193,-0.288129061460495,0.0805330947041511
0.1018859818577766,-0.311439037322998,-0.0076938401907682
0.0681860744953155,-0.2873752415180206,-0.0520202927291393
0.0349946245551109,-0.2745966017246246,-0.0085007855668663
-0.00338392611593,-0.2738700807094574,0.0604372695088386
-0.0747758597135543,-0.2855456471443176,0.05698873847723
-0.0340491980314254,-0.3341339528560638,0.0020605088211596
0.0821075960993766,-0.3481495678424835,-0.0182680059224367
0.1987583041191101,-0.3114978373050689,-0.0007004641229286
0.1990189105272293,-0.3049893677234649,0.0883245170116424
0.1208506077527999,-0.3148590326309204,0.1014267355203628
-0.0865214765071868,-0.3086659014225006,0.0163904577493667
0.0436687469482421,-0.3191683292388916,-0.0599597096443176
0.1001664325594902,-0.2951946556568146,-0.0368247330188751
0.212412804365158,-0.2753847241401672,0.015310906805098
0.1372614800930023,-0.2994618713855743,0.0079819085076451
-0.0579298436641693,-0.3078713119029999,0.0193019416183233
-0.0360850393772125,-0.2549342811107635,0.020761577412486
0.0542448572814464,-0.2561177909374237,0.0648145228624343
0.0067270314320921,-0.2749388217926025,0.1126714423298835
0.0272759813815355,-0.2872058749198913,0.1397763043642044
-0.0421352609992027,-0.2709167003631592,0.1044574975967407
-0.0662903934717178,-0.2626499831676483,0.0850638225674629
-0.1176782324910163,-0.2657657563686371,0.0805685743689537
-0.1104512140154838,-0.25777468085289,0.1038539186120033
-0.0983539000153541,-0.240816593170166,0.1156443879008293
-0.0930584669113159,-0.2380389124155044,0.144590824842453
-0.115542471408844,-0.2223853915929794,0.1616283953189849
-0.1453541666269302,-0.1592346429824829,0.2731924951076507
-0.1241834238171577,-0.1240293756127357,0.288242906332016
-0.0575942732393741,-0.1519928276538849,0.2939098477363586
0.0629304647445678,-0.1259453296661377,0.3018991351127624
-0.1289734691381454,-0.0661437809467315,0.3466748595237732
-0.1269369721412658,-0.0417279675602912,0.3570671379566192
0.0409905202686786,-0.0302976798266172,0.3578791320323944
-0.0216253660619258,-0.0142612820491194,0.3367581963539123
0.0012386699672788,-0.015762772411108,0.3633690476417541
0.0317727774381637,-0.0363810360431671,0.3881639540195465
-0.0834140032529831,-0.0404090695083141,0.432290643453598
-0.0434256568551063,-0.0332838557660579,0.4291702806949615
0.0033096254337579,-0.0384996570646762,0.4349983632564544
-0.0438524149358272,-0.0110348146408796,0.4458217918872833
-0.0169393084943294,-0.015451667830348,0.4641869664192199
0.2114130556583404,-0.0024805488064885,0.4906119704246521
0.127090185880661,0.0171099305152893,0.4747459292411804
-0.0876033008098602,0.0597033873200416,0.4261806011199951
-0.288799524307251,0.1558722704648971,0.4249211847782135
-0.1325285881757736,0.1989616453647613,0.4341474771499634
0.0744640007615089,0.2080787122249603,0.5266544818878174
0.068672314286232,0.2681591808795929,0.6079660654067993
-0.1717900931835174,0.3089888989925384,0.6233551502227783
-0.137536734342575,0.3455049991607666,0.6131969094276428
-0.1455413997173309,0.3534041941165924,0.6134235262870789
-0.0374356321990489,0.3505984246730804,0.6373023390769958
-0.1363073587417602,0.3465608060359955,0.5784260034561157
-0.182108849287033,0.3253870010375976,0.5295019149780273
-0.0786474347114563,0.2970885038375854,0.5833979249000549
0.0669991299510002,0.2909761667251587,0.627433717250824
-0.089943878352642,0.2596502006053924,0.4443922340869903
-0.0990586876869201,0.2327196300029754,0.3955268263816833
-0.2926095128059387,0.3449135422706604,0.4323077499866485
-0.1902210861444473,0.3611501455307007,0.4320029616355896
0.2419263422489166,0.2393701821565628,0.5204659700393677
0.2424936443567276,0.1959473043680191,0.5550999045372009
-0.0489983893930912,0.2142400294542312,0.4446362555027008
-0.0997432246804237,0.212729662656784,0.3411608338356018
-0.0144642740488052,0.2717234790325165,0.3404510915279388
0.0756499171257019,0.272543340921402,0.3445138037204742
0.0409023240208625,0.2301980108022689,0.40538489818573
0.0196723397821187,0.2359815537929535,0.3731356859207153
0.0981996431946754,0.242327868938446,0.4356313049793243
0.2620479166507721,0.2473520785570144,0.4747239649295807
0.0707692950963974,0.2444939762353897,0.3807069361209869
-0.0902654007077217,0.2286831438541412,0.2130970358848571
-0.1722207218408584,0.2270026952028274,0.2722053527832031
0.0141127724200487,0.2831512689590454,0.3636547923088074
0.1576717942953109,0.2701563537120819,0.3188308477401733
0.2944739460945129,0.1841313242912292,0.3553248345851898
0.1265041381120681,0.2068523466587066,0.3197037279605865
0.1925313621759414,0.2310592085123062,0.3025720715522766
0.0700840055942535,0.2570617794990539,0.2501168549060821
-0.1229042559862136,0.2779408693313598,0.1394356936216354
0.0054135043174028,0.2987278997898102,0.222134843468666
0.1227789148688316,0.3139650523662567,0.4086742103099823
0.0895067080855369,0.3018239736557007,0.4400643706321716
0.0584056228399276,0.2930568754673004,0.3360098302364349
0.0725794956088066,0.2975895702838897,0.2012650817632675
0.0068094818852841,0.3300369083881378,0.1276335269212722
0.0452737845480442,0.3897726833820343,0.2549446225166321
0.0496585667133331,0.3859177231788635,0.3585232198238373
-0.0045508770272135,0.3419486880302429,0.3177006840705871
-0.0262459889054298,0.3632852137088775,0.2731970846652984
-0.1461742669343948,0.3980732858181,0.3076440095901489
-0.1730873137712478,0.4227223396301269,0.2634468078613281
-0.1025870442390441,0.4706462025642395,0.2774118781089782
0.043466966599226,0.5170390009880066,0.389465719461441
-0.0447134934365749,0.4577253758907318,0.3133195340633392
-0.0348218493163585,0.41844642162323,0.1512400507926941
-0.0822178646922111,0.4707596898078918,0.1687780320644378
-0.1316645145416259,0.5595402717590332,0.2560132443904876
-0.028929878026247,0.5598955154418945,0.2511524260044098
0.0394917950034141,0.5627343654632568,0.3363310694694519
0.0604428797960281,0.6287602186203003,0.3365116417407989
0.1642448306083679,0.6039962768554688,0.2857324182987213
0.3179811537265777,0.6054982542991638,0.2042282372713089
0.3717148602008819,0.5662441849708557,0.0666241571307182
0.0574330799281597,0.5233374834060669,0.058626689016819
0.1849780529737472,0.5746413469314575,0.1053788363933563
0.2419499903917312,0.5433568954467773,0.0320433676242828
0.2251675426959991,0.4843952059745788,0.0556513406336307
0.2595460116863251,0.414866179227829,0.0151116400957107
0.2511040270328522,0.3439970314502716,0.0107835326343774
0.2550691962242126,0.3381662964820862,-0.0185964591801166
0.18165984749794,0.3282903730869293,-0.1617417782545089
0.2303805202245712,0.2213197201490402,-0.3196989297866821
0.2983267903327942,0.1879914104938507,-0.411587655544281
0.2260152846574783,0.1415062099695205,-0.3231515288352966
0.2849275469779968,0.0343968421220779,-0.3346460461616516
0.2980409562587738,0.019366493448615,-0.3934009671211242
0.1399857401847839,0.0259109884500503,-0.3990112245082855
0.0569244101643562,-0.0507233366370201,-0.4939009845256805
0.1026690080761909,-0.109197624027729,-0.5301002264022827
0.1647336930036544,-0.0770801678299903,-0.5153594017028809
-0.0128146056085824,-0.0641331896185875,-0.549575686454773
0.0453467033803463,-0.0852584466338157,-0.5951524972915649
0.2112476825714111,-0.1041165217757225,-0.6170961260795593
0.0892645046114921,-0.1427320837974548,-0.6495670080184937
-0.0358138382434845,-0.1574978828430175,-0.7114384770393372
-0.0189557615667581,-0.1449003368616104,-0.7209334373474121
0.0057671787217259,-0.1941900104284286,-0.6807637214660645
-0.0661552175879478,-0.1887196153402328,-0.5767428278923035
-0.0300407279282808,-0.1811083853244781,-0.5428673028945923
-0.0694874674081802,-0.1666479408740997,-0.5242904424667358
0.0518920049071311,-0.1935341358184814,-0.4760099947452545
0.0485265702009201,-0.1611418426036834,-0.5117405652999878
0.0747664868831634,-0.1773548424243927,-0.5975537896156311
-0.0514143519103527,-0.1850953251123428,-0.5909308195114136
-0.1198920011520385,-0.1073052585124969,-0.5270543098449707
0.067472830414772,-0.0646086558699607,-0.4328436255455017
0.123260885477066,-0.0833458229899406,-0.4204629063606262
0.128366157412529,-0.1392871290445327,-0.3892093598842621
0.0066155423410236,-0.1118484660983085,-0.4088513851165771
-0.1053895577788353,-0.0992543771862983,-0.4468067586421966
-0.0557575039565563,-0.108397364616394,-0.4542283117771148
0.0109911663457751,-0.0362478047609329,-0.3553379774093628
0.0544811822474002,-0.0723099708557128,-0.3447798192501068
0.1746712327003479,-0.1328601241111755,-0.4427194595336914
-0.0741843804717063,-0.1673447638750076,-0.4408957958221435
-0.1196250990033149,-0.1815079897642135,-0.4114114046096802
-0.0161327719688415,-0.1348076313734054,-0.3389816582202911
-0.0204026196151971,-0.103732019662857,-0.3139298260211944
0.0754108056426048,-0.1708254516124725,-0.2852426469326019
0.1972520351409912,-0.1675710678100586,-0.2843651473522186
0.0939135998487472,-0.1531593352556228,-0.3587406277656555
-0.087834894657135,-0.2119760364294052,-0.4309583604335785
-0.0365883745253086,-0.2535591423511505,-0.4240994155406952
0.0040890127420425,-0.2326394766569137,-0.3978808522224426
-0.0180320553481578,-0.2406391501426696,-0.3060238361358642
0.1487217843532562,-0.2722300887107849,-0.2069936543703079
0.2778469026088714,-0.2622185349464416,-0.2150445729494094
0.0967900305986404,-0.2772693932056427,-0.2982544898986816
-0.0269685611128807,-0.2625828981399536,-0.3648681342601776
-0.0033942582085728,-0.3011031150817871,-0.3641227185726166
-0.0332037918269634,-0.3379891216754913,-0.3344512283802032
0.1323556005954742,-0.3226538300514221,-0.3505598902702331
0.1671592444181442,-0.3442075848579407,-0.3411900699138641
0.0238481611013412,-0.3905399143695831,-0.406309425830841
-0.15745510160923,-0.3811200261116028,-0.4845912456512451
-0.1559014171361923,-0.3806060552597046,-0.5290143489837646
-0.0777709931135177,-0.3793852925300598,-0.4258000552654266
-0.2124513089656829,-0.3743023872375488,-0.290202796459198
-0.0428868308663368,-0.4072626531124115,-0.2405373454093933
0.1937411576509475,-0.4720408320426941,-0.2036395072937011
0.1836823672056198,-0.4435232877731323,-0.2095718383789062
0.0399821922183036,-0.4065871238708496,-0.2893654704093933
0.0220731124281883,-0.4603181183338165,-0.2624397277832031
-0.1369066834449768,-0.4025280475616455,-0.218417152762413
-0.0808397829532623,-0.3995260000228882,-0.1827943176031112
0.0814977288246154,-0.3845776915550232,-0.113542266190052
0.1369032114744186,-0.3676033020019531,-0.0396183989942073
0.0364740714430809,-0.2937669157981872,-0.064476877450943
-0.0832529366016388,-0.2321138978004455,-0.0374658033251762
-0.1962492614984512,-0.2287226319313049,-0.0626079142093658
-0.1278885155916214,-0.1485665738582611,-0.0584956817328929
-0.0408809147775173,-0.1355546414852142,0.0476137101650238
-0.1021343097090721,-0.1643158495426178,0.0842890366911888
0.0114231463521718,-0.1207657232880592,0.0524003468453884
0.0420906171202659,-0.0983184427022934,0.0752949938178062
-0.061533510684967,-0.0336246713995933,0.0871918648481369
-0.1491066366434097,-0.0221972279250621,0.0090149557217955
-0.0754332095384597,-0.0537767261266708,0.0475796572864055
-0.0967751592397689,-0.0186959505081176,0.0888927206397056
-0.0450001060962677,-0.0204909201711416,0.1298886239528656
0.1025704145431518,-0.0536695532500743,0.2071713358163833
-0.0170521233230829,0.0012232554145157,0.2484742999076843
-0.0971564576029777,0.0356814451515674,0.2581470906734466
-0.0153641272336244,0.0172816626727581,0.2020654380321502
0.0064570968970656,-0.0015164613723754,0.1383082419633865
0.1149473562836647,-0.0637934207916259,0.1541758924722671
0.1146657317876815,-0.0727149248123169,0.1901140958070755
0.0088373087346553,-0.1043269112706184,0.0993216037750244
-0.2726493775844574,-0.1500053256750106,-0.0163657087832689
-0.1903238743543625,-0.1742624640464782,0.0173901244997978
-0.0391066446900367,-0.1497091650962829,0.0604611597955226
0.008482975885272,-0.2043649554252624,0.0936875492334365
0.078289046883583,-0.2421879023313522,0.0100477142259478
-0.1411631554365158,-0.216308906674385,-0.1385593265295028
-0.3348854482173919,-0.2284643203020095,-0.1937398314476013
-0.1283501088619232,-0.2313858121633529,-0.0777290761470794
0.1024521216750145,-0.1896183341741562,0.1066615059971809
-0.0357156060636043,-0.2612456679344177,0.140308678150177
-0.0264844521880149,-0.2718631327152252,0.0243498403578996
-0.0678888857364654,-0.2205064594745636,-0.0569612644612789
-0.0510789565742015,-0.2392745465040207,-0.0888971015810966
-0.0126071963459253,-0.2333215773105621,-0.0326189175248146
0.0210643205791711,-0.15645132958889,-0.0203443765640258
-0.1021867766976356,-0.1713503748178482,0.0439999923110008
-0.209250271320343,-0.1205052956938743,0.097197413444519
-0.0694708004593849,-0.0429630987346172,0.1283326894044876
-0.047199860215187,-0.0616817101836204,0.1241414695978164
-0.0742788836359977,-0.0883207768201828,0.1886826455593109
-0.1143262758851051,-0.012926772236824,0.2246465682983398
-0.0936777219176292,0.0231079272925853,0.3014947474002838
-0.1251785606145858,0.0390611328184604,0.3112514317035675
-0.0708822906017303,0.0781920254230499,0.2215220779180526
0.0613915920257568,0.0305776447057724,0.1927168071269989
0.1383998394012451,0.028267353773117,0.2646924555301666
0.0936222523450851,0.0819783136248588,0.3243165910243988
-0.1799914389848709,0.1484020799398422,0.3503708243370056
-0.0062644872814416,0.1223572269082069,0.2692061066627502
0.0177790634334087,0.0441191531717777,0.270717978477478
0.1916315853595733,0.0413050688803195,0.3696714043617248
0.0768208429217338,0.0384056828916072,0.4022969901561737
0.1086614876985549,0.0243640337139368,0.3816959857940674
-0.0057742791250348,0.0862433835864067,0.273909330368042
0.0234763994812965,0.054487757384777,0.2280502915382385
0.1214511692523956,0.0181294847279787,0.2097810059785843
-0.00995266251266,0.0429884456098079,0.2382947355508804
0.0648563280701637,0.0028290408663451,0.2350539416074752
-0.0818142369389534,0.0239870250225067,0.2689557373523712
-0.0635891631245613,0.0118688438087701,0.2664185464382171
0.1062187328934669,-0.0027163424529135,0.3387040495872497
0.0891372188925743,0.0694153755903244,0.3332957029342651
-0.0669810101389885,0.052621055394411,0.2491325139999389
0.1639310419559478,0.0200892072170972,0.2049701064825058
0.086631029844284,0.098909743130207,0.172083243727684
-0.013725402764976,0.1347007602453231,0.1388749629259109
-0.0103428699076175,0.0991114601492881,0.0756985321640968
0.0604471489787101,0.0968608260154724,0.0730015486478805
0.0884826704859733,0.1506020724773407,0.1428078114986419
0.0333429835736751,0.0953364148736,0.2006878852844238
-0.1069761663675308,0.0081528574228286,0.1680750101804733
-0.0904781445860862,0.0322904177010059,0.1783612072467804
-0.1494199633598327,0.1089241132140159,0.2073980122804641
-0.0560101270675659,0.0625936314463615,0.1383963078260421
0.0266226977109909,0.0343654602766037,0.0869903713464737
0.106520190834999,0.073371447622776,0.1512607038021087
-0.0745991915464401,0.0778500437736511,0.1050293296575546
-0.1450448632240295,0.0664953887462616,0.0376047529280185
-0.0990451425313949,0.081335112452507,0.0805606842041015
-0.0256233941763639,0.1155266389250755,0.1235140115022659
0.0131002496927976,0.1172644048929214,0.1761169880628585
-0.0909119099378585,0.0809908136725425,0.1583744883537292
-0.0539228916168212,0.0657325610518455,0.1102108731865882
0.1277627497911453,0.0391534157097339,0.1743597686290741
-0.0759704634547233,0.0772254765033721,0.1598132699728012
-0.0434692502021789,0.0728477761149406,0.1003922969102859
-0.011977651156485,0.0543544627726078,0.0986783355474472
-0.20655058324337,0.1366336196660995,0.1184642910957336
0.0726691707968711,0.1902354061603546,0.0665046125650405
0.0616330280900001,0.1857245415449142,0.1022740602493286
0.129192903637886,0.161323070526123,0.1170050725340843
-0.0163073055446147,0.1941736936569214,0.0802446603775024
-0.0639607161283493,0.1607551574707031,0.1209466829895973
0.0253169685602188,0.1117937341332435,0.1566127985715866
0.1795688867568969,0.1625017076730728,0.3131768107414245
0.4358006417751312,0.1497227847576141,0.3589325845241546
0.1649084240198135,0.1102978363633155,0.2690650522708893
-0.0031362446025013,0.1245199143886566,0.1039639711380004
-0.0934924110770225,0.1710149943828582,-0.0036471947096288
-0.0960684865713119,0.1783615946769714,-0.0715551376342773
0.0061512561514973,0.184205874800682,0.0880095064640045
0.157773271203041,0.2063540518283844,0.1975248157978058
0.1777467727661132,0.1728967130184173,0.1780464947223663
0.0140345375984907,0.1681301891803741,0.1339863538742065
-0.1011773347854614,0.2283245921134948,0.119138665497303
0.0453519225120544,0.2279493510723114,0.1000808179378509
0.1498895287513733,0.2159403711557388,0.1632890850305557
0.1398163884878158,0.231296956539154,0.2274425029754638
0.0226375255733728,0.2160947322845459,0.1204362660646438
0.0888074859976768,0.1840094923973083,0.0652387961745262
0.1698280870914459,0.2336618453264236,0.08314710855484
0.2187847048044204,0.2316136062145233,0.0609864108264446
0.1550786793231964,0.1524449586868286,0.0380449332296848
-0.0556676462292671,0.196679800748825,-0.0011022028047591
0.0090338122099637,0.2278096973896026,-0.0257582198828458
-0.0238783303648233,0.2159253358840942,0.0240980200469493
0.0237577613443136,0.2164940536022186,0.0874462276697158
0.2913348972797394,0.1689731329679489,-0.0203723832964897
-0.0139744644984602,0.1180688366293907,-0.0256051085889339
-0.0899959951639175,0.166338101029396,-0.1172625944018364
0.0262216161936521,0.1851669549942016,-0.1632586121559143
0.1169911995530128,0.1065571010112762,0.0006943635526113
0.2083674371242523,0.0585889853537082,0.008367521688342
0.1510207951068878,0.030219130218029,-0.0477673858404159
0.0448459647595882,-0.0008773123845458,-0.1129647269845008
0.1239562332630157,-0.0019958401098847,-0.1341757476329803
0.2377571016550064,0.015370100736618,-0.2411099225282669
0.1164900586009025,-0.0234425421804189,-0.2532739043235779
0.0041640698909759,-0.0095783323049545,-0.2639934420585632
-0.1035852953791618,-0.0080952178686857,-0.3684325218200683
-0.1745016872882843,-0.0363749265670776,-0.3411999344825744
-0.0216048080474138,0.0332177318632602,-0.1611881107091903
0.1414656043052673,0.0896887332201004,-0.1784483194351196
0.2204038202762603,-0.0050058201886713,-0.1517754346132278
0.0890345200896263,-0.0443300753831863,-0.2881020903587341
-0.3564494848251343,0.0121758095920085,-0.4590541124343872
-0.335329532623291,-0.0376846380531787,-0.5284771919250488
-0.0370874516665935,-0.0919625237584114,-0.3629314005374908
0.0767959207296371,-0.0204339157789945,-0.1893399804830551
0.2722330391407013,-0.0933011993765831,-0.1424917727708816
0.1437935382127761,-0.2022928297519683,-0.1242889016866684
-0.1500655114650726,-0.17353256046772,-0.2326662391424179
-0.2990452349185943,-0.2000978738069534,-0.3264006972312927
0.0260684173554182,-0.3081684112548828,-0.224889263510704
-0.0348587594926357,-0.2092988193035125,-0.0813033580780029
0.1362240463495254,-0.2058135420083999,-0.0464633479714393
0.2512985169887543,-0.2638268172740936,-0.1074297204613685
-0.0629773959517479,-0.2200047522783279,-0.2420306801795959
-0.2752925753593445,-0.1977949440479278,-0.3542329668998718
-0.1108775213360786,-0.2847255766391754,-0.2118603736162185
-0.1192095354199409,-0.1782507002353668,0.0296999588608741
-0.1540796309709549,-0.1640717685222625,-0.029229138046503
0.2184704393148422,-0.1821740418672561,-0.056433368474245
0.2799375355243683,-0.1983926892280578,-0.1799246817827224
-0.1749342381954193,-0.1690708249807357,-0.3224372863769531
-0.1935129761695861,-0.1322531551122665,-0.310422420501709
-0.1368138790130615,-0.1362975686788559,-0.1515841782093048
-0.0450136549770832,-0.0791522487998008,-0.0932763963937759
0.2109590470790863,-0.1101377084851265,0.0272541120648384
0.1238052397966384,-0.1556588411331176,0.0720575302839279
-0.0877072662115097,-0.1396984755992889,-0.0528255999088287
-0.1241164058446884,-0.1150924563407898,-0.1176546663045883
-0.0716902464628219,-0.0830095261335372,-0.0284559112042188
-0.0038052087184041,-0.0703094378113746,0.0123333297669887
0.0830349922180175,-0.0706686228513717,0.0930816307663917
0.0052374014630913,-0.0498062185943126,0.1212384328246116
-0.0766028016805648,-0.0555237457156181,-0.0089518092572689
-0.0548532903194427,-0.0310101490467786,-0.0234878752380609
-0.1032960414886474,0.0581113472580909,0.0349017940461635
-0.1277723610401153,0.0990161672234535,0.0647102892398834
0.0025639573577791,0.0418121926486492,0.1140864342451095
0.0887156203389167,0.0417448133230209,0.0962001085281372
0.1008522287011146,0.0719153434038162,0.0514514409005641
0.1512940973043441,0.0313647277653217,0.0726906806230545
0.0865986421704292,0.0432825088500976,0.1432565748691558
-0.0226863026618957,0.0664000809192657,0.1148614212870597
-0.1235050410032272,-0.0159133691340684,0.0979843735694885
-0.070170447230339,-0.0675733685493469,0.0029422813095152
0.1566799432039261,-0.0322556123137474,0.0147568862885236
0.0736215412616729,-0.0365944355726242,0.0821795985102653
-0.0157329179346561,-0.0874203443527221,0.0367178581655025
-0.2017653733491897,-0.0851089879870414,-0.0208567529916763
-0.2247883975505828,-0.0695912167429924,0.0436569340527057
0.0376213975250721,-0.0063302270136773,0.0318996123969554
0.1074875518679618,-0.0182966664433479,0.1463152021169662
0.2322063148021698,-0.0740520730614662,0.1887848973274231
0.0224533285945653,-0.1071011573076248,0.1039717867970466
-0.1050372496247291,-0.0361881032586097,0.0205067228525877
-0.023037789389491,-0.0484087280929088,0.098573200404644
0.2236705273389816,0.0292266756296157,0.1955948173999786
0.2746039628982544,-0.0072633274830877,0.3255961239337921
0.2460548728704452,-0.0464096665382385,0.2757364213466644
-0.012743248604238,-0.0281640980392694,0.1037990376353263
-0.3263690769672394,0.0522692240774631,-0.0429097041487693
-0.15153469145298,-0.0354489088058471,-0.0929094925522804
0.0554352700710296,0.1026245355606079,0.1408774405717849
0.3877654671669006,0.1431404054164886,0.2653622329235077
0.4203468263149261,-0.010012924671173,0.2371226251125335
-0.1054475605487823,-0.0295906402170658,0.1395438909530639
-0.2939096093177795,0.1408663094043731,0.0405733585357666
-0.2641948163509369,0.1141592413187027,-0.0268950685858726
-0.071874089539051,0.022896971553564,0.0369989611208438
0.1468337476253509,0.1204270869493484,0.1222844496369361
0.2113610804080963,0.0572316125035285,0.2059343457221985
0.0725706368684768,-0.076660469174385,0.0854830965399742
-0.045717392116785,-0.0334370993077755,-0.0153018357232213
-0.0541901104152202,0.0969048514962196,-0.0040917173027992
-0.1685419827699661,0.0789572820067405,0.0238605551421642
-0.189520925283432,0.0621926970779895,0.0283897742629051
0.0331963114440441,0.0816849023103714,0.2466105222702026
0.1054071262478828,0.0753562301397323,0.3784875571727752
0.0406486392021179,-0.0651098042726516,0.2164560258388519
-0.0348499678075313,-0.0673266947269439,0.0948082283139228
-0.0206542536616325,0.0726019144058227,0.100617378950119
-0.1910887062549591,0.0821230560541153,0.0665283128619194
-0.1489029079675674,0.0918289497494697,0.0920288786292076
-0.0005912077613174,0.1698706448078155,0.2299604713916778
-0.0566906929016113,0.1991707384586334,0.2744616568088531
-0.0579035729169845,0.1557299345731735,0.245020791888237
0.122403085231781,0.2012920975685119,0.3225893676280975
0.0925022810697555,0.2808431088924408,0.330374538898468
-0.1870715767145156,0.2349597960710525,0.1742302179336547
-0.2844662666320801,0.1986056268215179,0.1135632917284965
-0.2548963725566864,0.3370836079120636,0.1100508496165275
-0.0166691187769174,0.2904922068119049,0.3040836155414581
0.2519690096378326,0.2181463688611984,0.2616908848285675
0.0282225161790847,0.1642854958772659,0.2134879976511001
-0.1443322151899337,0.2383826225996017,0.1897027790546417
-0.2310472577810287,0.3694966733455658,0.2096307128667831
-0.0420541577041149,0.3570639789104461,0.1205389127135276
0.0854298397898674,0.2596034407615661,0.0638833940029144
0.0189605355262756,0.2308724522590637,0.0857785791158676
-0.0703004375100135,0.2346326112747192,0.0850293859839439
0.023025244474411,0.2221559733152389,0.1340384781360626
0.1599553972482681,0.2317342907190323,0.1663298308849334
-0.012531685642898,0.2010251134634018,0.0904127061367034
-0.0726649910211563,0.1347728669643402,-0.0019816947169601
-0.0039695482701063,0.161794364452362,0.0277264006435871
0.044754285365343,0.2235068827867508,0.1960673332214355
0.0317042656242847,0.1931015700101852,0.2848951816558838
0.1939799934625625,0.1462869346141815,0.2133051753044128
0.1725285053253173,0.1379863917827606,0.1748224943876266
-0.0429995320737361,0.1732455790042877,0.0621774345636367
-0.0057706711813807,0.1166510134935379,-0.0857262834906578
-0.0287441723048686,0.2049944102764129,0.0446158051490783
-0.0355211161077022,0.2035397887229919,0.159780740737915
-0.0558400526642799,0.1026712656021118,0.1325211226940155
0.122138999402523,0.155425027012825,0.1330561637878418
0.0723693072795867,0.2313824295997619,0.0922892093658447
-0.0738209262490272,0.1898219436407089,-0.0141363004222512
0.0543688610196113,0.1551308184862136,-0.0782111585140228
-0.0133201722055673,0.1681651324033737,-0.0636207684874534
-0.1769989579916,0.1341127008199691,-0.0321516208350658
0.0237490646541118,0.0510061010718345,-0.0580724328756332
0.0942355766892433,0.0304219089448452,-0.0303030256181955
0.123862974345684,-0.0121511165052652,-0.0138841029256582
0.0143068274483084,-0.0294224247336387,-0.1132744327187538
-0.1471353322267532,-0.0086614871397614,-0.2130212783813476
-0.1823804676532745,-0.0395732372999191,-0.2512134909629822
-0.10404784232378,-0.0713317021727562,-0.2457984834909439
0.1841293424367904,-0.0700883790850639,-0.2059859782457351
0.103824645280838,-0.023394376039505,-0.1410096436738968
0.1007626429200172,-0.048838622868061,-0.1292282044887542
0.0263379402458667,-0.0109359826892614,-0.1419631838798523
-0.0597974136471748,0.0128803066909313,-0.1098485589027404
-0.1318551003932953,-0.048816081136465,-0.1206860318779945
-0.0026554239448159,-0.0210433825850486,-0.1349229514598846
0.1401416808366775,-0.0229243747889995,-0.0543133206665515
-0.004715884104371,-0.0156884081661701,-0.0958001986145973
-0.0620308369398117,-0.0412502288818359,-0.1670892834663391
0.0354101732373237,-0.0335368141531944,-0.1864220649003982
-0.0635006949305534,0.0063866334967315,-0.1578111946582794
-0.1853947639465332,-0.0195196662098169,-0.146181046962738
-0.0847472548484802,-0.0241053625941276,-0.1177824214100837
-0.0833471938967704,0.0314579345285892,-0.0342264510691165
-0.0684795677661895,0.0327069573104381,-0.0142460837960243
0.0625809580087661,-0.0121969804167747,-0.0335253924131393
0.0864852219820022,0.0093285497277975,-0.045436643064022
-0.0123710222542285,0.0249600335955619,-0.0933293923735618
-0.1647901237010955,0.0355327799916267,-0.1150642484426498
-0.1146308556199073,0.0271613951772451,-0.1364302635192871
-0.0586573332548141,0.0253014471381902,-0.138402059674263
0.1566903293132782,-0.0060347104445099,-0.1481230556964874
0.3456194698810577,-0.0584593042731285,-0.1176956444978714
0.1948779374361038,-0.0313324443995952,-0.1194798648357391
0.2586569190025329,0.002541100140661,-0.0298072379082441
0.0534549206495285,0.0211631245911121,0.0174181964248418
-0.1471697837114334,-0.0201430357992649,-0.013468611985445
-0.0882369205355644,-0.0315931886434555,-0.0701016411185264
0.1156352460384368,0.0319919101893901,-0.029080705717206
0.212275430560112,0.0451905839145183,-0.0043871188536286
-0.0898545980453491,0.0689403936266899,-0.0513836555182933
-0.0557552687823772,0.0316308252513408,-0.0972360968589782
0.0866306349635124,0.0774278715252876,-0.0744021534919738
0.0898662507534027,0.0964404791593551,-0.0458166003227233
-0.0234224870800972,0.0211856663227081,-0.0831980630755424
-0.0941128358244896,-0.0146737284958362,-0.0877007395029068
-0.0984942689538002,0.0317989662289619,0.0231954138725996
-0.1318216025829315,0.058934811502695,0.1288322657346725
0.1621671468019485,-0.0097611593082547,0.0724763125181198
0.1023063734173774,0.0173092633485794,-0.0651592314243316
-0.0697290375828743,0.0256870370358228,-0.124943196773529
-0.1184048503637313,0.0267065688967704,-0.2106376886367797
0.0761771500110626,-0.0156842973083257,-0.2008343189954757
0.1730803400278091,-0.0195101741701364,-0.098536729812622
0.0131777469068765,-0.0441462770104408,-0.0181255098432302
0.1709981858730316,-0.0846444517374038,0.0101458262652158
-0.0740278139710426,-0.0220340713858604,0.0020772479474544
-0.3676649928092956,0.0169288329780101,-0.0228230990469455
-0.3579798936843872,-0.0362148135900497,-0.0362749919295311
-0.1916180402040481,-0.0213558040559291,-0.0194567665457725
-0.0830047503113746,0.0499841570854187,-0.016388539224863
-0.2002439051866531,0.0368627831339836,-0.0371905080974102
-0.1030811294913292,0.0234439130872488,-0.006921287626028
-0.0830681547522544,0.0731670707464218,0.0558288395404815
-0.3213132321834564,0.125972494482994,0.0691230744123458
-0.1811763495206833,0.1470067352056503,0.0350324213504791
0.4032279849052429,0.1722191423177719,0.2333249896764755
0.5642169713973999,0.1054939851164817,0.3057716786861419
0.4549088776111603,0.0463204085826873,0.1211872026324272
0.4550369679927826,0.1961991190910339,0.2983779609203338
0.1059900373220443,0.2750105857849121,0.2952077090740204
0.102192722260952,0.2467228770256042,0.3001344501972198
0.6584373116493225,0.3191704452037811,0.22764453291893
0.7086532711982727,0.3340708613395691,0.2269688695669174
0.5713760852813721,0.3055465519428253,0.2133934050798416
0.3750485777854919,0.3824581503868103,0.2031588405370712
0.2420931756496429,0.5383760929107666,0.2953859567642212
0.3096018135547638,0.5377340316772461,0.3687627017498016
0.4537888169288635,0.4045754671096802,0.3593665361404419
0.5408785343170166,0.32904252409935,0.228166252374649
0.2112087458372116,0.3819060027599334,0.1400544941425323
0.1588955074548721,0.372449666261673,0.1603307127952575
0.146290510892868,0.3182916045188904,0.0776166692376136
0.3566413521766662,0.2439591288566589,-0.0671964809298515
0.5907694101333618,0.1657958626747131,-0.1373334974050521
0.1632305383682251,0.1785197407007217,-0.1778130978345871
0.2200450897216797,0.111236572265625,-0.2797107100486755
0.2250137329101562,0.0733361765742302,-0.2488844692707061
0.2157049179077148,4.9718655645e-06,-0.2656594514846802
0.5413907170295715,-0.1650231629610061,-0.3328621387481689
0.2827351689338684,-0.0994841009378433,-0.323697417974472
-0.2678673863410949,-0.1038571521639823,-0.4180706441402435
-0.587509274482727,-0.2888232767581939,-0.4750761389732361
-0.3285711109638214,-0.3166875839233398,-0.3816600143909454
-0.3499943912029266,-0.2553589940071106,-0.4555973410606384
-0.3549267053604126,-0.3357439041137695,-0.5204297304153442
-0.2376746535301208,-0.3380352854728699,-0.5929753184318542
-0.2644599676132202,-0.3684276342391968,-0.5663666129112244
-0.1994351595640182,-0.4424238204956054,-0.6559286713600159
-0.3502086997032165,-0.4834382236003876,-0.6774205565452576
-0.5013803839683533,-0.4994198381900787,-0.5299879312515259
-0.4807321429252624,-0.5156317949295044,-0.4300344586372375
-0.4175648987293243,-0.5600839853286743,-0.4010033309459686
-0.4673965275287628,-0.4999898076057434,-0.4198488891124725
-0.4206894934177398,-0.4861882328987121,-0.4125459790229797
-0.4953729808330536,-0.4438336789608001,-0.3794281184673309
-0.4750693142414093,-0.3909616768360138,-0.4706376492977142
-0.4959507584571838,-0.3241134285926819,-0.4834719598293304
-0.4692480564117431,-0.2277325689792633,-0.3724713921546936
-0.3192044794559479,-0.1180412694811821,-0.2927027344703674
-0.5666755437850952,-0.1187249049544334,-0.1740631759166717
-0.6278986930847168,-0.1296384930610656,-0.225109115242958
-0.6629924774169922,-0.1007578372955322,-0.1170412302017211
-0.3559099733829498,0.0228485260158777,0.1204264536499977
-0.0789505466818809,-0.0357820317149162,0.1011867150664329
-0.1988134384155273,-0.1549875438213348,-0.1297594010829925
-0.2810715436935425,-0.1620129644870758,-0.1739321947097778
-0.3513958156108856,-0.1584548205137252,-0.1411003768444061
-0.3969393372535705,-0.1956040412187576,-0.1174144819378852
-0.3344558477401733,-0.1485840082168579,-0.0097570596262812
-0.2842211723327636,-0.1233556121587753,0.1206345036625862
-0.3136019706726074,-0.2499623000621795,0.0566824153065681
-0.3198998272418976,-0.2401493489742279,-0.038095224648714
-0.2331994473934173,-0.2090333700180053,-0.0578184612095356
-0.3038696050643921,-0.2291458249092102,-0.0692918971180915
-0.356792002916336,-0.2136130034923553,-0.073357418179512
-0.2890393137931824,-0.1587071418762207,-0.0314914584159851
-0.23877814412117,-0.1913869827985763,-0.0339946411550045
-0.345921128988266,-0.2089257538318634,0.0104215610772371
-0.2193263471126556,-0.1974512487649917,0.1148888319730758
-0.2755046486854553,-0.1400747746229171,0.2460716217756271
-0.3471086025238037,-0.0669261738657951,0.2599572539329529
-0.3359440863132477,0.0527861155569553,0.2569393515586853
-0.3587135970592499,0.109337642788887,0.3172606527805328
-0.2238875925540924,0.1379114985466003,0.2898921370506286
-0.1408177465200424,0.2185844033956527,0.2452470064163208
-0.1130220666527748,0.2317966222763061,0.295214831829071
0.2283724546432495,0.1963100284337997,0.4258103966712951
0.2848391830921173,0.2631020843982696,0.5831195712089539
0.1492674201726913,0.2370467782020568,0.5168127417564392
-0.1630737036466598,0.1939477771520614,0.3855838775634765
-0.0525000989437103,0.2150744646787643,0.3193941116333008
-0.0808238834142685,0.2703971266746521,0.3529675006866455
0.1454624682664871,0.2503201961517334,0.3316218554973602
0.1998751014471054,0.2494517713785171,0.340721070766449
0.1919583529233932,0.3415266573429107,0.3779740631580353
0.2489012628793716,0.3457560241222381,0.404069572687149
0.1713915765285492,0.3507028818130493,0.3417673110961914
0.2817260921001434,0.3136774897575378,0.2939936816692352
0.457938015460968,0.298644870519638,0.4433550536632538
0.7799572944641113,0.3429721295833587,0.5145331025123596
1.1142486333847046,0.2690041363239288,0.4750703871250152
0.9888201951980592,0.2070416957139969,0.2969600558280945
0.4375391006469726,0.160541296005249,0.1096673980355262
0.0438567921519279,0.310577929019928,0.0399932451546192
0.4357938468456268,0.3177949786186218,0.1158612444996833
0.5617994666099548,0.2341642528772354,0.2743286490440368
0.5160951614379883,0.143700897693634,0.2210737019777298
0.6098469495773315,0.12769316136837,0.2033458352088928
0.7275747656822205,0.1594725847244262,0.2983419597148895
0.5467727184295654,0.1158438771963119,0.2663968205451965
0.3591765165328979,0.081732839345932,0.1650046110153198
0.4878492653369903,0.1143131479620933,0.0389832966029644
0.6093022227287292,0.1440090537071228,0.0244447756558656
0.2253396660089492,0.1796304285526275,-0.041062593460083
0.1222792565822601,0.1474738270044326,-0.0960478112101554
0.071522869169712,0.1461513042449951,0.0672289952635765
0.1180214434862136,0.1409243792295456,0.2776634097099304
0.082605130970478,0.1274711489677429,0.2595656216144562
0.0573276318609714,0.1106329187750816,0.0173941329121589
0.0647866129875183,0.1123948618769645,-0.211154356598854
0.3198306262493133,0.1371966153383255,-0.2214930206537246
0.4691098630428314,0.0220433939248323,-0.1534657627344131
0.1303331851959228,-0.0680415853857994,-0.1270505636930465
0.1202019900083541,-0.0475930385291576,-0.0617618449032306
-0.0365235954523086,-0.0346480794250965,0.0427516512572765
-0.2132541686296463,-0.1512213051319122,-0.0914466306567192
-0.4783372282981872,-0.141734704375267,-0.2294525951147079
-0.5927959084510803,-0.1946668922901153,-0.2090863287448883
-0.4177888929843902,-0.1424666941165924,-0.2383564561605453
-0.1691018491983413,-0.1214913576841354,-0.3843373358249664
0.0804334804415702,-0.2398897409439087,-0.4036124348640442
0.0369685627520084,-0.2042853981256485,-0.2760078608989715
-0.3185352683067322,-0.1464603692293167,-0.2341294884681701
-0.2689466774463653,-0.2720001935958862,-0.2442649453878402
-0.0071326051838696,-0.3291763663291931,-0.155065581202507
-0.0248365011066198,-0.3207639753818512,-0.168681263923645
0.0189405214041471,-0.3946819901466369,-0.3064155876636505
0.1066770330071449,-0.4263477921485901,-0.2378799170255661
0.1336010694503784,-0.3550768494606018,-0.1484818011522293
0.1972487568855285,-0.3698800206184387,-0.1353188604116439
0.0507317185401916,-0.3057889938354492,-0.1680424064397812
-0.1382395327091217,-0.2267953604459762,-0.1796348839998245
-0.2334535419940948,-0.2109522372484207,-0.13092802464962
-0.010806624777615,-0.1851422041654586,-0.1025896072387695
0.1589897274971008,-0.1241979822516441,-0.0650200471282005
0.0546825118362903,-0.0330283902585506,0.0852624028921127
0.1461280584335327,0.0292604453861713,0.1440323591232299
0.1981326639652252,0.0175891425460577,0.0959018394351005
-0.0362926200032234,0.0697598382830619,0.101857028901577
-0.1932252496480941,0.1486961841583252,0.1159020066261291
-0.2050008475780487,0.1692482531070709,0.0888960510492324
-0.0507529415190219,0.1069321557879448,0.0597245842218399
0.0604843162000179,0.0751126930117607,0.0637459605932235
0.1592931896448135,0.09013132750988,0.1376769095659256
0.2396067082881927,0.0424117520451545,0.1526073664426803
0.1893027871847152,-0.0303937476128339,0.1452184170484542
0.1849651932716369,-0.0856429636478424,0.1311429291963577
-0.048040896654129,-0.0681891441345214,0.0711373686790466
-0.0846718102693557,-0.079326681792736,0.0266388040035963
0.0721686705946922,-0.1280420273542404,-0.0307762864977121
0.052625261247158,-0.1776546537876129,-0.0554908774793148
0.0215698722749948,-0.1640440374612808,-0.0739596337080001
0.0553451888263225,-0.1287493556737899,-0.0098736798390746
-0.1341816037893295,-0.0835837498307228,0.0535345897078514
-0.2335746884346008,-0.0417768433690071,0.1121198087930679
0.0494282394647598,0.0201541669666767,0.0849294662475586
0.0386228002607822,-0.0234500207006931,0.0689097419381141
-0.0859518870711326,-0.0091555034741759,-0.0263741705566644
-0.1560172140598297,0.0788265019655227,-0.0448860190808773
-0.2009713649749755,0.2122588753700256,0.1037324890494346
-0.1900545358657837,0.2017276585102081,0.2954159080982208
-0.1305989325046539,0.2320469468832016,0.2616318464279175
-0.0907860249280929,0.3406338691711426,0.2706442475318908
-0.1397186815738678,0.4263234734535217,0.3952125608921051
-0.2406927049160003,0.5111111402511597,0.4365460872650146
-0.3863702714443207,0.5253773927688599,0.429645299911499
-0.2579800486564636,0.5182312726974487,0.4460214376449585
0.010880465619266,0.5854686498641968,0.5184828639030457
-0.1755799949169159,0.6689148545265198,0.5551580190658569
-0.122890681028366,0.6382834315299988,0.4716146290302276
-0.1175868362188339,0.6219337582588196,0.5437052845954895
-0.0978283137083053,0.7146176099777222,0.5307080149650574
-0.1470005065202713,0.727875828742981,0.5217055678367615
-0.1104025542736053,0.7127091288566589,0.4857861399650574
-0.305976539850235,0.7351608872413635,0.4910318255424499
-0.272010326385498,0.7508716583251953,0.4746398031711578
-0.1427522152662277,0.7132622599601746,0.4992562234401703
0.0459915921092033,0.6772789359092712,0.4226487874984741
0.2348262369632721,0.5960927605628967,0.3534438908100128
-0.1673547476530075,0.6469274163246155,0.3219171166419983
-0.142083466053009,0.6110925674438477,0.1704116463661193
-0.0015743013937026,0.4581210911273956,-0.0182552058249712
-0.1394689679145813,0.4234148263931274,-0.0210896264761686
-0.0986035615205764,0.4374757707118988,0.009252299554646
0.0963175073266029,0.377063900232315,0.1161190196871757
0.1448775976896286,0.2785168290138244,0.0470246374607086
-0.0751055479049682,0.1036322042346,-0.2203938663005828
-0.2370467782020568,0.0616397447884082,-0.3050075769424438
-0.1030388921499252,0.1670586764812469,-0.2423698604106903
0.1484828144311905,0.120714895427227,-0.2719583809375763
0.2590534687042236,0.0013901921920478,-0.3323893249034881
0.0372537039220333,-0.1033631190657615,-0.5265319347381592
-0.1347066462039947,-0.1456106603145599,-0.5214412808418274
0.0528763048350811,-0.2133412361145019,-0.502946674823761
0.1629912108182907,-0.2257072925567627,-0.5455408692359924
0.2119486331939697,-0.3430728018283844,-0.5675598978996277
0.1047470569610595,-0.4262571036815643,-0.7314152121543884
0.0906837061047554,-0.4640279412269592,-0.6943122744560242
0.0208564009517431,-0.4699037671089172,-0.6716347932815552
0.1368141621351242,-0.4929758012294769,-0.7032641172409058
0.212150365114212,-0.6054711937904358,-0.773648738861084
0.1464903950691223,-0.6020575761795044,-0.7600927352905273
0.0655863359570503,-0.5509130358695984,-0.6552120447158813
-0.0601321756839752,-0.4839686155319214,-0.7272718548774719
0.1696088165044784,-0.669061541557312,-0.784679651260376
0.2485246807336807,-0.688643217086792,-0.7712234854698181
0.2177769690752029,-0.6719380617141724,-0.7187134623527527
-0.1398762464523315,-0.6470369696617126,-0.5990298986434937
-0.1936684101819992,-0.6509518027305603,-0.4622536599636078
0.0788126438856124,-0.6358357071876526,-0.5180695056915283
0.147576093673706,-0.6531760096549988,-0.5050675272941589
0.0520011000335216,-0.5698286890983582,-0.4967795312404632
0.1991357505321502,-0.4920401871204376,-0.4668849110603332
0.2732211649417877,-0.4795629978179931,-0.3917222321033478
0.0540332309901714,-0.4306588470935821,-0.254215270280838
0.0147329624742269,-0.367229014635086,-0.190927118062973
-0.094167336821556,-0.2342685908079147,-0.0921589657664299
-0.0888910815119743,-0.210428774356842,-0.0489217452704906
0.1825975328683853,-0.2194617092609405,-0.0763432160019874
0.3319129943847656,-0.1455541998147964,0.0515076890587806
0.2208189666271209,-0.0146196708083152,0.2235825508832931
0.0955225676298141,0.0519050285220146,0.1829499006271362
-0.102693922817707,0.0769965648651123,0.1300720274448394
-0.1335860639810562,0.1057419255375862,0.22686567902565
-0.2286110520362854,0.1431183815002441,0.2984607219696045
-0.1431009471416473,0.1217089816927909,0.2436946630477905
-0.0213580504059791,0.1823433339595794,0.2059216797351837
-0.0496581308543682,0.237533614039421,0.2107124328613281
-0.2081767320632934,0.2518553435802459,0.2570015788078308
-0.1684532910585403,0.2981240451335907,0.3000462353229522
0.0089484397321939,0.3173860013484955,0.2802159786224365
0.0285778008401393,0.2289735823869705,0.3450929820537567
-0.0037352598737925,0.2051836550235748,0.3596686720848083
-0.0548080280423164,0.1972466260194778,0.3444026410579681
0.0506276488304138,0.1708533763885498,0.2782555520534515
0.2731805443763733,0.0476776510477066,0.1932514458894729
0.3220464289188385,-0.0292723011225461,0.1383064836263656
0.264179915189743,-0.0389768593013286,0.1356068253517151
0.1104174777865409,-0.0589338019490242,0.1181125491857528
0.1830224394798278,-0.1142354011535644,0.0330099053680896
0.1248485371470451,-0.1319942325353622,-0.0442613922059536
-0.0013858329039067,-0.1464096456766128,-0.0739108920097351
0.0264514349400997,-0.1807824820280075,-0.1168051585555076
0.0704769492149353,-0.1906015425920486,-0.1063999235630035
-0.1696637719869613,-0.1999040842056274,-0.1139837056398391
-0.1103940531611442,-0.2011275440454483,-0.1009901389479637
-0.0414434894919395,-0.1633786708116531,-0.0248641036450862
-0.1010290533304214,-0.1536637246608734,-0.0278295334428548
-0.0902094021439552,-0.1640037596225738,-0.0682522729039192
-0.00535842590034,-0.1390832364559173,-0.0751157701015472
0.1302461773157119,-0.1358385682106018,-0.061109822243452
0.0239812582731246,-0.1323913633823394,-0.0253981631249189
-0.1716961413621902,-0.1129724606871604,0.0018953018588945
0.0494447499513626,-0.105174720287323,0.0171104725450277
0.0976211950182914,-0.0393540859222412,0.117892138659954
0.0198172144591808,-0.0097322799265384,0.1543500125408172
0.1185434460639953,0.0151011496782302,0.1523305624723434
0.1750568002462387,0.1006168499588966,0.1738984286785125
0.0706655830144882,0.1610550284385681,0.1956408768892288
0.040192361921072,0.1694618314504623,0.1414255648851394
0.0148890884593129,0.2276654243469238,0.1308542191982269
-0.0491503477096557,0.2800956070423126,0.1322531700134277
-0.1435991078615188,0.3022439479827881,0.1584345549345016
-0.0580120310187339,0.2895747423171997,0.1968956589698791
-0.0546487048268318,0.3280171751976013,0.2440224736928939
0.0156829822808504,0.2886282205581665,0.2936131954193115
-0.0459287762641906,0.2617940306663513,0.2593488395214081
-0.2532374858856201,0.249080091714859,0.2339649498462677
-0.2064914107322693,0.2525625824928283,0.1547360271215438
-0.0644661039113998,0.2502797245979309,0.207343578338623
0.0208590812981128,0.2160983979701995,0.2245315462350845
-0.1177736297249794,0.142415389418602,0.1430774331092834
-0.0089852046221494,0.1425324529409408,0.0921816229820251
0.0392030999064445,0.1877595782279968,0.1191786155104637
-0.1516654640436172,0.1621221154928207,0.1179775446653366
-0.0751174241304397,0.0981002524495124,0.0686001405119896
0.1174416467547416,0.1161484494805336,0.1325778365135193
0.0240451227873563,0.0994405746459961,0.112115167081356
-0.2255511879920959,0.0950589627027511,-0.0484967045485973
-0.1180495023727417,0.0927380174398422,-0.0973454713821411
0.0587410144507885,0.1319975554943084,-0.0022969739511609
-0.0071328096091747,0.0973636731505394,-0.0237849541008472
-0.1398378163576126,0.0336404144763946,-0.1716362684965133
-0.1466025114059448,0.0368298180401325,-0.2477664500474929
-0.0468758642673492,0.0301531795412302,-0.2160047143697738
0.0313771292567253,-0.0405473597347736,-0.2181363105773925
0.0086065111681818,-0.104138009250164,-0.294893205165863
-0.1405193209648132,-0.0925748273730278,-0.2801544666290283
-0.0753533020615577,-0.1267078071832656,-0.2594994604587555
0.0413458794355392,-0.2060548365116119,-0.3198165893554687
0.0567750260233879,-0.2476805001497268,-0.3271129131317138
0.0260229706764221,-0.2881344556808471,-0.3344443440437317
0.0259269773960113,-0.3000044822692871,-0.3160775005817413
0.0374185182154178,-0.2688649296760559,-0.2942329347133636
0.0643970519304275,-0.284282922744751,-0.2689245343208313
0.0819313004612922,-0.3167351186275482,-0.1974497884511947
0.0529877170920372,-0.3066576421260834,-0.2001487165689468
-0.0490022972226142,-0.3149475455284118,-0.2389035820960998
-0.0612815059721469,-0.2750661373138428,-0.2998053133487701
0.1021034270524978,-0.2570274770259857,-0.2862527668476105
0.0854787975549697,-0.2575305104255676,-0.221993088722229
-0.082530178129673,-0.2507296204566955,-0.2501861453056335
-0.1904548704624176,-0.2421609014272689,-0.2923423647880554
-0.0720959901809692,-0.2435177862644195,-0.3053923845291137
0.002866132184863,-0.2019990384578704,-0.2022231817245483
-0.0192221254110336,-0.1934404373168945,-0.1062931939959526
0.0118747036904096,-0.2264804393053054,-0.1634733527898788
0.0234432090073823,-0.2060239017009735,-0.2036684304475784
-0.1293298751115799,-0.1576407253742218,-0.145209327340126
0.030283223837614,-0.1920873820781707,-0.0411092936992645
0.1283201873302459,-0.1845838874578476,-0.0250994693487882
-0.0703313872218132,-0.1895136684179306,-0.147698625922203
-0.1138599514961242,-0.2019389569759369,-0.2444613426923751
0.0963601320981979,-0.1542161852121353,-0.1963409632444381
0.2497711032629013,-0.1468019336462021,-0.053453292697668
-0.0504100434482097,-0.1807263493537902,-0.0282645840197801
-0.2308979630470276,-0.1662743985652923,-0.0905884504318237
-0.1921178102493286,-0.0946950316429138,-0.084287941455841
-0.0409890860319137,-0.0806717947125434,0.0010532436426728
0.0390175990760326,-0.0746301487088203,0.0269596762955188
0.0202955566346645,-0.095560684800148,0.0326185710728168
0.0353560000658035,-0.04696811363101,-0.0444985851645469
-0.0607436522841453,-0.0040471218526363,-0.0537060834467411
0.0434882119297981,-0.0163980647921562,0.0067633846774697
0.1147070750594139,-0.0132770892232656,0.1169532537460327
-0.0260929185897111,0.0118373185396194,0.1169402003288269
-0.1112850233912468,-0.0246577318757772,0.0512931682169437
-0.0525703132152557,-0.0487912967801094,0.0378428734838962
-0.0281409695744514,-0.0238890033215284,0.1208119243383407
-0.0480361133813858,-0.0469216182827949,0.1251944154500961
-0.0606068298220634,-0.0514630153775215,0.0238197725266218
-0.0588949471712112,-0.0435297228395938,-0.0312139187008142
-0.0173181314021348,-0.0651306062936782,-0.0089760106056928
0.1229793280363082,-0.0877469703555107,0.0128573831170797
0.0272769685834646,-0.1119359955191612,-0.0070161153562366
0.0167596135288476,-0.124435007572174,-0.0662514790892601
0.0569803342223167,-0.160315454006195,-0.0860902369022369
0.0512119270861148,-0.1670575141906738,-0.0721959918737411
0.0383712314069271,-0.1935482323169708,-0.0789526998996734
-0.0343001075088977,-0.2061808407306671,-0.1290649622678756
-0.0973897650837898,-0.1844180524349212,-0.1374006271362304
0.0751409903168678,-0.1781305968761444,-0.1489060223102569
0.1615006774663925,-0.1819718331098556,-0.1399435251951217
-0.0090620033442974,-0.192630335688591,-0.1517953872680664
0.0115475663915276,-0.2117415815591812,-0.1849401742219925
0.0271976329386234,-0.1867403537034988,-0.1941342055797577
-0.0875552669167518,-0.2008529156446457,-0.2191765010356903
-0.0603526681661605,-0.2370857447385788,-0.2319623380899429
0.0190981496125459,-0.2464927285909652,-0.113186776638031
0.0034400951117277,-0.2613417208194732,-0.106926217675209
0.0700319781899452,-0.3303287625312805,-0.1986132860183715
0.0383992157876491,-0.3423286974430084,-0.2497944235801696
0.0959339514374733,-0.3541446924209595,-0.1775537133216858
0.1009753122925758,-0.3627302050590515,-0.1431949287652969
-0.0126213449984788,-0.3695451915264129,-0.2093907743692398
0.0349075570702552,-0.394121378660202,-0.2399039417505264
0.0268875025212764,-0.374869167804718,-0.1535804569721222
-0.0846693813800811,-0.3671614229679107,-0.0917312130331993
-0.0525974035263061,-0.389642596244812,-0.1337597817182541
0.0809662491083145,-0.3904916048049927,-0.139514610171318
0.0871699079871177,-0.3667952418327331,-0.1114130541682243
0.00372801348567,-0.367746502161026,-0.1050872504711151
0.0893800556659698,-0.3963435292243957,-0.131757766008377
0.0112255960702896,-0.3712056875228882,-0.1313447058200836
-0.0225515700876712,-0.3722420036792755,-0.0881082043051719
-0.0689800530672073,-0.3417306840419769,-0.0419710725545883
0.0349634140729904,-0.3473626673221588,-0.0455799922347068
0.1432270407676696,-0.3350905478000641,-0.0624894723296165
0.3264511823654175,-0.3706863224506378,-0.0237101558595895
0.1470550447702407,-0.3207874894142151,0.0133575834333896
-0.0368832238018512,-0.2548806965351105,0.0283845458179712
0.0040186718106269,-0.2308262288570404,0.0332786366343498
0.0644299611449241,-0.1981163471937179,0.1022479683160781
0.0218670573085546,-0.1569058001041412,0.1612966358661651
-0.0162141975015401,-0.1396940499544143,0.1552885621786117
-0.0286136101931333,-0.117444135248661,0.1815830171108245
-0.0111849717795848,-0.0727893933653831,0.2448920011520385
-0.0752031058073043,-0.0158126596361398,0.3212224543094635
-0.139152854681015,0.0301572140306234,0.3121333420276642
-0.12493397295475,0.0529805049300193,0.3160878717899322
-0.0172846745699644,0.0465327911078929,0.4246007204055786
0.0138135887682437,0.0907961279153823,0.5088341236114502
-0.0631666406989097,0.1317684352397918,0.5337744951248169
-0.0867143124341964,0.1698524355888366,0.551331102848053
-0.0647922679781913,0.2299931645393371,0.5445265769958496
-0.0261503383517265,0.2900064289569855,0.576994776725769
-0.0209693014621734,0.3504095673561096,0.5971981287002563
-0.0367570519447326,0.4069607257843017,0.6166130900382996
-0.0689326897263526,0.4745259284973144,0.6495153307914734
0.0053489990532398,0.5250501036643982,0.7399453520774841
0.0996527597308158,0.5861826539039612,0.8139568567276001
0.0453426502645015,0.6412818431854248,0.89278644323349
0.01620371080935,0.6920948624610901,0.906150221824646
0.0122510474175214,0.7901543378829956,0.9166443943977356
-0.0714027732610702,0.8716354370117188,0.91066575050354
-0.0653669834136962,0.912264883518219,0.9230369329452516
-0.0514123886823654,0.9806820154190063,0.8987164497375488
-0.0842664763331413,1.023821473121643,0.8690803050994873
-0.1825863420963287,1.0575507879257202,0.8050156235694885
-0.1760128736495971,1.0534378290176392,0.7949355244636536
-0.0466292724013328,1.0345535278320312,0.8049204349517822
-0.015933146700263,0.9701712727546692,0.8000878691673279
0.0859775319695472,0.9169639348983764,0.6931042075157166
0.0946964547038078,0.8564393520355225,0.6571371555328369
0.0984973162412643,0.8410797119140625,0.5661565065383911
0.1283944994211197,0.7651870846748352,0.3939709067344665
0.0473527051508426,0.7212669253349304,0.2561971545219421
0.0419994853436946,0.6502920985221863,0.1902919113636016
0.0581286400556564,0.552424967288971,0.1488357782363891
0.129611074924469,0.4324831068515777,0.1327255219221115
0.1372387856245041,0.3287257850170135,0.0068040820769965
0.0812317132949829,0.257145345211029,-0.1174462288618087
0.1632901579141616,0.1986381709575653,-0.2576318979263305
0.2677657008171081,0.1699023842811584,-0.4054719507694244
0.1247940957546234,0.115270085632801,-0.4507558643817901
0.2024060636758804,0.0724248811602592,-0.4905994236469269
0.157176211476326,0.0899373963475227,-0.3949872255325317
0.0148153332993388,0.1409201472997665,-0.3548808395862579
0.0236372910439968,0.1654498726129531,-0.4185675382614136
0.1491566002368927,0.1605738848447799,-0.3884280025959015
0.2491393536329269,0.1441939026117324,-0.3914384543895721
0.0375466756522655,0.1526270657777786,-0.3617231845855713
0.0059106955304741,0.1673512011766433,-0.4048046767711639
0.1663230061531067,0.1953857690095901,-0.3891327679157257
0.2034914493560791,0.172274649143219,-0.3371759057044983
0.2250891476869583,0.1138416975736618,-0.3044081032276153
0.2168672382831573,0.111075110733509,-0.2304213941097259
0.085354745388031,0.1701975613832473,-0.2526387870311737
0.0391364991664886,0.1849071085453033,-0.3298079967498779
0.2185659110546112,0.1555598825216293,-0.3541671335697174
0.3619331419467926,0.1001056134700775,-0.3101796507835388
0.278592437505722,0.0512419305741786,-0.2871124148368835
0.1495331823825836,0.0483467988669872,-0.3713116943836212
0.0611905418336391,0.0504032932221889,-0.508692741394043
0.138871967792511,0.0011127521283924,-0.5924710035324097
0.2111435085535049,-0.0418986305594444,-0.5504838824272156
0.1519292294979095,-0.0791131630539894,-0.5085561275482178
0.1459634751081466,-0.1019612178206443,-0.5761967301368713
0.1698136329650879,-0.0865926519036293,-0.6164383888244629
0.134553387761116,-0.1224308088421821,-0.7217397689819336
0.1283337771892547,-0.1585487276315689,-0.7607219219207764
0.0897733345627784,-0.1811565607786178,-0.717258870601654
0.0247104465961456,-0.2030234038829803,-0.7176241278648376
-0.0099703017622232,-0.2435023933649063,-0.7740932703018188
0.0342373587191104,-0.2880789637565613,-0.8099726438522339
0.0744513571262359,-0.3459265530109405,-0.8071470260620117
0.0657446607947349,-0.421895831823349,-0.8454329371452332
0.0241079963743686,-0.5045350790023804,-0.9149222373962402
-0.0511729381978511,-0.5792970657348633,-0.91914564371109
-0.0388094782829284,-0.6263366937637329,-0.9534210562705994
0.0057751704007387,-0.6973547339439392,-0.9627055525779724
0.0316187515854835,-0.7154344320297241,-0.9409877061843872
0.0842352882027626,-0.722005307674408,-0.986873984336853
0.0439035817980766,-0.7734349370002747,-1.0284403562545776
0.0805216282606124,-0.8207756876945496,-1.1317886114120483
0.0836085006594657,-0.8768293857574463,-1.1789652109146118
0.1418600976467132,-0.9479984045028688,-1.1525341272354126
0.054037295281887,-1.042129397392273,-1.093406081199646
-0.0286545790731906,-1.1119585037231443,-1.154420256614685
0.043456632643938,-1.1003698110580444,-1.2587765455245972
0.01044762134552,-1.0501333475112915,-1.1190325021743774
0.056664653122425,-1.0036736726760864,-0.9416012763977052
0.1897847950458526,-0.9858562350273132,-0.9820138812065125
-0.0102521544322371,-1.0284196138381958,-1.2048120498657229
-0.1476464718580246,-1.0775920152664185,-1.23885977268219
0.0880470052361488,-1.038652420043945,-1.0477862358093262
0.1509913504123687,-1.051217555999756,-0.9027925729751588
-0.0911810770630836,-1.0725599527359009,-1.032328963279724
-0.1300904601812362,-1.0185400247573853,-1.117971658706665
0.0196225959807634,-0.9504207968711852,-0.9332371950149536
0.1305500566959381,-0.8991060853004456,-0.7206994891166687
0.1623412668704986,-0.9124738574028016,-0.78277188539505
0.0451981462538242,-0.9143090844154358,-0.8494131565093994
0.1288477629423141,-0.8873522877693176,-0.7555252909660339
0.2348461747169494,-0.8574584126472473,-0.6716222763061523
0.2061191946268081,-0.8533850908279419,-0.6110374927520752
0.2035116851329803,-0.8373662829399109,-0.5564738512039185
0.1801967769861221,-0.8224155306816101,-0.5515502095222473
0.1601287126541137,-0.8340122699737549,-0.6160849928855896
0.0918833538889885,-0.8426691293716431,-0.5668513774871826
0.1796424388885498,-0.8013471364974976,-0.4339819550514221
0.2156909853219986,-0.8098037242889404,-0.3422464430332184
0.2170844674110412,-0.8250173330307007,-0.4548192024230957
0.0914304032921791,-0.8227738738059998,-0.4811602532863617
0.1032936125993728,-0.7843764424324036,-0.4254751801490783
0.1432420909404754,-0.7840201258659363,-0.346971333026886
0.1272623091936111,-0.831134021282196,-0.4412073791027069
0.0294012706726789,-0.8799567222595215,-0.551078200340271
0.0756122022867202,-0.9122067093849182,-0.5723174810409546
0.0616396553814411,-0.887941300868988,-0.5143378376960754
0.2037146091461181,-0.9086040258407592,-0.4173542559146881
0.1776134967803955,-0.9462573528289796,-0.3780342638492584
0.1692394465208053,-0.970544159412384,-0.4170862138271332
0.1939620971679687,-0.9474740028381348,-0.5186535716056824
0.2869983315467834,-0.8771861791610718,-0.4401809573173523
0.2366960048675537,-0.8215711712837219,-0.2414374947547912
0.2682481110095978,-0.854957103729248,-0.2628327310085296
0.1978432089090347,-0.906508445739746,-0.390310525894165
0.1427804082632064,-0.8499727249145508,-0.4061225056648254
0.130749836564064,-0.7638120055198669,-0.2977496981620788
0.1883721500635147,-0.7531776428222656,-0.1643103212118148
0.0833115056157112,-0.7306901812553406,-0.0190881583839654
0.1491701304912567,-0.6759514212608337,-0.0395732782781124
0.2433589398860931,-0.6242368221282959,-0.0512656196951866
0.1390267312526703,-0.5436630845069885,0.0641498640179634
0.0458078421652317,-0.4519515633583069,0.1776681691408157
0.0591725409030914,-0.4406971633434295,0.1141266003251075
0.0413466766476631,-0.4575895965099334,0.0339004658162593
0.0897241383790969,-0.4966112673282623,0.0210669413208961
0.3650749921798706,-0.4989937543869018,0.1059141904115676
0.4865375757217407,-0.4108071029186249,0.2269015461206436
0.1998464316129684,-0.4359353482723236,0.2454653829336166
0.1629198491573333,-0.469650387763977,0.1582694053649902
0.3071169853210449,-0.3887651264667511,0.1488090604543686
0.2854270339012146,-0.3960764110088348,0.2205779105424881
0.2319478541612625,-0.4075205624103546,0.2802713513374328
0.3737009465694427,-0.3498699963092804,0.3255956470966339
0.2238184809684753,-0.3361965119838714,0.2672772109508514
0.0364473313093185,-0.3614504039287567,0.0963405445218086
0.3581018149852752,-0.3083187639713287,0.1469864100217819
0.4728251695632934,-0.2116903364658355,0.3253847658634186
0.1205430328845977,-0.2278858125209808,0.2963001132011413
0.0710325315594673,-0.2950524985790252,0.0849749520421028
-0.0213727597147226,-0.2423823326826095,0.0895425379276275
-0.0974193960428237,-0.2735257744789123,0.2021012306213379
0.0188299845904111,-0.2938337028026581,0.1985709369182586
0.1952676773071289,-0.2995933890342712,0.1910512745380401
0.1734273582696914,-0.3443981409072876,0.150304913520813
0.2576067745685577,-0.3828760087490082,0.0436120219528675
0.2042130529880523,-0.3654772937297821,0.0890593975782394
0.0701030790805816,-0.3265017867088318,0.0793373510241508
0.1701695024967193,-0.365409791469574,0.0508143678307533
0.4679356515407562,-0.3673132956027984,0.0890354067087173
0.2877355217933655,-0.3398651480674743,0.2271813005208969
0.0475448556244373,-0.401080459356308,0.1919017732143402
0.0282244198024272,-0.3971003890037536,-0.0037731947377324
-0.0651932954788208,-0.3264006376266479,-0.0743213966488838
-0.0017426827689632,-0.3161059021949768,-0.0893733203411102
0.0820825845003128,-0.350957304239273,0.0151407998055219
0.0442601069808006,-0.3929218053817749,-0.0155414780601859
-0.0189988184720277,-0.4328660070896148,-0.2276676446199417
-0.0572985336184501,-0.4532791376113891,-0.238550379872322
-0.0464311055839061,-0.4422014653682709,-0.1261292546987533
0.0760327577590942,-0.4897588789463043,-0.0153047405183315
0.1758628189563751,-0.5267698168754578,-0.0203318018466234
0.0766214430332183,-0.5626026391983032,-0.1191412061452865
0.3258799612522125,-0.5610997676849365,-0.2320446372032165
0.2858957946300506,-0.4955596327781677,-0.1612074822187423
0.2163498550653457,-0.4786063134670257,-0.1633616387844085
0.2674111723899841,-0.5356954336166382,-0.2830166816711426
0.1062083020806312,-0.5083668828010559,-0.3280957043170929
0.117076925933361,-0.4960790574550628,-0.2498677372932434
0.2231935113668441,-0.4774847626686096,-0.1188094243407249
0.0586178787052631,-0.4796749353408813,-0.0554903745651245
-0.0225443262606859,-0.5188583135604858,-0.1042000949382782
0.0465061143040657,-0.4875558018684387,-0.0379291921854019
0.010414051823318,-0.467907041311264,0.0700998604297638
0.1497303992509842,-0.4300307631492615,-0.0277199074625968
0.0719445198774337,-0.4166630208492279,-0.1365137547254562
-0.0826309397816658,-0.4094823598861694,-0.2214896380901336
0.2045797407627105,-0.4118168652057647,-0.154627040028572
0.23116235435009,-0.3401711583137512,-0.0784188285470008
0.0081458454951643,-0.3545005023479461,-0.1475449651479721
0.0826280713081359,-0.3756521344184875,-0.2543576955795288
0.0550814680755138,-0.3503044545650482,-0.2123476266860962
0.0304735917598009,-0.390030026435852,-0.1047351509332656
0.1311157196760177,-0.4271064102649688,-0.0327875949442386
0.0459952279925346,-0.3975203037261963,-0.0555666796863079
-0.0174128375947475,-0.3840206563472748,-0.1554257273674011
0.2663837373256683,-0.378589928150177,-0.1742950230836868
0.2643545866012573,-0.3243240416049957,-0.1002207621932029
0.1122220680117607,-0.3496861159801483,-0.1506865918636322
0.0629245415329933,-0.3683894872665405,-0.1990163326263427
0.062963955104351,-0.3634429275989532,-0.1572688817977905
0.2256049215793609,-0.3895958960056305,-0.1329782754182815
0.2358791381120681,-0.3701939880847931,-0.1350302398204803
-0.0665518194437027,-0.3626581728458404,-0.2388488799333572
-0.1800938248634338,-0.4155568182468414,-0.2979212701320648
-0.0266638603061437,-0.4314635396003723,-0.2603840827941894
0.0333254411816597,-0.4458765685558319,-0.2009460777044296
0.0973903611302375,-0.5196869373321533,-0.20772185921669
0.1466199606657028,-0.5328965187072754,-0.2535551190376282
0.218723639845848,-0.5321713089942932,-0.2789714634418487
0.2186290919780731,-0.5496398210525513,-0.2762292027473449
0.1860787570476532,-0.5578753352165222,-0.2037815004587173
0.2325842082500457,-0.5798485279083252,-0.1845566779375076
0.1770196855068206,-0.5581997632980347,-0.2164969444274902
0.0205166228115558,-0.5068449378013611,-0.289517879486084
0.0442150123417377,-0.5223103761672974,-0.2990095019340515
0.0534085109829902,-0.487900972366333,-0.2093611359596252
0.079119823873043,-0.4918843507766723,-0.1679869443178177
0.0715545788407325,-0.4821845889091491,-0.1835203617811203
-0.027128480374813,-0.4642808437347412,-0.2492350339889526
-0.1398883163928985,-0.4427657127380371,-0.3260371387004852
0.0798554942011833,-0.396676242351532,-0.2618198096752167
0.3645961582660675,-0.3800440728664398,-0.1535853743553161
0.2874204814434051,-0.4029046893119812,-0.1698956489562988
0.0473093502223491,-0.4168449938297272,-0.2579589188098907
0.0572757124900817,-0.3737465739250183,-0.257689356803894
0.1265629082918167,-0.3469732999801636,-0.1481916010379791
0.1280727237462997,-0.3907572627067566,-0.122099831700325
0.1796267181634903,-0.4571402668952942,-0.1853664219379425
0.1827691942453384,-0.4354189932346344,-0.2348769605159759
0.1027273535728454,-0.4130071699619293,-0.2435801774263382
0.040542859584093,-0.4297188222408294,-0.2527017593383789
0.1199814975261688,-0.4513623118400574,-0.2667515277862549
0.1930579394102096,-0.492008626461029,-0.2616131603717804
0.1152012348175048,-0.5062288045883179,-0.2696119546890259
0.0554994530975818,-0.4880791306495666,-0.2784115672111511
0.0655350387096405,-0.4708660542964935,-0.2969391644001007
-0.0366505533456802,-0.4660488963127136,-0.3594159781932831
-0.0990412235260009,-0.5124436020851135,-0.4133593738079071
0.0196481104940176,-0.5262956619262695,-0.3871048390865326
0.0523858144879341,-0.480302095413208,-0.3173334896564483
0.0365673750638961,-0.5091328024864197,-0.3192102909088135
-0.0016431307885795,-0.5514214038848877,-0.3278330862522125
-0.0890389084815979,-0.5524647235870361,-0.4166682660579681
-0.0612911656498909,-0.6099045872688293,-0.5008670687675476
0.178056001663208,-0.6293727159500122,-0.4845134913921356
0.1243299171328544,-0.627881646156311,-0.3645929396152496
0.0773808434605598,-0.6596638560295105,-0.3475201725959778
0.026735246181488,-0.68526691198349,-0.4662524163722992
-0.0334948748350143,-0.7191560864448547,-0.5729707479476929
0.0790963843464851,-0.712630033493042,-0.5481447577476501
0.1274184435606002,-0.6956182718276978,-0.4384482800960541
0.1104133650660514,-0.7380527853965759,-0.5067538022994995
0.0621883645653724,-0.8169324994087219,-0.6080185770988464
0.1400450766086578,-0.8312661647796631,-0.6201881766319275
0.249891772866249,-0.8262884616851807,-0.6009894013404846
0.2262405008077621,-0.8257347941398621,-0.5496370196342468
0.2037419825792312,-0.8469281792640686,-0.5341694951057434
0.3146945834159851,-0.8663039803504944,-0.5140982866287231
0.3196594417095184,-0.8195339441299438,-0.4061389565467834
0.3339805901050567,-0.7595641016960144,-0.28057861328125
0.3669479489326477,-0.7996854186058044,-0.3182197511196136
0.1617452502250671,-0.8846522569656372,-0.4702790677547455
0.0440037846565246,-0.8689572215080261,-0.6032879948616028
0.1511837691068649,-0.8438715934753418,-0.5603274703025818
0.2024884968996048,-0.8548983931541443,-0.4443041682243347
0.3958451747894287,-0.874273955821991,-0.5928441286087036
0.5956639051437378,-0.9390603303909302,-0.6115970611572266
0.5473621487617493,-0.8848735094070435,-0.4115564227104187
0.5691729784011841,-0.8124887347221375,-0.3140631914138794
0.4098317921161651,-0.8522188067436218,-0.340542733669281
0.3303582370281219,-0.936300814151764,-0.4082503318786621
0.4388572871685028,-0.9205865263938904,-0.4215325713157654
0.4232110381126404,-0.8673098087310791,-0.4233751893043518
0.4771115481853485,-0.9266175627708436,-0.4172621667385101
0.5561286807060242,-0.9073483943939208,-0.4021835029125213
0.4073528051376343,-0.8322190046310425,-0.3231664597988128
0.1706329584121704,-0.819322407245636,-0.2576103806495666
0.2668468654155731,-0.7790226340293884,-0.309805154800415
0.4052843153476715,-0.7345857620239258,-0.2541824877262115
0.3761815428733825,-0.7244473695755005,-0.1104713976383209
0.4583496153354645,-0.726102888584137,-0.0828037038445472
0.2112857848405838,-0.7488276362419128,-0.0760768204927444
0.1538338810205459,-0.7543987035751343,-0.1196163669228553
0.2725189924240112,-0.7689669728279114,-0.121114395558834
0.183963656425476,-0.7289651036262512,-0.055315013974905
0.2108991295099258,-0.7128968834877014,-0.0452751666307449
0.1355059891939163,-0.7596552968025208,-0.1760178059339523
0.0858108699321746,-0.7683582305908203,-0.2446043193340301
0.2347400337457656,-0.7912905812263489,-0.1362707465887069
0.1772386580705642,-0.7807056307792664,0.0600660145282745
0.3106560111045837,-0.7412039041519165,0.1182288229465484
0.2501748502254486,-0.7857711315155029,-0.0875424444675445
0.1020632162690162,-0.8002771735191345,-0.2113425582647323
0.1576228737831115,-0.7704833149909973,-0.0922758281230926
0.2463500946760177,-0.7352896928787231,0.0364928469061851
0.1992217302322387,-0.7463529706001282,-0.0383246690034866
0.1301933228969574,-0.8046329617500305,-0.2085194736719131
0.1186479777097702,-0.7886574268341064,-0.1824236959218979
0.203931525349617,-0.7626147270202637,0.0088792880997061
0.1787049919366836,-0.6918175220489502,0.1734189689159393
0.0934217944741249,-0.6663842797279358,0.08170997351408
0.1534803509712219,-0.7202962636947632,-0.1484872698783874
0.346365749835968,-0.7109630107879639,-0.185125395655632
0.2262774258852005,-0.5999342203140259,0.0473573766648769
0.2253687381744384,-0.5035297870635986,0.2448604851961136
0.2903794050216675,-0.4899418354034424,0.1685438752174377
0.1213578879833221,-0.460160344839096,0.0667164772748947
-0.0039547597989439,-0.4107802808284759,0.1230103746056556
0.1745079010725021,-0.3483065068721771,0.2301141619682312
0.2111868262290954,-0.2829877138137817,0.2075318843126297
0.2521513700485229,-0.312942773103714,0.0953205153346061
0.1249217987060546,-0.3694582283496856,0.0974446535110473
-0.0472612343728542,-0.3912963271141052,0.237933725118637
0.0468799099326133,-0.3248307406902313,0.1872279345989227
0.2004409283399582,-0.3735398054122925,0.1661219894886016
0.1932093799114227,-0.3989889919757843,0.1787698715925216
0.3070472776889801,-0.3728625774383545,0.2377820611000061
0.2936851382255554,-0.4040279388427734,0.1414525955915451
0.0600698366761207,-0.4939625263214111,-0.0361989699304103
0.2599411606788635,-0.5144571661949158,-0.1095402911305427
0.3274738192558288,-0.4954555630683899,0.0067685167305171
0.1985571384429931,-0.5409072041511536,0.0079544223845005
0.1623459607362747,-0.6161731481552124,-0.0432571321725845
0.2735196352005005,-0.644075870513916,-0.0459314808249473
0.2181557416915893,-0.6333080530166626,0.0397017337381839
0.0497089363634586,-0.6478810906410217,0.0134142031893134
0.1404711306095123,-0.6472545862197876,-0.0667758807539939
0.2096890807151794,-0.6497371792793274,-0.0446367561817169
0.2485777586698532,-0.6227046251296997,-0.0623985603451728
0.211606428027153,-0.6360409259796143,-0.033930167555809
0.1938796043395996,-0.6425265073776245,0.0521295890212059
0.2573896050453186,-0.5947560667991638,0.1227989643812179
0.2895291745662689,-0.5662142634391785,0.0393076464533805
0.1600590795278549,-0.5354859232902527,-0.0113858906552195
0.1138133555650711,-0.4748066365718841,0.1051357164978981
0.2917476892471313,-0.4029188454151153,0.1446612924337387
0.2425988912582397,-0.439410537481308,0.1304769814014434
0.1475235074758529,-0.4766077101230621,0.0800138115882873
0.2531406283378601,-0.40163654088974,0.1569749414920807
0.3085184097290039,-0.3240048587322235,0.2606922686100006
0.1661159396171569,-0.277794599533081,0.2322450131177902
0.025189446285367,-0.2844138741493225,0.1645517200231552
0.122029922902584,-0.3010270595550537,0.144767478108406
0.3088647723197937,-0.2637838125228882,0.2884492874145508
0.4726716876029968,-0.1833001524209976,0.3997071087360382
0.3352510035037994,-0.1518077403306961,0.4163127243518829
0.0525521971285343,-0.1734832376241684,0.3202123343944549
-0.0598680861294269,-0.1434023082256317,0.2721521258354187
0.0876563340425491,-0.1072116643190383,0.2382030338048935
0.1574098616838455,-0.1417675167322158,0.2381297945976257
0.1171767935156822,-0.230378046631813,0.2010029405355453
0.3149641752243042,-0.2361893355846405,0.2016732543706894
0.1208239272236824,-0.2606852054595947,0.1516520231962204
-0.0100406100973486,-0.2880140542984009,0.0641283020377159
0.0437597706913948,-0.3190529644489288,0.0559258051216602
0.2951850891113281,-0.3334473371505737,0.1066419780254364
0.1773517429828643,-0.3842807412147522,0.0560744181275367
-0.0367674715816974,-0.4431752264499664,-0.0647768974304199
-0.0037444673944264,-0.4493573009967804,-0.0557934343814849
0.2265854030847549,-0.3858667314052582,0.0369748547673225
0.1634298413991928,-0.3780336678028106,-0.0181698054075241
0.1096486374735832,-0.4479821026325226,-0.1161786615848541
-0.0346433892846107,-0.4813849031925201,-0.1148206070065498
0.0483939759433269,-0.4630357325077057,-0.0609397999942302
0.0686048343777656,-0.4470241069793701,-0.0783021971583366
0.2099497020244598,-0.4546897411346435,-0.1254838407039642
0.2723381519317627,-0.4431717991828918,-0.0646553784608841
0.0963082611560821,-0.4551610946655273,-0.0847412049770355
0.060920026153326,-0.5117003917694092,-0.1366269141435623
0.1482328325510025,-0.5203626155853271,-0.0901017636060714
0.2929215729236603,-0.491081565618515,-0.0284084118902683
0.1728686392307281,-0.5192769765853882,0.0553820952773094
-0.0656860917806625,-0.5272073149681091,-0.0295575410127639
-0.1567137390375137,-0.5174513459205627,-0.0769101455807685
0.0010154151823371,-0.5246199369430542,-0.0723118484020233
0.0171341989189386,-0.526044487953186,-0.0178728345781564
-0.0398397855460643,-0.5038001537322998,-0.0123919993638992
-0.0166891925036907,-0.5095952153205872,-0.0398324131965637
0.0263873729854822,-0.5361447930335999,0.0017872195458039
0.0985760763287544,-0.4731365442276001,0.0939099565148353
0.222703218460083,-0.4158845841884613,0.1031794771552085
-0.0070759281516075,-0.4461167752742767,-0.0083795432001352
-0.1527629792690277,-0.490213394165039,-0.0816500633955001
0.0523507595062255,-0.4268301427364349,0.0354949384927749
0.2674112617969513,-0.3742083609104156,0.1685042828321457
0.2107162624597549,-0.3756041228771209,0.1687692701816558
-0.0410343557596206,-0.3915441930294037,0.0094235436990857
-0.0118101574480533,-0.3512492179870605,-0.0845583453774452
-0.103684552013874,-0.3527388870716095,0.0649375617504119
0.0103903543204069,-0.3767598271369934,0.1084243208169937
0.1533635556697845,-0.3543650209903717,0.0584514215588569
0.1044596508145332,-0.3297108113765716,0.0160054247826337
-0.1004651933908462,-0.3600038290023803,0.0701052397489547
-0.051959179341793,-0.3806214928627014,0.0831161141395568
0.1017530187964439,-0.4231442809104919,0.1050883382558822
-0.0938495099544525,-0.4467995464801788,0.1351655423641204
-0.0268149897456169,-0.460121601819992,0.1085617542266845
0.1155988797545433,-0.4733220934867859,0.1027483344078064
-0.0878399685025215,-0.4853408336639404,0.1271190792322158
-0.1257655173540115,-0.5134393572807312,0.114269845187664
0.1531777381896972,-0.5330309867858887,0.0417031608521938
0.1522749215364456,-0.5334329009056091,0.0572637431323528
0.0721566677093505,-0.5074644684791565,0.116885058581829
0.1587717235088348,-0.4925864934921264,0.1427741795778274
0.1637091636657714,-0.4711679816246032,0.1380310803651809
0.0232074502855539,-0.4543189406394958,0.1675546169281005
0.0624792352318763,-0.4231787025928497,0.2156295627355575
0.1661840677261352,-0.4025605022907257,0.2389817684888839
0.0849283635616302,-0.3916783928871155,0.2256799042224884
0.0653173774480819,-0.3731100559234619,0.2004262208938598
0.0693771764636039,-0.3374823629856109,0.2116371691226959
-0.0485654436051845,-0.292087197303772,0.2411553710699081
0.0019754699897021,-0.2911612689495086,0.2446545362472534
0.0635850429534912,-0.2671382427215576,0.2714107930660248
0.0561262257397174,-0.24662946164608,0.3309540152549743
0.0647924169898033,-0.2135362178087234,0.4069222807884216
0.0489155836403369,-0.1640392690896988,0.4140489399433136
-0.1974358707666397,-0.1110665947198867,0.3758381605148315
-0.1178550273180008,-0.1786566078662872,0.4245570003986358
0.2341333776712417,-0.2456095516681671,0.4148239493370056
0.1903994679450988,-0.183212473988533,0.4125333428382873
-0.0385327748954296,-0.1818691790103912,0.4460172951221466
-0.0745959728956222,-0.1293769478797912,0.4380451142787933
0.0213089883327484,-0.0546843335032463,0.5604045987129211
0.0331155732274055,-0.0500346161425113,0.6320693492889404
0.1865088641643524,-0.0327530987560749,0.6721195578575134
0.1565994769334793,0.0536302737891674,0.6747922897338867
0.0174586400389671,0.1550977677106857,0.6480746865272522
0.040210835635662,0.157680407166481,0.7105075120925903
0.1245467513799667,0.1840006858110427,0.796233057975769
-0.1241073310375213,0.2744509577751159,0.817443311214447
-0.1055240631103515,0.2734037935733795,0.7930338382720947
0.1554012447595596,0.1980701982975006,0.750603199005127
0.0447202734649181,0.3299960196018219,0.7981962561607361
0.0522919334471225,0.4773669242858886,0.9231026768684388
-0.0877911299467086,0.5389298796653748,0.912536084651947
-0.364026129245758,0.5733277797698975,0.7629996538162231
-0.2559321522712707,0.4708512127399444,0.8409187197685242
0.1191504895687103,0.3918570578098297,0.8615373969078064
-0.0398191884160041,0.4897532761096954,0.8815017938613892
-0.1345909237861633,0.595176637172699,0.8747336268424988
-0.1110043749213218,0.6353709697723389,0.8611781597137451
-0.0148101979866623,0.556222140789032,0.8506649136543274
0.2083576321601867,0.5614049434661865,0.7750244736671448
0.1466793715953827,0.6362476944923401,0.8163291215896606
-0.2255005836486816,0.7757523059844971,0.8540581464767456
-0.1652588248252868,0.769039511680603,0.860301673412323
-0.0076305721886456,0.6253454685211182,0.8575000166893005
0.06208011880517,0.7315145134925842,0.7596951127052307
0.0946021080017089,0.7277701497077942,0.7453039288520813
-0.1343736797571182,0.7156816124916077,0.655599057674408
-0.2981468737125397,0.7053903341293335,0.5729086995124817
-0.160452663898468,0.6574631929397583,0.5674484968185425
0.0272575858980417,0.6456265449523926,0.5244624018669128
0.0452196635305881,0.614319384098053,0.4757378101348877
-0.1033772677183151,0.6331716179847717,0.4337110221385956
-0.0674166232347488,0.6509019732475281,0.4766106903553009
-0.0305145308375358,0.6386389136314392,0.445631206035614
0.2040537446737289,0.5912387371063232,0.4023084044456482
0.0962724164128303,0.5465974807739258,0.3931165039539337
-0.0757296755909919,0.5656619071960449,0.3146372735500335
-0.1071794778108596,0.5399680137634277,0.2377406358718872
-0.0009043094469234,0.5188789963722229,0.1681753545999527
0.0756868720054626,0.4919640123844147,0.091749295592308
0.1396485865116119,0.4104783535003662,0.0771851390600204
0.0579228363931179,0.3941387832164764,0.1104773133993148
-0.0748382285237312,0.4103405475616455,0.0900498628616333
0.0300863236188888,0.4066267907619476,-0.0154589787125587
0.0090443352237343,0.3805422782897949,-0.0635687783360481
-0.010247603058815,0.3473808467388153,-0.0068138795904815
0.0267331786453723,0.3271241784095764,0.0313903503119945
-0.0471245348453521,0.299055278301239,-0.0344989150762558
-0.0412855483591556,0.2614153921604156,-0.1167028695344924
-0.0118991648778319,0.2350759208202362,-0.2001042813062667
-0.0225037578493356,0.2103438228368759,-0.2575935423374176
-0.0833657830953598,0.1561319828033447,-0.3487492799758911
-0.0186165533959865,0.0873752981424331,-0.3996425867080688
0.1475519239902496,0.0147929675877094,-0.3704298436641693
-0.0485447235405445,-0.0055855084210634,-0.324312150478363
-0.0008179500000551,-0.0607723332941532,-0.3484446704387665
0.1974375545978546,-0.1153716668486595,-0.3287133276462555
0.0748948603868484,-0.0839801877737045,-0.2985540926456451
-0.0294050890952348,-0.077709712088108,-0.4081882238388061
0.1578651964664459,-0.148869901895523,-0.4630938172340393
0.2491466253995895,-0.1417061686515808,-0.4380045235157013
0.1830615997314453,-0.1416063010692596,-0.4530124962329864
0.0661795884370803,-0.1663910895586013,-0.4511543810367584
0.0972975641489029,-0.1794080883264541,-0.4030257165431976
-0.0661810711026191,-0.1446234285831451,-0.377051442861557
0.0403933078050613,-0.1620317101478576,-0.3856579661369324
0.1340680122375488,-0.188680812716484,-0.4053268730640411
0.1844653934240341,-0.1937946081161499,-0.3638987243175506
0.0814621672034263,-0.1840836256742477,-0.328344464302063
0.0655804052948951,-0.2002972215414047,-0.3082234859466553
0.0843462198972702,-0.1636958867311477,-0.311856210231781
-0.0558244660496711,-0.1055995598435401,-0.2443868964910507
0.0167455933988094,-0.0854514688253402,-0.2745577692985534
0.143128290772438,-0.1136085391044616,-0.2834031879901886
0.1433698534965515,-0.1520387530326843,-0.2578783929347992
0.0439175590872764,-0.1324709206819534,-0.2819165885448456
0.0278649423271417,-0.1432566940784454,-0.3309310674667358
0.0327121615409851,-0.2254229336977005,-0.3343771994113922
-0.0119598424062132,-0.2374778091907501,-0.260111391544342
0.0609551146626472,-0.2804090082645416,-0.2017700672149658
0.103068433701992,-0.3018406629562378,-0.1900363713502884
0.1107692271471023,-0.2922921478748321,-0.2119581848382949
0.1347108334302902,-0.2722316384315491,-0.2858799993991852
0.0402120314538478,-0.3279348611831665,-0.2818562388420105
0.0152165638282895,-0.3205850422382355,-0.2874473631381988
0.0580881312489509,-0.3080979883670807,-0.3428474962711334
-0.1155600398778915,-0.3398489952087402,-0.3549473285675049
-0.2221115082502365,-0.3593111038208008,-0.3551220297813415
-0.1850276291370391,-0.3563869595527649,-0.2905429899692535
-0.0718853697180748,-0.3542391359806061,-0.2041449844837188
-0.0051519898697733,-0.3310379087924957,-0.1396440714597702
-0.0424849800765514,-0.2923147678375244,-0.1273719668388366
-0.0228442512452602,-0.2891566157341003,-0.1443779617547989
-0.0610614120960235,-0.2753894031047821,-0.1119955256581306
-0.1771492660045623,-0.2059553414583206,-0.1023039147257804
-0.1850940138101577,-0.1695693731307983,-0.0609005466103553
-0.0794524475932121,-0.1482883989810943,0.0255186296999454
-0.1200531348586082,-0.0732218921184539,0.1470669060945511
0.1376724690198898,-0.0057141026481986,0.2404374629259109
0.135074034333229,0.0483970679342746,0.2941004037857055
-0.1353966742753982,0.0917822420597076,0.3157289028167724
-0.0924867540597915,0.1382666677236557,0.2831041216850281
0.0720062553882598,0.1532820761203766,0.3665888607501983
-0.0501319020986557,0.2187662720680236,0.4296647906303406
-0.0516292601823806,0.2450461685657501,0.4163600504398346
-0.0583529435098171,0.2786182463169098,0.4048285484313965
0.0703835636377334,0.2485381364822387,0.4452966153621673
0.0176662877202034,0.2930869460105896,0.4609504044055938
-0.0561237335205078,0.3338171541690826,0.4327298998832702
-0.1750253438949585,0.3336307108402252,0.4223377108573913
0.0370316132903099,0.2883782386779785,0.4065316021442413
0.1059038862586021,0.2791333496570587,0.4079814553260803
0.0965882614254951,0.3034336566925049,0.3664094805717468
0.0371760688722133,0.2715303003787994,0.3543365895748138
0.0936745330691337,0.276012659072876,0.313565194606781
0.085627257823944,0.2870551943778991,0.3035205602645874
-0.0319864638149738,0.3251800239086151,0.2614766359329223
-0.0372238382697105,0.2768218219280243,0.2955890595912933
0.0765591710805893,0.2158624678850174,0.3316688537597656
-0.0556223057210445,0.25363489985466,0.3436123430728912
0.039275124669075,0.2623803615570068,0.3184269070625305
0.1566837877035141,0.2421366274356842,0.2754373550415039
-0.0141904940828681,0.2517479658126831,0.231947660446167
-0.0327548570930957,0.2947726547718048,0.1659918129444122
0.068853959441185,0.3128057420253753,0.1470902413129806
-0.0665784329175949,0.3169480264186859,0.1692983508110046
-0.0259863566607236,0.3034192323684692,0.1945016980171203
0.1522321105003357,0.302732914686203,0.2902724146842956
-0.02192173153162,0.3793657720088959,0.2725193798542022
-0.2128549367189407,0.3942736387252807,0.23194320499897
-0.0602309592068195,0.3363786935806274,0.1998685598373413
0.1086613908410072,0.2929238975048065,0.2623401880264282
0.049953743815422,0.318743348121643,0.2871975302696228
0.0736723914742469,0.3197177946567535,0.2601312696933746
0.0487455464899539,0.3078301846981048,0.2112196832895279
0.0004145007114857,0.315583199262619,0.1675030887126922
-0.0247999187558889,0.3307830989360809,0.1194576248526573
0.0048269480466842,0.3117521405220032,0.0857302844524383
0.0365035235881805,0.2919996678829193,0.1004733890295028
0.14921435713768,0.3023806810379028,0.1621146649122238
0.1913072019815445,0.3190784454345703,0.1842713057994842
0.1992924213409423,0.2682000696659088,0.1502057611942291
0.1798654645681381,0.241808071732521,0.066375657916069
0.1822194308042526,0.2297167927026748,0.0281955115497112
0.1896888166666031,0.2147404551506042,0.0478691086173057
0.1260672360658645,0.1946988403797149,0.0072527080774307
0.1719908118247985,0.1708135455846786,-0.0768153443932533
0.0881110951304435,0.1667460948228836,-0.1047321930527687
0.1407380700111389,0.1219051778316497,-0.1167908012866973
0.0560311786830425,0.1299734860658645,-0.1694380342960357
0.0292607638984918,0.1464931070804596,-0.1657788604497909
-0.006406688131392,0.1365302205085754,-0.1459790617227554
-0.0575878731906414,0.1155419573187828,-0.1163260117173194
-0.0191504675894975,0.0822516456246376,-0.1436018496751785
0.055636316537857,0.0779847130179405,-0.1664583086967468
0.0791269913315773,0.1085442155599594,-0.1572528332471847
0.0204576421529054,0.1218719705939292,-0.2402922809123993
-0.0380394868552684,0.1108091995120048,-0.3178983628749847
0.0779460147023201,0.0714577510952949,-0.2538315057754516
0.1548591703176498,0.0928890109062194,-0.1903960555791854
0.2617368400096893,0.0355851761996746,-0.1880404502153396
0.3726868033409118,-0.0728552788496017,-0.2337466776371002
0.2237379550933838,-0.0156194400042295,-0.2114538699388504
0.1677806824445724,0.0709854885935783,-0.1771923005580902
0.0271804761141538,0.0082214027643203,-0.2376985102891922
0.0757733136415481,-0.0949489250779151,-0.2762373685836792
0.0673955008387565,-0.0745877847075462,-0.2833894491195678
0.0062408028170466,-0.0742857828736305,-0.2935352921485901
0.1822161525487899,-0.1573259085416793,-0.3327286839485168
0.0736249759793281,-0.1516198217868805,-0.3057356774806976
0.0009977677837014,-0.1868015825748443,-0.2990196347236633
0.0422061905264854,-0.2508902847766876,-0.3344724476337433
0.0083594173192977,-0.2538122236728668,-0.3096369504928589
-0.1410159617662429,-0.2517613172531128,-0.2711643874645233
-0.0186938997358083,-0.2721642553806305,-0.3037178814411163
0.197631224989891,-0.3119689226150512,-0.261644184589386
0.0980076864361763,-0.2964804768562317,-0.2228329628705978
-0.1310515999794006,-0.2601331174373626,-0.2446421235799789
-0.0768072456121444,-0.2442535161972046,-0.3006713092327118
0.0447652600705623,-0.2464753985404968,-0.2782109975814819
-0.0343092828989028,-0.235170379281044,-0.2352455705404281
0.0552640110254287,-0.228066399693489,-0.2694370746612549
0.0463919602334499,-0.1904457956552505,-0.2205419391393661
0.1309052556753158,-0.1470770090818405,-0.1690944731235504
0.1068758219480514,-0.1229527071118354,-0.1162810921669006
-0.0348986200988292,-0.0651179030537605,-0.090202622115612
-0.2209793031215667,-0.0115568917244672,-0.0740237236022949
0.0094613637775182,0.0042297947220504,0.013086412101984
-0.0079853404313325,0.0619914568960666,0.0169079527258873
-0.168563038110733,0.0963198617100715,0.0185495261102914
-0.1288450509309768,0.1056655123829841,-0.025684593245387
-0.0268270652741193,0.1218428835272789,-0.0043446822091937
-0.0704213380813598,0.1321219652891159,0.0373965799808502
-0.1144572347402572,0.1313392519950866,0.0569835938513278
-0.0398537926375865,0.1122961640357971,0.1002150923013687
-0.016795078292489,0.128569409251213,0.0913877785205841
-0.077900230884552,0.1415490359067917,0.0778148248791694
-0.0589449182152748,0.1581011116504669,0.063063308596611
-0.0346977859735488,0.1546576619148254,0.1051593273878097
-0.087868332862854,0.1468468755483627,0.104149729013443
-0.1996291577816009,0.1748841106891632,0.0361219234764575
-0.1463944315910339,0.1459842920303344,-0.0031008473597466
-0.0564061366021633,0.086457647383213,-0.0113684255629777
-0.1154753118753433,0.076017253100872,-0.0367432907223701
-0.0614486522972583,0.06474269926548,-0.0460307374596595
-0.0258573703467845,0.0334460251033306,-0.0366952903568744
-0.1235052123665809,0.0273452345281839,-0.0609776936471462
-0.1404738128185272,0.0447572469711303,-0.146345853805542
-0.2929650247097015,0.0517921596765518,-0.2098094224929809
-0.122897133231163,-0.0116366129368543,-0.18520288169384
-0.0978033766150474,-0.0083322441205382,-0.1546829789876938
0.0626073330640792,-0.0166178699582815,-0.19893379509449
0.1430677324533462,-0.0693466663360595,-0.2103350013494491
0.0445629991590976,-0.0981783121824264,-0.2175561636686325
-0.0326518453657627,-0.1178046315908432,-0.2350659817457199
-0.1853583008050918,-0.1266796141862869,-0.2159535437822342
0.0241664554923772,-0.1968455910682678,-0.1809788644313812
0.2091680020093917,-0.2071293890476226,-0.1636462211608886
0.2004716098308563,-0.2228883355855941,-0.202585369348526
0.0620314516127109,-0.2421797513961792,-0.2287860810756683
0.2380740344524383,-0.2800544202327728,-0.2275847792625427
0.132209911942482,-0.2572359144687652,-0.2354994267225265
-0.0260567683726549,-0.2521796822547912,-0.213230013847351
-0.049032125622034,-0.3095415234565735,-0.184464156627655
0.1660513877868652,-0.32439786195755,-0.1636529564857483
0.1607754081487655,-0.3011497855186462,-0.1398520171642303
-0.0762739330530166,-0.3311620354652405,-0.2124399542808532
-0.1129509881138801,-0.3649170696735382,-0.2651947736740112
-0.075943224132061,-0.347667783498764,-0.2672288715839386
0.0527974404394626,-0.3284631967544555,-0.2475332170724868
0.055820494890213,-0.3752845227718353,-0.1879231482744217
0.1182633638381958,-0.3809258937835693,-0.1584582030773162
-0.0500190146267414,-0.3516803085803985,-0.106749527156353
-0.02094342187047,-0.344622939825058,-0.0758866891264915
0.0590308159589767,-0.2884964942932129,-0.048823419958353
-0.0740265697240829,-0.275599867105484,-0.0399513654410839
-0.0001813403796404,-0.2785047888755798,-0.0473973453044891
-0.0310694798827171,-0.1992933303117752,-0.012421516701579
-0.008484355174005,-0.1643330603837967,0.037149854004383
-0.1032097935676574,-0.1451990455389022,0.0789268612861633
-0.0154612781479954,-0.1023820787668228,0.114331230521202
-0.0484525188803672,-0.0729813128709793,0.1654751002788543
-0.0776061415672302,-0.0161839183419942,0.2401609122753143
-0.2319568246603012,0.0227863825857639,0.2714032232761383
-0.0457804948091506,0.0053846654482185,0.2407876104116439
-0.0199840534478425,0.0220661740750074,0.3196302354335785
0.074213333427906,0.0968711823225021,0.375527560710907
-0.0426581613719463,0.1504044532775879,0.3854560852050781
-0.0425182841718196,0.1559075564146042,0.3692425787448883
-0.1090067625045776,0.1948083490133285,0.387012779712677
-0.1086645349860191,0.2361072301864624,0.4039410054683685
-0.0138072650879621,0.1932460516691208,0.4527966976165771
-0.0696646198630333,0.221036672592163,0.4650064706802368
-0.0686872377991676,0.2583086490631103,0.504063069820404
0.1145549640059471,0.2691977918148041,0.5246943235397339
0.0848122537136077,0.311783879995346,0.5079052448272705
-0.0599716641008853,0.3519861698150635,0.3858764469623565
-0.0550607964396476,0.3420416712760925,0.4045963585376739
-0.0299259983003139,0.3579959273338318,0.4893458187580108
-0.0582441873848438,0.3973976373672485,0.4677859544754028
-0.19269460439682,0.3774084448814392,0.5122607946395874
-0.0906819626688957,0.3765525221824646,0.513046145439148
-0.0302382241934537,0.3724075555801391,0.5261489152908325
0.0913252234458923,0.3795882165431976,0.4849074482917785
-0.0758451670408248,0.3731833100318908,0.3840066790580749
0.1048945188522338,0.3394210636615753,0.3651746809482574
0.1516283601522445,0.3690583407878876,0.3767794072628021
0.1075581014156341,0.402091383934021,0.3337016999721527
-0.0638074353337287,0.3750817477703094,0.2814202606678009
0.0271009001880884,0.3842142522335052,0.2372607886791229
0.0018825570587068,0.411062479019165,0.284986138343811
-0.0349526889622211,0.3884096443653106,0.289578765630722
-0.0506436005234718,0.3600996434688568,0.2733415067195892
0.0548396818339824,0.3454117774963379,0.3053934574127197
0.0544767640531063,0.3709620833396911,0.3176669776439667
0.0062168203294277,0.3719682395458221,0.2598433494567871
0.0757921114563942,0.3335364162921905,0.1460179984569549
-0.0143175385892391,0.3440867960453033,0.0872582793235778
0.0082599418237805,0.3581293821334839,0.0164850428700447
-0.0099438298493623,0.3176519870758056,-0.0111124962568283
0.1301827877759933,0.2831482589244842,0.0079536847770214
0.1539072841405868,0.2628531157970428,0.0568418651819229
0.0300984308123588,0.2170935273170471,0.0685148239135742
-0.1252259165048599,0.1866991370916366,0.036071665585041
-0.1093742102384567,0.1923301964998245,-0.0302775725722312
0.0524495765566825,0.1533202081918716,-0.0449326820671558
0.125876784324646,0.1115167513489723,-0.084421694278717
0.1205581873655319,0.0604149550199508,-0.1522188484668731
0.1591858118772506,0.0263873878866434,-0.1687162369489669
-0.0066124815493822,0.0622809417545795,-0.1918162256479263
-0.1711552888154983,0.0626681223511695,-0.2715014517307281
-0.0787313506007194,-0.0238201636821031,-0.2866508364677429
0.0576111041009426,0.0161221511662006,-0.1925240159034729
0.150379404425621,0.0300976205617189,-0.1709500253200531
-0.0104828393086791,-0.0171859730035066,-0.2309638708829879
0.0774086639285087,-0.0536731444299221,-0.2127827256917953
0.0753107964992523,-0.0159742552787065,-0.1944090276956558
-0.0818924084305763,-0.0404873229563236,-0.304924875497818
0.0366832166910171,-0.149491474032402,-0.3861607313156128
0.0852158665657043,-0.114830695092678,-0.2961442768573761
0.1421024352312088,-0.0800118073821067,-0.3071020543575287
0.0799096450209617,-0.1012435927987098,-0.3288020193576813
0.0002267702948302,-0.0813270360231399,-0.2780875563621521
-0.0508193708956241,-0.0073383003473281,-0.176857590675354
-0.0501178465783596,0.0110196769237518,-0.1677434742450714
0.0393936596810817,0.0108180753886699,-0.1604000777006149
0.0053151967003941,0.0071318629197776,-0.1161413863301277
-0.094249740242958,0.0336465612053871,-0.1596768796443939
-0.0991582348942756,0.0507478863000869,-0.2360300719738006
-0.0546823814511299,0.0313161313533782,-0.2286224961280822
-0.0107174906879663,0.0482991300523281,-0.1612093895673751
-0.1164590939879417,0.0727245807647705,-0.1041799336671829
-0.0553908459842205,0.1036585941910743,-0.0682805478572845
0.0855955630540847,0.1144185662269592,-0.0117757273837924
-0.1017115488648414,0.1391048282384872,-0.0212916024029254
-0.0617036819458007,0.1252742409706115,-0.0902411043643951
0.1010884791612625,0.0857265666127204,-0.1451994478702545
0.0088384421542286,0.0862136632204055,-0.1438430994749069
-0.0526126697659492,0.06105637550354,-0.1334487795829773
-0.0171939581632614,0.0504383519291877,-0.1427948772907257
0.0922743082046508,0.0162916909903287,-0.0955786928534507
-0.085948958992958,0.0051932339556515,-0.076169304549694
-0.0185097269713878,-0.0395745560526847,-0.1123336628079414
0.0013483990915119,-0.0693297833204269,-0.174929678440094
0.0260008405894041,-0.0926912277936935,-0.2022735029458999
0.0449436381459236,-0.1207838505506515,-0.2585304081439972
-0.0171680524945259,-0.1158053055405616,-0.2838563024997711
0.0819281712174415,-0.1836221814155578,-0.2769525945186615
-0.0773103460669517,-0.2011167109012603,-0.2941171824932098
-0.0071000941097736,-0.2247171103954315,-0.3069357872009277
0.0754645466804504,-0.2678306400775909,-0.3151370882987976
-0.0091531369835138,-0.2983587384223938,-0.2486438304185867
-0.015449346974492,-0.3001402616500854,-0.2226131558418274
-0.0887065157294273,-0.3019000887870788,-0.2349763512611389
0.0427206791937351,-0.3630366027355194,-0.254966676235199
-0.0115739852190017,-0.3491516709327698,-0.2690558433532715
0.0815218240022659,-0.3341565132141113,-0.2725259363651275
0.1407348066568374,-0.3187077641487121,-0.3070738017559051
0.0531124286353588,-0.2986152470111847,-0.2242165058851242
-0.0007252354407683,-0.2610705196857452,-0.163001075387001
-0.0349825173616409,-0.2246700227260589,-0.1328361481428146
0.0420187897980213,-0.2215450704097747,-0.0933441296219825
-0.0263459496200084,-0.161338523030281,-0.0505659393966198
0.1303970515727996,-0.121526651084423,-0.0656836405396461
0.1385010480880737,-0.1169928833842277,-0.1339660286903381
-0.0780874416232109,-0.0612366832792758,-0.0950396582484245
0.1156841367483139,-0.0384419411420822,-0.0425817407667636
0.1741751432418823,-0.0562177412211895,0.0646208822727203
0.1730726808309555,-0.0403888523578643,0.1065713837742805
0.0295061971992254,-0.0073089329525828,0.1135874837636947
0.0580928958952426,-0.0202820282429456,0.1999458074569702
0.0567360147833824,0.0281124021857976,0.208307072520256
-0.1762190610170364,0.1122430711984634,0.226359486579895
-0.114113338291645,0.0767479315400123,0.2008432149887085
-0.0602355562150478,0.0356536321341991,0.1546026319265365
0.0066217733547091,0.0660970211029052,0.1873445957899093
0.1458735764026641,0.0984688475728035,0.2161290496587753
0.0623224936425685,0.1006097644567489,0.2108655720949173
-0.0783605501055717,0.1458341926336288,0.1479641944169998
-0.1228145658969879,0.16664519906044,0.1669810265302658
-0.0270272213965654,0.1139636263251304,0.222190722823143
-0.0881480947136879,0.1166217252612114,0.2355014681816101
-0.1397421211004257,0.1392975747585296,0.2392324656248092
-0.0757929682731628,0.1594238728284835,0.1585187017917633
0.0224643573164939,0.1281969845294952,0.1339241415262222
0.0687274634838104,0.1358596980571746,0.14043690264225
0.0293874721974134,0.1448030471801757,0.0809768736362457
0.0571282878518104,0.0923915207386016,0.1122716814279556
0.1024122908711433,0.0809259414672851,0.120491899549961
0.0434275306761264,0.0526282638311386,0.1402166038751602
0.1258406043052673,0.0173405148088932,0.1203121840953826
0.1085066050291061,-0.0059690689668059,0.0725933983922004
-0.0746151655912399,-0.0088705094531178,0.0078313807025551
-0.1423729062080383,-0.0473553203046321,-0.093864619731903
-0.0770635232329368,-0.0521136596798896,-0.0335181280970573
-0.0051634972915053,-0.0217648092657327,0.0385576635599136
-0.0427967719733715,-0.0619207248091697,0.040692675858736
0.052405908703804,-0.0627428442239761,0.035620417445898
0.1353424936532974,-0.0297132804989814,0.0456083826720714
0.0590184181928634,-0.008930504322052,0.0508406944572925
0.0685036927461624,-0.0093420380726456,-0.0113813355565071
0.0944737717509269,-0.0382658317685127,0.0035129250027239
0.1242304891347885,-0.0163403674960136,0.0477467626333236
0.1202341467142105,-0.0045215254649519,0.0395905673503875
0.1261425465345382,-0.0264394655823707,-0.0194731317460536
0.1817048788070678,-0.0210921037942171,-0.0709637552499771
0.0459993667900562,-0.0153042851015925,-0.1168302670121193
0.0832758918404579,-0.0157578215003013,-0.1315932273864746
0.1678906828165054,0.0038122623227536,-0.0895782634615898
0.2085092067718505,0.0101327430456876,-0.0181834399700164
0.1503406465053558,-0.0195617284625768,-0.0066876541823148
-0.0063898414373397,-0.0490442514419555,-0.0363739132881164
0.0124996174126863,-0.0353411324322223,-0.049304511398077
-0.0796553492546081,-0.004689747467637,-0.0587326362729072
-0.0180438924580812,-0.0268140062689781,-0.0758175253868103
-0.0600288957357406,-0.0368940718472003,-0.0967611521482467
-0.1859452277421951,-0.0343192107975482,-0.079664334654808
-0.0327609963715076,-0.0689488276839256,-0.0752322971820831
0.0219474174082279,-0.0569974854588508,-0.0446710363030433
0.0512738823890686,-0.0527915582060813,-0.0075420448556542
-0.0809346958994865,-0.0544892027974128,0.0006902291788719
-0.1433959454298019,-0.0273385420441627,-0.0073807463049888
-0.0272190440446138,-0.0369351953268051,0.0049016857519745
-0.0298446547240018,-0.0398135408759117,0.013896245509386
0.0353777408599853,-0.0267876517027616,-0.0026950917672365
-0.0181467402726411,-0.0166979990899562,-0.0023352985735982
0.0363809429109096,0.014442928135395,0.0148997884243726
-0.186391681432724,0.1018215045332908,0.0317490734159946
-0.2401637136936187,0.1110614240169525,-0.0138722695410251
-0.1985808610916137,0.0537049211561679,-0.0480422265827655
-0.2089625895023346,0.0748890563845634,0.0163308773189783
0.1028866618871688,0.0529083870351314,0.0014091852353885
0.1179309710860252,0.0112885814160108,-0.0085375187918543
0.0927822068333625,0.0095016006380319,-0.0221060588955879
-0.1082711964845657,0.0294493827968835,-0.0385701581835746
-0.0779857337474823,0.0439923740923404,-0.042811244726181
0.0964340716600418,0.0090139489620924,-0.0283671021461486
0.0231846235692501,-0.0110729429870843,0.0005875829956494
0.0977230444550514,-0.0551724955439567,-0.0120176915079355
0.0404898449778556,-0.060037825256586,-0.0190684087574481
0.0531729832291603,-0.0980173572897911,0.011136301793158
-0.0797312781214714,-0.0594864785671234,-0.0443392060697078
-0.1618193387985229,-0.0432525053620338,-0.1652642041444778
-0.1390399932861328,-0.0445755645632743,-0.1726755052804947
-0.0149323176592588,0.0207470003515481,-0.1004751324653625
0.00342458486557,0.0455516837537288,-0.0796625241637229
-0.0457911603152751,0.0379832983016967,-0.0918156206607818
0.0053617730736732,0.0049995169974863,-0.0804162248969078
0.0406873747706413,0.034049354493618,-0.0616740211844444
-0.0411025620996952,0.034596100449562,-0.1133550554513931
-0.1132062673568725,-0.0356298498809337,-0.1315846741199493
0.1213377937674522,-0.0359382443130016,-0.1058998182415962
0.0678945481777191,-0.0321164987981319,-0.1352298706769943
0.0250277742743492,-0.0461763925850391,-0.2002682536840438
0.022893588989973,-0.1195596754550933,-0.2035253793001175
-0.0031159091740846,-0.1107552647590637,-0.1633340120315551
0.0019074263982474,-0.068153940141201,-0.1342974305152893
-0.0622593089938163,-0.1246057599782943,-0.1090133860707283
0.2445902973413467,-0.226439356803894,-0.0995246395468711
0.0126619916409254,-0.2095328122377395,-0.1144567131996154
-0.0973695889115333,-0.2294146716594696,-0.128121867775917
0.0554543100297451,-0.2832302153110504,-0.1001445576548576
-0.1205893531441688,-0.2557244002819061,-0.0789941698312759
-0.2560984492301941,-0.2341631799936294,-0.0513329841196537
-0.0464697480201721,-0.2417429983615875,-0.0614163018763065
0.0217274148017168,-0.2015721499919891,-0.0519354492425918
-0.2054091244935989,-0.1992940455675125,-0.0397193431854248
-0.1997645646333694,-0.2283568531274795,-0.0258557256311178
0.0376578532159328,-0.2018200457096099,0.0325215645134449
0.0131298741325736,-0.1893370151519775,0.0826081708073616
-0.2276896387338638,-0.1592011600732803,0.0895387455821037
-0.2032093256711959,-0.1154462099075317,0.0563970394432544
-0.0145446676760911,-0.108560673892498,0.142206534743309
-0.0790488272905349,-0.0795095860958099,0.1574755012989044
-0.150392860174179,-0.0545542351901531,0.1475185304880142
-0.036640465259552,-0.0281521901488304,0.1865282505750656
0.0973496958613395,0.0522430799901485,0.222152829170227
0.0381404273211956,0.0977732762694358,0.2588629126548767
0.0170710422098636,0.1554029583930969,0.2428781390190124
-0.1420600265264511,0.194713607430458,0.2906776070594787
0.0208321493119001,0.1737000197172165,0.3331621289253235
-0.0075624724850058,0.2136913836002349,0.3406107127666473
-0.0849747061729431,0.2833847403526306,0.3301559686660766
-0.2180549949407577,0.3034191429615021,0.3108767867088318
-0.0567491129040718,0.2556566894054413,0.3067693710327148
0.0973909199237823,0.2466794401407241,0.2784999012947082
-0.0336186215281486,0.2568018734455108,0.249812364578247
-0.014576219022274,0.213433638215065,0.2105379253625869
-0.0020326431840658,0.1759899258613586,0.1833232939243316
0.1008338183164596,0.1498589813709259,0.1537885665893554
0.101422868669033,0.0492843315005302,0.1417580842971801
-0.0136965317651629,0.0207192674279212,0.096254788339138
-0.0242301765829324,0.0162736419588327,0.1397524774074554
-0.016285702586174,-0.0166749861091375,0.1417479813098907
0.0557659082114696,-0.0648110210895538,0.0817959159612655
0.0603087246417999,-0.0816685631871223,-0.0018792715854942
-0.0646290332078933,-0.0873136892914772,-0.0553212352097034
-0.1676845848560333,-0.0903214588761329,-0.0469237565994262
-0.1286806464195251,-0.0719484612345695,0.0343465320765972
-0.0507941171526908,-0.057657141238451,0.1553086340427398
0.0404454320669174,-0.0692971423268318,0.1767003536224365
0.0033350836019963,-0.0852097943425178,0.0771045237779617
0.0004004198126494,-0.0822117924690246,-0.0078664319589734
-0.1163112819194793,-0.0401737950742244,-0.062541663646698
-0.1121765002608299,-0.0423987172544002,-0.0217139311134815
-0.0214628428220748,-0.00530168088153,0.0397196002304554
-0.024499837309122,0.0347875915467739,0.1478549540042877
0.1064358055591583,0.0086167063564062,0.1954685449600219
0.0618603788316249,0.0028543234802782,0.1741628348827362
0.0695270895957946,0.0501568578183651,0.1218072175979614
0.0362077467143535,0.1268625557422638,0.1104645505547523
0.1212294325232505,0.1406295001506805,0.1533688753843307
0.1579095870256424,0.1861220747232437,0.1574528813362121
0.0488262325525283,0.1845137923955917,0.1854355186223983
0.02415382117033,0.1846882104873657,0.1911933124065399
0.0206757318228483,0.2228712737560272,0.1886870115995407
0.0845615193247795,0.2215922772884369,0.2439227104187011
-0.0654591396450996,0.283107578754425,0.2636048197746277
-0.1761811375617981,0.2961817681789398,0.2373328059911728
-0.0679231211543083,0.2637050449848175,0.233853131532669
-0.0305841621011495,0.3078751862049103,0.2751193046569824
0.0093062631785869,0.3027118742465973,0.2736481726169586
0.0669833198189735,0.2820707261562347,0.2411327958106994
0.0891911536455154,0.3293133378028869,0.2034442722797393
-0.1263899803161621,0.3935497403144836,0.2016023397445678
-0.0596192069351673,0.3929361402988434,0.1666574031114578
0.0505821332335472,0.3776277005672455,0.1876580417156219
-0.0365405194461345,0.3722665011882782,0.2223545014858245
-0.009809860959649,0.3240645229816437,0.2431925982236862
0.134203240275383,0.3331765234470367,0.2900788784027099
0.1977849602699279,0.3777566254138946,0.2992982566356659
0.0567194484174251,0.3397775590419769,0.2298747152090072
0.0166181959211826,0.3124990165233612,0.0856177434325218
0.0360795147716999,0.3048863708972931,0.0202382020652294
-0.0048345923423767,0.2697139978408813,0.0636362582445144
0.0181394331157207,0.2150726169347763,0.0069021424278616
0.1403745412826538,0.2127771824598312,0.0160464663058519
-0.0111731793731451,0.2135090231895446,0.0640318319201469
-0.1555485874414444,0.2122884541749954,0.0117803178727626
-0.0439642667770385,0.2206286787986755,-0.0281002521514892
-0.0347486436367034,0.2534838020801544,0.0092919534072279
-0.0149560300633311,0.2407541424036026,0.086131602525711
0.1160449087619781,0.211447924375534,0.0552216134965419
0.0615225434303283,0.2466357350349426,-0.040807981044054
0.0086034126579761,0.2521702647209167,-0.1060863062739372
0.0900926738977432,0.2354421615600586,-0.1461325287818908
0.0977957546710968,0.1691065281629562,-0.173532947897911
0.0295871421694755,0.0999623388051986,-0.1945500820875167
-0.0485904514789581,0.0663177818059921,-0.1949832886457443
0.0047606560401618,0.0911778509616851,-0.1604532748460769
0.0130487624555826,0.0897983014583587,-0.1210038736462593
0.0562457665801048,0.0613725185394287,-0.1228582337498664
0.009114240296185,0.0681615620851516,-0.0929667875170707
-0.0293505955487489,0.1072035059332847,-0.1324558705091476
0.0036743697710335,0.0948804542422294,-0.2521806359291076
0.1621471047401428,0.0556883104145526,-0.2878110706806183
0.0525846555829048,0.0806485265493393,-0.2566371560096741
0.0817880779504776,0.0204877108335495,-0.2891668677330017
0.0539775937795639,-0.0323502346873283,-0.2633549273014068
0.1702219098806381,-0.038927175104618,-0.2109646797180175
0.0435554981231689,-0.0255076847970485,-0.1969826370477676
0.0772868320345878,-0.0505658984184265,-0.1821711957454681
0.2035914361476898,-0.0660551264882087,-0.2499483674764633
0.1661436706781387,-0.1096034049987793,-0.2388307303190231
0.1592758595943451,-0.1375393271446228,-0.2425113171339035
0.0749396681785583,-0.1368072181940078,-0.3030804097652435
0.0124312089756131,-0.1940774619579315,-0.3609116971492767
0.0202798098325729,-0.2170365750789642,-0.3973181843757629
0.0508765280246734,-0.2065974175930023,-0.3926324248313904
-0.044013500213623,-0.1986289769411087,-0.3632175624370575
0.0009001046419143,-0.1934697926044464,-0.3005121946334839
0.1873437613248825,-0.1932607442140579,-0.2323102355003357
0.1422251462936401,-0.1823413968086242,-0.2606658935546875
0.1093998104333877,-0.1901681572198867,-0.3426150977611542
0.068820834159851,-0.1897298246622085,-0.3750435411930084
0.0212546475231647,-0.2205423414707183,-0.3816564381122589
-0.0057281209155917,-0.2287501245737075,-0.3773131668567657
0.2796735465526581,-0.2632835805416107,-0.2753508388996124
0.2710742056369781,-0.2843861579895019,-0.2254484295845031
0.0546540394425392,-0.276717334985733,-0.2438833564519882
0.0031877998262643,-0.2670934200286865,-0.2948657572269439
0.1820289194583892,-0.2396767139434814,-0.3058531582355499
0.1407700926065445,-0.1684649139642715,-0.2835882902145386
0.1309880316257476,-0.1852699965238571,-0.2733588218688965
0.0833060592412948,-0.1872098296880722,-0.2357054948806762
0.0311584286391735,-0.186611145734787,-0.1718455553054809
-0.0299606807529926,-0.1722978502511978,-0.1778358966112136
-0.0082993283867836,-0.1783288419246673,-0.1893439441919326
0.0021516382694244,-0.1858526021242141,-0.1864605098962783
-0.0133740585297346,-0.1451315432786941,-0.1104525551199913
0.0293460860848426,-0.1706138253211975,-0.0721064209938049
-0.1383377164602279,-0.1821852624416351,-0.1492057293653488
-0.3373485207557678,-0.2212321013212204,-0.2672121524810791
-0.2108443677425384,-0.151531845331192,-0.2443854063749313
0.0167632587254047,-0.0868721455335617,-0.1079021394252777
0.0112129654735326,-0.102475069463253,-0.0643309652805328
-0.0995614826679229,-0.1309506595134735,-0.0909916013479232
-0.1053882166743278,-0.1069012433290481,-0.1027286872267723
-0.1980370730161667,-0.0625800415873527,-0.0897761955857276
-0.1094763204455375,-0.0721109583973884,-0.0747841969132423
-0.1113629564642906,-0.0944722592830658,-0.0914662033319473
-0.1621550321578979,-0.0890479311347007,-0.1247610375285148
-0.0906970053911209,-0.0879803672432899,-0.1429013311862945
-0.0977242887020111,-0.101403497159481,-0.1244629472494125
-0.058291770517826,-0.1494757086038589,-0.1297878921031952
-0.2354106158018112,-0.1607099771499633,-0.1068519428372383
-0.125558391213417,-0.1421252787113189,-0.1269648224115371
0.0014725187793374,-0.1392567753791809,-0.1105006113648414
0.0090732341632246,-0.1760016679763794,-0.1005952879786491
-0.0417627803981304,-0.2319703996181488,-0.1560132801532745
-0.1881113648414611,-0.260822594165802,-0.1469507366418838
-0.0211503505706787,-0.2648175954818725,-0.1512347012758255
0.0523460581898689,-0.2661239206790924,-0.0669770911335945
0.1346015036106109,-0.2646937966346741,-0.007433071732521
0.0332151278853416,-0.2914840579032898,-0.0922684147953987
-0.1778121590614318,-0.3185774683952331,-0.1959692388772964
-0.2893911898136139,-0.2980670630931854,-0.2534567713737488
-0.0739835426211357,-0.310501366853714,-0.1698955595493316
0.1316032707691192,-0.293424904346466,-0.0396326631307601
0.1475518643856048,-0.2408655434846878,0.010853411629796
0.1109162345528602,-0.2498512417078018,-0.0308749377727508
-0.0473607517778873,-0.2265469878911972,-0.0580511651933193
0.0330454409122467,-0.2238904237747192,-0.0322335511445999
-0.0535070300102233,-0.1808454841375351,0.0223111845552921
-0.1051156967878341,-0.1704149097204208,0.0599568523466587
0.0343505889177322,-0.210973784327507,0.0842803046107292
0.2557059526443481,-0.1529966443777084,0.1011030599474906
0.2484432607889175,-0.1339055001735687,0.1343715190887451
-0.0043371184729039,-0.1873668283224105,0.1172226518392562
-0.0464659295976161,-0.2029862701892852,-0.0161644369363784
-0.1428570747375488,-0.1517767906188964,-0.0609937570989131
-0.0094433594495058,-0.1098613068461418,0.0590972304344177
0.1072508320212364,-0.1235360354185104,0.1347401887178421
0.1156555041670799,-0.1411877423524856,0.1455068141222
0.0793790370225906,-0.170367032289505,0.0447145365178585
-0.02373350225389,-0.1376546174287796,0.0714454874396324
0.1192888393998146,-0.0354765988886356,0.1296931058168411
-0.145239770412445,-0.0131960585713386,0.2191777229309082
-0.0837951451539993,-0.0656277537345886,0.190392330288887
0.1558379530906677,-0.1016589999198913,0.1233706772327423
-0.0709267184138298,-0.0395133271813392,0.1028094664216041
-0.1236905977129936,-0.0810061693191528,0.0802951008081436
0.1116471514105796,-0.0707737654447555,0.104715995490551
0.1708193868398666,0.0135387182235717,0.1983490139245987
-0.082242950797081,-0.0226486828178167,0.1735385954380035
-0.1189205348491668,-0.0635596290230751,0.1092221811413765
0.0296693928539752,-0.0462210290133953,0.1947332620620727
0.02830052934587,-0.0498189628124237,0.2230144292116165
-0.0240054335445165,-0.0687891095876693,0.1712105721235275
-0.0820117443799972,-0.0427463240921497,0.1401085704565048
-0.1200658529996872,-0.005319844931364,0.178674578666687
0.0387536250054836,-0.0105593474581837,0.1889162957668304
0.0668745189905166,-0.0146412719041109,0.1435145735740661
-0.0084079857915639,-0.0112971402704715,0.1472698897123336
0.0019102010410279,-0.0059527019038796,0.172725960612297
0.0673240944743156,-0.0100752748548984,0.2093593478202819
0.0335240848362445,0.0329824537038803,0.2112016975879669
-0.2091569900512695,0.0398773774504661,0.1998302638530731
-0.1660397201776504,0.0261726733297109,0.1740522533655166
-0.0114117981866002,0.0009658555500209,0.2008926570415496
0.028545569628477,0.0010910448618233,0.2150548696517944
-0.0016413629055023,-0.0116425938904285,0.2290777415037155
0.1203384473919868,-0.0371862277388572,0.1873029768466949
0.0982589796185493,-0.0111809931695461,0.1699636578559875
-0.0456184819340705,-0.0002457173541188,0.1594971418380737
-0.1126585006713867,-0.0033275275491178,0.1433274894952774
0.0134258512407541,0.0099766515195369,0.2621741592884063
-0.0201965570449829,0.0579013004899024,0.4104048907756805
-0.0556615777313709,0.0895069018006324,0.4388945698738098
0.0442770048975944,0.0818359330296516,0.3751608729362488
0.0447938814759254,0.1514253318309784,0.3654163777828216
-0.0379803590476512,0.1608835458755493,0.3334235548973083
-0.1710924357175827,0.1538293957710266,0.2337066084146499
-0.1304043978452682,0.20684415102005,0.212930217385292
-0.0342179425060749,0.255416989326477,0.288226306438446
0.0853987410664558,0.2615760564804077,0.3630491495132446
0.1808968186378479,0.2130419760942459,0.368293285369873
0.0922495126724243,0.2420001178979873,0.3241087794303894
-0.0108775962144136,0.2963828444480896,0.3246657252311706
-0.1976290941238403,0.3268126547336578,0.262613296508789
-0.1195856183767318,0.303246259689331,0.1757815480232238
0.042897030711174,0.2719093859195709,0.1945118308067321
0.1074214279651641,0.2567919492721557,0.2767132520675659
0.0672516375780105,0.2549146711826324,0.2575597763061523
-0.0530475564301013,0.2679237127304077,0.2260292470455169
0.105433166027069,0.3085816502571106,0.2256936877965927
0.1633811444044113,0.2969420552253723,0.2247828841209411
0.0219867434352636,0.2598069310188293,0.1682101637125015
-0.0370418354868888,0.2698422074317932,0.1667777150869369
0.0122591331601142,0.3030928373336792,0.204965054988861
-0.1117801442742347,0.3140069246292114,0.209992915391922
-0.2650469243526459,0.2724538743495941,0.1586042940616607
-0.072367638349533,0.2622002065181732,0.1801071316003799
0.0062603242695331,0.2819491326808929,0.2049102187156677
-0.0409829057753086,0.2913716435432434,0.1355724483728408
0.0098147615790367,0.2379033714532852,0.1096322014927864
0.2808272540569305,0.2597319483757019,0.166981816291809
0.0835112482309341,0.2549347877502441,0.2367148250341415
-0.0111078033223748,0.2277363389730453,0.1980141252279281
0.1216451823711395,0.2022938281297683,0.1688410490751266
0.0337863862514495,0.2260896861553192,0.1964388936758041
-0.0991394370794296,0.2709543704986572,0.1579151898622512
0.1053388342261314,0.2409571558237075,0.1441278904676437
0.282681941986084,0.1974222064018249,0.1596940606832504
0.031864620745182,0.216647982597351,0.1623104810714721
-0.0602421350777149,0.2139073312282562,0.0857177078723907
0.1723380535840988,0.1713406145572662,0.0797948613762855
0.1036125048995018,0.2328982502222061,0.1383196860551834
-0.0503115653991699,0.2557928562164306,0.1152086555957794
-0.0635586678981781,0.2141894996166229,0.0445376820862293
0.0013630122411996,0.2288025617599487,0.073593221604824
0.0445959717035293,0.249695599079132,0.1220797970890998
0.1527822315692901,0.2164032310247421,-0.0070050228387117
0.1554424613714218,0.1717910170555114,-0.1236831694841384
-0.0335479155182838,0.1854157596826553,-0.1607826203107834
0.00809380505234,0.1614206731319427,-0.1801049262285232
0.236809566617012,0.1098607257008552,-0.1706782877445221
0.2397166788578033,0.0604838505387306,-0.1111875250935554
0.2912916243076324,0.0361139960587024,-0.0465286001563072
0.2533607482910156,0.0426760241389274,-0.0662767365574836
0.0937210842967033,0.045301429927349,-0.1799684464931488
0.1846019923686981,0.0096390414983034,-0.2420653700828552
0.1823044717311859,-0.0261807423084974,-0.2761026918888092
0.1332445293664932,-0.0342136360704898,-0.3064834773540497
0.1484818309545517,-0.1076482236385345,-0.3170727789402008
0.166764423251152,-0.1359951794147491,-0.2813203930854797
0.1950114965438842,-0.1448545604944229,-0.2234606593847274
0.0836056098341941,-0.1746643930673599,-0.2558161914348602
-0.0986139178276062,-0.2027041018009185,-0.2592262923717499
-0.0102869858965277,-0.1794467121362686,-0.246772289276123
-0.018169468268752,-0.1390420347452163,-0.1520191133022308
-0.012751268222928,-0.1463281810283661,-0.1498995125293731
-0.032695896923542,-0.1264936476945877,-0.206989049911499
-0.0963835343718528,-0.1314093023538589,-0.232727438211441
-0.0276391580700874,-0.0981722697615623,-0.2726148962974548
-0.0981551334261894,-0.101886048913002,-0.2274253070354461
-0.0712668076157569,-0.1037687435746193,-0.2176953107118606
-0.0667910948395729,-0.0878960341215133,-0.1572394222021103
-0.0331772491335868,-0.0765390992164611,-0.1240981146693229
-0.2311462610960006,-0.0670742243528366,-0.1604481190443039
-0.1868290603160858,-0.0827165096998214,-0.2003661543130874
-0.0606293119490146,-0.1014598384499549,-0.2058400213718414
-0.2040354907512664,-0.0733846276998519,-0.1548347175121307
-0.1323482543230056,-0.1232275515794754,-0.1673390567302703
-0.0346024185419082,-0.1490676552057266,-0.194373145699501
-0.0954689681529998,-0.1352807432413101,-0.1727392226457595
-0.1946283876895904,-0.1023062914609909,-0.1809483617544174
-0.1823440343141555,-0.0796449184417724,-0.1811084300279617
-0.1346697956323623,-0.0749773755669593,-0.1707823723554611
-0.0795580744743347,-0.0580979920923709,-0.1156123280525207
0.0078902086243033,-0.0641482323408126,-0.1061101555824279
-0.0153858195990324,-0.0882727429270744,-0.1154533252120018
-0.0925506204366684,-0.0799119547009468,-0.1139363721013069
-0.0974881201982498,-0.0521298572421073,-0.1317387968301773
-0.1273560225963592,-0.0325711816549301,-0.1265220791101455
-0.0377366542816162,-0.0473173707723617,-0.1291689872741699
0.0224876645952463,-0.0221013650298118,-0.0385229103267192
0.0477517396211624,-0.0342182144522666,-0.0051321992650628
0.0759657844901084,-0.0449395701289176,-0.0187063179910182
-0.0170517731457948,-0.0132173281162977,-0.0169667396694421
-0.0834350734949112,0.066301628947258,-0.0037724925205111
-0.1141852661967277,0.0781367123126983,0.0319556780159473
0.0092749679461121,0.0869175940752029,0.0108877699822187
0.0827342718839645,0.1070425659418106,0.0452239029109478
0.0628889426589012,0.1305288225412368,0.0727395340800285
-0.0556518137454986,0.1020599007606506,0.0669058784842491
0.077652595937252,0.0780482292175293,0.0492291897535324
0.0630100071430206,0.1402231901884079,0.1165949180722236
0.1706483066082,0.1345593333244323,0.1387762874364853
0.1038490384817123,0.1286505758762359,0.0674192756414413
0.1678547263145446,0.10793998837471,0.0873809605836868
0.137401208281517,0.1520845592021942,0.1354177296161651
-0.0168459545820951,0.1067727133631706,0.1443651914596557
0.0164784472435712,0.0743407383561134,0.0734734386205673
0.0557727515697479,0.1103630661964416,0.0476369597017765
0.0595312714576721,0.1109385713934898,0.0199006721377372
0.0169572308659553,0.0922949612140655,-0.0351129323244094
0.0733155757188797,0.0846077501773834,-0.0082922363653779
0.0928418487310409,0.086626686155796,0.0512643158435821
0.1230040043592453,0.0512370057404041,0.0409522913396358
0.0561257004737854,0.0361584648489952,-0.0046711503528058
0.054364550858736,0.0468478612601757,-0.0136601189151406
0.0548870079219341,0.0201344806700944,-0.0347651056945323
0.0180498976260423,-0.0376771539449691,-0.1150141358375549
0.0049012592062354,-0.0369758531451225,-0.1671208441257476
0.0483645796775817,-0.0043681091628968,-0.1195187047123909
-0.0023055211640894,0.0412039048969745,-0.0580979585647583
-0.0541213154792785,0.0695018544793129,-0.0394212082028389
0.0331036560237407,0.0759650915861129,-0.0327825061976909
0.0047159576788544,0.0812338888645172,0.019309988245368
0.0539465844631195,0.0532241351902484,-0.0742210149765014
0.0113751552999019,0.0588154457509517,-0.1146685779094696
0.052811861038208,0.063851810991764,-0.1215663328766822
-0.0902779176831245,0.0458123534917831,-0.1511482000350952
-0.1286191046237945,0.0155743639916181,-0.2227203994989395
-0.0365762487053871,0.0309714302420616,-0.2568219006061554
0.0714470446109771,0.0282782595604658,-0.1531635075807571
0.0839679092168808,0.0113482791930437,-0.1656342893838882
-0.0622573792934417,-0.0194728355854749,-0.2179980874061584
-0.0263486448675394,-0.0522997565567493,-0.2039925158023834
-0.0756269246339798,-0.069812536239624,-0.188525304198265
0.1289983838796615,-0.0993600413203239,-0.208794891834259
0.0332184135913848,-0.147189974784851,-0.249834656715393
0.0469278320670127,-0.1631859838962555,-0.2714669704437256
-0.0091868080198764,-0.1889371424913406,-0.2832197844982147
-0.0227111391723155,-0.1872574836015701,-0.356299340724945
-0.004362225998193,-0.2301865816116333,-0.3699871897697449
-0.0937871783971786,-0.2836410403251648,-0.307401567697525
-0.0755672678351402,-0.2933009266853332,-0.3099320530891418
-0.0850766152143478,-0.2841795980930328,-0.3103451132774353
0.0312731005251407,-0.3104230165481567,-0.2777867317199707
-0.0186457224190235,-0.3344961106777191,-0.3497956693172455
-0.1953996866941452,-0.355598121881485,-0.3498200476169586
-0.2149225324392318,-0.3413339555263519,-0.3426057994365692
-0.0353884808719158,-0.3230423033237457,-0.2870168387889862
-0.1494423598051071,-0.3518704771995544,-0.2814875841140747
-0.1219379156827926,-0.3629634380340576,-0.3292949795722961
-0.1535459011793136,-0.3683736324310303,-0.3030841648578644
-0.2135542929172516,-0.3689356744289398,-0.3164118230342865
-0.1291267573833465,-0.3851532340049743,-0.2619701623916626
0.0061137937009334,-0.3823242485523224,-0.2164820432662964
-0.0168732814490795,-0.3499394059181213,-0.1979086250066757
-0.0010785333579406,-0.3425377607345581,-0.1982480734586715
-0.0183336865156888,-0.3024196624755859,-0.2045437842607498
-0.0758364796638488,-0.2622168064117431,-0.1821569204330444
0.0897120013833046,-0.27138552069664,-0.1697644293308258
0.1622839123010635,-0.2611991763114929,-0.117878183722496
-0.0130391707643866,-0.2266262769699096,-0.0832624211907386
-0.2112932503223419,-0.2096403837203979,-0.0489930622279644
0.0202049557119607,-0.2118428200483322,-0.0297365430742502
0.0132716540247201,-0.1563771814107895,0.0420572347939014
-0.0670274496078491,-0.1044995933771133,0.0717903673648834
-0.0272651072591543,-0.1519194096326828,0.0983842760324478
0.2018301337957382,-0.190048411488533,0.128221794962883
0.0997765958309173,-0.1159383803606033,0.1508518159389495
-0.0960083603858947,-0.0292791165411472,0.1312605291604995
-0.0441052168607711,-0.0628880485892295,0.0315854847431182
0.0249649304896593,-0.1153632402420044,0.0841032862663269
0.1606218367815017,-0.0196808166801929,0.1821953505277633
0.1346168667078018,0.0164726600050926,0.2538809776306152
0.0802207961678505,-0.0291606988757848,0.1452361047267913
-0.0900603905320167,-0.0234580710530281,0.0641396567225456
0.0345197431743145,0.0115887783467769,0.0555694065988063
0.1288166791200637,-0.0076549570076167,0.1482266336679458
0.1786078512668609,-0.0258033499121665,0.1910913437604904
0.0240025706589221,-0.0172298364341259,0.14205002784729
0.013211821205914,-0.0407146364450454,0.1432459652423858
0.016610812395811,-0.0445067100226879,0.1172204911708831
-0.0106766866520047,-0.0537608638405799,0.1268302500247955
-0.0677373111248016,-0.0666582882404327,0.0690473690629005
-0.0833213403820991,-0.0713970065116882,-0.002587002236396
-0.0846577212214469,-0.112101025879383,0.0080986646935343
-0.0261650923639535,-0.1388380974531173,0.0137240467593073
0.1221735104918479,-0.1513211280107498,0.0485360883176326
0.0782887265086174,-0.1307014375925064,0.1256687492132187
0.0529183894395828,-0.1301602721214294,0.1227533966302871
0.0556049533188343,-0.1054551973938942,0.1034662798047065
0.0606907904148101,-0.0772238299250602,0.0932027176022529
0.0732734277844429,-0.0951908454298973,0.1295711100101471
0.1419699490070343,-0.0861731171607971,0.1223571449518203
-0.0981366038322448,-0.0372395925223827,0.1124541610479354
-0.1025009900331497,-0.0321353785693645,0.1302078515291214
0.2040498107671737,-0.0418520979583263,0.1588841378688812
0.1829626411199569,-0.0139429662376642,0.1878231167793274
-0.0410103946924209,-0.0056692976504564,0.158983901143074
-0.2144756615161895,0.0005039093084633,0.1030274331569671
-0.1128003746271133,0.021675469353795,0.1455603688955307
-0.252011775970459,0.0331619493663311,0.1691956520080566
-0.2615272104740143,0.0695115476846695,0.187609925866127
0.12004304677248,0.0393744185566902,0.1827182322740554
0.0212177820503711,0.0289532821625471,0.1825237721204757
-0.2824483513832092,0.1173140332102775,0.1077643111348152
-0.2130720466375351,0.1280906051397323,0.1037165001034736
0.0293339248746633,0.1702670753002166,0.1930477023124694
0.0625627189874649,0.2239281833171844,0.2775271534919739
0.0788705870509147,0.1771276444196701,0.2724778056144714
-0.0721767321228981,0.1539534628391266,0.2647444009780884
-0.1128503903746604,0.2043194323778152,0.2319427728652954
-0.0520866028964519,0.2470791488885879,0.1921977251768112
-0.0006854652892798,0.1862094104290008,0.1327184289693832
-0.0230633150786161,0.1601207852363586,0.136172354221344
-0.0203375704586505,0.1896528452634811,0.1681739538908004
-0.0929576605558395,0.1859955489635467,0.1825203895568847
-0.1608751863241195,0.1639309972524643,0.165708377957344
-0.0747784152626991,0.1547785997390747,0.1614663451910019
0.0608758144080638,0.1598766893148422,0.2127311378717422
0.0390989780426025,0.2009851485490799,0.2095716446638107
0.0132950795814394,0.1563401967287063,0.0979082360863685
0.006649927701801,0.092329517006874,0.0407357849180698
0.0687937214970588,0.1329762786626815,0.0688417181372642
-0.0116545259952545,0.1693676710128784,0.0911942571401596
-0.0768082290887832,0.1193630993366241,0.0688830986618995
0.0706290900707244,0.0778020620346069,0.0385889187455177
0.0820402055978775,0.1022741124033927,0.0902228131890297
-0.0219737105071544,0.1093122288584709,0.0474397465586662
0.025032415986061,0.0528478920459747,-0.0547667816281318
0.1955036371946334,0.0315493419766426,-0.0563508979976177
0.1070589870214462,0.0648242160677909,-0.0160929579287767
-0.0056980671361088,0.0471250228583812,-0.0713955610990524
-0.0212077833712101,0.0133907627314329,-0.0962393879890441
0.0113114854320883,0.0166931767016649,-0.0851911231875419
-0.0643736869096756,0.0057262801565229,-0.0689269304275512
-0.0073677031323313,-0.0232899338006973,-0.1253374367952346
-0.0094766598194837,-0.0159422717988491,-0.0885024517774581
0.1772575378417968,-0.0187596306204795,-0.0893629193305969
0.1007257401943206,-0.0358754992485046,-0.0704518184065818
0.0278915837407112,-0.0386234372854232,-0.0878048911690712
-0.0353813916444778,-0.0341021865606308,-0.1501311212778091
0.1317441463470459,-0.073313683271408,-0.1442855894565582
0.209646925330162,-0.0730476304888725,-0.1468430161476135
0.1278236806392669,-0.0614801906049251,-0.1383051872253418
0.082375518977642,-0.0948559939861297,-0.1379251480102539
0.1264352351427078,-0.1145826429128646,-0.1386896669864654
0.130194291472435,-0.1185401007533073,-0.0855646654963493
-0.0674860849976539,-0.1216160580515861,-0.1301262527704239
-0.0775147527456283,-0.1707673519849777,-0.1802773028612136
0.054242730140686,-0.1616998314857483,-0.1611517816781997
0.0457562990486621,-0.0919796079397201,-0.1272590607404709
0.0516945458948612,-0.1204181835055351,-0.1246483251452446
0.1168394610285759,-0.1718004196882248,-0.1567290276288986
0.0442007258534431,-0.1699920147657394,-0.1166923195123672
-0.0593019612133502,-0.1413385421037674,-0.1343892961740493
-0.1476117670536041,-0.1615496128797531,-0.1638253778219223
-0.0834021568298339,-0.1708717495203018,-0.1393064558506012
-0.0422288663685321,-0.1212467700242996,-0.0221735667437315
0.0418620407581329,-0.0881751030683517,0.0332010090351104
0.1072900593280792,-0.1140934154391288,-0.0094848787412047
0.0679269433021545,-0.0817501246929168,0.0025965510867536
0.0217812433838844,-0.0456706881523132,-0.0125796627253293
-0.1150722131133079,-0.0374260768294334,-0.0541992746293544
-0.0387390255928039,-0.0142980515956878,-0.0326537825167179
-0.0869172140955925,0.0225896574556827,0.0461547449231147
-0.1221129074692726,0.010660208761692,0.0479713678359985
-0.0827900022268295,-0.0065619209781289,0.0591609068214893
-0.0505472980439662,0.0418226681649684,0.0834512785077095
-0.1021692082285881,0.0592024624347686,0.0981857478618621
-0.1332473307847976,0.0487568341195583,0.0072605414316058
-0.1367333978414535,0.0782875567674636,-0.0281901285052299
0.137852668762207,0.0908908694982528,0.0459792949259281
0.1815756559371948,0.106090597808361,0.100476361811161
-0.0309132821857929,0.0956574827432632,0.0980227068066597
-0.1539827436208725,0.1317201554775238,0.0621360801160335
-0.0488439947366714,0.1837689876556396,0.0785450860857963
0.0864105001091957,0.162293791770935,0.0599860437214374
0.0778824314475059,0.13283371925354,0.0029189367778599
0.0053525771945714,0.0959324240684509,-0.002835355233401
-0.0298707820475101,0.0713629871606826,0.0237466655671596
-0.048952329903841,0.0656268000602722,-0.0031488628592342
-0.0610232315957546,0.0320234894752502,-0.0325788930058479
0.139505073428154,-0.0060384096577763,-0.0457852482795715
0.2409507930278778,0.0048224027268588,-0.0278980042785406
0.056669645011425,-0.0012578601017594,-0.0777726173400878
-0.1797766834497451,-0.0104686068370938,-0.1289862543344497
-0.0271341428160667,-0.05243656411767,-0.1266602575778961
-0.0409314893186092,-0.0585866682231426,-0.061870876699686
-0.0136713739484548,-0.073193572461605,-0.0632948651909828
-0.052211906760931,-0.1153371483087539,-0.1147589311003685
-0.0467886440455913,-0.1122721135616302,-0.0923441648483276
0.0241684839129447,-0.120593138039112,-0.1337454915046692
0.1072820127010345,-0.1670671552419662,-0.2018097639083862
0.1045297756791114,-0.1929590255022049,-0.2074282020330429
0.0116898519918322,-0.1691232025623321,-0.1590204536914825
-0.0995196625590324,-0.1626994907855987,-0.1300984621047973
-0.0866267681121826,-0.1856242418289184,-0.157860592007637
-0.0590358451008796,-0.2049322575330734,-0.1621510535478592
0.031618159264326,-0.2349346280097961,-0.1311803460121154
0.0694316551089286,-0.2384223937988281,-0.1615115255117416
-0.0878013744950294,-0.2140283733606338,-0.1786084771156311
0.0429511591792106,-0.2239905297756195,-0.212947204709053
0.1067194864153862,-0.2456841170787811,-0.1873568892478943
-0.0471014194190502,-0.2173356562852859,-0.1967865228652954
-0.0585399642586708,-0.2266042679548263,-0.1954791843891143
0.0356342159211635,-0.2368111908435821,-0.1106970310211181
0.0544438548386096,-0.2188252657651901,-0.0287166722118854
0.0817649140954017,-0.2162275165319442,-0.031937088817358
0.0896329581737518,-0.2058925777673721,-0.0354221016168594
0.0036040409468114,-0.1581553369760513,-0.0634339079260826
0.005874385125935,-0.1411332041025161,-0.068127728998661
-0.0392688959836959,-0.1462390273809433,-0.0279831998050212
0.0207017660140991,-0.1114011481404304,-0.0046291411854326
0.037427507340908,-0.0686146318912506,0.0186624675989151
0.0344354435801506,-0.0466387644410133,0.0208151005208492
-0.0368448011577129,-0.0321612767875194,0.0352547205984592
0.0206051766872406,-0.0205493606626987,0.0721333771944046
0.0984741672873497,-0.0122960582375526,0.127930998802185
0.0400196425616741,-0.0062285792082548,0.1174080446362495
-0.1850123554468155,-0.0153765305876731,0.0932765826582908
-0.0846458151936531,-0.0025590020231902,0.0691792368888855
0.0104669537395238,0.0380948632955551,0.1204526275396347
0.1720742285251617,0.0075412164442241,0.1123156026005745
0.1636036187410354,-0.0072191720828413,0.0660126209259033
0.0719549283385276,0.0087898895144462,0.1123662665486335
0.201639637351036,0.0393501855432987,0.150322750210762
0.150478720664978,0.0408950820565223,0.136220246553421
0.0137740522623062,0.0265150070190429,0.114306129515171
0.0241262912750244,0.0124995876103639,0.1286270171403885
-0.0706175416707992,0.0322538502514362,0.158056303858757
-0.0072231190279126,0.0203628372400999,0.1017493531107902
-0.0334113202989101,0.0185803826898336,0.0714638978242874
0.0010449241381138,0.0436122342944145,0.0977716669440269
-0.0558853708207607,0.0848071500658989,0.134911835193634
0.0644681975245475,0.071404255926609,0.1048958748579025
0.0310261733829975,0.0624283552169799,0.1029721945524215
-0.078789010643959,0.0943114534020423,0.0947475582361221
-0.0743561387062072,0.0995982661843299,0.0868671387434005
-0.0710045546293258,0.081413134932518,0.0858250483870506
-0.0564636699855327,0.0684258565306663,0.1050057932734489
-0.102414384484291,0.0679347738623619,0.0824400335550308
-0.0643076449632644,0.0871180742979049,0.0623373463749885
-0.0770985335111618,0.0845206901431083,0.0170614812523126
-0.0352185517549514,0.0712561085820198,0.0011242325417697
-0.0728205218911171,0.0717631727457046,0.0210132524371147
-0.0270688533782959,0.064133308827877,-0.0140539882704615
-0.0871220752596855,0.0472201034426689,-0.0262976046651601
-0.0667177215218544,0.0351581163704395,-0.0004985115956515
-0.0157746411859989,0.0051213870756328,0.0174392089247703
0.0290086399763822,-0.0065967142581939,0.0104941921308636
-0.0243147667497396,0.0038063912652432,-0.0219143480062484
0.0997908487915992,-0.0281303077936172,-0.0404238365590572
-0.0226045735180377,-0.0456704199314117,-0.0271559674292802
-0.0644886493682861,-0.043025366961956,-0.0484535172581672
-0.0608177483081817,-0.1003515049815177,-0.0698823779821395
-0.155692920088768,-0.0874928757548332,-0.0872642174363136
-0.1469431072473526,-0.0774564892053604,-0.0270394869148731
0.0305186733603477,-0.0862003564834594,-0.0014140643179416
0.0564053989946842,-0.1008248403668403,-0.0198221001774072
0.0011353089939802,-0.129468023777008,-0.0513399951159954
0.0020815304014831,-0.0835354253649711,-0.0551571063697338
-0.079293668270111,-0.1035534217953682,-0.0247948355972766
-0.1260020583868026,-0.1024340987205505,-0.0391506031155586
-0.0364209115505218,-0.1212729513645172,-0.0138103896751999
-0.0177449602633714,-0.1099864766001701,0.0047345329076051
-0.0664856359362602,-0.1044366136193275,-0.011696808040142
0.0037919906899333,-0.1072715520858764,-0.0505555234849453
0.1527670919895172,-0.075489655137062,-0.033068660646677
0.1689710915088653,-0.0979435667395591,0.0167478956282138
0.1040737181901931,-0.0819043293595314,0.0244388096034526
0.0358528532087802,-0.0623908154666423,0.0283222310245037
0.1115665659308433,-0.0622145049273967,0.0896339789032936
0.1217939034104347,-0.0304728243499994,0.0889665931463241
0.0089621637016534,-0.0027200216427445,0.0531199127435684
0.0246929228305816,-0.0193871483206748,0.0434276051819324
-0.0992074534296989,0.04638547077775,0.1432132869958877
0.0805766955018043,0.1021331548690795,0.172150656580925
0.0511930622160434,0.0940490439534187,0.1715566366910934
0.0036495113745331,0.0708297416567802,0.1103609278798103
0.0152931353077292,0.082951545715332,0.0870443359017372
0.0593889541923999,0.0899751037359237,0.1031844243407249
0.0862947106361389,0.0724657997488975,0.119378387928009
0.0950245484709739,0.0426855348050594,0.1179112493991851
0.0626427009701728,0.0507240295410156,0.1359665840864181
0.1584352701902389,0.0621607080101966,0.1446617990732193
0.2052943706512451,0.0662843436002731,0.1575121432542801
0.1377097368240356,0.0295827873051166,0.1316765546798706
0.1411613821983337,-0.0411506779491901,0.0763729736208915
0.1842300295829773,-0.0310865920037031,0.0531896203756332
0.0782930552959442,-0.0193723328411579,0.0075131957419216
0.057698830962181,-0.0227912999689579,-0.0050462721846997
0.0280603021383285,-0.0502159893512725,0.0429776459932327
-0.0274373106658458,-0.0746635422110557,0.0178706962615251
-0.0883569419384002,-0.0412812642753124,-0.0343073680996894
-0.1725187003612518,-0.009463146328926,-0.0381106287240982
-0.1158911809325218,0.0179097093641757,-0.0145870568230748
0.0060248747467994,0.0170878581702709,0.0191285647451877
-0.1113386899232864,0.0096189361065626,0.0305270235985517
-0.0889862477779388,0.0193874109536409,-0.0420086979866027
-0.1850699186325073,-0.0061222128570079,-0.0336394235491752
-0.1706744730472564,0.0001612487249076,-0.0837609097361564
-0.0714154988527298,-0.0146302143111824,-0.0227953940629959
0.0022757600527256,0.0105297323316335,9.2543195933e-06
-0.0278842970728874,-0.0116962166503071,-0.0394969098269939
0.1364068984985351,-0.0615663044154644,-0.0369011238217353
0.1346021145582199,-0.0705731064081192,0.013856928795576
0.0870258063077926,-0.0498601011931896,0.0075582866556942
0.0921643748879432,-0.0506180375814437,0.0046024438925087
0.1538644880056381,-0.0650766044855117,0.0220938213169574
-0.039793487638235,-0.0536709986627101,-0.046488769352436
-0.0630218386650085,-0.0099046090617775,-0.146919772028923
-0.0288974251598119,-0.014705492183566,-0.1019728556275367
-0.0132473595440387,-0.038855567574501,-0.0296291448175907
-0.0882970169186592,0.0420322716236114,0.0050594424828886
-0.2012480646371841,0.0971767529845237,-0.0096225645393133
-0.2833620309829712,0.1112946048378944,0.0049548610113561
-0.1554067283868789,0.0890436321496963,0.0368661880493164
-0.1651187390089035,0.0925488844513893,0.0707940384745597
-0.0987602174282074,0.0729341655969619,0.0478506386280059
-0.0053588198497891,0.0697508007287979,0.0562802292406559
0.0746132433414459,0.0789581462740898,0.0850421041250228
0.1229205876588821,0.0191283747553825,0.0687648504972457
0.0267043132334947,0.0365619584918022,0.0407678373157978
-0.0441996827721595,0.0248965136706829,0.0487170964479446
-0.0875199884176254,0.04842234775424,0.0870431810617446
-0.0067477505654096,0.0244595725089311,0.1578442305326461
0.0214620493352413,0.0599938631057739,0.1417669951915741
-0.0213342308998107,0.0910823717713356,0.0781243592500686
-0.0179847721010446,0.1070679947733879,0.0449722632765769
0.0772434622049331,0.0925367176532745,0.032438650727272
0.0511282347142696,0.0807082876563072,-0.0107871145009994
-0.0205222479999065,0.1159781292080879,-0.0055734440684318
-0.0677627325057983,0.1294121742248535,0.0483904518187046
-0.0554283708333969,0.0944460332393646,0.017212975770235
-0.0186554454267025,0.0428621992468833,0.0288499239832162
-0.0378556884825229,0.0453697405755519,0.0244725923985242
-0.0013552032178267,-0.0182105656713247,-0.049232255667448
0.0327206663787364,0.1104260608553886,-0.0619353801012039
-0.0966932475566864,0.1155145615339279,-0.0342030860483646
-0.1079740822315216,0.0275694373995065,-0.027544243261218
-0.1376978754997253,-0.0713771134614944,-0.0276294648647308
0.0580530986189842,-0.1278884261846542,-0.0505075976252555
0.0378002896904945,-0.0693326964974403,-0.0190010722726583
0.1283838748931884,0.0065451147966086,0.0797662064433097
0.0185742955654859,0.0667605176568031,0.1222817152738571
-0.0507927164435386,0.0253543984144926,0.105453573167324
0.0444429889321327,-0.0263434164226055,0.0667905956506729
0.0424898527562618,0.0466471724212169,0.0647358894348144
-0.0774344205856323,0.2318753600120544,0.0285443309694528
-0.042633831501007,0.1628352999687194,0.0896132737398147
0.0151290679350495,0.1454467177391052,-0.0058005931787192
0.0780839696526527,0.1787722706794738,-0.0067987898364663
0.0956850722432136,0.1642926633358001,-0.0172852538526058
0.0095535516738891,0.0580747090280056,-0.0185221061110496
0.0063098208047449,0.1003595739603042,0.0248906165361404
0.0126967187970876,0.1284299045801162,0.0610547326505184
0.0893829688429832,-0.0162548404186964,0.0743132755160331
0.0954764559864997,-0.1418759524822235,-0.0395288653671741
0.1136237680912017,-0.1281020939350128,-0.1408458948135376
-0.0275761447846889,0.045710626989603,-0.1576283127069473
-0.1156908199191093,0.0549571216106414,-0.0384348109364509
-0.0822320282459259,-0.0488568022847175,-0.0525336042046546
0.0409652702510356,-0.1422972679138183,-0.1282323598861694
0.1370362192392349,-0.0899529382586479,-0.1703531891107559
0.1256461441516876,0.0293675977736711,-0.084288865327835
0.0361021645367145,0.0641567409038543,0.0428539216518402
-0.1014932468533515,0.0601044744253158,0.0748882889747619
-0.1214698776602745,0.0202478785067796,0.0739543512463569
-0.0500284507870674,0.0376447141170501,0.0482620410621166
0.0798418372869491,0.0510450229048728,0.0200132429599761
-0.0111264176666736,0.1089698448777198,-0.0367056988179683
-0.0466885864734649,0.1125232130289077,-0.0242305230349302
-0.0451117269694805,0.0437236465513706,-0.0265298970043659
0.0601885132491588,-0.0295587386935949,-0.1222717091441154
-0.1283643543720245,0.0053337314166128,-0.1546701192855835
-0.2094829231500625,0.0293290801346302,-0.0307319145649671
0.0397894904017448,-0.1678292602300644,-0.0348699316382408
0.0655823647975921,-0.2423340529203415,-0.2172859907150268
-0.0032614155206829,-0.1002376228570938,-0.1826763451099395
-0.0620371960103511,-0.0690138339996337,-0.1047946736216545
-0.0147386575117707,-0.2455662339925766,-0.1649506986141204
0.1306191682815551,-0.2980031669139862,-0.3035949766635895
0.054381389170885,-0.1577794700860977,-0.31850466132164
-0.2300896495580673,-0.0845934972167015,-0.1846543848514557
-0.1070580035448074,-0.231964036822319,-0.1081417575478553
-0.0407084561884403,-0.2804698646068573,-0.1167665794491767
0.0050060348585247,-0.16269451379776,-0.1901286840438842
-0.0499791987240314,-0.0965674221515655,-0.2013128697872162
-0.0199230276048183,-0.1656745821237564,-0.133894681930542
-0.0433611385524272,-0.1922365128993988,-0.0731386244297027
-0.0272000152617692,-0.1297704726457595,-0.0139472037553787
0.167687326669693,-0.1947693675756454,-0.0738839134573936
0.1466598063707351,-0.2629457712173462,-0.1372165381908416
0.0489810369908809,-0.1614695489406585,-0.120632067322731
-0.0185561962425708,-0.057158850133419,0.0069871433079242
-0.1357460170984268,0.017600430175662,0.1079930141568183
-0.1738135069608688,-0.0053054182790219,0.1098718792200088
-0.1301156729459762,-0.0712747573852539,0.0682290494441986
-0.0261120423674583,-0.0098177911713719,0.0307975206524133
0.07781782746315,0.065303586423397,0.0882481932640075
0.065761961042881,0.066566988825798,0.033668577671051
0.0123642571270465,0.022673575207591,0.0624270625412464
-0.0397237129509449,0.0713324546813964,0.1398230493068695
0.1281068325042724,-0.0192283410578966,0.175802543759346
-0.0642325207591056,0.0458981953561306,0.1219646111130714
-0.0776927471160888,0.0681391507387161,0.1461793780326843
0.0657794624567031,0.0044962563551962,0.1406458616256714
0.1047414243221283,-0.0155253000557422,0.1040597781538963
-0.0131916077807545,0.1883759051561355,0.1780093759298324
0.0391498878598213,0.2013577371835708,0.2533326148986816
0.0851890221238136,-0.0079584633931517,0.1634101569652557
0.1226533874869346,-0.0288257524371147,0.0574113763868808
0.1883637011051178,0.0460399687290191,0.1485897451639175
0.1153573989868164,0.1112791672348976,0.2441693246364593
-0.042495347559452,0.1540343463420868,0.2598577439785003
-0.067002035677433,0.1441068798303604,0.2982223629951477
0.0214141122996807,0.1281753182411193,0.2522847056388855
0.1005912870168685,0.1786032319068908,0.2501936554908752
-0.0178765095770359,0.2457239329814911,0.2421482503414154
-0.1044549643993377,0.2115991860628128,0.3198727071285248
0.0163225792348384,0.2285520732402801,0.2331580519676208
0.1060114577412605,0.2099765241146087,0.2156554907560348
0.0905022695660591,0.2897999882698059,0.1736523807048797
-0.2734444141387939,0.3886066377162933,0.2760206758975982
-0.3009476959705353,0.3509980142116546,0.3955393433570862
-0.1120699942111969,0.243038609623909,0.3611525893211365
0.0703256502747535,0.2956320345401764,0.222302570939064
0.0449498929083347,0.4408257901668548,0.1527769416570663
-0.1071280539035797,0.4662057161331177,0.2813407778739929
0.0435032658278942,0.2999038398265838,0.2608495354652405
0.1851733177900314,0.1724167317152023,0.0701981037855148
0.1478608399629593,0.1702100336551666,-0.0134022030979394
0.0472548678517341,0.1859037727117538,0.1163422092795372
0.0195613652467727,0.1662422865629196,0.1915353834629058
-0.0742415562272071,0.2060679942369461,0.1817783564329147
-0.0527143999934196,0.2109483927488327,0.0878739804029464
0.0200631376355886,0.0766973719000816,0.0422609560191631
0.050817172974348,0.0634121149778366,-0.0395467095077037
0.0984992086887359,0.1178473979234695,-0.0216417480260133
0.0634944587945938,0.1675650626420974,0.0333587564527988
0.0743766650557518,0.0393535643815994,-0.0436558648943901
0.0256149098277091,0.0054590762592852,-0.1164209395647049
-0.0438472554087638,0.0944483429193496,-0.0698925852775573
-0.1570118069648742,0.1209192723035812,-0.0037579606287181
-0.1080844774842262,0.0719360187649726,0.00755062000826
0.0102238673716783,-0.0308980476111173,-0.0847560763359069
-0.1033634170889854,0.0824969559907913,-0.183825671672821
-0.0255185924470424,0.1109902933239936,-0.0559435039758682
0.1278981268405914,0.0272221565246582,-0.0465135164558887
0.0361572913825511,-0.0559116080403327,-0.171507641673088
-0.067203976213932,0.0436757020652294,-0.2230110466480255
-0.0239385683089494,-0.040061816573143,-0.1702037900686264
