time,seconds_elapsed,z,y,x
1789141052139389000,0.044388916015625,-0.15374398231506348,-0.01634303107857704,0.025982828810811043
1789141052149361000,0.05436083984375,-0.10062994062900543,-0.008652369491755962,-0.012501723133027554
1789141052159332900,0.064332763671875,-0.14913354814052582,-0.010269707068800926,-0.006755953188985586
1789141052169306000,0.07430615234375,-0.16238933801651,-0.0499429777264595,0.012324610725045204
1789141052179277800,0.08427783203125,-0.10353747755289078,-0.048573315143585205,0.0239181499928236
1789141052189250000,0.09425,-0.09432879835367203,-0.007453460246324539,0.0068490346893668175
1789141052199223000,0.10422314453125,-0.13816149532794952,-0.05968337506055832,0.019397316500544548
1789141052209195000,0.114195068359375,-0.11717213690280914,-0.03944101557135582,-0.029886584728956223
1789141052219168000,0.12416796875,-0.1288282722234726,-0.04721691459417343,-0.059812527149915695
1789141052229140000,0.134139892578125,-0.18405868113040924,-0.08810169994831085,0.03776886686682701
1789141052239112000,0.14411181640625,-0.13598676025867462,-0.053573284298181534,0.009993961080908775
1789141052249085000,0.1540849609375,-0.09210135042667389,-0.041761524975299835,0.005339836701750755
1789141052259057200,0.16405712890625,-0.1237008273601532,-0.054460275918245316,0.053421881049871445
1789141052269028900,0.17402880859375,-0.11786380410194397,-0.04897624999284744,0.0715055763721466
1789141052279001900,0.184001953125,-0.10070426017045975,-0.02712394669651985,0.0540887676179409
1789141052288974000,0.19397412109375,-0.04017038643360138,0.001794357318431139,-0.06273730844259262
1789141052298945800,0.20394580078125,-0.02903490886092186,-0.04100264236330986,-0.016310948878526688
1789141052308919000,0.2139189453125,0.00849149003624916,-0.03296063840389252,-0.0417509563267231
1789141052318891000,0.22389111328125,0.024209734052419662,-0.0019057835452258587,-0.02116605080664158
1789141052328863000,0.233863037109375,0.013964060693979263,0.0013029566034674644,-0.015523756854236126
1789141052338836000,0.2438359375,0.0321129709482193,0.005416474770754576,-0.005568061955273151
1789141052348808000,0.253807861328125,0.0592750608921051,0.03089599683880806,-0.01610339619219303
1789141052358781000,0.263781005859375,0.08849260210990906,0.04992534965276718,-0.02782529778778553
1789141052368753000,0.2737529296875,0.06727709621191025,0.05038289353251457,-0.0012429498601704836
1789141052378725000,0.28372509765625,0.03131376951932907,0.0211283341050148,0.07360944896936417
1789141052388697900,0.29369775390625,0.14414812624454498,0.04485240578651428,-0.003179192077368498
1789141052398670000,0.303670166015625,0.16707688570022583,0.08101786673069,-0.060341015458106995
1789141052408642000,0.31364208984375,0.13326512277126312,0.047277748584747314,-0.014971403405070305
1789141052418614800,0.32361474609375,0.11552022397518158,0.03870529681444168,0.022028427571058273
1789141052428587000,0.3335869140625,0.09320952743291855,0.06125342845916748,-0.039618268609046936
1789141052438559000,0.34355908203125,0.1312437355518341,0.03857048600912094,-0.05680364742875099
1789141052448532000,0.353531982421875,0.053332991898059845,0.018115710467100143,0.06009060516953468
1789141052458504000,0.36350390625,0.09761284291744232,0.024018075317144394,0.04098375514149666
1789141052468477000,0.373476806640625,0.12017816305160522,0.008915779180824757,0.003558856202289462
1789141052478449000,0.383448974609375,0.06402567028999329,-0.011845159344375134,0.05363054573535919
1789141052488420900,0.3934208984375,0.05914532393217087,-0.03583700954914093,0.05267409607768059
1789141052498394000,0.40339404296875,0.14402292668819427,0.0031431452371180058,-0.03881986811757088
1789141052508365800,0.41336572265625,0.09287115931510925,-0.012169810011982918,-0.006481935270130634
1789141052518338000,0.423338134765625,0.07740432024002075,-0.015805291011929512,-0.03994215652346611
1789141052528311000,0.43331103515625,0.03421403095126152,0.00173967145383358,-0.01573364809155464
1789141052538282800,0.44328271484375,0.1578313112258911,0.02972257137298584,-0.09817605465650558
1789141052548255000,0.4532548828125,0.1150774210691452,0.07691308856010437,-0.06984281539916992
1789141052558228000,0.46322802734375,0.11982477456331253,0.09720131009817123,-0.050233691930770874
1789141052568200000,0.473199951171875,0.10097669810056686,0.0877949669957161,0.048193834722042084
1789141052578173000,0.4831728515625,0.25122904777526855,0.13429881632328033,-0.027388274669647217
1789141052588145000,0.493144775390625,0.2526480257511139,0.14714112877845764,0.012126779183745384
1789141052598116900,0.503116943359375,0.21738988161087036,0.15587149560451508,0.008478248491883278
1789141052608089900,0.51308984375,0.21174819767475128,0.18817958235740662,0.039817824959754944
1789141052618062000,0.52306201171875,0.19108952581882477,0.2069695144891739,-0.005584544036537409
1789141052628033800,0.53303369140625,0.22224582731723785,0.19950494170188904,-0.022551946341991425
1789141052638007000,0.543007080078125,0.22816896438598633,0.18703468143939972,0.017651397734880447
1789141052647979000,0.55297900390625,0.1919965147972107,0.18049082159996033,0.024615874513983727
1789141052657951000,0.562950927734375,0.1951022893190384,0.18842411041259766,0.00899217464029789
1789141052667924000,0.572924072265625,0.2093849927186966,0.1948843002319336,-0.020172448828816414
1789141052677896000,0.58289599609375,0.17356973886489868,0.1708676517009735,-0.03132603317499161
1789141052687869200,0.592869140625,0.06247308850288391,0.1466265469789505,0.017647605389356613
1789141052697841000,0.6028408203125,0.11343187838792801,0.12127271294593811,-0.020854514092206955
1789141052707813000,0.612813232421875,0.012421578168869019,0.10913663357496262,0.08041448146104813
1789141052717786000,0.6227861328125,0.05547823756933212,0.07656989991664886,0.04827731102705002
1789141052727757800,0.6327578125,-0.009523196145892143,0.06786424666643143,0.08841156959533691
1789141052737730000,0.64272998046875,-0.03543708473443985,0.04301215335726738,0.03381491079926491
1789141052747703000,0.652703125,-0.10587196052074432,0.01643354445695877,0.06603802740573883
1789141052757675000,0.662675048828125,-0.08539331704378128,0.01878138817846775,-0.009551272727549076
1789141052767647000,0.67264697265625,-0.02413211017847061,-0.014139167964458466,-0.029807794839143753
1789141052777620000,0.682619873046875,-0.03876085579395294,-0.014331182464957237,0.010418187826871872
1789141052787592000,0.692592041015625,-0.06308034807443619,0.00377734936773777,-0.004084975458681583
1789141052797564000,0.70256396484375,-0.037139564752578735,0.012907198630273342,-0.04939839616417885
1789141052807537200,0.712537109375,-0.048829756677150726,0.002645779401063919,-0.009963501244783401
1789141052817508900,0.7225087890625,-0.007288705557584763,-0.009194901213049889,0.04535035416483879
1789141052827482000,0.732482177734375,0.003257353324443102,0.05504288151860237,0.03490399569272995
1789141052837454000,0.7424541015625,0.050862155854701996,-0.002059816848486662,0.05494508147239685
1789141052847426000,0.752426025390625,0.007342098280787468,0.03782273828983307,0.06696541607379913
1789141052857399000,0.76239892578125,-0.0031563490629196167,0.009624654427170753,0.08484161645174026
1789141052867371000,0.77237109375,-0.016526643186807632,0.07722511142492294,0.03769468888640404
1789141052877343000,0.782343017578125,0.045614223927259445,0.06312207132577896,-0.03729087486863136
1789141052887316000,0.79231591796875,-0.007621351629495621,0.06673208624124527,0.017899684607982635
1789141052897288200,0.8022880859375,-0.0506172850728035,0.038946256041526794,0.05212769657373428
1789141052907260000,0.812260009765625,0.06477727741003036,0.06263752281665802,-0.011882071383297443
1789141052917233000,0.82223291015625,-0.03388218954205513,0.029165318235754967,0.145579993724823
1789141052927205000,0.832205078125,0.02035324089229107,0.07456611841917038,0.040137141942977905
1789141052937177900,0.842177734375,0.014265520498156548,0.0908697247505188,-0.027573462575674057
1789141052947150000,0.852150146484375,-0.03313467279076576,0.13148419559001923,-0.09636802226305008
1789141052957121800,0.862121826171875,-0.028105027973651886,0.033919557929039,0.07811084389686584
1789141052967094800,0.8720947265625,-0.01418063510209322,0.05834227427840233,-0.011279146187007427
1789141052977067000,0.88206689453125,0.0662526860833168,0.04064130410552025,-0.031451258808374405
1789141052987039000,0.8920390625,0.10514479130506516,0.0975467711687088,0.03723014518618584
1789141052997012000,0.902011962890625,-0.05682999640703201,0.16587309539318085,0.06124839931726456
1789141053006984000,0.91198388671875,-0.006487672217190266,0.10386502742767334,-0.01704401709139347
1789141053016956000,0.921955810546875,-0.02567548304796219,0.1285032480955124,-0.1049637496471405
1789141053026929000,0.931928955078125,-0.0962543934583664,0.12142276763916016,-0.018393801525235176
1789141053036901000,0.941901123046875,-0.10554110258817673,0.09082411229610443,0.03578288480639458
1789141053046874000,0.9518740234375,0.0038284286856651306,0.08127684146165848,-0.03076532669365406
1789141053056845800,0.961845703125,-0.008506002835929394,0.09795595705509186,0.002918333513662219
1789141053066818000,0.971818115234375,-0.08188246935606003,0.09887488931417465,0.016296569257974625
1789141053076791000,0.981791015625,-0.07433027774095535,0.018995238468050957,0.06815044581890106
1789141053086763000,0.991762939453125,-0.1262509822845459,0.07203582674264908,-0.0028090765699744225
1789141053096734700,1.001734619140625,-0.1778033822774887,-0.025145580992102623,0.11589173972606659
1789141053106707700,1.011707763671875,-0.15138621628284454,0.051858220249414444,0.003138302592560649
1789141053116680000,1.021679931640625,-0.17187924683094025,-0.0006353501230478287,0.08717647939920425
1789141053126651600,1.031651611328125,-0.18076321482658386,0.0638590157032013,-0.21230000257492065
1789141053136625000,1.041625,-0.2565660774707794,0.0687834694981575,-0.3018117845058441
1789141053146596900,1.051596923828125,-0.2658469080924988,0.04159461334347725,-0.07721729576587677
1789141053156568800,1.06156884765625,-0.1818542778491974,0.03917353227734566,-0.09769673645496368
1789141053166541800,1.071541748046875,-0.09292775392532349,-0.03237670287489891,-0.06470900774002075
1789141053176513800,1.081513671875,-0.13991336524486542,-0.02719498798251152,0.02050761878490448
1789141053186487000,1.091487060546875,-0.10395075380802155,0.0038373260758817196,0.1305704116821289
1789141053196458800,1.101458740234375,-0.09923882782459259,0.03383836895227432,0.06363745033740997
1789141053206431000,1.111430908203125,-0.16677320003509521,0.04718831554055214,0.024675846099853516
1789141053216403700,1.12140380859375,-0.3627709448337555,0.0019907429814338684,0.1266147345304489
1789141053226376000,1.1313759765625,-0.28894704580307007,-0.003248486202210188,0.09358101338148117
1789141053236348000,1.141347900390625,-0.17147980630397797,-0.006365450099110603,0.08099251985549927
1789141053246320600,1.151320556640625,-0.11726056039333344,-0.03677945211529732,0.0348370186984539
1789141053256292900,1.16129296875,-0.13108263909816742,-0.04113931208848953,0.02199738472700119
1789141053266264800,1.171264892578125,-0.07499543577432632,0.026187743991613388,-0.05647049844264984
1789141053276237800,1.18123779296875,-0.1208161860704422,0.07626928389072418,-0.06207751855254173
1789141053286209800,1.191209716796875,-0.10662008076906204,0.07076358050107956,-0.1099095344543457
1789141053296182800,1.201182861328125,-0.07185997068881989,0.07192178815603256,-0.08900000154972076
1789141053306154800,1.21115478515625,-0.0942913070321083,0.05640482157468796,-0.009012594819068909
1789141053316126700,1.221126708984375,-0.09730733931064606,0.03952198103070259,0.024157077074050903
1789141053326100000,1.231099853515625,-0.10548590868711472,0.023489220067858696,0.09064182639122009
1789141053336071700,1.24107177734375,-0.1268569678068161,-0.006528601050376892,0.16682767868041992
1789141053346044000,1.2510439453125,-0.15104562044143677,-0.009079186245799065,0.14069874584674835
1789141053356017000,1.261016845703125,-0.18780656158924103,-0.026815306395292282,0.10939489305019379
1789141053365988600,1.270988525390625,-0.19828368723392487,-0.023002974689006805,0.07424070686101913
1789141053375960800,1.2809609375,-0.17804579436779022,-0.002820207504555583,-0.02668377384543419
1789141053385933800,1.290933837890625,-0.12153708189725876,0.01979551650583744,-0.10189951956272125
1789141053395905800,1.30090576171875,-0.09521307051181793,-0.013400519266724586,0.070211261510849
1789141053405878800,1.310878662109375,-0.10743474215269089,-0.03565511852502823,0.09895563870668411
1789141053415850800,1.320850830078125,-0.09939253330230713,-0.029611874371767044,-0.0589359849691391
1789141053425822700,1.33082275390625,-0.15453889966011047,-0.08518234640359879,0.06814154982566833
1789141053435795700,1.340795654296875,-0.17809349298477173,-0.12877057492733002,0.1439521610736847
1789141053445768000,1.350767822265625,-0.18958628177642822,-0.11144208163022995,0.05391808599233627
1789141053455739600,1.36073974609375,-0.26583659648895264,-0.12595950067043304,0.05032894387841225
1789141053465713000,1.370712890625,-0.2487204670906067,-0.12025122344493866,0.054797906428575516
1789141053475684900,1.380684814453125,-0.22329288721084595,-0.14659255743026733,0.16150064766407013
1789141053485656800,1.39065673828125,-0.2264215052127838,-0.14882448315620422,0.19861750304698944
1789141053495629800,1.4006298828125,-0.18574118614196777,-0.13909515738487244,0.09121407568454742
1789141053505601800,1.410601806640625,-0.22936686873435974,-0.14799320697784424,0.021124282851815224
1789141053515573800,1.42057373046875,-0.2378879189491272,-0.16459402441978455,0.012962493114173412
1789141053525546800,1.430546630859375,-0.2291753590106964,-0.1309778392314911,-0.05874473229050636
1789141053535519000,1.44051904296875,-0.23269446194171906,-0.12704116106033325,-0.10630346089601517
1789141053545492000,1.450491943359375,-0.23383717238903046,-0.12846563756465912,-0.08264157176017761
1789141053555463700,1.460463623046875,-0.22188064455986023,-0.1449042707681656,0.0036315335892140865
1789141053565436000,1.470435791015625,-0.23308345675468445,-0.14491529762744904,0.057329241186380386
1789141053575409000,1.480408935546875,-0.21685683727264404,-0.13156433403491974,-0.017944211140275
1789141053585380900,1.490380859375,-0.2432224452495575,-0.15127801895141602,0.03288622573018074
1789141053595352800,1.500352783203125,-0.2273460030555725,-0.13629108667373657,0.010846704244613647
1789141053605325800,1.510325927734375,-0.23718585073947906,-0.1320294886827469,-0.015247214585542679
1789141053615297800,1.5202978515625,-0.2221994549036026,-0.14128796756267548,-0.03993285447359085
1789141053625270000,1.53027001953125,-0.19392645359039307,-0.13452666997909546,-0.02175947092473507
1789141053635243000,1.540242919921875,-0.1400989145040512,-0.12009900063276291,-0.05685513839125633
1789141053645214700,1.550214599609375,-0.13254936039447784,-0.11749788373708725,-0.07523506879806519
1789141053655188000,1.56018798828125,-0.12291378527879715,-0.10661114752292633,-0.029695551842451096
1789141053665160000,1.570159912109375,-0.13316619396209717,-0.09162171185016632,-0.05456693470478058
1789141053675132000,1.5801318359375,-0.1258171796798706,-0.09818773716688156,-0.02937316708266735
1789141053685105000,1.59010498046875,-0.11880570650100708,-0.09826837480068207,-0.026600109413266182
1789141053695076900,1.600076904296875,-0.08349698036909103,-0.12375509738922119,0.028068194165825844
1789141053705048800,1.610048828125,-0.04980424791574478,-0.10710738599300385,0.060538001358509064
1789141053715021800,1.620021728515625,-0.0471019372344017,-0.10315365344285965,0.05611422657966614
1789141053724994000,1.629994140625,-0.005557647906243801,-0.1319046914577484,-0.014519786462187767
1789141053734965800,1.6399658203125,-0.0009831367060542107,-0.12169492989778519,-0.012414824217557907
1789141053744938800,1.649938720703125,-0.07005574554204941,-0.12123334407806396,0.005787923000752926
1789141053754911000,1.659910888671875,-0.06111151725053787,-0.13689911365509033,-0.04974671080708504
1789141053764883700,1.6698837890625,-0.07140053808689117,-0.1537962406873703,-0.05012080445885658
1789141053774856000,1.67985595703125,-0.10675346851348877,-0.1957673877477646,0.028813958168029785
1789141053784828000,1.689827880859375,-0.10285187512636185,-0.18845359981060028,0.06889582425355911
1789141053794800600,1.699800537109375,-0.08016333729028702,-0.19076868891716003,0.023101704195141792
1789141053804772900,1.70977294921875,-0.14320418238639832,-0.22980888187885284,0.08568631112575531
1789141053814744800,1.719744873046875,-0.1491033434867859,-0.20941811800003052,0.07977116852998734
1789141053824717800,1.7297177734375,-0.08371993154287338,-0.18728326261043549,0.04528502747416496
1789141053834689800,1.739689697265625,-0.05939089134335518,-0.22568923234939575,0.04299630597233772
1789141053844662000,1.749662109375,-0.02414264902472496,-0.2185332030057907,0.007743527181446552
1789141053854634800,1.759634765625,-0.011318462900817394,-0.16064487397670746,-0.0021554427221417427
1789141053864607000,1.76960693359375,-0.004979073069989681,-0.1381843090057373,-0.02184312790632248
1789141053874579000,1.779578857421875,0.003989387769252062,-0.12052275240421295,-0.01393620204180479
1789141053884551700,1.7895517578125,0.03864175081253052,-0.10313805192708969,-0.03424657881259918
1789141053894524000,1.79952392578125,0.04878706485033035,-0.10948676615953445,0.0006906318012624979
1789141053904497000,1.809496826171875,0.06415776908397675,-0.10776769369840622,0.03895413130521774
1789141053914468900,1.81946875,0.0582687184214592,-0.11062446236610413,0.05458129197359085
1789141053924440800,1.82944091796875,0.08839916437864304,-0.12250165641307831,0.03650534152984619
1789141053934413800,1.839413818359375,0.07919927686452866,-0.1180507093667984,0.04558299109339714
1789141053944385800,1.8493857421875,0.04188627749681473,-0.10884559899568558,0.03795701637864113
1789141053954357800,1.859357666015625,0.05242919921875,-0.11388350278139114,0.013845022767782211
1789141053964331000,1.8693310546875,0.09732457995414734,-0.10935282707214355,0.000968588050454855
1789141053974302700,1.879302734375,0.12692561745643616,-0.075705386698246,-0.030082538723945618
1789141053984275000,1.88927490234375,0.1113562285900116,-0.08016782999038696,0.011050675064325333
1789141053994248000,1.899248046875,0.12086637318134308,-0.06351827830076218,-0.008685479871928692
1789141054004219600,1.9092197265625,0.1442302018404007,-0.06971315294504166,-0.01484717521816492
1789141054014193000,1.91919287109375,0.1351645439863205,-0.07970985770225525,0.05102717876434326
1789141054024164900,1.929164794921875,0.1527094542980194,-0.06994763016700745,0.03583449125289917
1789141054034136800,1.93913671875,0.1311756670475006,-0.06096185743808746,0.028571518138051033
1789141054044109800,1.94910986328125,0.1298312246799469,-0.07647497951984406,0.05150430649518967
1789141054054081800,1.959081787109375,0.11953012645244598,-0.05963953584432602,0.02896730788052082
1789141054064053800,1.9690537109375,0.14184169471263885,-0.050446685403585434,-0.030815016478300095
1789141054074026800,1.97902685546875,0.12703026831150055,-0.023849695920944214,-0.004071819130331278
1789141054083999000,1.9889990234375,0.14552798867225647,-0.0306466706097126,0.013720653019845486
1789141054093970700,1.998970703125,0.18098531663417816,-0.03991340845823288,0.001939893700182438
1789141054103944000,2.00894384765625,0.17729611694812775,-0.0367371067404747,-0.017983388155698776
1789141054113916000,2.018916015625,0.15222619473934174,-0.035973310470581055,-0.0062114167958498
1789141054123887900,2.028887939453125,0.15703681111335754,-0.0331207774579525,-0.005020233802497387
1789141054133860900,2.03886083984375,0.15134963393211365,-0.030482914298772812,-0.026892241090536118
1789141054143832800,2.048832763671875,0.12848645448684692,-0.03850960358977318,0.00941402930766344
1789141054153805800,2.058805908203125,0.12352312356233597,-0.024237189441919327,0.03924356400966644
1789141054163777800,2.06877783203125,0.1444479078054428,-0.010035562328994274,0.057377398014068604
1789141054173750000,2.07875,0.17323747277259827,-0.018744366243481636,0.0665527880191803
1789141054183722800,2.08872265625,0.19427168369293213,0.0030389660969376564,0.06040501594543457
1789141054193694700,2.09869482421875,0.187764510512352,0.015096427872776985,0.006600640714168549
1789141054203667000,2.1086669921875,0.18405656516551971,0.006032202392816544,-0.028997553512454033
1789141054213639700,2.1186396484375,0.17416106164455414,0.05235123261809349,0.01447269320487976
1789141054223612000,2.12861181640625,0.2118939459323883,0.06319710612297058,-0.00016505527310073376
1789141054233583900,2.138583984375,0.2067476511001587,0.07686711102724075,-0.002010093303397298
1789141054243556900,2.148556884765625,0.24951526522636414,0.06156742572784424,0.03808678686618805
1789141054253528800,2.15852880859375,0.24146239459514618,0.09416451305150986,0.03525504469871521
1789141054263501800,2.168501708984375,0.22622811794281006,0.06540204584598541,0.04608607664704323
1789141054273473800,2.178473876953125,0.23877346515655518,0.09326031059026718,0.022293396294116974
1789141054283445800,2.18844580078125,0.20008523762226105,0.1243295967578888,0.013646084815263748
1789141054293419000,2.1984189453125,0.1878293752670288,0.11290304362773895,0.0065556843765079975
1789141054303390700,2.208390625,0.2010578215122223,0.09040717780590057,0.00930302869528532
1789141054313363000,2.218363037109375,0.22364115715026855,0.1335565149784088,-0.05414252355694771
1789141054323336000,2.2283359375,0.22060035169124603,0.13046707212924957,0.004361672326922417
1789141054333307600,2.2383076171875,0.18856677412986755,0.10773114114999771,0.062354400753974915
1789141054343279900,2.24827978515625,0.1824910193681717,0.09733042120933533,0.014760112389922142
1789141054353252900,2.2582529296875,0.17814554274082184,0.1309022307395935,0.012666335329413414
1789141054363224800,2.268224853515625,0.18062357604503632,0.1451769769191742,0.07512281835079193
1789141054373196800,2.27819677734375,0.15010401606559753,0.13526229560375214,0.055578943341970444
1789141054383169800,2.288169677734375,0.15726377069950104,0.12996819615364075,-0.048137400299310684
1789141054393141800,2.298141845703125,0.09355242550373077,0.15637876093387604,-0.007165467366576195
1789141054403114800,2.30811474609375,0.11229251325130463,0.141151562333107,-0.021187782287597656
1789141054413087000,2.3180869140625,0.11095747351646423,0.1237158477306366,-0.016079306602478027
1789141054423058700,2.32805859375,0.1399606317281723,0.1521245837211609,-0.0627024695277214
1789141054433031700,2.33803173828125,0.1125473752617836,0.10639064759016037,-0.05021171271800995
1789141054443004000,2.34800390625,0.05467062070965767,0.08366136997938156,-0.05099914222955704
1789141054452975900,2.357975830078125,0.012606257572770119,0.08329465240240097,-0.05385378375649452
1789141054462948900,2.367948974609375,0.016502441838383675,0.0623260922729969,-0.04561394825577736
1789141054472920800,2.3779208984375,-0.02438667044043541,0.03654269874095917,-0.004099263343960047
1789141054482892800,2.387892822265625,-0.045930370688438416,0.007980508729815483,0.010673184879124165
1789141054492865800,2.39786572265625,-0.0736600011587143,-0.008383285254240036,0.03071187436580658
1789141054502838000,2.407838134765625,-0.08081996440887451,-0.0132631566375494,0.02892104536294937
1789141054512811000,2.41781103515625,-0.11065827310085297,-0.006357579492032528,-0.017938073724508286
1789141054522782700,2.42778271484375,-0.11557135730981827,-0.040433093905448914,-0.026603680104017258
1789141054532755000,2.4377548828125,-0.09054642915725708,-0.02645895443856716,-0.011276123113930225
1789141054542728000,2.44772802734375,-0.06234048306941986,-0.023463960736989975,0.013954333029687405
1789141054552700000,2.457699951171875,-0.06958108395338058,-0.010912216268479824,-0.016340188682079315
1789141054562671900,2.467671875,-0.06468326598405838,-0.003533395938575268,-0.011717474088072777
1789141054572644900,2.477644775390625,-0.07436598837375641,0.030710062012076378,-0.032219819724559784
1789141054582616800,2.487616943359375,-0.08300384879112244,0.029339060187339783,-0.06561246514320374
1789141054592588800,2.4975888671875,-0.07151390612125397,0.02114824205636978,-0.04095665365457535
1789141054602562000,2.50756201171875,-0.054234087467193604,0.04625508561730385,-0.022255484014749527
1789141054612533800,2.51753369140625,-0.02641310915350914,0.026011599227786064,-0.045113127678632736
1789141054622506000,2.527506103515625,-0.01702067255973816,0.03588591516017914,-0.07295046746730804
1789141054632479000,2.53747900390625,-0.04121442511677742,0.05509902164340019,-0.012892726808786392
1789141054642450700,2.54745068359375,-0.06001646816730499,0.08359687030315399,-0.02690143510699272
1789141054652424000,2.557423828125,-0.04523272067308426,0.04283132776618004,-0.01678488589823246
1789141054662396000,2.56739599609375,-0.03858623281121254,0.07404453307390213,0.008624988608062267
1789141054672367900,2.577367919921875,-0.01860533282160759,0.060891181230545044,0.054177556186914444
1789141054682340900,2.5873408203125,-0.0033462652936577797,0.0444336012005806,0.04091770946979523
1789141054692312800,2.597312744140625,-0.007697070948779583,0.039665479212999344,0.08329526335000992
1789141054702284800,2.607284912109375,-0.04839953035116196,0.03943829983472824,0.11745376139879227
1789141054712257800,2.6172578125,-0.047913506627082825,0.024721937254071236,0.08005232363939285
1789141054722230000,2.62722998046875,-0.02654145285487175,0.03194672614336014,0.0645650327205658
1789141054732201700,2.63720166015625,-0.026764892041683197,0.04744232818484306,0.08124680817127228
1789141054742175000,2.647175048828125,-0.04255807399749756,0.024510541930794716,0.08737386018037796
1789141054752147000,2.65714697265625,-0.05848830193281174,-0.00009919749572873116,0.07578884065151215
1789141054762119000,2.667118896484375,-0.08763732016086578,0.004193385597318411,0.055804431438446045
1789141054772092000,2.677091796875,-0.0982886329293251,-0.014743020758032799,0.032879408448934555
1789141054782063600,2.687063720703125,-0.10047238320112228,-0.028951887041330338,0.010863706469535828
1789141054792036900,2.697036865234375,-0.113017737865448,-0.010568885132670403,0.009071133099496365
1789141054802008800,2.7070087890625,-0.10876931995153427,-0.0356098972260952,0.021395230665802956
1789141054811980800,2.716980712890625,-0.09774170070886612,-0.05199925974011421,0.01950332149863243
1789141054821953800,2.726953857421875,-0.08605930954217911,-0.06730987876653671,0.050195641815662384
1789141054831925800,2.73692578125,-0.09614976495504379,-0.050723712891340256,0.07406794279813766
1789141054841897700,2.746897705078125,-0.07721146941184998,-0.09321029484272003,0.10458163917064667
1789141054851870700,2.75687060546875,-0.09750769287347794,-0.08740167319774628,0.09738923609256744
1789141054861843000,2.766843017578125,-0.08290576189756393,-0.08934971690177917,0.1519177109003067
1789141054871814700,2.776814697265625,-0.12420660257339478,-0.0926528349518776,0.20835435390472412
1789141054881788000,2.786787841796875,-0.09695877134799957,-0.11023305356502533,0.18299613893032074
1789141054891759900,2.796759765625,-0.07880479842424393,-0.09220105409622192,0.16106341779232025
1789141054901731800,2.80673193359375,-0.059754736721515656,-0.08711953461170197,0.10858411341905594
1789141054911704800,2.816704833984375,-0.08329175412654877,-0.08222518116235733,0.1390589326620102
1789141054921676800,2.8266767578125,-0.07003497332334518,-0.0706789419054985,0.0771344006061554
1789141054931650000,2.836650146484375,-0.06970261037349701,-0.05063731595873833,-0.04646078124642372
1789141054941621800,2.846621826171875,-0.057673580944538116,-0.07418812811374664,-0.04833474010229111
1789141054951594000,2.856593994140625,-0.04409545287489891,-0.03320740908384323,-0.17005158960819244
1789141054961567000,2.86656689453125,0.03950316086411476,-0.012929989024996758,-0.1991719752550125
1789141054971538700,2.87653857421875,0.020444780588150024,-0.0006480226293206215,-0.15721680223941803
1789141054981511000,2.886510986328125,0.012330519035458565,-0.06469625234603882,-0.04521084204316139
1789141054991484000,2.89648388671875,0.054571449756622314,-0.017608366906642914,-0.14760644733905792
1789141055001455900,2.906455810546875,0.016712933778762817,-0.029835950583219528,0.012089107185602188
1789141055011427800,2.916427734375,0.0069915978237986565,-0.06854872405529022,0.05438010394573212
1789141055021400800,2.92640087890625,-0.038309819996356964,-0.07312057167291641,0.07193899154663086
1789141055031372800,2.936372802734375,-0.03714681416749954,-0.04157595708966255,0.014340146444737911
1789141055041345800,2.946345703125,-0.06443589925765991,-0.043205223977565765,-0.02695285528898239
1789141055051318000,2.956318115234375,-0.044004399329423904,-0.03677262365818024,-0.060013070702552795
1789141055061289700,2.966289794921875,-0.02849152311682701,-0.01883651316165924,-0.09284931421279907
1789141055071262700,2.9762626953125,0.03036699816584587,0.004190509673207998,-0.13702957332134247
1789141055081235000,2.98623486328125,0.0814511626958847,0.023265346884727478,-0.09470324963331223
1789141055091207700,2.996207763671875,0.09612517058849335,0.03363756090402603,-0.03334961459040642
1789141055101180700,3.0061806640625,0.10706392675638199,0.004487189929932356,-0.006700985133647919
1789141055111153000,3.01615283203125,0.09064554423093796,-0.029723243787884712,0.02078869566321373
1789141055121124900,3.026124755859375,0.03672496974468231,-0.04914030060172081,0.051890064030885696
1789141055131097900,3.036097900390625,-0.02273436076939106,-0.043692536652088165,0.017584020271897316
1789141055141069800,3.04606982421875,-0.09288915246725082,-0.04868841543793678,-0.05115087330341339
1789141055151041800,3.056041748046875,-0.09448971599340439,-0.05076514929533005,-0.12906672060489655
1789141055161014800,3.066014892578125,-0.062394674867391586,-0.045959945768117905,-0.19651108980178833
1789141055170987000,3.075987060546875,0.008951946161687374,-0.053237564861774445,-0.2309846431016922
1789141055180960000,3.0859599609375,0.058032505214214325,-0.057983968406915665,-0.1926121711730957
1789141055190931700,3.095931640625,0.08385584503412247,-0.04821815714240074,-0.14952994883060455
1789141055200904000,3.105904052734375,0.06637115776538849,-0.05158492550253868,-0.12709614634513855
1789141055210877000,3.115876953125,0.04809042066335678,-0.027034839615225792,-0.16476097702980042
1789141055220849000,3.125848876953125,-0.03545839712023735,-0.0367901474237442,-0.07616789638996124
1789141055230820900,3.13582080078125,-0.08963347971439362,-0.025855742394924164,-0.06291787326335907
1789141055240793900,3.1457939453125,-0.0651070773601532,-0.07034289091825485,-0.05123433470726013
1789141055250765800,3.155765869140625,-0.024649400264024734,-0.03198058903217316,-0.05184206739068031
1789141055260737800,3.16573779296875,0.01950671151280403,-0.027012621983885765,-0.035596173256635666
1789141055270711000,3.1757109375,0.04753781482577324,-0.039414431899785995,-0.056657515466213226
1789141055280682800,3.185682861328125,0.08649639785289764,-0.046334389597177505,-0.058329448103904724
1789141055290655000,3.195655029296875,0.12507706880569458,-0.03588121756911278,-0.10847330838441849
1789141055300628000,3.2056279296875,0.09016244113445282,-0.04291931912302971,-0.09489917010068893
1789141055310599700,3.215599609375,0.04839209094643593,-0.06683370471000671,-0.07821712642908096
1789141055320573000,3.225572998046875,-0.000014176592230796814,-0.044051580131053925,-0.04086940735578537
1789141055330545000,3.235544921875,0.027898147702217102,-0.031529396772384644,0.015309709124267101
1789141055340516900,3.245516845703125,0.0371846929192543,0.0005583367310464382,0.0497729554772377
1789141055350489900,3.25548974609375,0.06201440840959549,0.025634661316871643,0.1158643588423729
1789141055360461800,3.2654619140625,0.07905654609203339,0.0698326900601387,0.08737581968307495
1789141055370433800,3.275433837890625,0.12499154359102249,0.05258339270949364,0.048780761659145355
1789141055380406800,3.28540673828125,0.1137300506234169,0.040604133158922195,0.004048893228173256
1789141055390379000,3.29537890625,0.09494917094707489,0.031220484524965286,-0.06981015205383301
1789141055400350700,3.305350830078125,0.08906399458646774,0.03458261489868164,-0.15661637485027313
1789141055410324000,3.315323974609375,0.10085993260145187,0.034639872610569,-0.14011196792125702
1789141055420296000,3.3252958984375,0.1309492439031601,0.058816954493522644,-0.1780487447977066
1789141055430268700,3.3352685546875,0.10106192529201508,0.06404660642147064,-0.18489520251750946
1789141055440241000,3.345240966796875,0.11420412361621857,0.06829002499580383,-0.15855243802070618
1789141055450212900,3.355212890625,0.09998764097690582,0.07707526534795761,-0.0683000460267067
1789141055460185900,3.365185791015625,0.08479951322078705,0.08324474096298218,-0.008815748617053032
1789141055470157800,3.37515771484375,0.090463787317276,0.0425788052380085,0.04708053916692734
1789141055480130000,3.385130126953125,0.0884794220328331,0.060582906007766724,0.06711594760417938
1789141055490102800,3.395102783203125,0.08179328590631485,-0.0024514542892575264,0.16374368965625763
1789141055500074800,3.40507470703125,0.06477592140436172,0.033513568341732025,0.09349949657917023
1789141055510047000,3.415046875,0.03267364576458931,0.012091103941202164,0.08459974080324173
1789141055520019700,3.425019775390625,-0.05768849700689316,0.027615465223789215,0.02408619597554207
1789141055529992000,3.434991943359375,-0.027229387313127518,0.008778924122452736,-0.004392850212752819
1789141055539964000,3.4449638671875,-0.0010662069544196129,0.03559909015893936,-0.06474873423576355
1789141055549937000,3.45493701171875,0.03374423831701279,0.03031005524098873,-0.07665465772151947
1789141055559908900,3.464908935546875,0.021174076944589615,0.03230592980980873,-0.1167830303311348
1789141055569881900,3.4748818359375,0.02823704667389393,0.003973891027271748,-0.0971323624253273
1789141055579853800,3.484853759765625,0.015380676835775375,0.008265892043709755,-0.11282506585121155
1789141055589825800,3.49482568359375,-0.012541236355900764,-0.04104999452829361,-0.08468636870384216
1789141055599799000,3.504799072265625,-0.03120667301118374,-0.0007682396098971367,-0.1404402256011963
1789141055609770800,3.514770751953125,-0.08307013660669327,-0.027817167341709137,-0.03182746842503548
1789141055619743000,3.524742919921875,-0.030824702233076096,0.018527530133724213,-0.0018264802638441324
1789141055629716000,3.534716064453125,-0.05797269567847252,-0.0017383266240358353,0.0590701587498188
1789141055639687700,3.544687744140625,-0.09071054309606552,-0.01594846323132515,0.09815240651369095
1789141055649660000,3.554659912109375,-0.06485205143690109,-0.011617631651461124,0.1401272863149643
1789141055659633000,3.5646328125,-0.001933995634317398,0.011630421504378319,0.12200028449296951
1789141055669604900,3.57460498046875,-0.011588487774133682,0.02896307222545147,0.11717011034488678
1789141055679576800,3.584576904296875,-0.0018375897780060768,0.036574650555849075,0.06566537171602249
1789141055689549800,3.5945498046875,0.014663622714579105,0.05821869522333145,-0.0012721145758405328
1789141055699521800,3.604521728515625,0.015435190871357918,0.06580871343612671,0.007351198233664036
1789141055709494800,3.614494873046875,0.07720507681369781,0.07145221531391144,-0.006636789068579674
1789141055719467000,3.624467041015625,0.10526487976312637,0.06870590895414352,-0.017920443788170815
1789141055729438700,3.634438720703125,0.09963788837194443,0.06116862967610359,-0.07988208532333374
1789141055739411700,3.64441162109375,0.11663688719272614,0.06421294063329697,-0.01453186385333538
1789141055749384000,3.654384033203125,0.11632263660430908,0.0685749351978302,-0.010907834395766258
1789141055759356000,3.66435595703125,0.062475115060806274,0.07297500967979431,-0.029296427965164185
1789141055769329000,3.674328857421875,0.04495524242520332,0.06064537167549133,-0.06448717415332794
1789141055779300900,3.68430078125,0.022806670516729355,0.07369581609964371,-0.06024736538529396
1789141055789272800,3.69427294921875,-0.028517503291368484,0.0647774264216423,-0.05254736915230751
1789141055799245800,3.704245849609375,-0.03581724315881729,0.05078406259417534,-0.048447273671627045
1789141055809218000,3.714218017578125,0.026324160397052765,0.06211048737168312,-0.037246815860271454
1789141055819189800,3.724189697265625,0.03714900463819504,0.07172001898288727,0.034331537783145905
1789141055829162800,3.734162841796875,0.08025067299604416,0.06883954256772995,0.05740223452448845
1789141055839135000,3.744135009765625,0.08770297467708588,0.06661191582679749,0.11870475113391876
1789141055849107700,3.754107666015625,0.06047854200005531,0.06196922808885574,0.15923407673835754
1789141055859080000,3.764079833984375,0.03273860737681389,0.07180636376142502,0.1565888375043869
1789141055869052000,3.774052001953125,0.027475137263536453,0.09109590202569962,0.15387721359729767
1789141055879024600,3.784024658203125,0.019447609782218933,0.07263822853565216,0.19483621418476105
1789141055888996900,3.793996826171875,0.03996593505144119,0.08713807165622711,0.13961291313171387
1789141055898968800,3.80396875,0.08258040249347687,0.10922158509492874,0.14117568731307983
1789141055908941800,3.81394189453125,0.0987607017159462,0.09111794829368591,0.16213636100292206
1789141055918913800,3.823913818359375,0.07880803942680359,0.08403900265693665,0.10918181389570236
1789141055928886000,3.833885986328125,0.08322808146476746,0.06307193636894226,0.07641054689884186
1789141055938858800,3.843858642578125,0.08573977649211884,0.06252577900886536,0.03191375732421875
1789141055948830700,3.853830810546875,0.04435105621814728,0.04900650680065155,0.02811342664062977
1789141055958803000,3.863802978515625,0.01666153594851494,0.014790905639529228,0.08103328198194504
1789141055968775700,3.873775634765625,0.0061487071216106415,0.047442324459552765,0.06730575114488602
1789141055978748000,3.883747802734375,-0.006417592987418175,0.023530330508947372,0.06967245042324066
1789141055988721000,3.893720947265625,-0.04024959355592728,0.01647348701953888,0.03698534145951271
1789141055998692900,3.90369287109375,-0.05746341496706009,0.027187544852495193,0.08043573051691055
1789141056008664800,3.913664794921875,-0.016951411962509155,0.03500418737530708,0.010508043691515923
1789141056018637800,3.923637939453125,0.012099680490791798,0.023522501811385155,-0.020241880789399147
1789141056028609800,3.93360986328125,0.0073539274744689465,0.061978284269571304,0.014077478088438511
1789141056038581800,3.943581787109375,0.03727267310023308,0.0745805874466896,0.02958855964243412
1789141056048555000,3.953554931640625,0.08101802319288254,0.06793733686208725,0.01820647530257702
1789141056058526700,3.963526611328125,0.07546146959066391,0.06297681480646133,0.043657418340444565
1789141056068499000,3.9734990234375,0.06264340877532959,0.0842064693570137,0.007095946930348873
1789141056078472000,3.983471923828125,0.07956734299659729,0.0737825334072113,0.010564806871116161
1789141056088443400,3.993443359375,0.0547243133187294,0.09299750626087189,-0.004410946741700172
1789141056098415600,4.00341552734375,0.053021714091300964,0.09950243681669235,0.0017153871012851596
1789141056108388600,4.013388671875,0.04666741192340851,0.0801340639591217,-0.00975431501865387
1789141056118360600,4.023360595703125,0.01295443344861269,0.07674536108970642,0.003224911168217659
1789141056128333600,4.03333349609375,0.026497673243284225,0.08049429208040237,0.000565212219953537
1789141056138305800,4.043305908203125,0.012654144316911697,0.05613819882273674,0.00044798513408750296
1789141056148277500,4.053277587890625,-0.0033876728266477585,0.022454537451267242,0.007888590916991234
1789141056158250500,4.06325048828125,-0.0017000995576381683,0.00607709726318717,-0.012338098138570786
1789141056168222700,4.07322265625,-0.018453245982527733,0.008241182193160057,0.0022807917557656765
1789141056178194400,4.0831943359375,-0.030688676983118057,-0.007838617078959942,0.042882032692432404
1789141056188167700,4.093167724609375,-0.05223418399691582,-0.013280253857374191,0.05753474310040474
1789141056198139600,4.1031396484375,-0.022615857422351837,-0.024019915610551834,0.006894777528941631
1789141056208111600,4.113111572265625,-0.04820297658443451,-0.021784458309412003,0.014535119757056236
1789141056218084600,4.123084716796875,-0.10095974802970886,-0.013953874818980694,0.01461835391819477
1789141056228056600,4.133056640625,-0.08245157450437546,-0.01125316321849823,-0.029458560049533844
1789141056238028500,4.143028564453125,-0.057011768221855164,-0.014236487448215485,-0.03968134522438049
1789141056248001500,4.15300146484375,-0.03983224555850029,-0.03173531964421272,-0.008065895177423954
1789141056257973800,4.162973876953125,-0.036169297993183136,0.0026040631346404552,-0.05544435605406761
1789141056267946500,4.172946533203125,-0.03487100452184677,-0.004930552095174789,-0.040467269718647
1789141056277918500,4.18291845703125,-0.04716554656624794,-0.0017770472913980484,0.011952566914260387
1789141056287890700,4.192890625,-0.027054153382778168,0.021905645728111267,0.004126335494220257
1789141056297863400,4.202863525390625,-0.006302781403064728,0.00513466028496623,-0.0032954933121800423
1789141056307835600,4.212835693359375,0.02485433965921402,-0.008522029966115952,-0.010137421078979969
1789141056317807600,4.2228076171875,0.02697853371500969,0.014872832223773003,-0.023297855630517006
1789141056327780600,4.232780517578125,-0.0018978537991642952,0.004516330547630787,0.016553686931729317
1789141056337752600,4.242752685546875,-0.01485142856836319,0.02625538595020771,0.009003449231386185
1789141056347724800,4.252724853515625,-0.009270241484045982,0.030006445944309235,-0.027042701840400696
1789141056357697500,4.262697509765625,-0.017059948295354843,0.03613172844052315,-0.0391068197786808
1789141056367669500,4.27266943359375,0.00976634118705988,0.015482110902667046,-0.022271910682320595
1789141056377641700,4.282641845703125,0.0032392418943345547,0.00878739170730114,-0.07520906627178192
1789141056387614500,4.292614501953125,-0.02373697981238365,-0.0008428648579865694,-0.05921226367354393
1789141056397586700,4.302586669921875,-0.06087099760770798,-0.00424260413274169,-0.0772823691368103
1789141056407559700,4.3125595703125,-0.06302443146705627,-0.023658379912376404,-0.08647506684064865
1789141056417531400,4.322531494140625,-0.06891433149576187,-0.026426147669553757,-0.02704765647649765
1789141056427503600,4.332503662109375,-0.0890670046210289,-0.03685961291193962,-0.002469075843691826
1789141056437476600,4.3424765625,-0.06130398064851761,-0.057336822152137756,-0.011212686076760292
1789141056447448600,4.352448486328125,-0.08339729905128479,-0.03892479091882706,-0.020255982875823975
1789141056457420500,4.362420654296875,-0.1418295055627823,-0.048935666680336,0.00034852337557822466
1789141056467393500,4.3723935546875,-0.09777256846427917,-0.059695105999708176,-0.010940616019070148
1789141056477365500,4.382365478515625,-0.0853881761431694,-0.028669647872447968,-0.010874651372432709
1789141056487337500,4.39233740234375,-0.11534128338098526,-0.024744415655732155,-0.01755998469889164
1789141056497310700,4.402310791015625,-0.06905382126569748,-0.052271805703639984,-0.03594303876161575
1789141056507282400,4.412282470703125,-0.13223625719547272,-0.0316605344414711,0.00841750018298626
1789141056517254700,4.422254638671875,-0.13850700855255127,-0.054983917623758316,0.010149793699383736
1789141056527227600,4.4322275390625,-0.07452324032783508,-0.04139034450054169,-0.08579324930906296
1789141056537199600,4.44219970703125,-0.07532374560832977,-0.04474800452589989,-0.005659556016325951
1789141056547172600,4.452172607421875,-0.12398102134466171,-0.057545557618141174,0.043482955545186996
1789141056557144600,4.46214453125,-0.10918983072042465,-0.05645488202571869,-0.004586687311530113
1789141056567116500,4.472116455078125,-0.11609940230846405,-0.04239765554666519,0.03298491984605789
1789141056577089500,4.482089599609375,-0.11647583544254303,-0.039769597351551056,0.009572982788085938
1789141056587061800,4.492061767578125,-0.13944026827812195,-0.06114519387483597,0.022368142381310463
1789141056597033500,4.502033447265625,-0.07601924240589142,-0.06897158175706863,-0.02697303146123886
1789141056607006500,4.51200634765625,-0.12496068328619003,-0.08225490152835846,-0.008956214413046837
1789141056616978700,4.521978759765625,-0.14013391733169556,-0.11594085395336151,-0.0014727874659001827
1789141056626950400,4.531950439453125,-0.13218651711940765,-0.07227087020874023,-0.011118490248918533
1789141056636923600,4.541923583984375,-0.12449102848768234,-0.05861108750104904,-0.005750902462750673
1789141056646895600,4.5518955078125,-0.11408631503582001,-0.08979058265686035,-0.017960164695978165
1789141056656867600,4.56186767578125,-0.14355230331420898,-0.05435987934470177,0.0054480889812111855
1789141056666840600,4.571840576171875,-0.13369648158550262,-0.048741940408945084,0.011751791462302208
1789141056676812500,4.5818125,-0.08026019483804703,-0.09404049813747406,-0.01433650590479374
1789141056686785800,4.591785888671875,-0.06682135164737701,-0.07291337847709656,-0.011828873306512833
1789141056696757500,4.601757568359375,-0.07154981791973114,-0.03750133141875267,0.021950259804725647
1789141056706729700,4.611729736328125,-0.058770641684532166,-0.07883358746767044,0.030597809702157974
1789141056716702700,4.62170263671875,-0.06421014666557312,-0.0796719491481781,0.01944715529680252
1789141056726674400,4.63167431640625,-0.037023529410362244,-0.06836842745542526,0.017769362777471542
1789141056736646700,4.641646728515625,-0.044288553297519684,-0.04586690291762352,0.016075419262051582
1789141056746619600,4.65161962890625,-0.04613305628299713,-0.05163371190428734,0.013188553042709827
1789141056756591600,4.661591552734375,-0.048919033259153366,-0.06021244823932648,0.023928696289658546
1789141056766563600,4.6715634765625,-0.05749840289354324,-0.04676348343491554,0.023492470383644104
1789141056776536600,4.68153662109375,-0.051173336803913116,-0.027937278151512146,-0.018471118062734604
1789141056786508500,4.691508544921875,-0.02050197497010231,-0.04540042206645012,0.004833404906094074
1789141056796480800,4.701480712890625,0.0036200741305947304,-0.037149738520383835,-0.048227522522211075
1789141056806453800,4.711453857421875,-0.006561989895999432,-0.02670402266085148,-0.0345255583524704
1789141056816425500,4.721425537109375,0.0048872497864067554,-0.01787388324737549,-0.028801772743463516
1789141056826397700,4.731397705078125,0.023870795965194702,0.0010417504236102104,0.003458960447460413
1789141056836370700,4.74137060546875,0.028255341574549675,-0.017803257331252098,0.04016495123505592
1789141056846342700,4.7513427734375,0.03796709328889847,-0.02925485000014305,0.02190019190311432
1789141056856315600,4.761315673828125,0.03117736056447029,-0.004450966604053974,-0.0027734620962291956
1789141056866287600,4.77128759765625,-0.0006037373095750809,-0.01194856408983469,0.07632561028003693
1789141056876259600,4.781259521484375,0.013682296499609947,0.017086921259760857,0.04791084676980972
1789141056886232600,4.791232666015625,0.030201617628335953,0.010567501187324524,0.052317578345537186
1789141056896204800,4.801204833984375,0.03887898102402687,0.01737704500555992,0.06795886904001236
1789141056906176500,4.811176513671875,0.07821786403656006,0.043696798384189606,0.058107033371925354
1789141056916149500,4.8211494140625,0.11444832384586334,0.03400193527340889,0.035233017057180405
1789141056926121500,4.83112158203125,0.07511875778436661,0.016930539160966873,0.045470740646123886
1789141056936093700,4.84109375,0.06653077900409698,0.01246740110218525,0.005642008036375046
1789141056946066700,4.851066650390625,0.03203645348548889,0.023520585149526596,0.008423413150012493
1789141056956038400,4.861038330078125,-0.004067077301442623,0.04220132902264595,0.0006620956119149923
1789141056966010600,4.8710107421875,-0.001887812279164791,0.026303056627511978,-0.00921610090881586
1789141056975983600,4.880983642578125,0.061440180987119675,0.03304596245288849,-0.023912446573376656
1789141056985955600,4.89095556640625,0.09370384365320206,0.05051843076944351,-0.0014806401450186968
1789141056995928600,4.900928466796875,0.07445221394300461,0.01796746999025345,0.002008070470765233
1789141057005900500,4.910900634765625,0.07386817783117294,0.005570189096033573,-0.02269621007144451
1789141057015872500,4.92087255859375,0.04980264604091644,0.004397064913064241,0.030611552298069
1789141057025845500,4.930845458984375,0.006322815082967281,0.014210013672709465,0.0014568631304427981
1789141057035817700,4.940817626953125,0.04970156401395798,-0.02526899054646492,-0.007923223078250885
1789141057045789400,4.95078955078125,0.041506215929985046,-0.008443139493465424,-0.021333305165171623
1789141057055762400,4.960762451171875,0.0438431091606617,-0.0001639174297451973,-0.00983617827296257
1789141057065734700,4.970734619140625,0.03748108446598053,0.008073505945503712,-0.037970609962940216
1789141057075706400,4.980706298828125,0.019241247326135635,-0.0145204346626997,0.026239046826958656
1789141057085679000,4.99067919921875,0.026153482496738434,-0.00597941130399704,-0.003904475597664714
1789141057095651000,5.000651123046875,0.05141973868012428,-0.0189924668520689,-0.004525290336459875
1789141057105623000,5.010623046875,0.02304908260703087,0.005014598369598389,0.03520268201828003
1789141057115596000,5.020595947265625,0.025220975279808044,0.0038429670967161655,0.024399543181061745
1789141057125568300,5.030568359375,0.004839801695197821,0.027100885286927223,0.011308242566883564
1789141057135541200,5.040541259765625,0.029991455376148224,0.02894666977226734,0.029161833226680756
1789141057145513000,5.050512939453125,0.0037891468964517117,0.03386446461081505,0.009779081679880619
1789141057155485200,5.060485107421875,0.007630977779626846,0.025678012520074844,-0.03316690772771835
1789141057165458200,5.070458251953125,0.014887292869389057,0.032123662531375885,-0.0141905527561903
1789141057175430100,5.08043017578125,0.04794173315167427,0.05832032486796379,-0.0691719502210617
1789141057185402000,5.090402099609375,0.019554298371076584,0.04710974916815758,-0.0703679770231247
1789141057195375000,5.100375,0.03839338570833206,0.03381902724504471,-0.0743381679058075
1789141057205347000,5.11034716796875,-0.01441789511591196,0.027343550696969032,-0.06156112626194954
1789141057215319000,5.120319091796875,-0.030568651854991913,0.005315854214131832,-0.05926813185214996
1789141057225292300,5.130292236328125,-0.06326321512460709,-0.022271566092967987,0.022206753492355347
1789141057235264000,5.140263916015625,-0.08849946409463882,-0.058716438710689545,0.028975266963243484
1789141057245236200,5.150236328125,-0.10855546593666077,-0.0850234106183052,0.009448437951505184
1789141057255209200,5.160209228515625,-0.11629857122898102,-0.08318417519330978,-0.016411948949098587
1789141057265181200,5.17018115234375,-0.14866209030151367,-0.07941580563783646,-0.027824925258755684
1789141057275154200,5.180154296875,-0.15627022087574005,-0.11536208540201187,-0.018223963677883148
1789141057285126100,5.190126220703125,-0.13300511240959167,-0.12657585740089417,-0.03934362903237343
1789141057295098000,5.20009814453125,-0.0748768225312233,-0.07723760604858398,-0.07772430777549744
1789141057305071000,5.210071044921875,-0.07255294919013977,-0.10003426671028137,0.004359641578048468
1789141057315043000,5.22004296875,-0.06573058664798737,-0.12876231968402863,0.03284634277224541
1789141057325015000,5.23001513671875,-0.09294143319129944,-0.11205684393644333,-0.0001907011028379202
1789141057334988000,5.239988037109375,-0.08958212286233902,-0.12811554968357086,-0.0244852676987648
1789141057344960000,5.2499599609375,-0.1019144207239151,-0.11285749822854996,-0.012644588015973568
1789141057354932000,5.259931884765625,-0.10406316071748734,-0.09944740682840347,-0.009637545794248581
1789141057364905200,5.2699052734375,-0.0747007504105568,-0.10786592960357666,-0.017068563029170036
1789141057374877000,5.279876953125,-0.017584484070539474,-0.08222741633653641,-0.01983518898487091
1789141057384849200,5.28984912109375,-0.001419362612068653,-0.07204695045948029,0.015033844858407974
1789141057394822100,5.299822265625,0.009096849709749222,-0.09340273588895798,0.04748475179076195
1789141057404793900,5.3097939453125,0.0005885828286409378,-0.09885582327842712,0.03520677983760834
1789141057414766000,5.31976611328125,-0.02819589525461197,-0.10508788377046585,0.04951180890202522
1789141057424739000,5.329739013671875,-0.06467214226722717,-0.10380290448665619,0.04924895241856575
1789141057434711000,5.3397109375,-0.054012492299079895,-0.11502035707235336,0.02048412337899208
1789141057444684000,5.34968408203125,-0.025140363723039627,-0.13156257569789886,0.036461759358644485
1789141057454656000,5.359656005859375,-0.003523855470120907,-0.11902197450399399,0.024830175563693047
1789141057464628000,5.3696279296875,-0.011701091192662716,-0.11748426407575607,-0.014270354062318802
1789141057474601000,5.37960107421875,-0.008272153325378895,-0.12865516543388367,-0.03213929757475853
1789141057484573200,5.3895732421875,-0.01004182267934084,-0.10653041303157806,-0.032606419175863266
1789141057494545000,5.399544921875,0.02684357389807701,-0.107930488884449,-0.02402135729789734
1789141057504518100,5.40951806640625,0.02400783821940422,-0.08492450416088104,-0.026091964915394783
1789141057514490000,5.419489990234375,0.04095073044300079,-0.10587681829929352,0.01820087619125843
1789141057524462000,5.429462158203125,0.07950744032859802,-0.09131784737110138,-0.0004798678564839065
1789141057534435000,5.43943505859375,0.10129688680171967,-0.08765584230422974,0.03266089782118797
1789141057544407000,5.449406982421875,0.09067114442586899,-0.08371303975582123,0.03089549019932747
1789141057554379000,5.45937890625,0.13007548451423645,-0.08509010076522827,-0.011240209452807903
1789141057564352000,5.46935205078125,0.14353322982788086,-0.05582169443368912,-0.005089905578643084
1789141057574324200,5.47932421875,0.11793819069862366,-0.04504862055182457,0.012562165036797523
1789141057584296000,5.4892958984375,0.14666491746902466,-0.041825130581855774,-0.006074902601540089
1789141057594269000,5.49926904296875,0.20083372294902802,-0.007859708741307259,-0.018328038975596428
1789141057604241200,5.5092412109375,0.2271670699119568,-0.0028894511051476,0.0065458850003778934
1789141057614214100,5.519214111328125,0.26985687017440796,-0.006137973628938198,-0.031824741512537
1789141057624186000,5.52918603515625,0.2513396441936493,0.024297431111335754,-0.005522563122212887
1789141057634158000,5.539157958984375,0.25738397240638733,0.04563947394490242,0.02562856674194336
1789141057644131000,5.549131103515625,0.2483164668083191,0.06720282137393951,-0.020299511030316353
1789141057654103000,5.55910302734375,0.22132942080497742,0.04218721389770508,0.03402038663625717
1789141057664075300,5.5690751953125,0.2225712537765503,0.05681728944182396,0.03992115333676338
1789141057674048300,5.57904833984375,0.23703844845294952,0.041563719511032104,0.06650345772504807
1789141057684020000,5.58902001953125,0.25462862849235535,0.014569653198122978,0.028707072138786316
1789141057693992200,5.5989921875,0.2444785088300705,0.023102842271327972,-0.024324331432580948
1789141057703965200,5.608965087890625,0.2235034555196762,0.048500075936317444,-0.007954946719110012
1789141057713937200,5.618937255859375,0.22134262323379517,0.029991960152983665,-0.03507380932569504
1789141057723909000,5.6289091796875,0.19886714220046997,0.04891105368733406,-0.07759730517864227
1789141057733882000,5.638882080078125,0.16459143161773682,0.07295802235603333,-0.07433649897575378
1789141057743854000,5.64885400390625,0.14581213891506195,0.08097413927316666,-0.05595163628458977
1789141057753827000,5.6588271484375,0.19070151448249817,0.10316657274961472,-0.03683555871248245
1789141057763799300,5.66879931640625,0.24865828454494476,0.08007004112005234,-0.009352002292871475
1789141057773771000,5.67877099609375,0.23603715002536774,0.05417362228035927,0.01967531442642212
1789141057783744000,5.688743896484375,0.18737639486789703,0.06612269580364227,0.03465506434440613
1789141057793716200,5.69871630859375,0.17873738706111908,0.08021657168865204,-0.0077043878845870495
1789141057803688000,5.70868798828125,0.1511552929878235,0.05035267770290375,0.013061078265309334
1789141057813661200,5.7186611328125,0.17303615808486938,0.05338676646351814,0.003388036508113146
1789141057823633200,5.728633056640625,0.1651923507452011,0.12314160913228989,-0.06966273486614227
1789141057833605000,5.738605224609375,0.15587450563907623,0.11762391030788422,-0.07726193219423294
1789141057843578000,5.748578125,0.14873377978801727,0.09286423772573471,-0.05454995855689049
1789141057853550000,5.758550048828125,0.17974548041820526,0.12733672559261322,-0.06909561157226562
1789141057863522000,5.76852197265625,0.2194492220878601,0.13672755658626556,-0.09529925137758255
1789141057873495000,5.7784951171875,0.20205479860305786,0.12189637124538422,-0.04711643606424332
1789141057883467300,5.78846728515625,0.14152701199054718,0.1301092952489853,0.028004413470625877
1789141057893439000,5.79843896484375,0.16533008217811584,0.13907679915428162,0.047087162733078
1789141057903412200,5.808412109375,0.18058067560195923,0.16118423640727997,0.010249253362417221
1789141057913384200,5.81838427734375,0.1918075978755951,0.1457103043794632,0.023527055978775024
1789141057923357000,5.82835693359375,0.14506539702415466,0.1306850165128708,0.04824838042259216
1789141057933329200,5.8383291015625,0.14089183509349823,0.14312393963336945,-0.006875914055854082
1789141057943301000,5.848301025390625,0.11720380932092667,0.1653701215982437,-0.0715814083814621
1789141057953274000,5.858274169921875,0.09988982230424881,0.17150525748729706,-0.08549576252698898
1789141057963246000,5.86824609375,0.11517024040222168,0.17456816136837006,-0.10443057119846344
1789141057973218300,5.87821826171875,0.14101828634738922,0.18295322358608246,-0.11437186598777771
1789141057983191000,5.88819091796875,0.1486000418663025,0.1724851280450821,-0.062172576785087585
1789141057993163000,5.8981630859375,0.13251566886901855,0.17812976241111755,-0.028318634256720543
1789141058003135200,5.90813525390625,0.1247032880783081,0.15254344046115875,0.011347818188369274
1789141058013108000,5.91810791015625,0.08918722718954086,0.1584354192018509,0.05406765639781952
1789141058023080200,5.928080078125,0.04355023056268692,0.19212201237678528,0.04965746030211449
1789141058033052200,5.93805224609375,0.05818406865000725,0.17475105822086334,0.011808859184384346
1789141058043025000,5.94802490234375,0.051473699510097504,0.1735403835773468,-0.004046003334224224
1789141058052997000,5.9579970703125,0.03794385492801666,0.17095915973186493,-0.008463412523269653
1789141058062969000,5.967968994140625,0.035742755979299545,0.1682177037000656,-0.02432573214173317
1789141058072942000,5.977942138671875,0.02694416418671608,0.1912260204553604,-0.039466310292482376
1789141058082914000,5.9879140625,0.03637681528925896,0.16450679302215576,-0.009499088861048222
1789141058092887000,5.997886962890625,0.04395461827516556,0.17314326763153076,-0.033585429191589355
1789141058102859300,6.007859375,0.03275522589683533,0.13201606273651123,0.010522644966840744
1789141058112831200,6.017831298828125,0.012127973139286041,0.11853519827127457,0.008163116872310638
1789141058122804200,6.02780419921875,-0.037667278200387955,0.1103329285979271,0.05073268339037895
1789141058132776200,6.037776123046875,-0.08519216626882553,0.09317727386951447,0.05241871252655983
1789141058142748400,6.04774853515625,-0.08212687075138092,0.08108918368816376,-0.027282506227493286
1789141058152721200,6.05772119140625,-0.12698902189731598,0.07104457914829254,0.013166827149689198
1789141058162693400,6.067693359375,-0.09012367576360703,0.07279828190803528,-0.001544474740512669
1789141058172665300,6.077665283203125,-0.10225950926542282,0.07173264026641846,0.010014758445322514
1789141058182638000,6.08763818359375,-0.11973729729652405,0.04638068005442619,0.0046042799949646
1789141058192610300,6.0976103515625,-0.1394604593515396,0.037813663482666016,0.00548939686268568
1789141058202582300,6.107582275390625,-0.1008739024400711,0.04199988767504692,0.010197332128882408
1789141058212555300,6.11755517578125,-0.14114849269390106,0.04966062679886818,0.045838210731744766
1789141058222527200,6.12752734375,-0.11362126469612122,0.03858587145805359,0.0054135555401444435
1789141058232500200,6.137500244140625,-0.15348775684833527,0.033131133764982224,0.024204840883612633
1789141058242472200,6.14747216796875,-0.15920662879943848,0.012149684131145477,0.017671575769782066
1789141058252444200,6.157444091796875,-0.15368573367595673,0.034151818603277206,0.03368641063570976
1789141058262417400,6.16741748046875,-0.13022993505001068,0.027153829112648964,0.002369769848883152
1789141058272389000,6.17738916015625,-0.11419636756181717,0.013916697353124619,-0.032059963792562485
1789141058282361300,6.187361328125,-0.12165641784667969,0.028351031243801117,0.01604577898979187
1789141058292334300,6.197334228515625,-0.10537146031856537,0.04885593056678772,0.015099679119884968
1789141058302306000,6.20730615234375,-0.11177556216716766,0.015522206202149391,0.04300481453537941
1789141058312278300,6.2172783203125,-0.12404577434062958,0.009049445390701294,0.08464011549949646
1789141058322251300,6.227251220703125,-0.140228733420372,0.028815696015954018,0.08822739869356155
1789141058332223200,6.23722314453125,-0.10934484004974365,0.04472797363996506,0.059376563876867294
1789141058342195200,6.2471953125,-0.11082129925489426,0.022937726229429245,0.06707362830638885
1789141058352168400,6.25716845703125,-0.07069455087184906,0.03448284789919853,0.0062137083150446415
1789141058362140200,6.26714013671875,-0.07001198828220367,0.048876166343688965,-0.01715100184082985
1789141058372112400,6.2771123046875,-0.0985654965043068,0.03225480020046234,0.015850583091378212
1789141058382085400,6.28708544921875,-0.11416922509670258,0.029935719445347786,-0.022381490096449852
1789141058392057000,6.29705712890625,-0.1066664457321167,0.04154017195105553,-0.0670146718621254
1789141058402030300,6.3070302734375,-0.1160370409488678,0.019930485635995865,0.05031435191631317
1789141058412002300,6.317002197265625,-0.12006022036075592,0.01706758514046669,0.0560133270919323
1789141058421974300,6.326974365234375,-0.07496198266744614,-0.025227140635252,0.01982123591005802
1789141058431947300,6.336947265625,-0.08772708475589752,-0.0015773102641105652,0.03253480792045593
1789141058441919200,6.346919189453125,-0.09063871949911118,-0.026005953550338745,0.08689071983098984
1789141058451891200,6.35689111328125,-0.10324276983737946,-0.03378286585211754,0.06626591086387634
1789141058461864200,6.3668642578125,-0.12136638909578323,-0.030633145943284035,0.018861914053559303
1789141058471836400,6.37683642578125,-0.12970751523971558,-0.03687165305018425,0.05088113993406296
1789141058481808100,6.38680810546875,-0.13239224255084991,-0.04055427014827728,0.02020631916821003
1789141058491781000,6.396781005859375,-0.1268627643585205,-0.07934347540140152,-0.0027372948825359344
1789141058501753300,6.40675341796875,-0.08919873088598251,-0.0673573836684227,-0.03581907972693443
1789141058511725300,6.416725341796875,-0.06391126662492752,-0.07457855343818665,-0.0005875895149074495
1789141058521698300,6.4266982421875,-0.07123708724975586,-0.08283728361129761,0.012805713340640068
1789141058531670300,6.436670166015625,-0.08796367049217224,-0.08887418359518051,0.02175862342119217
1789141058541642200,6.446642333984375,-0.1176224946975708,-0.07011114805936813,-0.0035584494471549988
1789141058551615200,6.456615234375,-0.10167740285396576,-0.08170878887176514,0.024063507094979286
1789141058561587500,6.46658740234375,-0.058086514472961426,-0.052027322351932526,-0.02615891769528389
1789141058571560200,6.476560302734375,-0.023616770282387733,-0.07671088725328445,-0.025637444108724594
1789141058581532200,6.4865322265625,-0.0014049429446458817,-0.05228091776371002,-0.08873385190963745
1789141058591504400,6.49650439453125,-0.0019875364378094673,-0.04749366641044617,-0.057342417538166046
1789141058601477000,6.50647705078125,-0.032404035329818726,-0.02416837029159069,-0.05056121200323105
1789141058611449300,6.516449462890625,-0.010382027365267277,-0.04409819096326828,-0.04312463849782944
1789141058621421300,6.52642138671875,0.03139018639922142,-0.03602908179163933,-0.065301313996315
1789141058631394000,6.53639404296875,0.05252043902873993,-0.025432683527469635,-0.05467594042420387
1789141058641366300,6.5463662109375,0.014045486226677895,-0.05084536597132683,-0.006421591155230999
1789141058651338200,6.556338134765625,0.029307089745998383,-0.06549578905105591,-0.002818930661305785
1789141058661311200,6.566311279296875,0.03736421838402748,-0.013956693932414055,-0.026979394257068634
1789141058671283200,6.576283203125,0.04867258667945862,-0.02889425866305828,-0.04335331171751022
1789141058681255400,6.58625537109375,0.02989836595952511,-0.06498994678258896,-0.00010410870891064405
1789141058691228200,6.596228271484375,0.06206353008747101,-0.03566689044237137,-0.0462053157389164
1789141058701200100,6.6062001953125,0.04046129807829857,-0.012529882602393627,-0.03991040214896202
1789141058711172400,6.61617236328125,0.020478416234254837,-0.04206326976418495,-0.014266359619796276
1789141058721145000,6.62614501953125,0.031594984233379364,-0.057007599622011185,0.05586479231715202
1789141058731117300,6.636117431640625,0.10495810210704803,-0.05113309621810913,-0.0010063310619443655
1789141058741090300,6.64609033203125,0.10019902884960175,-0.07213904708623886,-0.036849815398454666
1789141058751062300,6.656062255859375,0.0648905411362648,-0.06765194237232208,-0.03134610131382942
1789141058761034200,6.6660341796875,0.03763148933649063,-0.07533888518810272,0.007759221363812685
1789141058771007200,6.67600732421875,0.048523448407649994,-0.01390359178185463,-0.07971104979515076
1789141058780979200,6.685979248046875,0.08492886275053024,-0.0184317659586668,-0.05476495623588562
1789141058790951200,6.695951171875,0.06822672486305237,-0.00706048309803009,-0.02801714837551117
1789141058800924400,6.70592431640625,0.1057559922337532,-0.02481790818274021,-0.0007812670664861798
1789141058810896100,6.715896240234375,0.1291494220495224,-0.007647721096873283,0.00097721500787884
1789141058820868400,6.725868408203125,0.10960555076599121,-0.001070245634764433,0.009800800122320652
1789141058830841300,6.73584130859375,0.11539726704359055,0.005055558867752552,0.012864699587225914
1789141058840813000,6.74581298828125,0.15646588802337646,-0.013918398879468441,0.04546685144305229
1789141058850785300,6.755785400390625,0.16257323324680328,-0.01750519871711731,0.03452860936522484
1789141058860758300,6.76575830078125,0.12785786390304565,0.012151230126619339,0.0006041991291567683
1789141058870730200,6.775730224609375,0.10392508655786514,0.025945713743567467,0.006952122785151005
1789141058880703200,6.785703125,0.12776170670986176,0.03619888424873352,-0.014976877719163895
1789141058890675200,6.79567529296875,0.14374840259552002,0.04292954131960869,-0.025215817615389824
1789141058900647200,6.805647216796875,0.17222025990486145,0.029678717255592346,-0.006421091966331005
1789141058910620200,6.8156201171875,0.1714663803577423,0.06022975221276283,-0.040915850549936295
1789141058920592400,6.82559228515625,0.1780742108821869,0.07631231844425201,-0.018351418897509575
1789141058930564000,6.835564208984375,0.17351557314395905,0.07439271360635757,0.05644205957651138
1789141058940537000,6.845537109375,0.174156054854393,0.08922838419675827,-0.03851987421512604
1789141058950509300,6.85550927734375,0.19746069610118866,0.08375824987888336,-0.043561965227127075
1789141058960481300,6.865481201171875,0.16805674135684967,0.10052710771560669,0.049456123262643814
1789141058970454300,6.875454345703125,0.15427783131599426,0.10702293366193771,0.048623230308294296
1789141058980426200,6.88542626953125,0.17988012731075287,0.10828447341918945,-0.013827631250023842
1789141058990398200,6.895398193359375,0.15082202851772308,0.10344305634498596,0.02149057202041149
1789141059000371200,6.90537109375,0.15759950876235962,0.11275293678045273,0.014571413397789001
1789141059010343400,6.915343505859375,0.18200194835662842,0.14572638273239136,-0.045597340911626816
1789141059020315100,6.925315185546875,0.15513038635253906,0.14041684567928314,-0.017123352736234665
1789141059030288100,6.9352880859375,0.15517950057983398,0.12878970801830292,0.0012857021065428853
1789141059040260400,6.94526025390625,0.16359083354473114,0.15364257991313934,-0.011908397078514099
1789141059050232000,6.955232177734375,0.16409435868263245,0.1510298103094101,0.022895563393831253
1789141059060205300,6.965205322265625,0.1478773057460785,0.14967931807041168,0.016110360622406006
1789141059070177300,6.97517724609375,0.14719820022583008,0.14527177810668945,0.017849938943982124
1789141059080150300,6.985150390625,0.11506263166666031,0.1668338030576706,0.02944161370396614
1789141059090122200,6.995122314453125,0.08732589334249496,0.1568339616060257,0.03777168691158295
1789141059100094000,7.005093994140625,0.11082003265619278,0.15506349503993988,-0.004098263569176197
1789141059110067200,7.015067138671875,0.11047358810901642,0.15102075040340424,-0.008849780075252056
1789141059120039200,7.0250390625,0.08868946135044098,0.16729453206062317,0.003839383367449045
1789141059130011100,7.03501123046875,0.09428418427705765,0.15859489142894745,-0.015073169954121113
1789141059139984100,7.044984130859375,0.05624332278966904,0.16494838893413544,0.028862597420811653
1789141059149956400,7.054956298828125,0.0504520945250988,0.14988203346729279,0.025828547775745392
1789141059159928000,7.064927978515625,0.0831192284822464,0.167033851146698,-0.026369674131274223
1789141059169901000,7.074901123046875,0.04720611125230789,0.13741520047187805,0.04968496412038803
1789141059179873300,7.084873291015625,0.02674024924635887,0.1650036871433258,0.010469385422766209
1789141059189845000,7.094844970703125,-0.0114895673468709,0.1770627796649933,0.05651935189962387
1789141059199818200,7.104818359375,0.013172635808587074,0.18423014879226685,0.05891939252614975
1789141059209790200,7.114790283203125,0.014917492866516113,0.16573387384414673,0.0872766450047493
1789141059219762200,7.12476220703125,0.000575837679207325,0.16070687770843506,0.05893261730670929
1789141059229735200,7.134735107421875,-0.056509777903556824,0.146219864487648,0.06317473948001862
1789141059239707100,7.14470703125,-0.02766881138086319,0.13508012890815735,0.11824890971183777
1789141059249679000,7.15467919921875,-0.056566834449768066,0.1413414478302002,0.11393342167139053
1789141059259652000,7.164652099609375,-0.04435117915272713,0.09118452668190002,0.0764949694275856
1789141059269624300,7.174624267578125,-0.09750577807426453,0.09914685040712357,0.09666535258293152
1789141059279597000,7.18459716796875,-0.1281915158033371,0.12064202129840851,0.02627614326775074
1789141059289569000,7.194569091796875,-0.13612821698188782,0.1181904748082161,0.0019658610690385103
1789141059299541200,7.204541259765625,-0.14317893981933594,0.04298520088195801,0.10962601006031036
1789141059309514000,7.214513916015625,-0.14405855536460876,0.10006900131702423,0.0007444005459547043
1789141059319486200,7.224486328125,-0.1805979311466217,0.013652083463966846,0.0918242409825325
1789141059329458200,7.234458251953125,-0.22441180050373077,0.11200667172670364,0.0546240508556366
1789141059339431200,7.24443115234375,-0.30422672629356384,-0.012539785355329514,0.19113609194755554
1789141059349403100,7.254403076171875,-0.26365944743156433,0.029379751533269882,0.007820102386176586
1789141059359375400,7.264375244140625,-0.22846443951129913,-0.04152744263410568,0.11832503974437714
1789141059369348000,7.27434814453125,-0.22134898602962494,0.04504675418138504,0.06814920902252197
1789141059379320000,7.284320068359375,-0.20401953160762787,-0.008556285873055458,0.06155415624380112
1789141059389292300,7.294292236328125,-0.18031936883926392,0.023285692557692528,0.031814560294151306
1789141059399265000,7.30426513671875,-0.2511676847934723,0.07207266986370087,-0.10203857719898224
1789141059409237200,7.3142373046875,-0.29784509539604187,0.056089818477630615,-0.18983173370361328
1789141059419209200,7.324209228515625,-0.30346277356147766,0.05707865208387375,-0.2147410809993744
1789141059429182000,7.334181884765625,-0.17760172486305237,0.10277119278907776,-0.2345314472913742
1789141059439154200,7.344154296875,-0.12264074385166168,0.1195986419916153,-0.016642790287733078
1789141059449127200,7.354127197265625,-0.11418349295854568,0.017216881737113,0.08982193470001221
1789141059459099100,7.36409912109375,-0.06970018148422241,0.04700993001461029,-0.15861263871192932
1789141059469071000,7.374071044921875,-0.23064443469047546,0.019512049853801727,0.11821074783802032
1789141059479044000,7.384044189453125,-0.2967877686023712,0.07357368618249893,0.08691354095935822
1789141059489016000,7.39401611328125,-0.328829288482666,0.027714010328054428,0.06364060193300247
1789141059498988000,7.403988037109375,-0.3524443507194519,0.01936393417418003,0.046141233295202255
1789141059508961300,7.413961181640625,-0.2962716221809387,0.03437350317835808,-0.03787470981478691
1789141059518933000,7.42393310546875,-0.223175048828125,0.005075800698250532,-0.036087196320295334
1789141059528905200,7.4339052734375,-0.25195103883743286,0.022247597575187683,-0.0435139536857605
1789141059538878200,7.443878173828125,-0.18747377395629883,-0.011292785406112671,-0.04526631534099579
1789141059548850200,7.45385009765625,-0.2010435163974762,-0.016906198114156723,-0.0568494014441967
1789141059558822100,7.463822265625,-0.25833213329315186,-0.030623607337474823,-0.07114604860544205
1789141059568795100,7.473795166015625,-0.35156580805778503,-0.008682997897267342,-0.1242586001753807
1789141059578767000,7.48376708984375,-0.31722915172576904,-0.09131956100463867,0.0258395504206419
1789141059588739000,7.493739013671875,-0.36646363139152527,-0.05052706599235535,0.06824017316102982
1789141059598712300,7.50371240234375,-0.3319304287433624,-0.06865227222442627,-0.010355831123888493
1789141059608684000,7.51368408203125,-0.3291570544242859,-0.10221246629953384,-0.039839908480644226
1789141059618657000,7.523656982421875,-0.368113249540329,-0.1280459314584732,-0.008008742704987526
1789141059628629200,7.533629150390625,-0.3982000946998596,-0.11272439360618591,-0.13537293672561646
1789141059638601000,7.54360107421875,-0.3148386478424072,-0.11147430539131165,-0.24634046852588654
1789141059648574200,7.55357421875,-0.2481573224067688,-0.10234978049993515,-0.13686604797840118
1789141059658546200,7.563546142578125,-0.27338436245918274,-0.10638394206762314,-0.052619606256484985
1789141059668518100,7.57351806640625,-0.35726070404052734,-0.179425448179245,0.09513086825609207
1789141059678491100,7.5834912109375,-0.3638024926185608,-0.19137771427631378,0.14720338582992554
1789141059688463000,7.593463134765625,-0.40232524275779724,-0.19667330384254456,0.2656383514404297
1789141059698435000,7.60343505859375,-0.31988656520843506,-0.20299032330513,0.13889187574386597
1789141059708408000,7.613407958984375,-0.33118554949760437,-0.2149425894021988,0.12517380714416504
1789141059718380300,7.62338037109375,-0.2919768989086151,-0.2038707584142685,0.008979815989732742
1789141059728352000,7.63335205078125,-0.31906750798225403,-0.22478078305721283,-0.02857017144560814
1789141059738325000,7.643324951171875,-0.3136407732963562,-0.1966191977262497,-0.11069779843091965
1789141059748297200,7.653297119140625,-0.2922426164150238,-0.2098393738269806,0.0110342837870121
1789141059758269200,7.663269287109375,-0.2616703510284424,-0.19549693167209625,0.013091576285660267
1789141059768242200,7.6732421875,-0.2522928714752197,-0.25503063201904297,0.0716669037938118
1789141059778214100,7.683214111328125,-0.2519485354423523,-0.21712851524353027,0.05892074480652809
1789141059788187100,7.693187255859375,-0.24988971650600433,-0.23618869483470917,0.10337480157613754
1789141059798159000,7.7031591796875,-0.3143368661403656,-0.2166360318660736,0.03209955245256424
1789141059808131300,7.71313134765625,-0.30519741773605347,-0.248327374458313,0.018616368994116783
1789141059818104000,7.72310400390625,-0.3628157079219818,-0.20833441615104675,0.021258225664496422
1789141059828076000,7.733075927734375,-0.26983413100242615,-0.22386400401592255,0.008703126572072506
1789141059838048300,7.74304833984375,-0.20480212569236755,-0.1961708515882492,-0.02475549839437008
1789141059848021000,7.75302099609375,-0.1878867894411087,-0.20370154082775116,0.07437442243099213
1789141059857993200,7.7629931640625,-0.14377684891223907,-0.19472669064998627,0.05893714353442192
1789141059867965200,7.772965087890625,-0.12140703201293945,-0.1956353634595871,0.03426477313041687
1789141059877938000,7.78293798828125,-0.1402001529932022,-0.20120908319950104,0.0009648709092289209
1789141059887910100,7.79291015625,-0.21392501890659332,-0.20525836944580078,0.06012941524386406
1789141059897882000,7.802882080078125,-0.17088088393211365,-0.17627838253974915,-0.00959853082895279
1789141059907855000,7.812855224609375,-0.14563822746276855,-0.1686236560344696,0.006715656258165836
1789141059917827000,7.8228271484375,-0.09696201980113983,-0.16437485814094543,-0.0297028049826622
1789141059927799300,7.83279931640625,-0.0814632773399353,-0.15706516802310944,-0.04681665450334549
1789141059937772000,7.84277197265625,-0.04879534989595413,-0.16452893614768982,-0.017439326271414757
1789141059947744300,7.852744140625,-0.050191257148981094,-0.14912927150726318,-0.013043563812971115
1789141059957716200,7.86271630859375,-0.03209427744150162,-0.15055033564567566,-0.02559530921280384
1789141059967689000,7.87268896484375,-0.049090247601270676,-0.1675254851579666,0.035641107708215714
1789141059977661200,7.8826611328125,-0.05574974790215492,-0.19247664511203766,0.07651131600141525
1789141059987634200,7.89263427734375,-0.07436391711235046,-0.18859663605690002,0.07177663594484329
1789141059997606100,7.902606201171875,-0.07941700518131256,-0.17527790367603302,0.06320977956056595
1789141060007578000,7.912578125,-0.08990118652582169,-0.18916994333267212,0.10791684687137604
1789141060017551000,7.922551025390625,-0.04672708362340927,-0.1891622245311737,0.0493193082511425
1789141060027523000,7.932523193359375,-0.09462979435920715,-0.1800597459077835,0.011978293769061565
1789141060037495000,7.9424951171875,-0.0664045512676239,-0.17986586689949036,0.012022501789033413
1789141060047468300,7.95246826171875,-0.05568893626332283,-0.17406125366687775,-0.0082523413002491
1789141060057440000,7.96243994140625,-0.07771407812833786,-0.18376581370830536,-0.017013607546687126
1789141060067412200,7.972412109375,-0.0835571363568306,-0.19858545064926147,-0.011080711148679256
1789141060077385200,7.98238525390625,-0.0647706687450409,-0.20396849513053894,0.03230298310518265
1789141060087357200,7.992357177734375,-0.06535787135362625,-0.22839272022247314,0.05793909355998039
1789141060097329200,8.0023291015625,-0.044398002326488495,-0.21839867532253265,0.05532200261950493
1789141060107302100,8.01230224609375,-0.0396500825881958,-0.20222444832324982,0.07987073063850403
1789141060117274400,8.0222744140625,-0.085662841796875,-0.18820983171463013,0.026797663420438766
1789141060127246000,8.03224609375,-0.0857127457857132,-0.2104204297065735,0.025728322565555573
1789141060137219000,8.042218994140624,-0.06640243530273438,-0.16588172316551208,-0.05448901653289795
1789141060147191300,8.05219140625,-0.010277945548295975,-0.154330313205719,-0.050676681101322174
1789141060157163300,8.062163330078125,0.00676442077383399,-0.16562770307064056,0.0055692801252007484
1789141060167136300,8.07213623046875,0.04059337079524994,-0.16915927827358246,-0.04585311561822891
1789141060177108200,8.082108154296876,0.035506200045347214,-0.15378059446811676,-0.0024867327883839607
1789141060187081200,8.092081298828125,0.03382403030991554,-0.1534992903470993,0.012106819078326225
1789141060197053200,8.10205322265625,0.03589676693081856,-0.15660640597343445,-0.04672187566757202
1789141060207025400,8.112025390625,0.017810378223657608,-0.12253723293542862,-0.0058004120364785194
1789141060216998100,8.121998046875,0.03250224143266678,-0.09401398152112961,0.00969519093632698
1789141060226970000,8.13197021484375,0.09345191717147827,-0.12024882435798645,-0.016445361077785492
1789141060236942300,8.1419423828125,0.0836016833782196,-0.14623835682868958,-0.007218307349830866
1789141060246915000,8.1519150390625,0.07101724296808243,-0.14052897691726685,0.0025293859653174877
1789141060256887300,8.16188720703125,0.11613012850284576,-0.103647381067276,-0.016728196293115616
1789141060266859300,8.171859375,0.1351151019334793,-0.068728968501091,-0.05187145993113518
1789141060276832000,8.18183203125,0.10101625323295593,-0.08720065653324127,-0.024666734039783478
1789141060286804200,8.19180419921875,0.11607151478528976,-0.07365868985652924,0.019224606454372406
1789141060296776200,8.201776123046875,0.1402178704738617,-0.0149620920419693,-0.05825686827301979
1789141060306749200,8.211749267578124,0.16637222468852997,-0.06897132098674774,0.0031128968112170696
1789141060316721200,8.22172119140625,0.19958478212356567,-0.029531234875321388,0.007117225788533688
1789141060326693400,8.231693359375,0.17702731490135193,-0.011351912282407284,-0.01769786700606346
1789141060336666000,8.241666015625,0.161815345287323,-0.05021355673670769,-0.004114413633942604
1789141060346638000,8.25163818359375,0.11689084023237228,-0.015958542004227638,0.006947639863938093
1789141060356610300,8.2616103515625,0.12131701409816742,-0.044511888176202774,0.035374220460653305
1789141060366583000,8.2715830078125,0.14648161828517914,-0.06022171676158905,0.031177671626210213
1789141060376555300,8.28155517578125,0.16837280988693237,-0.04784600809216499,0.0054190452210605145
1789141060386527200,8.29152734375,0.1253664791584015,-0.06138530373573303,0.03332486003637314
1789141060396500200,8.301500244140625,0.10753821581602097,-0.05151509493589401,0.019181877374649048
1789141060406472200,8.31147216796875,0.12938202917575836,-0.03309076279401779,-0.003277914598584175
1789141060416445200,8.321445068359376,0.14310184121131897,-0.05361334979534149,0.004061224404722452
1789141060426417200,8.331417236328125,0.15252667665481567,-0.061111368238925934,0.002017277991399169
1789141060436389000,8.34138916015625,0.12672516703605652,-0.03226081281900406,0.01728890836238861
1789141060446362400,8.3513623046875,0.09844985604286194,-0.026927782222628593,0.00979093462228775
1789141060456334000,8.361333984375,0.11271347105503082,-0.05939624086022377,0.00010341976303607225
1789141060466306300,8.371306396484375,0.14604419469833374,-0.0358131006360054,-0.01837128773331642
1789141060476279300,8.381279296875,0.1525774598121643,-0.041553009301424026,0.038046978414058685
1789141060486251000,8.3912509765625,0.15574055910110474,-0.04878450557589531,0.021985560655593872
1789141060496223200,8.40122314453125,0.12479861825704575,-0.033287305384874344,0.04076617211103439
1789141060506196200,8.4111962890625,0.0995553582906723,-0.023318080231547356,0.035398535430431366
1789141060516168200,8.421168212890626,0.11583632230758667,-0.02803240902721882,-0.0034471293911337852
1789141060526140200,8.43114013671875,0.1037193015217781,0.013611653819680214,-0.004526949021965265
1789141060536113200,8.441113037109375,0.11778771132230759,0.013242805376648903,0.007267924956977367
1789141060546085000,8.451085205078124,0.15210695564746857,0.03142687305808067,-0.007314016111195087
1789141060556057000,8.46105712890625,0.21590004861354828,0.02863108180463314,0.036709368228912354
1789141060566030300,8.4710302734375,0.20842863619327545,0.051212772727012634,0.011239520274102688
1789141060576002000,8.481001953125,0.1959727555513382,0.04487498104572296,0.030276060104370117
1789141060585975300,8.490975341796876,0.14099332690238953,0.06464037299156189,0.03744066134095192
1789141060595947300,8.500947265625,0.10940717905759811,0.04663847014307976,0.02804875560104847
1789141060605919200,8.510919189453125,0.10586756467819214,0.07521045953035355,0.00027171988040208817
1789141060615892200,8.520892333984374,0.11204663664102554,0.07776230573654175,-0.006656759884208441
1789141060625864200,8.5308642578125,0.14740043878555298,0.054890330880880356,-0.0027607171796262264
1789141060635836200,8.540836181640625,0.15229745209217072,0.08672815561294556,-0.027876190841197968
1789141060645809200,8.55080908203125,0.15873698890209198,0.08994856476783752,-0.002667405642569065
1789141060655781400,8.560781494140626,0.1362612396478653,0.09141010046005249,0.016735054552555084
1789141060665753000,8.570753173828125,0.13917836546897888,0.10472510755062103,-0.04311130568385124
1789141060675726000,8.58072607421875,0.14860036969184875,0.10262466967105865,-0.007728550583124161
1789141060685698300,8.5906982421875,0.11144445836544037,0.11584124714136124,0.014324297197163105
1789141060695670000,8.600669921875,0.11175870895385742,0.10230493545532227,0.02743504010140896
1789141060705643300,8.610643310546875,0.16416631639003754,0.10897786170244217,0.006244001444429159
1789141060715615200,8.620615234375,0.17197257280349731,0.14578193426132202,0.029897931963205338
1789141060725587200,8.630587158203125,0.17490382492542267,0.1148451715707779,0.009587087668478489
1789141060735560200,8.640560302734375,0.13694658875465393,0.08854086697101593,0.016588538885116577
1789141060745532200,8.6505322265625,0.10339494049549103,0.11117538809776306,0.00984851736575365
1789141060755504000,8.660504150390626,0.07733191549777985,0.0717155933380127,0.08184894174337387
1789141060765477000,8.67047705078125,0.12389487773180008,0.06456857919692993,0.010943885892629623
1789141060775449300,8.680449462890625,0.10711216926574707,0.045205533504486084,0.050190892070531845
1789141060785422300,8.69042236328125,0.05808781087398529,0.06276727467775345,0.02885701321065426
1789141060795394300,8.700394287109376,0.03720410168170929,0.04225507006049156,0.002318880520761013
1789141060805366300,8.7103662109375,-0.028057793155312538,0.05701851844787598,-0.03077526018023491
1789141060815339300,8.72033935546875,-0.013978725299239159,0.03788796812295914,0.001565369195304811
1789141060825311200,8.730311279296876,0.011248867027461529,0.07247097045183182,-0.09225139766931534
1789141060835283200,8.740283203125,0.04782711714506149,0.02760523371398449,-0.03819269686937332
1789141060845256400,8.75025634765625,0.0020011914893984795,0.04145153984427452,0.007982984185218811
1789141060855228200,8.760228271484374,0.011350218206644058,-0.005109835881739855,0.05521520972251892
1789141060865200400,8.770200439453125,-0.026665858924388885,0.012528706341981888,0.04412153735756874
1789141060875173400,8.78017333984375,-0.02115631103515625,0.006014880258589983,0.062008123844861984
1789141060885145000,8.79014501953125,-0.030413160100579262,0.014832872897386551,0.03408261016011238
1789141060895117300,8.800117431640626,-0.023519566282629967,-0.013368669897317886,0.03534361720085144
1789141060905090300,8.81009033203125,-0.034975506365299225,-0.0034373681992292404,-0.035817619413137436
1789141060915062300,8.820062255859375,-0.04753950238227844,-0.009639337658882141,-0.07812885195016861
1789141060925034200,8.8300341796875,-0.07658964395523071,-0.028763018548488617,-0.03938084840774536
1789141060935007200,8.84000732421875,-0.0748351514339447,-0.053534410893917084,-0.018688885495066643
1789141060944979200,8.849979248046875,-0.09238491952419281,-0.06395962089300156,-0.016484040766954422
1789141060954951200,8.859951171875,-0.12909846007823944,-0.09793782979249954,-0.022175217047333717
1789141060964924400,8.86992431640625,-0.22970443964004517,-0.12097220122814178,0.01665554754436016
1789141060974896000,8.879896240234375,-0.23256094753742218,-0.1404993087053299,0.005145364440977573
1789141060984868400,8.889868408203125,-0.23847216367721558,-0.14261694252490997,0.0023595858365297318
1789141060994841000,8.899841064453126,-0.24145518243312836,-0.13292117416858673,-0.01392378006130457
1789141061004813300,8.909813232421875,-0.22705140709877014,-0.1562957465648651,0.01044453214854002
1789141061014786300,8.919786376953125,-0.20599699020385742,-0.13353343307971954,-0.01889604516327381
1789141061024758000,8.929758056640624,-0.20011046528816223,-0.1366266906261444,0.015373707748949528
1789141061034730200,8.939730224609375,-0.22069910168647766,-0.11671982705593109,-0.01142222061753273
1789141061044703200,8.949703125,-0.1816965639591217,-0.13472332060337067,-0.03472248092293739
1789141061054675200,8.95967529296875,-0.20044922828674316,-0.10500085353851318,-0.024387022480368614
1789141061064647200,8.969647216796876,-0.17373202741146088,-0.11362352967262268,-0.00784418173134327
1789141061074620200,8.9796201171875,-0.18736900389194489,-0.1027999073266983,-0.03203260898590088
1789141061084592000,8.989592041015625,-0.17634038627147675,-0.07826484739780426,-0.03065730445086956
1789141061094564600,8.999564697265624,-0.1478632092475891,-0.1114150732755661,0.017079591751098633
1789141061104537600,9.00953759765625,-0.19218814373016357,-0.11160831898450851,-0.048499394208192825
1789141061114509800,9.019509765625,-0.18552757799625397,-0.10082544386386871,-0.061072710901498795
1789141061124481800,9.029481689453124,-0.14581336081027985,-0.08129876852035522,-0.0723138302564621
1789141061134454800,9.039454833984376,-0.12830866873264313,-0.10560330748558044,-0.013163694180548191
1789141061144426800,9.0494267578125,-0.11567770689725876,-0.10420595109462738,-0.012437909841537476
1789141061154398700,9.059398681640625,-0.10493052005767822,-0.09813447296619415,-0.029836874455213547
1789141061164371700,9.069371826171874,-0.1355544477701187,-0.09713812917470932,-0.009483683854341507
1789141061174344000,9.079343994140626,-0.1756395548582077,-0.08704501390457153,0.03389415144920349
1789141061184315600,9.089315673828125,-0.14363986253738403,-0.1447688788175583,0.0038273660466074944
1789141061194288600,9.09928857421875,-0.15985532104969025,-0.1377602368593216,0.0017761992057785392
1789141061204260900,9.1092607421875,-0.1291137933731079,-0.12940898537635803,0.0246881116181612
1789141061214232600,9.119232666015625,-0.13737383484840393,-0.13259705901145935,0.019757268950343132
1789141061224205800,9.129205810546875,-0.10538066923618317,-0.13218863308429718,-0.0427439883351326
1789141061234177800,9.139177734375,-0.11458747833967209,-0.13017289340496063,0.002057308331131935
1789141061244150500,9.149150634765626,-0.0917971134185791,-0.15452350676059723,0.02059009112417698
1789141061254122800,9.159122802734375,-0.07470174878835678,-0.13844093680381775,-0.005414612591266632
1789141061264094700,9.1690947265625,-0.11449839174747467,-0.15564250946044922,0.021895280107855797
1789141061274067700,9.179067626953126,-0.09504373371601105,-0.18931844830513,0.050772733986377716
1789141061284039700,9.189039794921875,-0.07041193544864655,-0.16385164856910706,0.005684350151568651
1789141061294012000,9.199011962890625,-0.06708777695894241,-0.14707878232002258,-0.02658304199576378
1789141061303984600,9.208984619140624,-0.03132664039731026,-0.13448135554790497,-0.003971435129642487
1789141061313956900,9.218956787109375,-0.004908082075417042,-0.14565731585025787,0.017984731122851372
1789141061323928800,9.2289287109375,0.018132198601961136,-0.12376122176647186,-0.05151376500725746
1789141061333901600,9.238901611328124,0.03980819880962372,-0.11274878680706024,0.005739669781178236
1789141061343873800,9.248873779296876,0.07661546766757965,-0.11771734058856964,0.019117537885904312
1789141061353845800,9.258845703125,0.06993386149406433,-0.12997080385684967,0.0030869049951434135
1789141061363818800,9.26881884765625,0.055015336722135544,-0.12723051011562347,0.039034925401210785
1789141061373790700,9.278790771484376,0.08015158027410507,-0.10698782652616501,0.00934041291475296
1789141061383762700,9.2887626953125,0.07228413224220276,-0.07903097569942474,-0.0011645532213151455
1789141061393735700,9.298735595703125,0.07248733192682266,-0.06602516770362854,0.025612466037273407
1789141061403707600,9.308707763671874,0.0994861051440239,-0.04481847584247589,-0.0030050333589315414
1789141061413679600,9.3186796875,0.12357626110315323,-0.037492651492357254,-0.009111395105719566
1789141061423652600,9.328652587890625,0.13947950303554535,-0.004156153649091721,-0.03498424217104912
1789141061433624800,9.338624755859374,0.17945194244384766,-0.021930623799562454,-0.009078075177967548
1789141061443596500,9.348596435546876,0.2070559859275818,0.016192950308322906,-0.06997661292552948
1789141061453569500,9.358569580078125,0.19105303287506104,0.028597155585885048,-0.05070650950074196
1789141061463541800,9.368541748046875,0.2032214105129242,0.03355729207396507,0.003065978642553091
1789141061473514800,9.3785146484375,0.18622565269470215,0.05500958859920502,-0.011928417719900608
1789141061483486700,9.38848681640625,0.2023690938949585,0.06211874261498451,-0.032612353563308716
1789141061493458700,9.398458740234375,0.18054555356502533,0.06649218499660492,-0.02589879184961319
1789141061503431700,9.408431640625,0.19084392488002777,0.04741223156452179,-0.005301059223711491
1789141061513403600,9.418403564453126,0.16384665668010712,0.04102383926510811,-0.005997209344059229
1789141061523375900,9.4283759765625,0.190363809466362,0.05384877324104309,0.008352672681212425
1789141061533348900,9.438348876953125,0.185730442404747,0.07501184940338135,0.008904479444026947
1789141061543320600,9.448320556640626,0.2121223509311676,0.061104871332645416,-0.0168119128793478
1789141061553292800,9.458292724609375,0.17700937390327454,0.048337943851947784,-0.0006041821325197816
1789141061563265800,9.468265869140625,0.1539618819952011,0.051246434450149536,0.005572464782744646
1789141061573237800,9.47823779296875,0.16670458018779755,0.05092072859406471,0.0026509766466915607
1789141061583209700,9.488209716796876,0.16748009622097015,0.036017101258039474,0.0017272423719987273
1789141061593182700,9.4981826171875,0.15019138157367706,0.008950063958764076,0.027571089565753937
1789141061603154700,9.50815478515625,0.103304423391819,0.03996778652071953,-0.014678802341222763
1789141061613126700,9.518126708984376,0.048712022602558136,0.022119814530014992,0.005504229571670294
1789141061623100000,9.528099853515625,0.04123060032725334,0.006200449075549841,-0.01714073307812214
1789141061633071600,9.538071533203125,0.08358950912952423,0.028271928429603577,-0.024231666699051857
1789141061643043800,9.5480439453125,0.10937825590372086,0.0448296032845974,-0.042855821549892426
1789141061653016800,9.558016845703126,0.12425147742033005,0.024057745933532715,-0.042678721249103546
1789141061662988500,9.567988525390625,0.12122997641563416,0.03392374515533447,-0.02887483686208725
1789141061672961800,9.5779619140625,0.0872855931520462,0.05085745453834534,-0.02256501093506813
1789141061682933800,9.587933837890626,0.10149753838777542,0.0387289933860302,-0.0504634790122509
1789141061692905700,9.59790576171875,0.08435370773077011,0.04281694442033768,-0.012153904885053635
1789141061702878700,9.607878662109375,0.07301793992519379,0.04312491416931152,-0.02058892324566841
1789141061712850700,9.6178505859375,0.08913858979940414,0.06225573271512985,-0.02570592239499092
1789141061722822700,9.62782275390625,0.06246446818113327,0.0709124431014061,-0.013651308603584766
1789141061732795600,9.637795654296875,0.030918259173631668,0.0355970598757267,0.004776967689394951
1789141061742767900,9.647767822265624,0.05353869870305061,0.03949028253555298,0.0149905476719141
1789141061752739600,9.657739501953126,0.04485093429684639,0.042179010808467865,0.027892764657735825
1789141061762712800,9.667712890625,0.045577727258205414,-0.0166088305413723,0.02911263331770897
1789141061772684800,9.677684814453125,0.013180638663470745,-0.010640154592692852,-0.020994743332266808
1789141061782656800,9.68765673828125,-0.0013539539650082588,-0.006506817881017923,0.001401013694703579
1789141061792629800,9.697629638671875,-0.03362800180912018,0.010881226509809494,-0.046728696674108505
1789141061802601700,9.707601806640625,-0.02536224201321602,0.016980713233351707,-0.07771036028862
1789141061812573700,9.71757373046875,-0.0335402749478817,-0.009457020089030266,0.012064799666404724
1789141061822546700,9.727546630859376,-0.020119357854127884,-0.022438813000917435,0.02654671110212803
1789141061832519000,9.737518798828125,-0.010687240399420261,-0.026586949825286865,-0.0451599657535553
1789141061842490600,9.74749072265625,0.0034035746939480305,-0.04645806923508644,0.009162373840808868
1789141061852463600,9.757463623046876,-0.026539143174886703,-0.04622850567102432,0.06431883573532104
1789141061862435800,9.767435791015625,-0.01668350026011467,-0.034227292984724045,0.022246310487389565
1789141061872407600,9.777407470703125,-0.030241118744015694,-0.05857417732477188,0.024525975808501244
1789141061882380800,9.787380859375,-0.0003295913338661194,-0.040197353810071945,0.005802110303193331
1789141061892352800,9.797352783203126,0.02306761033833027,-0.033702705055475235,0.019587697461247444
1789141061902325500,9.807325439453125,0.018214842304587364,-0.014951438643038273,-0.041376616805791855
1789141061912297700,9.817297607421875,0.03232373669743538,-0.03134292736649513,-0.06106829643249512
1789141061922269700,9.827269775390626,0.024976439774036407,0.00335710309445858,-0.0777081772685051
1789141061932242700,9.83724267578125,0.02528749778866768,-0.005136250518262386,-0.03344270959496498
1789141061942214700,9.847214599609375,0.057360969483852386,0.016939539462327957,-0.07226144522428513
1789141061952187000,9.857186767578124,0.08790422976016998,0.010379642248153687,-0.08752428740262985
1789141061962159600,9.86715966796875,0.10163769125938416,-0.0013946725521236658,-0.04183313623070717
1789141061972131800,9.8771318359375,0.09899130463600159,-0.003095101099461317,-0.025275729596614838
1789141061982103800,9.887103759765624,0.03800737112760544,0.0022374559193849564,-0.04423907399177551
1789141061992076500,9.89707666015625,0.052491240203380585,-0.03914273902773857,-0.005422969814389944
1789141062002048800,9.907048828125,0.08312119543552399,-0.012201299890875816,0.009734882041811943
1789141062012020700,9.917020751953125,0.09373149275779724,-0.020012885332107544,0.023831792175769806
1789141062021993700,9.92699365234375,0.08430668711662292,-0.019627362489700317,0.019991576671600342
1789141062031965700,9.936965576171875,0.0871639996767044,-0.013797703199088573,0.01004733331501484
1789141062041938000,9.94693798828125,0.10046067833900452,-0.014211667701601982,-0.018477939069271088
1789141062051910700,9.95691064453125,0.11968071758747101,-0.011802039109170437,-0.024728378280997276
1789141062061882600,9.966882568359376,0.1348438858985901,0.012314962223172188,0.009406053461134434
1789141062071854800,9.976854736328125,0.13620902597904205,0.029619118198752403,0.006495750974863768
1789141062081827600,9.98682763671875,0.16693271696567535,0.00892246700823307,0.04447316378355026
1789141062091798800,9.996798828125,0.13176274299621582,0.062274374067783356,0.0009778864914551377
1789141062101770800,10.006770751953125,0.16440349817276,0.01443910226225853,0.07775615900754929
1789141062111743700,10.01674365234375,0.21278460323810577,0.04247713088989258,0.046569474041461945
1789141062121715700,10.0267158203125,0.23836302757263184,0.04732908681035042,0.04208879917860031
1789141062131689000,10.03668896484375,0.1759806126356125,0.0684969574213028,0.01938987523317337
1789141062141660700,10.04666064453125,0.2135797142982483,0.06404521316289902,0.02651141956448555
1789141062151633000,10.0566328125,0.1966148465871811,0.11911166459321976,-0.013500180095434189
1789141062161606000,10.06660595703125,0.23116081953048706,0.08321800827980042,0.01943366415798664
1789141062171577600,10.07657763671875,0.2050676941871643,0.1093263030052185,-0.0005669420352205634
1789141062181549800,10.0865498046875,0.20167849957942963,0.08222107589244843,0.018534092232584953
1789141062191522600,10.0965224609375,0.22619742155075073,0.11436250060796738,0.0014714855933561921
1789141062201494800,10.106494873046875,0.2193799912929535,0.0998043343424797,0.041529953479766846
1789141062211466800,10.116466796875,0.18386833369731903,0.10062378644943237,-0.0026292498223483562
1789141062221439500,10.126439453125,0.19929641485214233,0.10787343978881836,0.01345178484916687
1789141062231411700,10.13641162109375,0.19599010050296783,0.13925932347774506,0.03402523696422577
1789141062241383700,10.1463837890625,0.19162537157535553,0.1142146959900856,0.015949055552482605
1789141062251356700,10.156356689453125,0.2367667555809021,0.11364185065031052,0.03684927523136139
1789141062261328600,10.16632861328125,0.23764865100383759,0.11201641708612442,0.046920377761125565
1789141062271300900,10.17630078125,0.1806918829679489,0.10482774674892426,0.07934916019439697
1789141062281273600,10.186273681640625,0.13189467787742615,0.10322186350822449,0.037818390876054764
1789141062291245800,10.196245849609374,0.1341588795185089,0.1063513457775116,-0.03409654274582863
1789141062301217800,10.2062177734375,0.12615986168384552,0.11961148679256439,-0.010168456472456455
1789141062311190500,10.2161904296875,0.12009371817111969,0.0684572234749794,0.03592260554432869
1789141062321162800,10.226162841796874,0.13802891969680786,0.07626161724328995,-0.04379759356379509
1789141062331134700,10.236134765625,0.10615861415863037,0.10134299844503403,-0.03584805876016617
1789141062341107700,10.246107666015625,0.08201339840888977,0.0648670643568039,0.06149537116289139
1789141062351079700,10.25607958984375,0.03476812317967415,0.03543620556592941,0.058349914848804474
1789141062361052000,10.266052001953126,0.046506088227033615,0.05274563282728195,0.03803648054599762
1789141062371024600,10.276024658203125,0.0323449969291687,0.059274375438690186,0.036861494183540344
1789141062380996600,10.28599658203125,0.004965485073626041,0.043163590133190155,0.05849916860461235
1789141062390969900,10.295969970703124,0.03530315309762955,0.05702507495880127,0.02287566289305687
1789141062400941600,10.305941650390626,0.023402735590934753,0.07724042981863022,-0.019255757331848145
1789141062410913800,10.315913818359375,0.04780235141515732,0.05729175731539726,-0.004093848168849945
1789141062420886800,10.32588671875,0.00978532712906599,0.10131072252988815,-0.004280595108866692
1789141062430858500,10.3358583984375,0.05463216081261635,0.08228722959756851,0.027163879945874214
1789141062440830700,10.345830810546875,0.07785133272409439,0.10487498342990875,-0.017340146005153656
1789141062450803700,10.3558037109375,0.0539606437087059,0.12825354933738708,-0.01868690550327301
1789141062460775700,10.365775634765624,0.04693898186087608,0.1026555597782135,0.03929275646805763
1789141062470747600,10.37574755859375,0.047794654965400696,0.15195760130882263,0.003540881909430027
1789141062480720600,10.385720703125,0.03301263600587845,0.16247862577438354,0.014004124328494072
1789141062490692600,10.395692626953124,0.04825763404369354,0.16262218356132507,0.03018229454755783
1789141062500664800,10.405664794921876,0.07263240218162537,0.16516686975955963,0.018564961850643158
1789141062510637800,10.415637939453125,0.07643565535545349,0.18834330141544342,0.002069076057523489
1789141062520609500,10.425609619140625,0.06265184283256531,0.17623215913772583,-0.005077217239886522
1789141062530581800,10.435581787109374,0.05765841528773308,0.18625575304031372,-0.02971278876066208
1789141062540554800,10.4455546875,0.03394945338368416,0.20965896546840668,0.006623614113777876
1789141062550526700,10.455526611328125,0.035679176449775696,0.1864391416311264,0.058266568928956985
1789141062560498700,10.465498779296874,0.0455617792904377,0.1710629016160965,0.08408623188734055
1789141062570471700,10.4754716796875,0.020881198346614838,0.19707612693309784,0.040334489196538925
1789141062580443600,10.485443603515625,0.04331093281507492,0.16128021478652954,0.06651001423597336
1789141062590415600,10.49541552734375,-0.005271785892546177,0.18222278356552124,0.031217269599437714
1789141062600388900,10.505388916015624,-0.0018303822726011276,0.12949462234973907,0.04738915339112282
1789141062610360600,10.515360595703125,-0.042064353823661804,0.1466725468635559,-0.03305508941411972
1789141062620332800,10.525332763671875,-0.03933580219745636,0.11728409677743912,-0.03447263687849045
1789141062630305800,10.535305908203124,-0.03975178673863411,0.13170751929283142,-0.014826498925685883
1789141062640277500,10.545277587890626,-0.051244523376226425,0.10903075337409973,-0.0027386206202208996
1789141062650250800,10.555250732421875,-0.06347908824682236,0.11016206443309784,-0.028537459671497345
1789141062660222700,10.56522265625,-0.058257926255464554,0.08773909509181976,0.01552534569054842
1789141062670194700,10.575194580078126,-0.08040690422058105,0.09552031755447388,0.016604457050561905
1789141062680167700,10.585167724609375,-0.06612144410610199,0.07467793673276901,0.02957070991396904
1789141062690139600,10.5951396484375,-0.05521846190094948,0.10085920989513397,-0.000046304077841341496
1789141062700111600,10.605111572265624,-0.06985288113355637,0.09772393107414246,0.004895098973065615
1789141062710084600,10.615084716796876,-0.07737657427787781,0.1177210658788681,-0.002058680634945631
1789141062720056800,10.625056884765625,-0.040358513593673706,0.13111191987991333,-0.0003300732932984829
1789141062730028500,10.635028564453124,-0.014080040156841278,0.13272713124752045,-0.015200099907815456
1789141062740001800,10.645001708984376,-0.010335506871342659,0.11761476844549179,0.020712271332740784
1789141062749973800,10.654973876953125,-0.03447599709033966,0.13504861295223236,0.01726347766816616
1789141062759945700,10.66494580078125,0.022000931203365326,0.1120644062757492,0.00501132570207119
1789141062769918700,10.674918701171874,-0.038001418113708496,0.12340760231018066,0.05316953361034393
1789141062779890700,10.684890625,-0.07749506086111069,0.12568317353725433,0.049554161727428436
1789141062789862700,10.694862548828125,-0.06341972202062607,0.10627512633800507,0.013879254460334778
1789141062799835600,10.704835693359374,-0.07438443601131439,0.09586205333471298,0.041766922920942307
1789141062809808000,10.714807861328126,-0.04852939769625664,0.10614930838346481,-0.025164972990751266
1789141062819779600,10.724779541015625,-0.03788182884454727,0.10504820197820663,-0.046183958649635315
1789141062829752600,10.734752685546875,-0.09216317534446716,0.09335799515247345,0.01302263606339693
1789141062839724800,10.744724853515624,-0.12142273783683777,0.0904516875743866,0.014387194067239761
1789141062849696500,10.754696533203125,-0.12200675904750824,0.09582807868719101,-0.024155404418706894
1789141062859669800,10.764669677734375,-0.1505582481622696,0.06379477679729462,0.025422802194952965
1789141062869641700,10.774641845703124,-0.1454116851091385,0.03667394444346428,0.043113648891448975
1789141062879613700,10.78461376953125,-0.1812855452299118,0.03970343992114067,0.03856672719120979
1789141062889586700,10.794586669921875,-0.18571917712688446,0.005589147098362446,0.05806133151054382
1789141062899558700,10.80455859375,-0.1962859183549881,0.02441796287894249,0.013643196783959866
1789141062909532000,10.814531982421874,-0.21024860441684723,0.013790352270007133,-0.018885716795921326
1789141062919503600,10.824503662109375,-0.2208981215953827,0.011988194659352303,-0.026402205228805542
1789141062929475800,10.834475830078125,-0.17951393127441406,-0.018751341849565506,-0.043028052896261215
1789141062939448800,10.84444873046875,-0.16887889802455902,0.0009566326625645161,-0.07869840413331985
1789141062949420800,10.8544208984375,-0.19533687829971313,-0.02809392660856247,-0.05657046660780907
1789141062959392800,10.864392822265625,-0.23144932091236115,-0.0515640452504158,-0.01721961610019207
1789141062969365800,10.87436572265625,-0.25111863017082214,-0.057656560093164444,0.02623704820871353
1789141062979337700,10.884337646484376,-0.26734569668769836,-0.08382423967123032,0.025890111923217773
1789141062989309700,10.894309814453125,-0.25110042095184326,-0.08939290791749954,0.051413316279649734
1789141062999282700,10.90428271484375,-0.21566332876682281,-0.08283131569623947,0.016222313046455383
1789141063009254700,10.914254638671874,-0.23799926042556763,-0.10761069506406784,0.03587590903043747
1789141063019227000,10.924226806640625,-0.2681305706501007,-0.08046280592679977,0.0068598720245063305
1789141063029199600,10.93419970703125,-0.21050800383090973,-0.10479824244976044,-0.030847027897834778
1789141063039171600,10.944171630859374,-0.15139146149158478,-0.045080844312906265,-0.04267451912164688
1789141063049143800,10.954143798828126,-0.11949717998504639,-0.04307921230792999,-0.02966764010488987
1789141063059116500,10.964116455078125,-0.15031437575817108,-0.08707772940397263,-0.005053825676441193
1789141063069088800,10.9740888671875,-0.11608290672302246,-0.12623231112957,0.010713686235249043
1789141063079060700,10.984060791015626,-0.15914715826511383,-0.09218257665634155,0.013044812716543674
1789141063089034000,10.994033935546875,-0.13515473902225494,-0.1337350755929947,0.02393501065671444
1789141063099006000,11.004005859375,-0.2031567543745041,-0.1441633254289627,0.027616074308753014
1789141063108978000,11.01397802734375,-0.20773233473300934,-0.15313658118247986,-0.01724407635629177
1789141063118951200,11.023951171875,-0.21248042583465576,-0.15499338507652283,-0.03215407952666283
1789141063128923000,11.0339228515625,-0.1709819883108139,-0.13579866290092468,-0.05933350324630737
1789141063138895000,11.04389501953125,-0.1281825453042984,-0.15174289047718048,-0.044330623000860214
1789141063148868000,11.0538681640625,-0.09362536668777466,-0.1758306622505188,-0.050541914999485016
1789141063158840000,11.063840087890625,-0.12596087157726288,-0.16423003375530243,-0.02358209155499935
1789141063168813000,11.07381298828125,-0.15809723734855652,-0.20319980382919312,-0.00847344659268856
1789141063178785000,11.083784912109374,-0.10147159546613693,-0.20123912394046783,0.010896697640419006
1789141063188757000,11.093757080078126,-0.11227764189243317,-0.12082710862159729,-0.0016928634140640497
1789141063198730000,11.10372998046875,-0.08477243036031723,-0.1674356758594513,0.05283065885305405
1789141063208702000,11.113701904296875,-0.07310911267995834,-0.16458609700202942,0.027914654463529587
1789141063218674000,11.123673828125,-0.03496593236923218,-0.11003507673740387,0.004151380155235529
1789141063228647000,11.13364697265625,-0.03772709518671036,-0.10682090371847153,-0.0017933277413249016
1789141063238619000,11.143618896484375,0.013169105164706707,-0.1149912178516388,-0.01716030016541481
1789141063248590800,11.1535908203125,0.00849525723606348,-0.09591126441955566,0.0031819897703826427
1789141063258564000,11.163564208984376,0.031702928245067596,-0.11132197082042694,0.03187631070613861
1789141063268535800,11.173535888671875,-0.004363466054201126,-0.10505928099155426,0.039360325783491135
1789141063278508000,11.183508056640624,-0.022348077967762947,-0.08858942985534668,0.02502625808119774
1789141063288481000,11.19348095703125,-0.038757145404815674,-0.07373964786529541,0.03808187320828438
1789141063298452700,11.20345263671875,-0.003396807238459587,-0.06937164813280106,-0.0030074729584157467
1789141063308425000,11.213425048828125,0.005105067975819111,-0.09165245294570923,-0.03631483018398285
1789141063318398000,11.22339794921875,0.016263283789157867,-0.07774163782596588,-0.037650443613529205
1789141063328370000,11.233369873046875,0.021557115018367767,-0.07246219366788864,-0.014468158595263958
1789141063338342000,11.243341796875,0.04512458294630051,-0.059797633439302444,-0.04115602374076843
1789141063348315000,11.25331494140625,0.024914121255278587,-0.09674420207738876,0.034220755100250244
1789141063358286800,11.263286865234376,-0.043856628239154816,-0.07623476535081863,0.05037480220198631
1789141063368259000,11.273259033203125,0.014099613763391972,-0.10975171625614166,0.029943829402327538
1789141063378232000,11.283232177734375,-0.022276252508163452,-0.09299686551094055,0.06241496652364731
1789141063388203800,11.293203857421876,0.037267234176397324,-0.1111345961689949,0.061004020273685455
1789141063398176000,11.303176025390625,0.018540319055318832,-0.08999878913164139,0.010786042548716068
1789141063408149000,11.31314892578125,0.002095300704240799,-0.08006706088781357,0.013611922971904278
1789141063418121000,11.323120849609374,0.01844622567296028,-0.08287771046161652,0.01648937538266182
1789141063428094000,11.333093994140626,0.007918484508991241,-0.05426577106118202,-0.05382659658789635
1789141063438066000,11.34306591796875,0.04773508757352829,-0.07716964930295944,-0.04232798144221306
1789141063448038000,11.353037841796874,0.014253558591008186,-0.03837644308805466,-0.06171446293592453
1789141063458011000,11.363010986328124,0.05859227478504181,-0.03372427448630333,-0.08431299030780792
1789141063467983000,11.372983154296875,0.04588446766138077,-0.0459258109331131,-0.017521442845463753
1789141063477954800,11.382954833984375,0.08038462698459625,-0.0412813164293766,0.00037475174758583307
1789141063487927800,11.392927734375,0.09372413158416748,-0.010341241955757141,-0.004693510010838509
1789141063497900000,11.402900146484376,0.11307080090045929,-0.0342685729265213,0.03312225267291069
1789141063507871700,11.412871826171875,0.0615500882267952,-0.03594023734331131,0.06809301674365997
1789141063517845000,11.422844970703125,0.08788280934095383,-0.004660827107727528,0.018964529037475586
1789141063527817000,11.43281689453125,0.07791513204574585,0.005383018404245377,-0.00380150368437171
1789141063537789000,11.442788818359375,0.08050796389579773,0.0035650418139994144,-0.007980137132108212
1789141063547762000,11.452761962890625,0.0530632846057415,-0.0025035033468157053,0.025770369917154312
1789141063557734000,11.46273388671875,0.11424276977777481,0.011649494990706444,-0.01452646218240261
1789141063567705900,11.472705810546875,0.10294590890407562,0.006416383199393749,0.01442662626504898
1789141063577678800,11.482678955078125,0.07469628751277924,-0.01757316291332245,0.057225700467824936
1789141063587651000,11.492651123046874,0.035877250134944916,-0.011129378341138363,0.016619952395558357
1789141063597622800,11.502622802734376,0.043861024081707,-0.0033180611208081245,-0.054142970591783524
1789141063607596000,11.512595947265625,0.03935069590806961,-0.038314126431941986,-0.03106721304357052
1789141063617568000,11.522568115234375,0.042970411479473114,-0.02458995208144188,-0.03813588619232178
1789141063627540000,11.5325400390625,0.09443332999944687,-0.025452816858887672,-0.029529085382819176
1789141063637513000,11.542512939453125,0.0857287123799324,-0.011413643136620522,-0.028117701411247253
1789141063647485000,11.55248486328125,0.08959748595952988,-0.03169308230280876,0.014482222497463226
1789141063657457000,11.562456787109374,0.07917668670415878,-0.02700032666325569,0.016962353140115738
1789141063667430000,11.572429931640626,0.05801467224955559,-0.015722906216979027,0.016997773200273514
1789141063677402000,11.582402099609375,0.05150264501571655,-0.007740132510662079,0.03411594033241272
1789141063687375000,11.592375,0.06934822350740433,-0.0005091174971312284,0.04199223965406418
1789141063697346800,11.602346923828126,0.09872175008058548,0.0037825144827365875,-0.0007228389149531722
1789141063707319000,11.612319091796875,0.1062084287405014,-0.015194105915725231,0.021613892167806625
1789141063717292000,11.6222919921875,0.1273290365934372,0.012499678879976273,0.020601829513907433
1789141063727264000,11.632263916015624,0.1529635637998581,0.00048669055104255676,0.03348167613148689
1789141063737236000,11.642236083984375,0.12257391214370728,-0.009439067915081978,0.048124417662620544
1789141063747209000,11.652208984375,0.08579058945178986,-0.002490348182618618,0.03608852997422218
1789141063757181000,11.662180908203124,0.13997778296470642,-0.01287481002509594,0.03870169818401337
1789141063767153200,11.672153076171876,0.11917156726121902,0.026612676680088043,-0.0014001820236444473
1789141063777126100,11.682126220703125,0.1116720512509346,0.018053019419312477,0.001137427520006895
1789141063787097900,11.692097900390625,0.10194113105535507,0.018801633268594742,-0.00005327165126800537
1789141063797070000,11.702070068359374,0.11230970919132233,0.049123842269182205,-0.025871848687529564
1789141063807043000,11.71204296875,0.14843042194843292,0.08098563551902771,-0.06795059144496918
1789141063817015000,11.72201513671875,0.17024818062782288,0.09257256984710693,-0.04853338003158569
1789141063826987000,11.731987060546874,0.16885294020175934,0.07772864401340485,-0.0063254740089178085
1789141063836960000,11.7419599609375,0.17154882848262787,0.09501762688159943,0.012721064500510693
1789141063846932000,11.751931884765625,0.18509286642074585,0.1142893135547638,0.000004470348358154297
1789141063856904000,11.761904052734375,0.1657940149307251,0.0760163888335228,0.0267279502004385
1789141063866877200,11.771877197265624,0.16841243207454681,0.06527533382177353,0.04002271965146065
1789141063876849000,11.781848876953125,0.1363920420408249,0.1037217304110527,0.01679483987390995
1789141063886821000,11.791821044921875,0.17352423071861267,0.07722141593694687,-0.02749912068247795
1789141063896794000,11.801794189453124,0.16297118365764618,0.07837536185979843,0.0198002178221941
1789141063906765800,11.811765869140626,0.16701972484588623,0.06688595563173294,0.01854000985622406
1789141063916738000,11.821738037109375,0.1473831832408905,0.08215412497520447,-0.051715243607759476
1789141063926711000,11.8317109375,0.12626004219055176,0.08718270063400269,-0.029193423688411713
1789141063936683000,11.84168310546875,0.11228879541158676,0.08212237805128098,-0.04500938206911087
1789141063946655000,11.851655029296875,0.12926805019378662,0.06484458595514297,-0.05620637536048889
1789141063956628000,11.8616279296875,0.10946343839168549,0.08541197329759598,-0.007120202295482159
1789141063966600000,11.871599853515624,0.12420085072517395,0.06592961400747299,-0.0170199703425169
1789141063976573000,11.881572998046876,0.14466679096221924,0.056015145033597946,-0.019193284213542938
1789141063986545200,11.891545166015625,0.15522968769073486,0.061353448778390884,-0.005919557064771652
1789141063996516900,11.901516845703124,0.14641253650188446,0.06106492504477501,-0.028473224490880966
1789141064006490000,11.911489990234376,0.1276439130306244,0.05400674790143967,-0.05702843517065048
1789141064016461800,11.9214619140625,0.10768692195415497,0.060590241104364395,-0.01833745464682579
1789141064026434000,11.93143408203125,0.12905026972293854,0.10222690552473068,-0.04717522859573364
1789141064036407000,11.941406982421874,0.15027393400669098,0.07901442050933838,-0.032659608870744705
1789141064046378800,11.951378662109375,0.12386868894100189,0.09691592305898666,-0.03781682252883911
1789141064056351000,11.96135107421875,0.14243648946285248,0.0584629625082016,-0.0070766182616353035
1789141064066324000,11.971323974609374,0.12396560609340668,0.0673946738243103,-0.019647538661956787
1789141064076296000,11.9812958984375,0.12556593120098114,0.06322629004716873,-0.018982423469424248
1789141064086268000,11.991267822265625,0.12043695896863937,0.06085820496082306,-0.031139753758907318
1789141064096241400,12.001241455078125,0.13993392884731293,0.053083911538124084,-0.019395336508750916
1789141064106213600,12.011213623046874,0.14191637933254242,0.0712117850780487,-0.037561021745204926
1789141064116185300,12.021185302734375,0.14989231526851654,0.06543591618537903,-0.00422371830791235
1789141064126158600,12.03115869140625,0.1548050493001938,0.07080085575580597,-0.03825625404715538
1789141064136130600,12.041130615234374,0.1558169275522232,0.06323220580816269,-0.006622640881687403
1789141064146102500,12.0511025390625,0.11621225625276566,0.09025236964225769,-0.008984065614640713
1789141064156075500,12.061075439453125,0.1374061405658722,0.07008195668458939,-0.08062649518251419
1789141064166047500,12.071047607421875,0.1718200296163559,0.08004990220069885,-0.05656243860721588
1789141064176019500,12.08101953125,0.17049084603786469,0.10440270602703094,-0.031442586332559586
1789141064185992400,12.090992431640625,0.1626017540693283,0.07780811190605164,0.007385503500699997
1789141064195964700,12.100964599609375,0.1799897849559784,0.08803566545248032,0.02381403185427189
1789141064205937400,12.1109375,0.1912485659122467,0.10138635337352753,0.01199811790138483
1789141064215909400,12.120909423828126,0.17636027932167053,0.07910890877246857,-0.01228345651179552
1789141064225881600,12.130881591796875,0.14899763464927673,0.046779733151197433,-0.011597692035138607
1789141064235854300,12.140854248046875,0.12804479897022247,0.0261746384203434,0.047013379633426666
1789141064245826600,12.15082666015625,0.09811858832836151,0.06616679579019547,0.05491285026073456
1789141064255798500,12.160798583984375,0.10965552926063538,0.05689649283885956,0.06947454065084457
1789141064265771300,12.170771240234375,0.14423668384552002,0.04982206970453262,0.029752962291240692
1789141064275743500,12.180743408203124,0.11868860572576523,0.017027532681822777,0.05662098154425621
1789141064285715500,12.190715576171876,0.06560222059488297,0.022596735507249832,0.03423365205526352
1789141064295688400,12.2006884765625,0.06479693204164505,0.018244754523038864,-0.00733631756156683
1789141064305660400,12.210660400390625,0.05343508720397949,0.01871160790324211,0.02808052860200405
1789141064315632600,12.220632568359376,0.04943843185901642,0.001363617368042469,0.03514258936047554
1789141064325605400,12.23060546875,0.04331102967262268,0.018041398376226425,-0.001062289928086102
1789141064335577600,12.24057763671875,0.08021310716867447,0.001840162556618452,0.022957036271691322
1789141064345549600,12.250549560546874,0.057143472135066986,0.020578961819410324,0.04085241258144379
1789141064355522300,12.260522216796875,0.07077150046825409,0.021593201905488968,0.0418008454144001
1789141064365494500,12.27049462890625,0.06215324252843857,0.00493885762989521,0.03379352018237114
1789141064375466500,12.280466552734374,0.031170111149549484,0.04084061458706856,0.016611430794000626
1789141064385439500,12.290439453125,0.03558509796857834,0.0425567552447319,0.037248533219099045
1789141064395411500,12.300411376953125,0.06248290836811066,0.05191297084093094,0.034832973033189774
1789141064405383400,12.310383544921875,0.10387615859508514,0.07350854575634003,0.019067592918872833
1789141064415356400,12.3203564453125,0.11201990395784378,0.13329629600048065,-0.0013363778125494719
1789141064425328400,12.330328369140625,0.08614303171634674,0.10396237671375275,0.070197194814682
1789141064435300400,12.34030029296875,0.1104050725698471,0.141416534781456,-0.013819342479109764
1789141064445273300,12.3502734375,0.08977809548377991,0.16089169681072235,-0.031528033316135406
1789141064455245600,12.36024560546875,0.09735138714313507,0.15230444073677063,-0.00856842938810587
1789141064465218600,12.370218505859375,0.1095806211233139,0.12929126620292664,-0.008711706846952438
1789141064475190500,12.3801904296875,0.12215816974639893,0.12924621999263763,0.027623683214187622
1789141064485162500,12.39016259765625,0.10825008153915405,0.13463832437992096,0.023203102871775627
1789141064495135500,12.400135498046875,0.0893891230225563,0.11984674632549286,-0.008989213034510612
1789141064505107500,12.410107421875,0.05506257340312004,0.11374730616807938,0.02196470834314823
1789141064515079400,12.420079345703124,0.03773346543312073,0.12553441524505615,-0.028216905891895294
1789141064525052700,12.430052734375,0.01633549854159355,0.12334662675857544,-0.03215891867876053
1789141064535024400,12.4400244140625,0.0034221457317471504,0.12103313207626343,-0.020847026258707047
1789141064544996600,12.44999658203125,0.012905396521091461,0.11397149413824081,-0.018080268055200577
1789141064554969600,12.459969482421876,0.042097628116607666,0.09310781210660934,-0.018107540905475616
1789141064564941300,12.46994140625,0.033056195825338364,0.07643003016710281,0.05853370577096939
1789141064574913500,12.47991357421875,0.047313809394836426,0.0922129899263382,0.026861067861318588
1789141064584886500,12.489886474609374,0.018135685473680496,0.10346297919750214,-0.01404961384832859
1789141064594858500,12.4998583984375,-0.021400589495897293,0.08132870495319366,0.005891905166208744
1789141064604830500,12.50983056640625,-0.00931862834841013,0.10909881442785263,-0.01465518120676279
1789141064614803500,12.519803466796875,0.027339952066540718,0.08297687768936157,-0.009684622287750244
1789141064624775400,12.529775390625,0.043219052255153656,0.07495517283678055,0.002565386239439249
1789141064634747400,12.539747314453125,0.01766001060605049,0.08552654087543488,0.01706571877002716
1789141064644720600,12.549720703125,0.02065500244498253,0.09179295599460602,-0.0003473605611361563
1789141064654692400,12.5596923828125,-0.01405828632414341,0.1025485098361969,0.02025899849832058
1789141064664664600,12.56966455078125,-0.010368477553129196,0.09594200551509857,-0.01981278695166111
1789141064674637600,12.579637451171875,-0.013095956295728683,0.111023910343647,-0.03728572651743889
1789141064684609500,12.589609619140624,-0.015251519158482552,0.10162774473428726,-0.013361751101911068
1789141064694581500,12.59958154296875,-0.006203961558640003,0.10388823598623276,0.009220522828400135
1789141064704554500,12.609554443359375,0.024612274020910263,0.12575384974479675,-0.03121877834200859
1789141064714526500,12.6195263671875,0.005278902128338814,0.07573383301496506,0.017423132434487343
1789141064724498400,12.62949853515625,-0.036957234144210815,0.089206762611866,0.07018780708312988
1789141064734471700,12.6394716796875,0.030103230848908424,0.13627584278583527,0.010887360200285912
1789141064744443400,12.649443359375,0.026553504168987274,0.14995037019252777,-0.025735631585121155
1789141064754416400,12.65941650390625,-0.0024844929575920105,0.12108996510505676,0.018042059615254402
1789141064764388600,12.669388671875,-0.02553095668554306,0.15373152494430542,0.021612826734781265
1789141064774360300,12.6793603515625,-0.02119753137230873,0.1218920573592186,0.02464979514479637
1789141064784333600,12.68933349609375,0.021207982674241066,0.12352005392313004,0.017576439306139946
1789141064794305500,12.699305419921876,0.013907285407185555,0.13141702115535736,0.05032982677221298
1789141064804277500,12.709277587890625,0.0048053995706140995,0.13060608506202698,0.05410885438323021
1789141064814250500,12.71925048828125,-0.03226114436984062,0.15067842602729797,-0.0009826854802668095
1789141064824222500,12.729222412109374,-0.06624440848827362,0.15441404283046722,-0.022380119189620018
1789141064834194400,12.7391943359375,-0.05972751975059509,0.12796716392040253,0.009138714522123337
1789141064844167400,12.74916748046875,0.01899418979883194,0.1389729380607605,-0.010770278051495552
1789141064854139600,12.7591396484375,0.06351002305746078,0.11477284133434296,-0.005457826890051365
1789141064864111400,12.769111328125,0.017582479864358902,0.12535756826400757,-0.011213450692594051
1789141064874084400,12.77908447265625,-0.03337322175502777,0.10446449369192123,-0.006767259445041418
1789141064884056600,12.789056640625,-0.08772141486406326,0.10067055374383926,0.034819331020116806
1789141064894028500,12.799028564453126,-0.06347939372062683,0.10682463645935059,0.0057891132310032845
1789141064904001500,12.80900146484375,-0.04003744572401047,0.1025763601064682,0.002780007431283593
1789141064913973500,12.818973388671875,-0.0931931808590889,0.09348800778388977,0.0923355370759964
1789141064923945500,12.828945556640624,-0.08641090989112854,0.09172286093235016,0.04709348455071449
1789141064933918500,12.83891845703125,-0.06774277985095978,0.08396464586257935,0.043449241667985916
1789141064943890700,12.848890625,-0.10296760499477386,0.10870034992694855,0.019603829830884933
1789141064953862400,12.8588623046875,-0.058557529002428055,0.1060296818614006,0.03365880995988846
1789141064963835400,12.86883544921875,-0.031199675053358078,0.13202479481697083,0.014132512733340263
1789141064973807600,12.8788076171875,-0.014244440011680126,0.13023148477077484,0.02656095288693905
1789141064983779300,12.888779296875,-0.02296869084239006,0.12252429872751236,0.0392831414937973
1789141064993752600,12.898752685546874,-0.01848510280251503,0.13098250329494476,0.05262976512312889
1789141065003724500,12.908724609375,-0.02251499518752098,0.15199802815914154,0.03372797742486
1789141065013697300,12.918697265625,-0.012719918973743916,0.13198576867580414,0.041308533400297165
1789141065023669500,12.92866943359375,-0.04737216979265213,0.13704657554626465,0.04652246832847595
1789141065033641500,12.938641357421876,-0.02881701849400997,0.14474458992481232,0.03168409317731857
1789141065043614500,12.948614501953125,-0.026253988966345787,0.14705461263656616,0.018263891339302063
1789141065053586400,12.95858642578125,-0.07763874530792236,0.11265173554420471,0.06051061674952507
1789141065063558700,12.96855859375,-0.06804017722606659,0.09274435043334961,0.017838789150118828
1789141065073531400,12.978531494140626,-0.07127472013235092,0.10240080207586288,0.0012099515879526734
1789141065083503400,12.98850341796875,-0.0964684933423996,0.08627349883317947,0.012814942747354507
1789141065093475300,12.998475341796874,-0.0947333574295044,0.059866875410079956,0.019601568579673767
1789141065103448300,13.0084482421875,-0.12267045676708221,0.07453769445419312,0.06240416318178177
1789141065113420500,13.018420654296875,-0.15288405120372772,0.04479844123125076,0.04596114531159401
1789141065123392300,13.028392333984375,-0.1370970904827118,0.019198806956410408,0.02616293914616108
1789141065133365500,13.038365478515624,-0.15885260701179504,0.031336963176727295,0.04283706471323967
1789141065143337500,13.04833740234375,-0.18482349812984467,0.012592039071023464,0.06410426646471024
1789141065153309400,13.058309326171875,-0.16574585437774658,0.005644435994327068,0.05115821212530136
1789141065163282400,13.068282470703124,-0.16054576635360718,0.007841277867555618,0.020777404308319092
1789141065173254400,13.07825439453125,-0.18037532269954681,0.008884916082024574,-0.013381008058786392
1789141065183226400,13.088226318359375,-0.18450109660625458,-0.014222532510757446,0.015902312472462654
1789141065193199400,13.098199462890625,-0.14747051894664764,0.009668314829468727,-0.04239235445857048
1789141065203171600,13.108171630859376,-0.18775615096092224,0.010433441027998924,-0.007657545153051615
1789141065213143300,13.118143310546875,-0.19247223436832428,0.004323459696024656,0.030175670981407166
1789141065223116300,13.1281162109375,-0.18748679757118225,0.004933589603751898,0.03361247852444649
1789141065233088500,13.138088623046874,-0.1967596411705017,0.0054492345079779625,-0.008102759718894958
1789141065243060200,13.148060302734375,-0.1949700117111206,-0.04663660377264023,0.05102713778614998
1789141065253033500,13.158033447265625,-0.17036128044128418,-0.013020859099924564,0.03627707064151764
1789141065263005400,13.16800537109375,-0.18055106699466705,-0.020989570766687393,0.02648409828543663
1789141065272977400,13.177977294921876,-0.2388727068901062,-0.02973794937133789,-0.01050400547683239
1789141065282950400,13.187950439453125,-0.26875603199005127,-0.04917342960834503,-0.030681444332003593
1789141065292922600,13.197922607421875,-0.24391193687915802,-0.03565725311636925,-0.04540938884019852
1789141065302895400,13.207895263671874,-0.21025648713111877,-0.07414712011814117,-0.030591560527682304
1789141065312867300,13.217867431640625,-0.1882937103509903,-0.08009348064661026,-0.03863268718123436
1789141065322839600,13.227839599609375,-0.23180364072322845,-0.11617717891931534,0.0042013307102024555
1789141065332812300,13.237812255859374,-0.2877718210220337,-0.15559349954128265,0.05134190246462822
1789141065342784500,13.247784423828126,-0.2893494963645935,-0.14351898431777954,-0.005602339282631874
1789141065352756500,13.257756591796875,-0.27561521530151367,-0.13606184720993042,-0.02412143349647522
1789141065362729200,13.267729248046875,-0.26535487174987793,-0.1882012039422989,0.0416937991976738
1789141065372701400,13.277701416015624,-0.27656087279319763,-0.14097781479358673,0.0002531176432967186
1789141065382673400,13.28767333984375,-0.19550542533397675,-0.14451076090335846,-0.03955687955021858
1789141065392646400,13.297646484375,-0.2080966681241989,-0.14420635998249054,-0.010669518262147903
1789141065402618400,13.307618408203124,-0.21983136236667633,-0.14916624128818512,0.028002243489027023
1789141065412590300,13.31759033203125,-0.19312359392642975,-0.12428826093673706,-0.015412487089633942
1789141065422563300,13.327563232421875,-0.1818019598722458,-0.11103930324316025,-0.04302281141281128
1789141065432535300,13.337535400390625,-0.18132659792900085,-0.12778274714946747,0.00243203341960907
1789141065442507300,13.34750732421875,-0.1728055477142334,-0.11617723107337952,0.025810061022639275
1789141065452480300,13.357480224609375,-0.1291304975748062,-0.09592533111572266,-0.01576056145131588
1789141065462452500,13.367452392578125,-0.1427469700574875,-0.10683044046163559,0.013356843031942844
1789141065472424200,13.377424072265624,-0.13997353613376617,-0.12040846049785614,0.025799797847867012
1789141065482397400,13.3873974609375,-0.15044747292995453,-0.1178417056798935,0.03235676512122154
1789141065492369400,13.397369384765625,-0.09760485589504242,-0.11467030644416809,-0.00969318300485611
1789141065502341400,13.40734130859375,-0.12677179276943207,-0.07091456651687622,-0.012098017148673534
1789141065512314400,13.417314453125,-0.13461868464946747,-0.09720432758331299,0.008987894281744957
1789141065522286300,13.427286376953125,-0.12905879318714142,-0.09315073490142822,-0.012469194829463959
1789141065532258300,13.43725830078125,-0.060524359345436096,-0.1064784824848175,0.026901064440608025
1789141065542231300,13.447231201171874,-0.06141439080238342,-0.08685284852981567,0.02506881020963192
1789141065552203500,13.45720361328125,-0.07461433112621307,-0.10829725861549377,0.012524247169494629
1789141065562175200,13.46717529296875,-0.12285696715116501,-0.11387284845113754,0.0599634014070034
1789141065572148200,13.477148193359374,-0.09719337522983551,-0.11951054632663727,0.009402197785675526
1789141065582120400,13.487120361328126,-0.10164138674736023,-0.10675613582134247,0.005312381312251091
1789141065592093400,13.497093505859375,-0.1269853711128235,-0.09250508248806,-0.0035780323669314384
1789141065602065400,13.5070654296875,-0.0867181196808815,-0.1344703733921051,-0.030428819358348846
1789141065612037400,13.517037353515626,-0.09548678994178772,-0.08411557972431183,-0.04289058968424797
1789141065622010400,13.52701025390625,-0.08178509026765823,-0.09797360002994537,0.04810722917318344
1789141065631982300,13.536982421875,-0.05703067407011986,-0.1436503529548645,0.09331943094730377
1789141065641954300,13.546954345703124,-0.004009531810879707,-0.16048339009284973,0.055668991059064865
1789141065651927600,13.556927490234376,-0.06619825214147568,-0.15330035984516144,0.0364927276968956
1789141065661899300,13.566899169921875,-0.1359563022851944,-0.17399978637695312,-0.00661852490156889
1789141065671871500,13.57687158203125,-0.1316005289554596,-0.15430796146392822,-0.14911769330501556
1789141065681844500,13.586844482421874,-0.1642221212387085,-0.1189371719956398,-0.20927157998085022
1789141065691816400,13.59681640625,-0.08635015785694122,-0.12850803136825562,-0.08125241100788116
1789141065701788400,13.606788330078125,-0.004689115099608898,-0.10118693113327026,-0.08321010321378708
1789141065711761400,13.616761474609374,0.044988229870796204,-0.1911710947751999,0.021466342732310295
1789141065721733400,13.6267333984375,0.05213615298271179,-0.10456696897745132,-0.1460033357143402
1789141065731705300,13.636705322265625,-0.000718199647963047,-0.13842980563640594,0.054571133106946945
1789141065741678600,13.6466787109375,-0.12477384507656097,-0.13379670679569244,0.06985821574926376
1789141065751650300,13.656650390625,-0.05428575724363327,-0.18041479587554932,0.00873382855206728
1789141065761622500,13.66662255859375,-0.13210278749465942,-0.15965625643730164,0.050547584891319275
1789141065771595500,13.676595458984375,-0.08986330032348633,-0.1486550122499466,0.06294185668230057
1789141065781567200,13.686567138671874,0.0015824595466256142,-0.10555015504360199,-0.05089122802019119
1789141065791539500,13.69653955078125,0.0015866812318563461,-0.11063434183597565,-0.07530573010444641
1789141065801512400,13.706512451171875,-0.01938597857952118,-0.07908307015895844,-0.06744194775819778
1789141065811484400,13.716484375,0.08018380403518677,-0.05681467801332474,-0.07125639915466309
1789141065821456400,13.726456298828126,0.14393988251686096,0.010570219717919827,-0.10340181738138199
1789141065831429400,13.736429443359375,0.16707931458950043,-0.004584924317896366,-0.051629602909088135
1789141065841401300,13.7464013671875,0.08617116510868073,-0.0010863298084586859,0.04569721594452858
1789141065851373300,13.756373291015626,0.11402271687984467,0.020310357213020325,0.0671846941113472
1789141065861346600,13.7663466796875,0.16358788311481476,0.05523718148469925,0.052298691123723984
1789141065871318300,13.776318359375,0.2095019668340683,0.07813946157693863,0.007784013636410236
1789141065881291300,13.786291259765624,0.19786740839481354,0.1001209244132042,-0.040448762476444244
1789141065891263500,13.796263427734376,0.19249595701694489,0.1232348307967186,-0.1017426922917366
1789141065901235500,13.8062353515625,0.19409199059009552,0.14944380521774292,-0.0847192332148552
1789141065911208400,13.81620849609375,0.18569040298461914,0.15810173749923706,-0.017831087112426758
1789141065921180400,13.826180419921876,0.234847292304039,0.135152205824852,0.019136251881718636
1789141065931152400,13.83615234375,0.31076622009277344,0.13882406055927277,0.07072879374027252
1789141065941125400,13.84612548828125,0.2623075842857361,0.13636834919452667,0.09272623807191849
1789141065951097600,13.85609765625,0.23917511105537415,0.10167792439460754,0.032676734030246735
1789141065961069300,13.8660693359375,0.1658090204000473,0.12511932849884033,0.02579326368868351
1789141065971042300,13.876042236328125,0.11685339361429214,0.11277579516172409,0.06666149944067001
1789141065981014500,13.8860146484375,0.16439242660999298,0.10300412029027939,0.026281055063009262
1789141065990986200,13.895986328125,0.18855419754981995,0.1531536877155304,-0.021959703415632248
1789141066000959500,13.90595947265625,0.20144815742969513,0.1083499938249588,0.06636962294578552
1789141066010931500,13.915931396484375,0.13145577907562256,0.09307735413312912,0.04200940951704979
1789141066020903400,13.9259033203125,0.1678026020526886,0.053874559700489044,0.021356595680117607
1789141066030876400,13.93587646484375,0.09654583036899567,0.07733209431171417,0.03516105189919472
1789141066040848400,13.945848388671875,0.07833753526210785,0.04987118020653725,0.06405741721391678
1789141066050820400,13.9558203125,0.0693344697356224,0.0721667930483818,0.0416698083281517
1789141066060793300,13.96579345703125,0.034731753170490265,0.04217001050710678,0.09202645719051361
1789141066070765600,13.975765625,0.03253209590911865,0.04810779541730881,0.08128626644611359
1789141066080737300,13.9857373046875,0.03225778788328171,0.06592407822608948,0.04153965413570404
1789141066090710500,13.99571044921875,0.058549944311380386,0.07529930770397186,-0.02294125221669674
1789141066100682000,14.005681884765625,0.0520520955324173,0.09581923484802246,-0.018874870613217354
1789141066110654200,14.015654296875,0.0575118288397789,0.10269535332918167,-0.01277941931039095
1789141066120627200,14.025627197265624,0.042915575206279755,0.09881938993930817,-0.031095042824745178
1789141066130599000,14.035598876953125,0.027573805302381516,0.11564326286315918,-0.028861800208687782
1789141066140571100,14.045571044921875,0.041652608662843704,0.0799127072095871,-0.026821285486221313
1789141066150544100,14.055544189453125,0.05261395126581192,0.09882567077875137,0.002364154439419508
1789141066160516000,14.06551611328125,0.035122841596603394,0.08367495238780975,0.03387068212032318
1789141066170489000,14.075489013671875,0.023949112743139267,0.06459346413612366,0.015678562223911285
1789141066180461000,14.0854609375,-0.031892843544483185,0.08344598114490509,0.010268881916999817
1789141066190433000,14.09543310546875,-0.0797681212425232,0.0691007450222969,0.03150728717446327
1789141066200406000,14.105406005859376,-0.06739800423383713,0.03749328479170799,0.01603325828909874
1789141066210378200,14.115378173828125,-0.068485327064991,0.041459955275058746,0.01292333286255598
1789141066220350000,14.125349853515624,-0.09909623116254807,0.009792840108275414,0.0545211099088192
1789141066230323200,14.1353232421875,-0.11647342145442963,-0.004031460732221603,0.032021939754486084
1789141066240295200,14.145295166015625,-0.13436880707740784,-0.019427727907896042,0.034310124814510345
1789141066250267100,14.15526708984375,-0.16332052648067474,-0.04494069144129753,0.06789042800664902
1789141066260240100,14.165240234375,-0.19945748150348663,-0.032503463327884674,0.02735125832259655
1789141066270212000,14.175212158203125,-0.21274970471858978,-0.058625780045986176,-0.014995203353464603
1789141066280184000,14.18518408203125,-0.2281334549188614,-0.057650528848171234,-0.03665069863200188
1789141066290157000,14.195156982421874,-0.22724933922290802,-0.06976509839296341,-0.036860786378383636
1789141066300129300,14.20512939453125,-0.23127630352973938,-0.0704207643866539,-0.04902477562427521
1789141066310101000,14.21510107421875,-0.22674816846847534,-0.08588707447052002,-0.04693910479545593
1789141066320074000,14.225073974609375,-0.24148797988891602,-0.10771913081407547,-0.04619928076863289
1789141066330046200,14.235046142578126,-0.2806500196456909,-0.11854856461286545,0.020415049046278
1789141066340018000,14.245017822265625,-0.24563157558441162,-0.10223084688186646,0.016612589359283447
1789141066349991200,14.2549912109375,-0.258870393037796,-0.10281109809875488,0.008835870772600174
1789141066359963100,14.264963134765624,-0.2511131465435028,-0.13561856746673584,-0.0024524701293557882
1789141066369935000,14.27493505859375,-0.2622041404247284,-0.12103898823261261,-0.020147567614912987
1789141066379908000,14.284908203125,-0.2470233291387558,-0.1367122232913971,-0.017477216199040413
1789141066389880000,14.294880126953124,-0.25517529249191284,-0.1557985097169876,-0.03165069594979286
1789141066399852000,14.30485205078125,-0.2686293125152588,-0.16880086064338684,0.013858199119567871
1789141066409825000,14.314824951171875,-0.2717781662940979,-0.1692807823419571,0.023134639486670494
1789141066419797200,14.32479736328125,-0.28028377890586853,-0.20219504833221436,0.006935428828001022
1789141066429769000,14.33476904296875,-0.2943846583366394,-0.20591036975383759,0.00468184519559145
1789141066439742200,14.3447421875,-0.3232003152370453,-0.2050008922815323,-0.0191169623285532
1789141066449714200,14.354714111328125,-0.284136563539505,-0.2233773022890091,-0.03039143607020378
1789141066459686100,14.36468603515625,-0.2682366967201233,-0.18821798264980316,-0.04789000377058983
1789141066469659100,14.3746591796875,-0.22809962928295135,-0.2069389373064041,-0.008382418192923069
1789141066479631000,14.384631103515625,-0.2393442988395691,-0.20315192639827728,0.012997172772884369
1789141066489603000,14.39460302734375,-0.19158495962619781,-0.2092231810092926,0.01268940418958664
1789141066499576000,14.404576171875,-0.19061928987503052,-0.17542020976543427,-0.01637660339474678
1789141066509548300,14.41454833984375,-0.18562215566635132,-0.16873417794704437,-0.061630766838788986
1789141066519521000,14.42452099609375,-0.2084829956293106,-0.1771814525127411,-0.018884100019931793
1789141066529493000,14.434492919921874,-0.18695557117462158,-0.17023518681526184,-0.019239656627178192
1789141066539465200,14.44446533203125,-0.12757879495620728,-0.18868397176265717,-0.02909894660115242
1789141066549438000,14.45443798828125,-0.17562754452228546,-0.17426881194114685,-0.023581407964229584
1789141066559410200,14.46441015625,-0.13396212458610535,-0.21381889283657074,0.046444281935691833
1789141066569382100,14.474382080078126,-0.1444830298423767,-0.17220306396484375,0.031626518815755844
1789141066579355000,14.48435498046875,-0.14487957954406738,-0.18271669745445251,0.0017804709495976567
1789141066589327000,14.4943271484375,-0.12881577014923096,-0.15070927143096924,0.013420658186078072
1789141066599299000,14.504299072265624,-0.08526110649108887,-0.1436084806919098,-0.02715473249554634
1789141066609272000,14.51427197265625,-0.07328960299491882,-0.13748864829540253,0.03372417390346527
1789141066619244000,14.524244140625,-0.10939887166023254,-0.16228507459163666,0.03437132388353348
1789141066629216300,14.53421630859375,0.031058356165885925,-0.20243825018405914,0.030539846047759056
1789141066639189000,14.54418896484375,-0.004358489066362381,-0.12303663045167923,0.05914512649178505
1789141066649161200,14.5541611328125,0.006213742308318615,-0.18375733494758606,0.06374040246009827
1789141066659133200,14.56413330078125,-0.028542906045913696,-0.18149231374263763,0.01668500527739525
1789141066669106000,14.57410595703125,-0.04315561801195145,-0.17043127119541168,0.015132227912545204
1789141066679078100,14.584078125,-0.0611649826169014,-0.15576417744159698,-0.021343756467103958
1789141066689050000,14.594050048828125,-0.027979763224720955,-0.14037524163722992,-0.10809321701526642
1789141066699023000,14.604023193359374,-0.0505220890045166,-0.15960006415843964,0.01658772863447666
1789141066708995000,14.6139951171875,-0.03494289517402649,-0.1572807878255844,0.0032722107134759426
1789141066718967300,14.62396728515625,0.031990066170692444,-0.20730559527873993,0.033203478902578354
1789141066728940000,14.63393994140625,0.013673347420990467,-0.17102213203907013,0.10268906503915787
1789141066738912000,14.643912109375,0.016642771661281586,-0.15152886509895325,0.05485709384083748
1789141066748884200,14.65388427734375,0.027234140783548355,-0.16571198403835297,0.012201143428683281
1789141066758857000,14.66385693359375,0.04236968606710434,-0.15736643970012665,0.02862432599067688
1789141066768829200,14.6738291015625,0.0450715608894825,-0.11512485891580582,0.006783822551369667
1789141066778801200,14.68380126953125,0.08313798904418945,-0.13738170266151428,0.006999272853136063
1789141066788774000,14.69377392578125,0.11245602369308472,-0.10642553865909576,-0.036711640655994415
1789141066798746000,14.70374609375,0.1436339169740677,-0.10133836418390274,-0.026953551918268204
1789141066808718000,14.713718017578126,0.0867188572883606,-0.08202272653579712,0.0241021029651165
1789141066818691000,14.723691162109375,0.12015032023191452,-0.08365391194820404,0.006317247170954943
1789141066828663000,14.7336630859375,0.1773296296596527,-0.05745810270309448,-0.0570913664996624
1789141066838636000,14.743635986328124,0.17124323546886444,-0.050739746540784836,-0.04031851142644882
1789141066848608000,14.75360791015625,0.1413220912218094,-0.05030473321676254,0.026427071541547775
1789141066858580200,14.763580322265625,0.14062407612800598,-0.024040905758738518,0.01008937694132328
1789141066868553200,14.77355322265625,0.1541571468114853,-0.02036719024181366,-0.03543173521757126
1789141066878525000,14.78352490234375,0.13750013709068298,-0.014183594845235348,-0.036259181797504425
1789141066888497200,14.7934970703125,0.16894379258155823,-0.02155432105064392,-0.030938172712922096
1789141066898470100,14.80347021484375,0.18209928274154663,-0.028196778148412704,-0.0542948953807354
1789141066908442000,14.813442138671874,0.1819218397140503,-0.006273581180721521,-0.07958090305328369
1789141066918414000,14.8234140625,0.1646254062652588,0.02667424827814102,-0.09066897630691528
1789141066928387000,14.833386962890625,0.17556661367416382,0.03569619357585907,-0.08957117050886154
1789141066938359000,14.843359130859374,0.1713002324104309,0.042478203773498535,-0.033635202795267105
1789141066948331000,14.8533310546875,0.18454822897911072,0.032195087522268295,0.0009562940103933215
1789141066958304300,14.86330419921875,0.1766064167022705,0.030577749013900757,0.03732974827289581
1789141066968276000,14.87327587890625,0.19990146160125732,0.04647202789783478,0.031006144359707832
1789141066978248200,14.883248291015626,0.17537827789783478,0.039247140288352966,0.04742985591292381
1789141066988221200,14.89322119140625,0.14549662172794342,0.03452179953455925,0.04976113885641098
1789141066998193200,14.903193115234375,0.1413727104663849,0.04192805290222168,0.010696830227971077
1789141067008165000,14.9131650390625,0.19515423476696014,0.04425936937332153,0.0149737149477005
1789141067018138000,14.92313818359375,0.18317188322544098,0.06472283601760864,0.0030158543959259987
1789141067028110000,14.933110107421875,0.1558852642774582,0.03231173753738403,0.023220660164952278
1789141067038082000,14.94308203125,0.14545473456382751,0.05456990376114845,0.005559374112635851
1789141067048055300,14.95305517578125,0.1339593529701233,0.06153353303670883,-0.01254247035831213
1789141067058027000,14.963027099609375,0.12868577241897583,0.023839686065912247,-0.00015903793973848224
1789141067067999200,14.972999267578125,0.13592639565467834,0.02465147152543068,0.03836996108293533
1789141067077972200,14.98297216796875,0.14712339639663696,0.03380449116230011,0.05646347627043724
1789141067087944000,14.99294384765625,0.11208440363407135,0.03176441416144371,0.04462959244847298
1789141067097916700,15.002916748046875,0.12554295361042023,0.019379114732146263,0.024409279227256775
1789141067107889700,15.0128896484375,0.11103416979312897,0.044347092509269714,-0.012008434161543846
1789141067117861600,15.022861572265626,0.07732334733009338,0.036884382367134094,-0.004208834376186132
1789141067127833600,15.03283349609375,0.10951938480138779,0.024411628022789955,-0.02060832269489765
1789141067137806600,15.042806640625,0.13605672121047974,0.04639096185564995,-0.041755951941013336
1789141067147778600,15.052778564453124,0.15691518783569336,0.011756977066397667,0.00967139657586813
1789141067157751600,15.06275146484375,0.0986257866024971,0.016183417290449142,0.040362462401390076
1789141067167723800,15.072723876953125,0.12626133859157562,0.032860614359378815,-0.001545140752568841
1789141067177695500,15.082695556640624,0.11662468314170837,0.04000107944011688,0.021204913035035133
1789141067187668500,15.09266845703125,0.0909532755613327,0.016270510852336884,0.07585596293210983
1789141067197640700,15.102640625,0.07806117832660675,0.016698215156793594,0.06690774112939835
1789141067207612400,15.1126123046875,0.03349645063281059,0.002335304394364357,0.045251019299030304
1789141067217585700,15.122585693359374,0.046381354331970215,-0.0006303917616605759,-0.00023550738114863634
1789141067227557600,15.1325576171875,0.04151188209652901,0.010710726492106915,-0.03461909294128418
1789141067237529600,15.142529541015625,0.02635902725160122,0.000008547678589820862,-0.017632385715842247
1789141067247502600,15.152502685546875,0.08296222984790802,0.012448174878954887,-0.05416475608944893
1789141067257474600,15.162474609375,0.09361007809638977,0.0294862799346447,-0.05010237172245979
1789141067267446500,15.172446533203125,0.016242869198322296,0.01804683357477188,-0.027099594473838806
1789141067277419500,15.18241943359375,0.016833025962114334,0.01494451705366373,-0.04789035767316818
1789141067287391700,15.192391845703124,0.054814413189888,-0.0005446409340947866,-0.05143964663147926
1789141067297363500,15.202363525390625,0.009958789683878422,0.012494461610913277,0.03716292232275009
1789141067307336400,15.21233642578125,0.03537050634622574,-0.0026910407468676567,0.0661240816116333
1789141067317308700,15.22230859375,0.03770769387483597,0.012414142489433289,-0.006402580998837948
1789141067327280600,15.23228076171875,0.039902880787849426,0.008047778159379959,-0.004430205561220646
1789141067337253600,15.242253662109375,0.05178004503250122,0.009769245982170105,0.0413719043135643
1789141067347225600,15.2522255859375,0.07394549995660782,0.014169590547680855,-0.026407796889543533
1789141067357197600,15.262197509765626,0.10506267100572586,0.02058541215956211,-0.021352585405111313
1789141067367170600,15.272170654296875,0.09505696594715118,0.05005344748497009,-0.0023028827272355556
1789141067377142800,15.282142822265625,0.1291893720626831,0.021543774753808975,-0.00045544776367023587
1789141067387114500,15.292114501953124,0.12236858904361725,0.042913246899843216,-0.027292581275105476
1789141067397087500,15.30208740234375,0.07828208804130554,0.03721994161605835,0.005513567477464676
1789141067407059700,15.312059814453125,0.06947077810764313,0.030364753678441048,-0.029085973277688026
1789141067417031400,15.322031494140624,0.09743130207061768,0.005985645577311516,-0.002587519586086273
1789141067427004700,15.332004638671876,0.11062463372945786,0.01523805782198906,0.02247600629925728
1789141067436976600,15.3419765625,0.09130845963954926,0.027246249839663506,0.02380039542913437
1789141067446948600,15.351948486328125,0.08023682236671448,0.014138921163976192,0.04845184460282326
1789141067456921600,15.361921630859374,0.09356727451086044,0.023218970745801926,0.021070025861263275
1789141067466893600,15.3718935546875,0.08520907163619995,0.034081246703863144,0.017310122027993202
1789141067476865500,15.381865478515625,0.07631198316812515,0.06060553714632988,-0.014376700855791569
1789141067486838500,15.391838623046874,0.14408478140830994,0.06812629103660583,-0.008647781796753407
1789141067496810800,15.401810791015626,0.164177805185318,0.09813026338815689,0.005254984367638826
1789141067506782500,15.411782470703125,0.17202523350715637,0.09349286556243896,-0.009336426854133606
1789141067516755500,15.42175537109375,0.1355266124010086,0.12468673288822174,-0.02090493217110634
1789141067526727700,15.431727783203126,0.15369422733783722,0.10960540920495987,0.011600388213992119
1789141067536699600,15.44169970703125,0.16343766450881958,0.13044384121894836,-0.03298305720090866
1789141067546672600,15.451672607421875,0.1767386943101883,0.11198131740093231,-0.01259609218686819
1789141067556644600,15.46164453125,0.16811804473400116,0.10779109597206116,0.03822687268257141
1789141067566617600,15.47161767578125,0.13029807806015015,0.1118239238858223,0.05218111351132393
1789141067576589600,15.481589599609375,0.11879081279039383,0.11456698179244995,0.04353782534599304
1789141067586561800,15.491561767578125,0.10490238666534424,0.11904300004243851,0.0252991933375597
1789141067596534500,15.501534423828126,0.10483261197805405,0.11011102795600891,0.008550307713449001
1789141067606506500,15.511506591796875,0.1101464331150055,0.11788614094257355,-0.0048876311630010605
1789141067616478700,15.521478759765625,0.11589380353689194,0.14251132309436798,-0.04166801646351814
1789141067626451500,15.531451416015624,0.074954092502594,0.11414028704166412,-0.046478066593408585
1789141067636423700,15.541423583984376,0.09736911952495575,0.11467798054218292,-0.046000029891729355
1789141067646395600,15.551395751953125,0.08441613614559174,0.12773530185222626,-0.009002515114843845
1789141067656368400,15.561368408203125,0.03266771882772446,0.10493437945842743,0.011051353998482227
1789141067666340600,15.571340576171876,0.00525214709341526,0.10070492327213287,0.04774060845375061
1789141067676312600,15.5813125,0.05085691809654236,0.05504848435521126,0.05855730548501015
1789141067686285600,15.59128564453125,-0.0015214551240205765,0.014042826369404793,0.07911203801631927
1789141067696257500,15.601257568359374,-0.09189023077487946,0.0039007100276649,0.06590835750102997
1789141067706229800,15.611229736328125,-0.08355914801359177,-0.012223610654473305,0.042182695120573044
1789141067716202500,15.621202392578125,-0.15455183386802673,0.029730232432484627,-0.00585114024579525
1789141067726174700,15.6311748046875,-0.16381293535232544,0.013552160002291203,-0.024891015142202377
1789141067736146700,15.641146728515626,-0.14461714029312134,0.025152888149023056,-0.03816048055887222
1789141067746119400,15.651119384765625,-0.14031437039375305,0.03320351988077164,-0.016961002722382545
1789141067756091600,15.661091552734375,-0.139628604054451,0.02943301573395729,-0.0436360239982605
1789141067766063600,15.671063720703126,-0.12760691344738007,0.04731728136539459,-0.0756293535232544
1789141067776036600,15.68103662109375,-0.16427597403526306,0.05216822773218155,0.025146784260869026
1789141067786008600,15.691008544921875,-0.1652950942516327,0.08713381737470627,0.017287369817495346
1789141067795980800,15.700980712890624,-0.10842915624380112,0.08170682936906815,-0.028765611350536346
1789141067805953500,15.71095361328125,-0.09881042689085007,0.13126952946186066,-0.02685808576643467
1789141067815925500,15.720925537109375,-0.12075300514698029,0.12940426170825958,0.015378582291305065
1789141067825897700,15.730897705078124,-0.09712141752243042,0.11168112605810165,0.00026927096769213676
1789141067835870500,15.740870361328126,-0.07954056560993195,0.14774776995182037,-0.08230976015329361
1789141067845842700,15.7508427734375,-0.12801317870616913,0.12738445401191711,-0.006219713483005762
1789141067855814700,15.760814697265625,-0.14063230156898499,0.09672854095697403,0.012179533019661903
1789141067865787400,15.770787353515624,-0.12951509654521942,0.10233055055141449,-0.07733307778835297
1789141067875759600,15.780759521484375,-0.20266494154930115,0.06092691421508789,-0.018406381830573082
1789141067885731600,15.790731689453125,-0.27905958890914917,0.03363894298672676,0.009230849333107471
1789141067895704600,15.80070458984375,-0.28749382495880127,0.0026812953874468803,-0.021823741495609283
1789141067905676500,15.810676513671876,-0.31005150079727173,-0.02786622755229473,-0.03426409512758255
1789141067915648800,15.820648681640625,-0.3487645387649536,-0.06756064295768738,-0.005482512526214123
1789141067925621500,15.83062158203125,-0.369098424911499,-0.09047538042068481,0.004467386286705732
1789141067935593700,15.84059375,-0.3910071849822998,-0.10593423247337341,0.03393686190247536
1789141067945566700,15.850566650390626,-0.3778671622276306,-0.09657006710767746,0.008954940363764763
1789141067955538400,15.860538330078125,-0.39704909920692444,-0.11985461413860321,0.003204111009836197
1789141067965510700,15.8705107421875,-0.4193635582923889,-0.1148701012134552,-0.044928599148988724
1789141067975483600,15.880483642578126,-0.39120036363601685,-0.10753735154867172,-0.061060164123773575
1789141067985455600,15.89045556640625,-0.36689016222953796,-0.09721466898918152,-0.05080118402838707
1789141067995427600,15.900427490234375,-0.30834081768989563,-0.1286223977804184,-0.03848566114902496
1789141068005400600,15.910400634765624,-0.27925989031791687,-0.11621307581663132,0.024807535111904144
1789141068015372500,15.92037255859375,-0.2730826735496521,-0.11388946324586868,0.059663787484169006
1789141068025344500,15.930344482421875,-0.28486061096191406,-0.1071871966123581,0.07371240854263306
1789141068035317800,15.94031787109375,-0.309038907289505,-0.09220638871192932,0.06993125379085541
1789141068045289500,15.95028955078125,-0.23864197731018066,-0.10445788502693176,0.07328631728887558
1789141068055261700,15.96026171875,-0.23767738044261932,-0.06887006014585495,0.026194436475634575
1789141068065234700,15.970234619140625,-0.2005111277103424,-0.06036200001835823,0.028517913073301315
1789141068075206400,15.980206298828126,-0.17787505686283112,-0.05247105285525322,0.03733430802822113
1789141068085178600,15.9901787109375,-0.11828595399856567,-0.04801952838897705,-0.029231837019324303
1789141068095151000,16.000151123046876,0.003542472142726183,-0.033781468868255615,-0.01291651464998722
1789141068105123000,16.010123046875,0.02451413869857788,0.027242250740528107,0.004866044037044048
1789141068115095000,16.020094970703123,0.03315609693527222,0.007114346604794264,0.10345040261745453
1789141068125068300,16.030068359375,0.05397792533040047,0.05028700828552246,0.020475812256336212
1789141068135040000,16.0400400390625,0.06258872151374817,0.0571928545832634,0.017374828457832336
1789141068145012200,16.05001220703125,0.03807850182056427,0.0629434660077095,0.07325824350118637
1789141068154985200,16.059985107421873,0.11757811903953552,0.040161728858947754,0.08678603917360306
1789141068164957000,16.06995703125,0.10076930373907089,0.056132540106773376,0.03098216839134693
1789141068174929200,16.07992919921875,0.14634157717227936,0.005434475839138031,0.05088130384683609
1789141068184902100,16.089902099609375,0.10389966517686844,0.047506511211395264,0.05243268981575966
1789141068194874000,16.0998740234375,0.07137661427259445,0.009977774694561958,0.03300359845161438
1789141068204846000,16.10984619140625,0.011724226176738739,-0.013094950467348099,0.025759398937225342
1789141068214819000,16.119819091796874,0.0107375243678689,-0.01791500672698021,0.019953176379203796
1789141068224791000,16.129791015625,0.020583070814609528,-0.02216412127017975,0.03244892135262489
1789141068234763300,16.13976318359375,0.024770092219114304,-0.017763780429959297,0.006761400029063225
1789141068244736300,16.149736328125,0.03494979441165924,-0.008166182786226273,-0.04235009476542473
1789141068254708000,16.1597080078125,-0.04250611364841461,-0.026523884385824203,0.007464333437383175
1789141068264680200,16.16968017578125,-0.10698802769184113,-0.04380800575017929,0.0303041934967041
1789141068274653200,16.179653076171874,-0.11598898470401764,-0.021732531487941742,-0.02290496602654457
1789141068284625200,16.189625244140625,-0.05732925981283188,-0.04600871726870537,-0.051571980118751526
1789141068294597000,16.19959716796875,-0.003648189827799797,-0.03610575199127197,-0.02259838581085205
1789141068304570000,16.209570068359376,-0.022824903950095177,-0.00892033614218235,-0.016085293143987656
1789141068314542000,16.2195419921875,-0.06599261611700058,-0.013542251661419868,0.028457939624786377
1789141068324514000,16.22951416015625,-0.069600909948349,-0.0023201676085591316,-0.008833789266645908
1789141068334487300,16.2394873046875,-0.0694163516163826,0.011630801483988762,-0.033817969262599945
1789141068344459000,16.249458984375,-0.06510771065950394,0.013242911547422409,-0.01963231712579727
1789141068354431200,16.25943115234375,-0.018872298300266266,0.007784763816744089,0.003671141341328621
1789141068364404200,16.269404296875,-0.044449787586927414,0.06974075734615326,-0.07018713653087616
1789141068374376000,16.2793759765625,-0.04125372692942619,0.02480923756957054,-0.05241186544299126
1789141068384349200,16.28934912109375,-0.01623561978340149,0.04540537670254707,-0.03061899170279503
1789141068394321200,16.299321044921875,-0.056772924959659576,0.08036362379789352,-0.03164111077785492
1789141068404293000,16.309293212890626,-0.028972193598747253,0.035624973475933075,-0.03538006916642189
1789141068414266000,16.31926611328125,-0.041689056903123856,0.05541013181209564,-0.0047688973136246204
1789141068424238000,16.329238037109373,-0.027569619938731194,0.04432510584592819,0.018356971442699432
1789141068434210000,16.3392099609375,-0.08454634994268417,0.028895819559693336,0.021139442920684814
1789141068444183000,16.34918310546875,-0.09022624790668488,0.013319896534085274,-0.02826024778187275
1789141068454155300,16.3591552734375,-0.12443481385707855,-0.019903304055333138,-0.014208344742655754
1789141068464127000,16.369126953125,-0.12401650100946426,-0.06603182107210159,-0.039491813629865646
1789141068474100200,16.379100341796875,-0.2231132537126541,-0.0790051519870758,-0.03024718537926674
1789141068484072200,16.389072265625,-0.23068752884864807,-0.09346616268157959,-0.03457804396748543
1789141068494044200,16.399044189453125,-0.24472159147262573,-0.10841981321573257,-0.03446858748793602
1789141068504017200,16.40901708984375,-0.2594847083091736,-0.1760028600692749,0.024050356820225716
1789141068513989000,16.418989013671876,-0.31434157490730286,-0.17882634699344635,0.03374959155917168
1789141068523961000,16.428961181640624,-0.3527606427669525,-0.18721620738506317,0.0024719624780118465
1789141068533934000,16.43893408203125,-0.3418944180011749,-0.2145620733499527,0.010474761947989464
1789141068543906000,16.448906005859374,-0.32343974709510803,-0.20406974852085114,-0.0012664622627198696
1789141068553878000,16.4588779296875,-0.2975071966648102,-0.21643081307411194,-0.025211209431290627
1789141068563851000,16.46885107421875,-0.2929607629776001,-0.23086072504520416,-0.014753179624676704
1789141068573823000,16.478822998046876,-0.2866554856300354,-0.20668375492095947,0.00511426804587245
1789141068583795000,16.488794921875,-0.26349660754203796,-0.18649356067180634,0.0036266003735363483
1789141068593768200,16.498768310546875,-0.2846311926841736,-0.1873447149991989,0.02691914141178131
1789141068603740000,16.508739990234375,-0.21576687693595886,-0.20753580331802368,-0.03148304671049118
1789141068613712100,16.518712158203126,-0.1970730870962143,-0.16984328627586365,-0.019376050680875778
1789141068623685000,16.52868505859375,-0.24533867835998535,-0.1652839034795761,0.030019637197256088
1789141068633657000,16.538656982421877,-0.23777931928634644,-0.2058395892381668,0.01243105623871088
1789141068643629000,16.548629150390624,-0.23746104538440704,-0.2041645646095276,-0.00029833108419552445
1789141068653602000,16.55860205078125,-0.23163165152072906,-0.2265433669090271,0.0477733239531517
1789141068663574000,16.568573974609375,-0.2322688102722168,-0.23272526264190674,0.03851531818509102
1789141068673546000,16.5785458984375,-0.2722092866897583,-0.24845203757286072,0.022341139614582062
1789141068683519200,16.588519287109374,-0.3378778100013733,-0.2860567569732666,0.0694335401058197
1789141068693491000,16.598490966796874,-0.29638200998306274,-0.3142993152141571,0.02808290533721447
1789141068703463200,16.608463134765625,-0.3227061629295349,-0.2867276072502136,0.0245853029191494
1789141068713436200,16.618436279296876,-0.2867065966129303,-0.3255775570869446,-0.0071036494337022305
1789141068723408000,16.628407958984376,-0.28034281730651855,-0.33815810084342957,-0.06338152289390564
1789141068733380000,16.638380126953123,-0.31817808747291565,-0.296582967042923,-0.04900898039340973
1789141068743353000,16.64835302734375,-0.30064937472343445,-0.31253984570503235,0.0389564149081707
1789141068753325000,16.658324951171874,-0.20774100720882416,-0.32966741919517517,0.015879061073064804
1789141068763298000,16.668298095703125,-0.15379579365253448,-0.32679322361946106,0.034738656133413315
1789141068773270000,16.67827001953125,-0.20044133067131042,-0.32858312129974365,0.07137363404035568
1789141068783242000,16.688241943359376,-0.21004292368888855,-0.37082523107528687,0.08673945814371109
1789141068793214200,16.698214111328124,-0.1937803328037262,-0.3182549774646759,0.0032682660967111588
1789141068803187200,16.708187255859375,-0.188823863863945,-0.28846830129623413,0.03956018388271332
1789141068813159000,16.718158935546874,-0.18731997907161713,-0.26339277625083923,-0.009393244050443172
1789141068823132200,16.728132080078126,-0.1129298061132431,-0.25133079290390015,-0.012285731732845306
1789141068833104100,16.738104248046874,-0.05256872624158859,-0.2338077276945114,-0.012525682337582111
1789141068843076000,16.748076171875,-0.036830976605415344,-0.21790145337581635,-0.004838515073060989
1789141068853049000,16.758049072265624,0.007419043220579624,-0.23744265735149384,-0.0055631608702242374
1789141068863021000,16.76802099609375,0.03668613359332085,-0.2209324687719345,-0.018410643562674522
1789141068872993000,16.777992919921875,0.06093661114573479,-0.21481864154338837,0.010236714035272598
1789141068882966000,16.787966064453126,0.05963661149144173,-0.1898486316204071,-0.03092745691537857
1789141068892938200,16.797938232421874,0.0847102701663971,-0.2030312716960907,0.047449372708797455
1789141068902910000,16.807909912109373,0.0952887088060379,-0.16608299314975739,0.03921469673514366
1789141068912883000,16.817883056640625,0.13032659888267517,-0.16077691316604614,0.007801380008459091
1789141068922855200,16.827855224609376,0.15991753339767456,-0.14459891617298126,-0.030186885967850685
1789141068932827000,16.837826904296875,0.19113510847091675,-0.10938846319913864,-0.023438967764377594
1789141068942800100,16.847800048828127,0.23129163682460785,-0.08263663202524185,-0.061937928199768066
1789141068952772000,16.857772216796874,0.26259204745292664,-0.08569926768541336,0.011203926056623459
1789141068962744000,16.867744140625,0.3176216185092926,-0.05927107483148575,0.03932245820760727
1789141068972717000,16.877717041015625,0.30532020330429077,-0.06861849874258041,0.06104053929448128
1789141068982689000,16.88768896484375,0.29622748494148254,-0.07109428197145462,0.052804648876190186
1789141068992661000,16.897660888671876,0.26390495896339417,-0.05729750916361809,0.051481589674949646
1789141069002634000,16.907634033203124,0.25439339876174927,-0.017674623057246208,0.01676557958126068
1789141069012606200,16.917606201171875,0.2743902802467346,-0.01238345354795456,-0.013053834438323975
1789141069022578000,16.927577880859374,0.3308705985546112,0.02613474801182747,-0.06480464339256287
1789141069032551200,16.93755126953125,0.37027257680892944,0.04581577703356743,-0.012439168058335781
1789141069042523100,16.947523193359373,0.4038945138454437,0.03470495715737343,-0.018397081643342972
1789141069052495000,16.9574951171875,0.41140010952949524,0.04372561722993851,-0.014103533700108528
1789141069062468000,16.967468017578124,0.3814481496810913,0.03746027499437332,0.002758493646979332
1789141069072440000,16.977440185546875,0.35602959990501404,0.024719176813960075,-0.008461670018732548
1789141069082412000,16.987412109375,0.2970152199268341,0.06046048924326897,-0.04827054589986801
1789141069092385000,16.997385009765626,0.27297353744506836,0.02583673596382141,-0.03351796418428421
1789141069102357500,17.007357421875,0.2646690607070923,0.04769113287329674,-0.07731504738330841
1789141069112329500,17.01732958984375,0.283219575881958,0.04335816949605942,-0.012071599252521992
1789141069122302200,17.02730224609375,0.2884249985218048,0.06994321197271347,-0.002517635002732277
1789141069132274400,17.0372744140625,0.3144797682762146,0.0482855848968029,0.027517229318618774
1789141069142246400,17.047246337890623,0.30446657538414,0.05444963648915291,0.04818148538470268
1789141069152219400,17.057219482421875,0.2808493971824646,0.0631595030426979,0.04878575727343559
1789141069162191400,17.06719140625,0.2964302897453308,0.07461465895175934,0.015042966231703758
1789141069172164400,17.077164306640626,0.25952577590942383,0.08351787179708481,0.010545419529080391
1789141069182136300,17.08713623046875,0.24024821817874908,0.08597912639379501,-0.009674374014139175
1789141069192108300,17.0971083984375,0.23009943962097168,0.11140592396259308,-0.030249690636992455
1789141069202081500,17.10708154296875,0.28180694580078125,0.1333792805671692,-0.08878440409898758
1789141069212053200,17.11705322265625,0.25921374559402466,0.174747496843338,-0.10079286992549896
1789141069222025500,17.127025390625,0.2284345179796219,0.15995103120803833,-0.03858103230595589
1789141069231998500,17.13699853515625,0.2135881930589676,0.16638416051864624,-0.05195329710841179
1789141069241970200,17.14697021484375,0.18423034250736237,0.1607222855091095,-0.018778711557388306
1789141069251942400,17.1569423828125,0.13546094298362732,0.1467987447977066,0.016842132434248924
1789141069261915400,17.166915283203124,0.10580718517303467,0.10895548015832901,0.010397814214229584
1789141069271887400,17.176887451171876,0.08149251341819763,0.11921131610870361,-0.01935661770403385
1789141069281859300,17.186859375,0.07549697905778885,0.10501666367053986,-0.021124035120010376
1789141069291832300,17.196832275390626,0.0756615623831749,0.11506824195384979,-0.03233328089118004
1789141069301804300,17.20680419921875,0.06184623762965202,0.10049505531787872,-0.020894531160593033
1789141069311776500,17.216776611328125,0.04201474040746689,0.10132648795843124,-0.004649779759347439
1789141069321749500,17.22674951171875,0.029652390629053116,0.0794355720281601,-0.040401265025138855
1789141069331721200,17.23672119140625,0.014823110774159431,0.08317837864160538,-0.033833377063274384
1789141069341693400,17.246693359375,-0.009567338973283768,0.08485723286867142,-0.004075676202774048
1789141069351666400,17.25666650390625,-0.03840910643339157,0.06403797119855881,0.01715238206088543
1789141069361638400,17.266638427734375,-0.050244640558958054,0.049270689487457275,-0.011404870077967644
1789141069371610400,17.2766103515625,-0.07454118877649307,0.014446130953729153,0.05517282709479332
1789141069381583400,17.286583251953125,-0.058274395763874054,0.031060151755809784,0.03300737589597702
1789141069391555300,17.296555419921877,-0.08912365883588791,0.008534603752195835,0.03311310335993767
1789141069401527300,17.30652734375,-0.09883229434490204,0.0007270216010510921,0.021169116720557213
1789141069411500500,17.31650048828125,-0.11813222616910934,0.0055896867997944355,-0.009288922883570194
1789141069421472300,17.32647216796875,-0.08371969312429428,0.0035018175840377808,-0.033809684216976166
1789141069431444500,17.336444580078126,-0.09245193004608154,0.0037897052243351936,0.008056005463004112
1789141069441417500,17.34641748046875,-0.08409272134304047,-0.006062446162104607,0.035741519182920456
1789141069451389400,17.356389404296873,-0.0894579291343689,0.018725458532571793,0.021918384358286858
1789141069461362400,17.366362548828125,-0.1176520586013794,-0.004458639305084944,0.07541146874427795
1789141069471334400,17.37633447265625,-0.11814819276332855,-0.003973677754402161,0.04151421785354614
1789141069481306400,17.386306396484375,-0.09106368571519852,-0.002888279967010021,0.055233146995306015
1789141069491279400,17.396279296875,-0.1251814365386963,0.0039046453312039375,0.026412684470415115
1789141069501251600,17.40625146484375,-0.10992338508367538,-0.0289375651627779,0.007679198402911425
1789141069511223300,17.416223388671874,-0.09796898812055588,0.023201003670692444,-0.036794792860746384
1789141069521196300,17.4261962890625,-0.08527706563472748,0.03051692061126232,-0.0668008029460907
1789141069531168500,17.43616845703125,-0.0719977468252182,0.04324070364236832,-0.13116967678070068
1789141069541140200,17.44614013671875,-0.04182128980755806,0.015023767948150635,-0.09977934509515762
1789141069551113500,17.456113525390624,0.0010414877906441689,0.020097622647881508,-0.10667267441749573
1789141069561085400,17.46608544921875,0.010331983678042889,0.042912501841783524,-0.13264279067516327
1789141069571057400,17.476057373046874,-0.05896773189306259,-0.0028576496988534927,-0.019395070150494576
1789141069581030400,17.486030517578126,-0.07875248789787292,-0.042321108281612396,0.02815120294690132
1789141069591002400,17.49600244140625,-0.08491184562444687,-0.05396924167871475,0.029601026326417923
1789141069600974300,17.505974365234376,-0.12991347908973694,-0.06354374438524246,0.01889410801231861
1789141069610947300,17.515947265625,-0.1539756804704666,-0.10360540449619293,0.07647538185119629
1789141069620919600,17.52591943359375,-0.17942944169044495,-0.09261848032474518,0.03811218589544296
1789141069630891300,17.535891357421875,-0.16477888822555542,-0.10994740575551987,0.024945249781012535
1789141069640864300,17.5458642578125,-0.1914297193288803,-0.04412034526467323,-0.11401195079088211
1789141069650836500,17.55583642578125,-0.15870772302150726,-0.039381783455610275,-0.13092434406280518
1789141069660808400,17.565808349609377,-0.1468258798122406,0.012531744316220284,-0.08801504224538803
1789141069670781400,17.575781494140625,-0.02080802246928215,-0.03320671617984772,-0.1313563883304596
1789141069680753400,17.58575341796875,-0.017652612179517746,-0.024857599288225174,-0.17857681214809418
1789141069690725400,17.595725341796875,0.006052718497812748,-0.010017933323979378,-0.1648530215024948
1789141069700698400,17.605698486328127,-0.048088110983371735,0.04132131487131119,-0.09524605423212051
1789141069710670600,17.615670654296874,-0.061220694333314896,0.01534217782318592,-0.0491374172270298
1789141069720642300,17.625642333984374,-0.07927756756544113,-0.04294988885521889,0.03871353715658188
1789141069730615300,17.635615234375,-0.10985145717859268,-0.06078960746526718,0.07095829397439957
1789141069740587500,17.64558740234375,-0.048807647079229355,-0.05509188398718834,0.0837421789765358
1789141069750560300,17.655560302734376,-0.1493701934814453,-0.08448785543441772,0.20503506064414978
1789141069760532500,17.665532470703123,-0.22424004971981049,-0.07985751330852509,0.2295745462179184
1789141069770504400,17.67550439453125,-0.2120441049337387,-0.05546669289469719,0.17683330178260803
1789141069780477200,17.685477294921874,-0.19769679009914398,-0.034072402864694595,0.09099306911230087
1789141069790449400,17.695449462890625,-0.17974868416786194,-0.0812084898352623,0.1080828383564949
1789141069800421400,17.70542138671875,-0.13558349013328552,-0.06023193895816803,0.07807812839746475
1789141069810394400,17.715394287109376,-0.03492293134331703,-0.04387959465384483,0.1036282330751419
1789141069820366300,17.725366455078124,0.011568012647330761,-0.05859772115945816,0.0839170515537262
1789141069830338600,17.735338623046875,-0.02252124808728695,-0.07341767847537994,0.10602182149887085
1789141069840311300,17.745311279296875,-0.0970042496919632,-0.038173507899045944,0.05004775524139404
1789141069850283300,17.755283203125,-0.17153441905975342,-0.056958381086587906,-0.0030679265037178993
1789141069860255500,17.76525537109375,-0.27077335119247437,-0.07877063751220703,-0.07164871692657471
1789141069870228200,17.775228271484377,-0.24589519202709198,-0.05310788005590439,-0.12269352376461029
1789141069880200400,17.785200439453124,-0.17516858875751495,-0.032150402665138245,-0.08573296666145325
1789141069890172400,17.79517236328125,-0.11631138622760773,-0.0411851741373539,0.023532003164291382
1789141069900145400,17.8051455078125,-0.07526469230651855,-0.07555118203163147,0.07505820691585541
1789141069910117400,17.815117431640626,-0.033387281000614166,-0.08972026407718658,0.035455141216516495
1789141069920089600,17.825089599609374,-0.1281863898038864,-0.0694437101483345,0.06689079105854034
1789141069930062300,17.835062255859373,-0.19360321760177612,-0.09256527572870255,0.09587876498699188
1789141069940034300,17.845034423828125,-0.2163751721382141,-0.08830000460147858,0.05091118440032005
1789141069950006500,17.855006591796876,-0.2599724531173706,-0.11400377005338669,0.10188808292150497
1789141069959979300,17.864979248046875,-0.2290765345096588,-0.08830815553665161,-0.0046906000934541225
1789141069969951500,17.874951416015627,-0.20039215683937073,-0.07583737373352051,-0.07176736742258072
1789141069979923500,17.88492333984375,-0.15754857659339905,-0.09568942338228226,-0.06032108515501022
1789141069989896200,17.894896240234374,-0.12299086153507233,-0.08291317522525787,-0.0639515072107315
1789141069999868400,17.904868408203125,-0.10766223073005676,-0.050453610718250275,-0.0680711567401886
1789141070009840400,17.91484033203125,-0.1204986721277237,-0.05523611605167389,-0.049039147794246674
1789141070019813400,17.9248134765625,-0.170573428273201,-0.07908451557159424,-0.022861653938889503
1789141070029785300,17.934785400390624,-0.1445799022912979,-0.09831573814153671,-0.03512684255838394
1789141070039757600,17.944757568359375,-0.14626890420913696,-0.07227810472249985,-0.05542133003473282
1789141070049730300,17.954730224609374,-0.10762430727481842,-0.0702863335609436,-0.11537627875804901
1789141070059702300,17.964702392578126,-0.1233765035867691,-0.07231049984693527,-0.1034349873661995
1789141070069675500,17.974675537109373,-0.14807412028312683,-0.08238203823566437,-0.08204074949026108
1789141070079647200,17.984647216796876,-0.14139918982982635,-0.07520551234483719,-0.0822516605257988
1789141070089619500,17.994619384765624,-0.058502186089754105,-0.09541277587413788,0.015591542236506939
1789141070099592000,18.004592041015623,-0.0758570060133934,-0.1284988820552826,0.10357562452554703
1789141070109564000,18.01456396484375,-0.11612160503864288,-0.16888758540153503,0.10230210423469543
1789141070119535900,18.024535888671874,-0.12316626310348511,-0.16306303441524506,0.040177907794713974
1789141070129508900,18.0345087890625,-0.1383388191461563,-0.1518295556306839,0.015767371281981468
1789141070139480800,18.044480712890625,-0.14259293675422668,-0.15941178798675537,-0.017681950703263283
1789141070149452800,18.054452880859376,-0.11059345304965973,-0.13238628208637238,-0.023513739928603172
1789141070159426000,18.064426025390624,-0.057722195982933044,-0.09630350023508072,-0.03858339041471481
1789141070169397800,18.074397705078123,-0.0636136382818222,-0.06091701239347458,0.04277777671813965
1789141070179370000,18.084369873046874,-0.02677677944302559,-0.072861447930336,0.06234096363186836
1789141070189343000,18.094343017578126,-0.008401500061154366,-0.08196599781513214,0.029549192637205124
1789141070199315000,18.10431494140625,-0.033111605793237686,-0.09110884368419647,0.0940738320350647
1789141070209287000,18.114286865234376,-0.07155406475067139,-0.13612000644207,0.11407470703125
1789141070219260000,18.124260009765624,-0.09375067055225372,-0.1383802741765976,0.06547118723392487
1789141070229231900,18.13423193359375,-0.09309686720371246,-0.09766240417957306,0.035606496036052704
1789141070239203800,18.144203857421875,-0.07287758588790894,-0.07215192168951035,0.03406069800257683
1789141070249177000,18.154177001953126,-0.021577652543783188,-0.08408421277999878,0.012694687582552433
1789141070259148800,18.164148681640626,-0.019539611414074898,-0.07444576174020767,0.04387260228395462
1789141070269121000,18.17412109375,0.01744849979877472,-0.07051706314086914,0.025056570768356323
1789141070279094000,18.184093994140625,-0.021661732345819473,-0.054117485880851746,0.019885940477252007
1789141070289065700,18.194065673828124,-0.0057791732251644135,-0.044664859771728516,-0.006085471715778112
1789141070299039000,18.2040390625,0.014484075829386711,-0.0372730977833271,0.010619849897921085
1789141070309011000,18.214010986328127,0.01465451717376709,-0.0463494174182415,0.009261105209589005
1789141070318983000,18.22398291015625,0.00798592995852232,-0.02860269695520401,0.006784920115023851
1789141070328956000,18.233955810546874,0.0508793368935585,-0.020230785012245178,0.008966581895947456
1789141070338927900,18.243927978515625,0.0594298280775547,-0.033024877309799194,0.006610414013266563
1789141070348899800,18.25389990234375,0.051077622920274734,-0.039950959384441376,-0.024788256734609604
1789141070358872800,18.263872802734376,0.03919714689254761,-0.01807010918855667,-0.03701531141996384
1789141070368845000,18.273844970703124,0.06836994737386703,-0.005727955140173435,-0.05809716135263443
1789141070378816800,18.283816650390627,0.049619726836681366,0.01786046102643013,-0.05933833494782448
1789141070388790000,18.2937900390625,0.0706576332449913,0.012135729193687439,-0.02865206077694893
1789141070398762000,18.303761962890626,0.09300234913825989,0.02153296023607254,-0.022594168782234192
1789141070408734000,18.31373388671875,0.10659489035606384,0.025678224861621857,-0.005933722946792841
1789141070418707000,18.32370703125,0.06071530282497406,0.029782313853502274,0.023519231006503105
1789141070428679000,18.333678955078124,0.09445036202669144,0.04360438510775566,0.030751045793294907
1789141070438651000,18.34365087890625,0.12695783376693726,0.07233760505914688,0.015256181359291077
1789141070448623900,18.353623779296875,0.08240848034620285,0.04917076602578163,0.034193385392427444
1789141070458596000,18.36359619140625,0.06593484431505203,0.03892798349261284,0.009185702539980412
1789141070468567800,18.37356787109375,0.05804310366511345,0.051253627985715866,-0.011202659457921982
1789141070478540800,18.383540771484373,0.061829883605241776,0.0502757653594017,-0.0005471094627864659
1789141070488513000,18.393512939453124,0.03168024122714996,0.043547555804252625,0.04230395331978798
1789141070498484700,18.403484619140624,0.068521648645401,0.010934270918369293,0.0021320083178579807
1789141070508458000,18.4134580078125,0.04547837749123573,0.03317060321569443,-0.021254541352391243
1789141070518430000,18.423429931640626,-0.0013701561838388443,-0.016850007697939873,0.04463169723749161
1789141070528402000,18.43340185546875,-0.04245048016309738,-0.03492914140224457,0.06376411020755768
1789141070538375000,18.443375,-0.02332528680562973,0.0025870194658637047,0.04222794622182846
1789141070548347000,18.453346923828125,-0.04743648320436478,-0.014847896993160248,0.07263671606779099
1789141070558319900,18.46331982421875,-0.07078342139720917,-0.03129647672176361,0.10078021883964539
1789141070568291800,18.473291748046876,-0.05860025808215141,-0.01211692113429308,0.09590956568717957
1789141070578264000,18.48326416015625,-0.006129058077931404,-0.01637607254087925,0.08068016171455383
1789141070588236800,18.49323681640625,-0.04284978657960892,-0.020313022658228874,0.08378780633211136
1789141070598209000,18.503208984375,-0.034298375248909,-0.010157590731978416,0.05660252273082733
1789141070608181000,18.513180908203125,-0.0704498365521431,-0.03450047969818115,-0.004895796533674002
1789141070618153700,18.52315380859375,-0.11476578563451767,-0.0682496577501297,0.01572299934923649
1789141070628126000,18.5331259765625,-0.10852839797735214,-0.058583445847034454,0.00037680030800402164
1789141070638098000,18.543097900390624,-0.06302854418754578,-0.06834696233272552,-0.007510960567742586
1789141070648071000,18.55307080078125,-0.11524993926286697,-0.06611897051334381,-0.0002967233886010945
1789141070658043000,18.56304296875,-0.11897849291563034,-0.10622553527355194,0.012935398146510124
1789141070668014800,18.573014892578126,-0.17379488050937653,-0.0871700793504715,0.004541380796581507
1789141070677987800,18.58298779296875,-0.19565394520759583,-0.1166837066411972,0.05395478755235672
1789141070687959800,18.592959716796877,-0.1896788775920868,-0.09897768497467041,0.012849163264036179
1789141070697931800,18.602931884765624,-0.16813839972019196,-0.1046917662024498,-0.024175845086574554
1789141070707904800,18.61290478515625,-0.12632890045642853,-0.11793725937604904,0.01760888658463955
1789141070717877000,18.622876953125,-0.12010780721902847,-0.08706393092870712,0.02781054563820362
1789141070727848700,18.6328486328125,-0.11799059063196182,-0.06912540644407272,0.027041956782341003
1789141070737821700,18.64282177734375,-0.11420729756355286,-0.1091243326663971,0.019031690433621407
1789141070747794000,18.6527939453125,-0.10786497592926025,-0.10050420463085175,0.0038713798858225346
1789141070757766000,18.662765869140625,-0.1554466187953949,-0.07547011971473694,0.010640879161655903
1789141070767739000,18.67273876953125,-0.17634284496307373,-0.101316899061203,0.032941658049821854
1789141070777710800,18.6827109375,-0.15184351801872253,-0.0830114483833313,0.027340447530150414
1789141070787683800,18.692683837890623,-0.12161637842655182,-0.08541388809680939,0.029448073357343674
1789141070797655800,18.70265576171875,-0.12189998477697372,-0.12045054137706757,0.06994116306304932
1789141070807628000,18.7126279296875,-0.1384699046611786,-0.12299759685993195,0.04953708499670029
1789141070817601000,18.72260107421875,-0.17416784167289734,-0.10758332163095474,0.002322761807590723
1789141070827572700,18.73257275390625,-0.19365686178207397,-0.1306481659412384,0.028995651751756668
1789141070837545000,18.742544921875,-0.20555004477500916,-0.10927171260118484,0.04338527470827103
1789141070847518000,18.75251806640625,-0.17442116141319275,-0.1143793910741806,0.051812317222356796
1789141070857490000,18.762489990234375,-0.18158702552318573,-0.1339220404624939,0.0822465717792511
1789141070867462000,18.7724619140625,-0.1644117683172226,-0.12248695641756058,0.053951021283864975
1789141070877435000,18.782434814453126,-0.15152513980865479,-0.11646592617034912,0.028645189478993416
1789141070887406800,18.79240673828125,-0.1858666092157364,-0.1346430480480194,0.03843150660395622
1789141070897378800,18.80237890625,-0.17677317559719086,-0.13517504930496216,0.011616366915404797
1789141070907352000,18.81235205078125,-0.178294375538826,-0.12513627111911774,0.02561846747994423
1789141070917323800,18.82232373046875,-0.15230612456798553,-0.12798893451690674,0.015497648157179356
1789141070927296000,18.8322958984375,-0.12197165191173553,-0.12201493233442307,0.030325863510370255
1789141070937269000,18.84226904296875,-0.13177481293678284,-0.13349108397960663,0.013400837779045105
1789141070947240700,18.85224072265625,-0.1529000699520111,-0.15061627328395844,-0.0005690400721505284
1789141070957213000,18.862212890625,-0.16011080145835876,-0.1469702422618866,-0.030495131388306618
1789141070967186000,18.87218603515625,-0.13734318315982819,-0.1500834822654724,-0.08947508782148361
1789141070977158000,18.882157958984376,-0.12599459290504456,-0.14120562374591827,-0.09874478727579117
1789141070987129900,18.8921298828125,-0.15238332748413086,-0.12240903079509735,-0.011604832485318184
1789141070997102800,18.902102783203127,-0.1090814396739006,-0.14409509301185608,-0.007124827243387699
1789141071007074800,18.91207470703125,-0.07300679385662079,-0.18080224096775055,-0.030897267162799835
1789141071017047800,18.9220478515625,-0.06919335573911667,-0.18187421560287476,0.027670934796333313
1789141071027020000,18.93202001953125,-0.12374261766672134,-0.14362776279449463,-0.005349865648895502
1789141071036991700,18.94199169921875,-0.14994707703590393,-0.18995361030101776,0.030309339985251427
1789141071046965000,18.951965087890624,-0.14317865669727325,-0.1469305157661438,-0.0072343070060014725
1789141071056937000,18.96193701171875,-0.09163088351488113,-0.12285612523555756,-0.052032098174095154
1789141071066909000,18.971908935546875,-0.04510332643985748,-0.0960245132446289,-0.06763582676649094
1789141071076882000,18.9818818359375,-0.02821914479136467,-0.09605758637189865,-0.08120901137590408
1789141071086854000,18.99185400390625,-0.03975595906376839,-0.08395618200302124,-0.08889941871166229
1789141071096826600,19.00182666015625,-0.035931117832660675,-0.08968602120876312,0.005245295353233814
1789141071106799400,19.01179931640625,0.05010203272104263,-0.055712874978780746,-0.08320813626050949
1789141071116771600,19.021771484375,0.0471738800406456,-0.04012560844421387,-0.07721187174320221
1789141071126743600,19.03174365234375,0.024753257632255554,-0.06616466492414474,0.00611843541264534
1789141071136716300,19.04171630859375,-0.0006457595154643059,-0.06596151739358902,0.002089698100462556
1789141071146688500,19.0516884765625,0.015707381069660187,-0.04460962861776352,-0.048892792314291
1789141071156660500,19.061660400390625,0.004233651328831911,-0.05118231102824211,-0.06237144395709038
1789141071166633500,19.071633544921873,0.02533707395195961,-0.03755571320652962,-0.0602603554725647
1789141071176605400,19.08160546875,0.04141971468925476,-0.005679377354681492,-0.03668208047747612
1789141071186577700,19.09157763671875,0.04326261952519417,-0.01418125256896019,-0.012236125767230988
1789141071196550400,19.10155029296875,0.08891110867261887,-0.024362465366721153,-0.03963901475071907
1789141071206522400,19.1115224609375,0.056816019117832184,-0.02164151519536972,0.035017646849155426
1789141071216494600,19.12149462890625,0.08327177166938782,-0.0018645054660737514,0.011742711067199707
1789141071226467300,19.13146728515625,0.039579421281814575,0.0015952070243656635,0.04833640530705452
1789141071236439600,19.141439453125,0.09236031025648117,0.002478471025824547,-0.004488551057875156
1789141071246412500,19.15141259765625,0.05138704553246498,0.01976451650261879,0.04227309674024582
1789141071256384300,19.16138427734375,0.07364501059055328,0.022038377821445465,0.0036256746388971806
1789141071266356500,19.1713564453125,0.05494721978902817,0.00138529809191823,0.018242700025439262
1789141071276329500,19.18132958984375,0.10034722089767456,0.003967175725847483,-0.01365041732788086
1789141071286301400,19.191301513671874,0.04475586116313934,-0.013131916522979736,0.03413548320531845
1789141071296273400,19.2012734375,-0.00023138895630836487,-0.009291157126426697,-0.007657608482986689
1789141071306246400,19.211246337890625,0.023719483986496925,-0.044058192521333694,-0.018275098875164986
1789141071316218400,19.22121826171875,-0.030207479372620583,-0.022950775921344757,0.05189445614814758
1789141071326190600,19.231190673828124,-0.03008018247783184,-0.015978088602423668,0.049267515540122986
1789141071336163600,19.24116357421875,-0.024408649653196335,-0.05730842053890228,0.04766889289021492
1789141071346135300,19.25113525390625,-0.035780880600214005,-0.027667438611388206,0.004390661604702473
1789141071356107500,19.261107421875,-0.02094215527176857,-0.03590156137943268,0.032837994396686554
1789141071366080500,19.27108056640625,-0.03190825507044792,-0.012022331357002258,-0.013768921606242657
1789141071376052500,19.281052490234377,0.016961514949798584,-0.015211045742034912,0.00020095007494091988
1789141071386024400,19.2910244140625,0.004317624494433403,0.022206634283065796,0.005772016942501068
1789141071395997400,19.30099755859375,-0.00952342338860035,0.015149736776947975,-0.050524912774562836
1789141071405969400,19.310969482421875,-0.05852106213569641,-0.022590983659029007,-0.026281893253326416
1789141071415941400,19.32094140625,-0.03842419013381004,-0.02770499512553215,-0.04875994101166725
1789141071425914600,19.33091455078125,-0.07715294510126114,0.005203686188906431,-0.028550811111927032
1789141071435886300,19.34088623046875,-0.07446901500225067,-0.04673765227198601,-0.057570092380046844
1789141071445858600,19.350858642578125,-0.045848287642002106,-0.04072636365890503,-0.0879698097705841
1789141071455831600,19.36083154296875,-0.04927825927734375,-0.03152589127421379,-0.06414791941642761
1789141071465803300,19.37080322265625,-0.09059081226587296,-0.06800826638936996,-0.018681371584534645
1789141071475776500,19.380776611328123,-0.06679285317659378,-0.0789279192686081,-0.10530133545398712
1789141071485748500,19.39074853515625,-0.1257816106081009,-0.06408585608005524,-0.03555367514491081
1789141071495720400,19.400720458984374,-0.14632277190685272,-0.11449678242206573,-0.028040796518325806
1789141071505693400,19.410693359375,-0.15468455851078033,-0.11097075045108795,-0.04444267228245735
1789141071515665400,19.42066552734375,-0.14073069393634796,-0.13193367421627045,0.0338197723031044
1789141071525637400,19.430637451171876,-0.15051381289958954,-0.16023056209087372,0.049319103360176086
1789141071535610400,19.4406103515625,-0.18317316472530365,-0.19116291403770447,0.02919824607670307
1789141071545582600,19.45058251953125,-0.1742209494113922,-0.19846662878990173,0.015521049499511719
1789141071555554300,19.46055419921875,-0.21996021270751953,-0.17164039611816406,-0.021496469154953957
1789141071565527600,19.470527587890626,-0.21678200364112854,-0.2040681093931198,0.006933040916919708
1789141071575499500,19.48049951171875,-0.21281912922859192,-0.1554490476846695,0.012544401921331882
1789141071585471500,19.490471435546876,-0.14854133129119873,-0.12539474666118622,-0.04676339775323868
1789141071595444500,19.500444580078124,-0.15505044162273407,-0.1510433405637741,-0.024139404296875
1789141071605416400,19.51041650390625,-0.14389605820178986,-0.11283523589372635,-0.01495868805795908
1789141071615388400,19.520388427734375,-0.1338912695646286,-0.09496904909610748,0.012067949399352074
1789141071625361400,19.530361328125,-0.1325969696044922,-0.1283443123102188,0.014479974284768105
1789141071635333600,19.540333740234374,-0.097404345870018,-0.12677688896656036,0.03131992742419243
1789141071645305300,19.550305419921877,-0.07515363395214081,-0.1261606216430664,0.06420011818408966
1789141071655278300,19.5602783203125,-0.09399387985467911,-0.14854779839515686,0.09788589179515839
1789141071665250600,19.57025048828125,-0.0961395874619484,-0.17511655390262604,0.11389122158288956
1789141071675223300,19.580223388671875,-0.12525318562984467,-0.10493459552526474,0.037162985652685165
1789141071685195500,19.590195556640627,-0.09567531943321228,-0.11894095689058304,0.03378450125455856
1789141071695167500,19.60016748046875,-0.07979048043489456,-0.10756659507751465,-0.0036260588094592094
1789141071705140500,19.610140380859374,-0.0708923265337944,-0.09451764076948166,0.021385550498962402
1789141071715112400,19.620112548828125,-0.053843915462493896,-0.11775600910186768,0.018455566838383675
1789141071725084400,19.63008447265625,-0.05333312600851059,-0.13987623155117035,0.01596923917531967
1789141071735057400,19.640057373046876,-0.0666479617357254,-0.15268346667289734,0.0011476011713966727
1789141071745029400,19.650029296875,-0.09436801075935364,-0.16259655356407166,0.039445456117391586
1789141071755001600,19.660001708984375,-0.10263839364051819,-0.1976054161787033,0.04503435268998146
1789141071764974300,19.669974365234374,-0.10708960145711899,-0.22956228256225586,0.019359083846211433
1789141071774946600,19.679946533203125,-0.11573435366153717,-0.224333256483078,0.004323731176555157
1789141071784918500,19.68991845703125,-0.1375885158777237,-0.23485061526298523,0.04394197836518288
1789141071794891300,19.699891357421876,-0.11998707056045532,-0.27361106872558594,0.04381808638572693
1789141071804863500,19.709863525390624,-0.0962175577878952,-0.2660652697086334,0.01049422100186348
1789141071814835500,19.71983544921875,-0.08624012023210526,-0.27334970235824585,0.02787381038069725
1789141071824808400,19.729808349609375,-0.06870613247156143,-0.2955780327320099,0.0753832682967186
1789141071834780400,19.739780517578126,-0.0997796356678009,-0.2562018930912018,0.05054929479956627
1789141071844752600,19.749752685546873,-0.08469921350479126,-0.2575289309024811,0.06321928650140762
1789141071854725400,19.759725341796877,-0.0876573920249939,-0.224955752491951,0.04734854772686958
1789141071864697300,19.769697265625,-0.062067076563835144,-0.23058673739433289,-0.018575873225927353
1789141071874669600,19.779669677734375,-0.09852636605501175,-0.1868535280227661,-0.028875360265374184
1789141071884642300,19.789642333984375,-0.0044219717383384705,-0.16326165199279785,-0.047233596444129944
1789141071894614500,19.799614501953126,0.06658025085926056,-0.11867682635784149,-0.05938663333654404
1789141071904587500,19.80958740234375,0.11053279042243958,-0.1041756421327591,-0.05015212297439575
1789141071914559500,19.8195595703125,0.20106393098831177,-0.09820733964443207,-0.04943368211388588
1789141071924531500,19.829531494140625,0.19218787550926208,-0.06982602924108505,-0.05539809539914131
1789141071934504400,19.83950439453125,0.18575948476791382,-0.12248434126377106,0.015332150273025036
1789141071944476400,19.849476318359375,0.13245418667793274,-0.07219534367322922,0.02145235985517502
1789141071954448400,19.859448486328127,0.18159055709838867,-0.0966358631849289,-0.0016332392115145922
1789141071964421600,19.869421630859375,0.12626099586486816,-0.08869804441928864,-0.013354876078665257
1789141071974393300,19.879393310546874,0.09875807911157608,-0.09343932569026947,0.023445574566721916
1789141071984365600,19.889365478515625,0.08829265087842941,-0.06316983699798584,0.009016567841172218
1789141071994338600,19.899338623046877,0.08162879943847656,-0.11007704585790634,0.04917360469698906
1789141072004310300,19.909310302734376,0.06185749173164368,-0.125745490193367,0.05152864009141922
1789141072014282500,19.919282470703124,0.058236997574567795,-0.17372894287109375,0.0645393505692482
1789141072024255500,19.92925537109375,0.05555599182844162,-0.19394712150096893,0.05395674332976341
1789141072034227500,19.9392275390625,0.017914406955242157,-0.1667509227991104,0.004022725857794285
1789141072044199400,19.949199462890626,0.0058827786706388,-0.16182328760623932,-0.0003451247466728091
1789141072054172400,19.95917236328125,-0.04301021620631218,-0.11671854555606842,-0.036345191299915314
1789141072064144400,19.969144287109376,0.023587720468640327,-0.08459176868200302,-0.11481203883886337
1789141072074116400,19.979116455078124,0.0693095400929451,-0.07798239588737488,-0.10288915783166885
1789141072084089600,19.989089599609375,0.1532486528158188,-0.08176247775554657,-0.027387740090489388
1789141072094061300,19.999061279296875,0.18111304938793182,-0.08741994202136993,0.04099557176232338
1789141072104033000,20.009032958984374,0.20782455801963806,-0.09287196397781372,0.05283225700259209
1789141072114006000,20.019006103515625,0.20215663313865662,-0.0638398826122284,0.04652665928006172
1789141072123978200,20.028978271484377,0.1401212215423584,-0.06171468645334244,0.0593298077583313
1789141072133951200,20.038951171875,0.11635588109493256,-0.05983619764447212,0.07477739453315735
1789141072143923000,20.0489228515625,0.14504504203796387,-0.039995912462472916,-0.006180575117468834
1789141072153895200,20.058895263671875,0.1757601648569107,-0.01745465025305748,-0.06952764093875885
1789141072163868200,20.0688681640625,0.21845808625221252,-0.000016804318875074387,-0.12530355155467987
1789141072173840100,20.078840087890626,0.29109352827072144,0.0006262445822358131,-0.1493387520313263
1789141072183812000,20.08881201171875,0.29454177618026733,0.06883060187101364,-0.12288955599069595
1789141072193785000,20.09878515625,0.31614646315574646,0.06164133921265602,-0.1048637330532074
1789141072203757000,20.108757080078124,0.31344175338745117,0.05121319741010666,-0.07212149351835251
1789141072213729000,20.11872900390625,0.34653520584106445,0.044202107936143875,-0.004528975114226341
1789141072223702300,20.128702392578123,0.2901137173175812,0.03741877153515816,-0.033856771886348724
1789141072233674000,20.138674072265626,0.21385708451271057,0.0063482546247541904,0.05379635840654373
1789141072243646200,20.148646240234374,0.21889178454875946,-0.0033925229217857122,0.04186592996120453
1789141072253619200,20.158619140625,0.18250338733196259,-0.009180368855595589,0.019924290478229523
1789141072263591200,20.168591064453125,0.19415391981601715,-0.006960091181099415,0.016822241246700287
1789141072273563100,20.178563232421876,0.2140646129846573,0.026972685009241104,0.0008313723374158144
1789141072283536100,20.1885361328125,0.24071699380874634,0.061690978705883026,-0.08800289779901505
1789141072293508000,20.198508056640627,0.17539916932582855,0.03721557557582855,-0.013017137534916401
1789141072303480000,20.20847998046875,0.19441014528274536,0.05596023425459862,-0.012850157916545868
1789141072313453300,20.218453369140626,0.23640383780002594,0.06813988089561462,-0.005970648489892483
1789141072323425000,20.228425048828125,0.21164096891880035,0.060490746051073074,0.0313815176486969
1789141072333398000,20.23839794921875,0.1629367172718048,0.015257380902767181,0.04647117480635643
1789141072343370200,20.248370361328124,0.11929655820131302,0.04485282301902771,-0.01629181019961834
1789141072353342000,20.258342041015624,0.12106704711914062,0.03418728709220886,0.02608998864889145
1789141072363315200,20.268315185546875,0.10575759410858154,0.035099420696496964,0.04071313887834549
1789141072373287200,20.278287109375,0.10536737740039825,0.023413950577378273,0.009179346263408661
1789141072383259100,20.288259033203126,0.12155274301767349,0.02417934313416481,-0.01861526630818844
1789141072393232100,20.298232177734373,0.11296340823173523,0.0319087952375412,-0.017795627936720848
1789141072403204000,20.3082041015625,0.09989048540592194,0.04214838519692421,0.018805259838700294
1789141072413176000,20.318176025390624,0.08704053610563278,0.06045899912714958,-0.01387481763958931
1789141072423149000,20.328149169921875,0.0733281821012497,0.05130491778254509,-0.007686164230108261
1789141072433121300,20.338121337890627,0.0812673419713974,0.030062323436141014,0.04628000780940056
1789141072443093000,20.348093017578126,0.09766016155481339,0.05045041814446449,0.026465024799108505
1789141072453066000,20.35806591796875,0.1299193948507309,0.04215839505195618,0.019648868590593338
1789141072463038200,20.3680380859375,0.12015411257743835,0.056233733892440796,-0.0016604147385805845
1789141072473010200,20.37801025390625,0.16066737473011017,0.08261682093143463,-0.0292668454349041
1789141072482983200,20.387983154296876,0.15724362432956696,0.1381107121706009,-0.0771760419011116
1789141072492955100,20.397955078125,0.1474905163049698,0.10238359868526459,-0.04735764116048813
1789141072502927000,20.407927001953126,0.14919999241828918,0.14055389165878296,-0.07082728296518326
1789141072512900000,20.417900146484374,0.2143642008304596,0.12690231204032898,-0.06399635225534439
1789141072522872300,20.427872314453126,0.13492849469184875,0.13248643279075623,0.01580873318016529
1789141072532844000,20.437843994140625,0.18576456606388092,0.08682946115732193,0.03268304094672203
1789141072542817000,20.447817138671876,0.13668251037597656,0.14788803458213806,0.004100396763533354
1789141072552789000,20.4577890625,0.12453179806470871,0.12408506125211716,0.029100969433784485
1789141072562762000,20.467761962890624,0.08314254879951477,0.11145981401205063,0.05404946580529213
1789141072572734200,20.477734130859375,0.09852179884910583,0.12303018569946289,0.014487271197140217
1789141072582706000,20.487705810546874,0.12937211990356445,0.12639109790325165,0.029533598572015762
1789141072592679000,20.497678955078126,0.12286309897899628,0.14227157831192017,-0.005018405616283417
1789141072602651100,20.507651123046877,0.12328760325908661,0.10768483579158783,-0.0073747700080275536
1789141072612623000,20.517623046875,0.08659584820270538,0.10388913750648499,0.013568482361733913
1789141072622596000,20.52759619140625,0.09154772758483887,0.09292224049568176,-0.000871177006047219
1789141072632568000,20.537568115234375,0.038656823337078094,0.11495105922222137,-0.02571619302034378
1789141072642540000,20.5475400390625,0.057199880480766296,0.07931290566921234,-0.017726177349686623
1789141072652513000,20.557512939453126,0.06311938911676407,0.06385256350040436,-0.05289313569664955
1789141072662485200,20.5674853515625,0.01914234459400177,0.0777989998459816,-0.007601823192089796
1789141072672457000,20.57745703125,0.00897569116204977,0.06816069781780243,0.003464700188487768
1789141072682430000,20.587429931640624,0.013662055134773254,0.07976382970809937,-0.0014128790935501456
1789141072692402200,20.597402099609376,0.027611469849944115,0.07987718284130096,0.011976282112300396
1789141072702374000,20.607373779296875,0.021303240209817886,0.07014758884906769,0.013570716604590416
1789141072712347100,20.61734716796875,0.050430841743946075,0.0661846399307251,0.00796577800065279
1789141072722319000,20.627319091796874,0.038333430886268616,0.049981698393821716,0.04728388786315918
1789141072732291000,20.637291015625,0.03201207518577576,0.07002092897891998,0.009716292843222618
1789141072742264000,20.64726416015625,-0.0013027368113398552,0.04807088524103165,0.04685993120074272
1789141072752236000,20.657236083984376,0.01849241368472576,0.05671907216310501,0.008051221258938313
1789141072762208000,20.6672080078125,0.000019663944840431213,0.06782125681638718,0.018762988969683647
1789141072772181000,20.677180908203123,0.01421431265771389,0.07973970472812653,-0.008709383197128773
1789141072782153200,20.6871533203125,0.043971676379442215,0.060407549142837524,0.01890360377728939
1789141072792125000,20.697125,0.05552428588271141,0.1112530454993248,-0.04574918374419212
1789141072802098000,20.707097900390625,0.053437698632478714,0.09355819970369339,-0.005575399845838547
1789141072812070100,20.717070068359376,0.031312450766563416,0.07105034589767456,0.03461179882287979
1789141072822043100,20.727043212890624,0.032334037125110626,0.07342694699764252,0.03027111105620861
1789141072832015000,20.73701513671875,0.04563400149345398,0.10435673594474792,0.024256033822894096
1789141072841987000,20.746987060546875,0.022392066195607185,0.11479126662015915,0.03674705699086189
1789141072851960000,20.7569599609375,-0.005036797374486923,0.10256394743919373,0.07912804186344147
1789141072861932000,20.76693212890625,0.033716991543769836,0.13847242295742035,-0.009692646563053131
1789141072871904300,20.776904296875,0.03921324014663696,0.16694442927837372,-0.0626102015376091
1789141072881877200,20.786877197265625,0.04449189081788063,0.12643694877624512,-0.04103034362196922
1789141072891849000,20.796848876953124,0.0875740498304367,0.13127128779888153,-0.021533064544200897
1789141072901821200,20.8068212890625,0.04164571315050125,0.1515456736087799,-0.029401373118162155
1789141072911794200,20.816794189453127,0.03712872415781021,0.09114677459001541,0.00916892196983099
1789141072921766100,20.82676611328125,0.031436748802661896,0.11330613493919373,0.02057310938835144
1789141072931738000,20.836738037109374,0.019313152879476547,0.11723146587610245,0.029524587094783783
1789141072941711000,20.846711181640625,-0.03957972303032875,0.08960436284542084,0.021639499813318253
1789141072951683000,20.85668310546875,-0.07094991952180862,0.08217345923185349,0.005131907761096954
1789141072961655000,20.866655029296876,-0.09625554084777832,0.10698267072439194,-0.0032336139120161533
1789141072971628300,20.876628173828124,-0.08342458307743073,0.07597149163484573,-0.0477227158844471
1789141072981600000,20.88660009765625,-0.09017089009284973,0.08193670213222504,-0.0789211168885231
1789141072991572200,20.896572265625,-0.11232618242502213,0.06712974607944489,-0.043869562447071075
1789141073001545200,20.906545166015626,-0.12701885402202606,0.0587112195789814,-0.0508132204413414
1789141073011517000,20.916516845703125,-0.1244644895195961,0.03795507922768593,-0.0786447748541832
1789141073021489200,20.9264892578125,-0.11393807828426361,0.05721266195178032,-0.07378078252077103
1789141073031462100,20.936462158203124,-0.1399889439344406,0.04992065951228142,-0.012145059183239937
1789141073041434000,20.94643408203125,-0.18500222265720367,0.03265458717942238,0.03475320711731911
1789141073051407000,20.956406982421875,-0.18053603172302246,0.029090316966176033,0.03915669396519661
1789141073061379000,20.966379150390626,-0.2248353213071823,0.05783914402127266,0.008612903766334057
1789141073071351000,20.97635107421875,-0.17456874251365662,0.0262923501431942,-0.011956390924751759
1789141073081324000,20.986323974609373,-0.20786358416080475,0.0326399952173233,0.03427288681268692
1789141073091296300,20.996296142578124,-0.2041865736246109,0.02355818822979927,0.05463409796357155
1789141073101268200,21.006268310546876,-0.19027023017406464,0.04872426018118858,0.051907021552324295
1789141073111241200,21.0162412109375,-0.1953771412372589,0.08312873542308807,0.057651858776807785
1789141073121213200,21.026213134765626,-0.1812725067138672,0.06505227088928223,0.08379105478525162
1789141073131185400,21.036185302734374,-0.20759928226470947,0.1010155975818634,0.04558394104242325
1789141073141158100,21.046158203125,-0.17597344517707825,0.10244224965572357,-0.02378661371767521
1789141073151130000,21.056130126953125,-0.1980130523443222,0.10942606627941132,-0.03150002658367157
1789141073161102300,21.066102294921876,-0.1894957274198532,0.0664445087313652,-0.046027038246393204
1789141073171075000,21.076074951171876,-0.1747523844242096,0.05912363529205322,-0.07697752863168716
1789141073181047300,21.08604736328125,-0.20231449604034424,0.03383825346827507,-0.0396336168050766
1789141073191019300,21.096019287109375,-0.257938414812088,0.014802414923906326,0.00925271213054657
1789141073200992000,21.105991943359374,-0.28509706258773804,-0.011045694351196289,0.036833472549915314
1789141073210964200,21.115964111328125,-0.293699711561203,-0.022236891090869904,-0.006134166847914457
1789141073220936200,21.125936279296877,-0.3395092785358429,-0.07489638030529022,0.04746434837579727
1789141073230909200,21.1359091796875,-0.36417385935783386,-0.10071082413196564,0.034577857702970505
1789141073240881200,21.145881103515624,-0.3623557388782501,-0.12630964815616608,0.027030721306800842
1789141073250853400,21.155853271484375,-0.33453455567359924,-0.12341496348381042,0.018599307164549828
1789141073260826000,21.165826171875,-0.3423333466053009,-0.14747688174247742,0.037361010909080505
1789141073270798000,21.175798095703126,-0.35810714960098267,-0.17378182709217072,0.033479515463113785
1789141073280770300,21.185770263671873,-0.32939612865448,-0.17638081312179565,0.004404453095048666
1789141073290743000,21.195742919921877,-0.3137761056423187,-0.15764792263507843,-0.02427142672240734
1789141073300715300,21.20571533203125,-0.3261163830757141,-0.17299199104309082,-0.008818967267870903
1789141073310688300,21.215688232421876,-0.3267088234424591,-0.17601072788238525,0.012608770281076431
1789141073320660200,21.22566015625,-0.275948703289032,-0.17862755060195923,-0.03914497047662735
1789141073330632200,21.235632080078126,-0.25927045941352844,-0.16836224496364594,-0.020124100148677826
1789141073340605200,21.245605224609374,-0.30678629875183105,-0.14022541046142578,0.002416629809886217
1789141073350577200,21.2555771484375,-0.26351842284202576,-0.15492095053195953,-0.0008276550797745585
1789141073360549000,21.265549072265625,-0.21115721762180328,-0.1324761062860489,-0.018190665170550346
1789141073370522400,21.2755224609375,-0.21380819380283356,-0.12572935223579407,0.03179504722356796
1789141073380494000,21.285494140625,-0.21297569572925568,-0.11798755079507828,0.06606247276067734
1789141073390466300,21.29546630859375,-0.16012921929359436,-0.10259362310171127,0.0028821504674851894
1789141073400439300,21.305439208984374,-0.13678660988807678,-0.11497466266155243,0.05328487232327461
1789141073410411000,21.315410888671874,-0.16008633375167847,-0.10849875211715698,0.07504314929246902
1789141073420383200,21.32538330078125,-0.08582381904125214,-0.11199335008859634,0.04397071897983551
1789141073430356200,21.335356201171876,-0.07593368738889694,-0.04732157662510872,-0.02942611277103424
1789141073440328200,21.345328125,-0.040031883865594864,-0.05185134708881378,0.015483303926885128
1789141073450300200,21.355300048828123,-0.05634073168039322,-0.03236318752169609,0.06492258608341217
1789141073460273200,21.365273193359375,-0.026100004091858864,-0.03950312361121178,0.004474688321352005
1789141073470245000,21.3752451171875,-0.026383329182863235,-0.04168292135000229,0.02057122439146042
1789141073480217300,21.38521728515625,-0.016861729323863983,-0.04601135477423668,0.05158799886703491
1789141073490190300,21.3951904296875,-0.03201811760663986,-0.046439964324235916,0.03339972347021103
1789141073500162000,21.405162109375,0.014850320294499397,-0.07899497449398041,0.02479211986064911
1789141073510134300,21.41513427734375,-0.019750745967030525,-0.047866351902484894,-0.0002614874974824488
1789141073520107300,21.425107177734375,0.018269073218107224,-0.062247954308986664,-0.01832437701523304
1789141073530079200,21.435079345703127,-0.07038351148366928,-0.045550309121608734,0.005571480840444565
1789141073540052200,21.44505224609375,-0.05467379093170166,-0.07786697149276733,-0.02899475209414959
1789141073550024200,21.455024169921874,0.002880834974348545,-0.08895524591207504,-0.023466702550649643
1789141073559996200,21.46499609375,0.005217226222157478,-0.10035837441682816,0.0255916528403759
1789141073569969200,21.47496923828125,0.010646261274814606,-0.10191754996776581,0.05574615299701691
1789141073579941400,21.48494140625,-0.003269287757575512,-0.1018965095281601,0.04967281222343445
1789141073589913000,21.4949130859375,-0.029757006093859673,-0.09814310073852539,0.05011019855737686
1789141073599886000,21.504885986328127,-0.03768656402826309,-0.09726347029209137,0.023299355059862137
1789141073609858300,21.5148583984375,0.011211598291993141,-0.1107732504606247,0.020511087030172348
1789141073619830000,21.524830078125,0.04008212685585022,-0.08498426526784897,-0.0022815773263573647
1789141073629803300,21.53480322265625,0.08123466372489929,-0.11645271629095078,0.009579467587172985
1789141073639775200,21.544775146484376,0.10545078665018082,-0.0647442415356636,-0.017715804278850555
1789141073649747200,21.554747314453124,0.054901160299777985,-0.06811091303825378,0.016328532248735428
1789141073659720200,21.56472021484375,0.06690242886543274,-0.06925073266029358,0.007157137617468834
1789141073669692200,21.574692138671875,0.06927153468132019,-0.04637977480888367,-0.00257630692794919
1789141073679664000,21.5846640625,0.10130350291728973,-0.05679060146212578,0.008993263356387615
1789141073689637000,21.59463720703125,0.1004471555352211,-0.042162179946899414,0.03600725531578064
1789141073699609300,21.604609375,0.12748169898986816,-0.05236608162522316,0.018054086714982986
1789141073709581000,21.6145810546875,0.10270403325557709,-0.028135046362876892,0.006780196912586689
1789141073719554300,21.62455419921875,0.10199616104364395,-0.0006224624812602997,-0.02351432479918003
1789141073729526300,21.6345263671875,0.10720117390155792,-0.0038658203557133675,-0.038194529712200165
1789141073739498200,21.644498291015626,0.1416238695383072,-0.028733618557453156,-0.024283237755298615
1789141073749471200,21.65447119140625,0.10483293235301971,0.005265732761472464,-0.040150538086891174
1789141073759443200,21.664443115234373,0.12252750247716904,-0.031300533562898636,-0.022220008075237274
1789141073769415200,21.674415283203125,0.11294213682413101,-0.037108566612005234,0.011003775522112846
1789141073779388200,21.68438818359375,0.03897683322429657,-0.03221261128783226,0.017142096534371376
1789141073789360400,21.6943603515625,-0.026502657681703568,-0.08208104968070984,0.04521358385682106
1789141073799332000,21.70433203125,-0.02947501465678215,-0.11332578957080841,0.012230602093040943
1789141073809305000,21.71430517578125,0.003467392176389694,-0.10046447813510895,-0.015171661041676998
1789141073819277300,21.72427734375,-0.01700858771800995,-0.09854087978601456,-0.06860532611608505
1789141073829249000,21.7342490234375,-0.03855740651488304,-0.15817326307296753,-0.08583726733922958
1789141073839222300,21.74422216796875,-0.0748155415058136,-0.1613173931837082,-0.031610243022441864
1789141073849194200,21.7541943359375,-0.12033383548259735,-0.14069408178329468,-0.029984740540385246
1789141073859167000,21.7641669921875,-0.11520539224147797,-0.15632817149162292,-0.056452833116054535
1789141073869139200,21.77413916015625,-0.0469767227768898,-0.1446276307106018,-0.0844779834151268
1789141073879111200,21.784111083984374,-0.06290268898010254,-0.14363427460193634,-0.03884738311171532
1789141073889084200,21.794084228515626,-0.08790434896945953,-0.14766836166381836,-0.03445615991950035
1789141073899056000,21.80405615234375,-0.06665526330471039,-0.14513489603996277,-0.051332078874111176
1789141073909028400,21.8140283203125,-0.04867218807339668,-0.12102866172790527,-0.05332600697875023
1789141073919001000,21.8240009765625,-0.03807999938726425,-0.12164545059204102,-0.02998366579413414
1789141073928973300,21.833973388671875,-0.0038423342630267143,-0.12923647463321686,-0.03452504798769951
1789141073938945300,21.8439453125,0.034635283052921295,-0.13430926203727722,0.0034473659470677376
1789141073948918000,21.85391796875,0.025381434708833694,-0.09800419211387634,0.009302254766225815
1789141073958890200,21.86389013671875,0.006287102587521076,-0.09798607975244522,0.019427325576543808
1789141073968862200,21.8738623046875,-0.016951527446508408,-0.09393936395645142,0.01975644938647747
1789141073978835200,21.883835205078125,0.014795215800404549,-0.10022122412919998,-0.0032399464398622513
1789141073988807200,21.89380712890625,0.02026701346039772,-0.07289101183414459,-0.041282568126916885
1789141073998779400,21.903779296875,0.009864174760878086,-0.09162528812885284,-0.042483653873205185
1789141074008752000,21.913752197265627,-0.02839343249797821,-0.07511363923549652,-0.03093886934220791
1789141074018724000,21.92372412109375,0.009459138847887516,-0.0658024251461029,-0.03578662499785423
1789141074028696300,21.9336962890625,0.08385201543569565,-0.0717528834939003,-0.03791108354926109
1789141074038669000,21.9436689453125,0.09417656064033508,-0.07861771434545517,-0.01654774136841297
1789141074048641300,21.953641357421876,0.10857099294662476,-0.08270225673913956,0.016027214005589485
1789141074058613200,21.96361328125,0.09144899249076843,-0.0754384845495224,0.056700609624385834
1789141074068586000,21.9735859375,0.08011265099048615,-0.03418297693133354,-0.027074284851551056
1789141074078558200,21.98355810546875,0.059351976960897446,-0.0635957270860672,-0.007508040871471167
1789141074088531200,21.99353125,0.10600423812866211,-0.037683650851249695,-0.04296233505010605
1789141074098503000,22.0035029296875,0.09140771627426147,-0.026235785335302353,-0.016207154840230942
1789141074108475000,22.013474853515625,0.09251490980386734,-0.037939898669719696,-0.006267220713198185
1789141074118448000,22.0234482421875,0.16184285283088684,-0.03399762511253357,-0.029988795518875122
1789141074128419800,22.033419921875,0.17054980993270874,0.017833994701504707,-0.035647910088300705
1789141074138392000,22.04339208984375,0.18338757753372192,-0.019856391474604607,-0.014704544097185135
1789141074148365000,22.053364990234375,0.16218899190425873,0.012494457885622978,-0.02560533583164215
1789141074158336800,22.063336669921874,0.17440730333328247,-0.022197209298610687,-0.0360257513821125
1789141074168309000,22.07330908203125,0.13754737377166748,-0.011988194659352303,0.002141444245353341
1789141074178282000,22.083281982421877,0.15887023508548737,-0.03269027918577194,0.07164781540632248
1789141074188254000,22.09325390625,0.13026146590709686,-0.015518851578235626,0.06536661833524704
1789141074198226000,22.103225830078124,0.13503572344779968,-0.007188750896602869,0.007397855632007122
1789141074208199000,22.113198974609375,0.10979864001274109,0.025130679830908775,0.018547261133790016
1789141074218171000,22.1231708984375,0.13337640464305878,0.02715175226330757,-0.007139991968870163
1789141074228143000,22.13314306640625,0.17352154850959778,0.04365424066781998,0.0032489486038684845
1789141074238116000,22.1431162109375,0.2733916938304901,0.07052206993103027,-0.03101528063416481
1789141074248087800,22.153087890625,0.27769872546195984,0.09663958847522736,0.004051011987030506
1789141074258060000,22.16306005859375,0.2657805383205414,0.08813504874706268,0.020572196692228317
1789141074268033000,22.173032958984376,0.2823435068130493,0.11305756866931915,0.008246812969446182
1789141074278005000,22.1830048828125,0.3026469051837921,0.12094052135944366,0.013310281559824944
1789141074287977000,22.19297705078125,0.26791200041770935,0.11838323622941971,0.05363674461841583
1789141074297950000,22.202949951171874,0.2710944712162018,0.12465471774339676,0.02888878621160984
1789141074307922000,22.212921875,0.2813701331615448,0.14043991267681122,-0.021844755858182907
1789141074317894000,22.222893798828125,0.22834844887256622,0.1542382836341858,-0.030091766268014908
1789141074327867100,22.2328671875,0.20750422775745392,0.15126070380210876,-0.037111636251211166
1789141074337838800,22.2428388671875,0.2618521749973297,0.12985527515411377,-0.031863611191511154
1789141074347811000,22.25281103515625,0.22051259875297546,0.14156557619571686,-0.005746721290051937
1789141074357784000,22.2627841796875,0.174298495054245,0.11764372885227203,0.029536966234445572
1789141074367755800,22.272755859375,0.1701178252696991,0.10585881024599075,0.05340436473488808
1789141074377729000,22.28272900390625,0.1681329756975174,0.06735563278198242,0.06570683419704437
1789141074387701000,22.292700927734376,0.11582367867231369,0.043091196566820145,0.07793673872947693
1789141074397673000,22.3026728515625,0.08552303165197372,0.052723582834005356,0.020324839279055595
1789141074407646000,22.31264599609375,0.022091761231422424,0.06188021972775459,0.0375218540430069
1789141074417618000,22.322617919921875,-0.009427284821867943,0.058280427008867264,0.05103207007050514
1789141074427590000,22.33258984375,0.015350766479969025,0.07242181897163391,0.014837313443422318
1789141074437563000,22.34256298828125,0.044353656470775604,0.08523135632276535,0.03942468389868736
1789141074447535000,22.35253515625,0.07557280361652374,0.08730430901050568,0.08848252892494202
1789141074457506800,22.3625068359375,0.0749562680721283,0.12042417377233505,0.04299307242035866
1789141074467480000,22.37247998046875,0.04673350602388382,0.1141185462474823,0.08049739897251129
1789141074477452000,22.3824521484375,0.0706351101398468,0.11820250749588013,0.09947562217712402
1789141074487424000,22.392424072265626,0.05137035250663757,0.15108045935630798,0.014123689383268356
1789141074497397000,22.40239697265625,0.05387452244758606,0.15030521154403687,-0.036795683205127716
1789141074507369000,22.412368896484374,0.03015686199069023,0.19664613902568817,-0.05000452324748039
1789141074517341000,22.4223408203125,0.018694348633289337,0.18646007776260376,-0.03206094354391098
1789141074527314000,22.43231396484375,0.04822937026619911,0.17831778526306152,0.012063355185091496
1789141074537286100,22.4422861328125,0.10535576939582825,0.14317923784255981,0.061252471059560776
1789141074547257900,22.4522578125,0.061620622873306274,0.11811697483062744,0.06599272787570953
1789141074557230800,22.46223095703125,0.0027802125550806522,0.045192964375019073,0.15927740931510925
1789141074567203000,22.472203125,-0.06853700429201126,0.04385872185230255,0.12430564314126968
1789141074577174800,22.4821748046875,-0.1499258577823639,0.02200349047780037,0.07867157459259033
1789141074587148000,22.49214794921875,-0.18240275979042053,0.05173017457127571,0.00995891634374857
1789141074597120000,22.5021201171875,-0.19310414791107178,0.038937948644161224,0.009532810188829899
1789141074607092000,22.512092041015624,-0.15254075825214386,0.05426880717277527,-0.0412755012512207
1789141074617065000,22.52206494140625,-0.1497606784105301,0.055816635489463806,-0.06856703758239746
1789141074627037000,22.532036865234375,-0.10126430541276932,0.006709385197609663,-0.07974284142255783
1789141074637009000,22.5420087890625,-0.09744826704263687,0.005110956262797117,-0.06982763111591339
1789141074646982000,22.55198193359375,-0.15263183414936066,-0.012665487825870514,-0.04782874137163162
1789141074656954000,22.5619541015625,-0.24195826053619385,-0.05163712054491043,0.005026218947023153
1789141074666926800,22.5719267578125,-0.2554519772529602,-0.05524576082825661,-0.0028740279376506805
1789141074676899000,22.581899169921876,-0.2618824541568756,-0.03472796827554703,-0.00452678557485342
1789141074686871000,22.59187109375,-0.2732667922973633,-0.06543532758951187,0.021211644634604454
1789141074696843800,22.60184375,-0.2928812503814697,-0.07009479403495789,-0.0033469616901129484
1789141074706816000,22.61181591796875,-0.28362539410591125,-0.07991377264261246,-0.022525586187839508
1789141074716788000,22.6217880859375,-0.28820255398750305,-0.06261387467384338,-0.044107843190431595
1789141074726761000,22.631760986328125,-0.24749711155891418,-0.09849762916564941,-0.0056607602164149284
1789141074736733000,22.64173291015625,-0.2074117511510849,-0.06790482997894287,-0.013979143463075161
1789141074746705200,22.651705078125,-0.20023535192012787,-0.08943557739257812,0.02880055457353592
1789141074756678000,22.661677978515623,-0.18964049220085144,-0.07344409823417664,0.0388135090470314
1789141074766649900,22.67164990234375,-0.23097418248653412,-0.09371650218963623,0.0823487639427185
1789141074776622000,22.6816220703125,-0.22236977517604828,-0.09335724264383316,0.03328029066324234
1789141074786594800,22.6915947265625,-0.20507803559303284,-0.08752162009477615,-0.04318217560648918
1789141074796567000,22.701567138671876,-0.20669430494308472,-0.08945587277412415,-0.09649946540594101
1789141074806539000,22.7115390625,-0.19908851385116577,-0.09264448285102844,-0.06188078597187996
1789141074816511700,22.72151171875,-0.19164790213108063,-0.11055876314640045,-0.028775829821825027
1789141074826484000,22.73148388671875,-0.17646226286888123,-0.13843002915382385,-0.03408033773303032
1789141074836456000,22.7414560546875,-0.17555145919322968,-0.13996027410030365,0.0002925522858276963
1789141074846429000,22.751428955078126,-0.16329491138458252,-0.17500369250774384,0.03130325302481651
1789141074856401000,22.76140087890625,-0.19226078689098358,-0.20031756162643433,0.03208382427692413
1789141074866373000,22.771373046875,-0.18487092852592468,-0.21582244336605072,0.021353639662265778
1789141074876345900,22.781345947265624,-0.25502872467041016,-0.21166552603244781,0.00023690273519605398
1789141074886318000,22.791318115234375,-0.2018112987279892,-0.2791753113269806,-0.037272918969392776
1789141074896290000,22.8012900390625,-0.1846003532409668,-0.23522384464740753,-0.009049540385603905
1789141074906262800,22.8112626953125,-0.19951897859573364,-0.24530331790447235,-0.018892798572778702
1789141074916235000,22.821235107421874,-0.17752739787101746,-0.25139689445495605,-0.015285279601812363
1789141074926208000,22.8312080078125,-0.10061758011579514,-0.2653298079967499,0.01198277436196804
1789141074936180000,22.841179931640625,-0.12774479389190674,-0.22339753806591034,0.02630951628088951
1789141074946152000,22.85115185546875,-0.1345035880804062,-0.23023344576358795,-0.021820347756147385
1789141074956125000,22.861125,-0.12297796458005905,-0.2016284465789795,-0.026349319145083427
1789141074966097000,22.871096923828127,-0.09867700189352036,-0.19468289613723755,-0.0022025061771273613
1789141074976068900,22.88106884765625,-0.025608383119106293,-0.1610967069864273,-0.033368147909641266
1789141074986042000,22.8910419921875,0.010216860100626945,-0.10703226178884506,-0.051148951053619385
1789141074996013800,22.901013916015625,0.05039757117629051,-0.1087404116988182,0.01477147452533245
1789141075005986000,22.910986083984376,0.10054035484790802,-0.08015185594558716,-0.02801661193370819
1789141075015959000,22.920958984375,0.13170786201953888,-0.05955789238214493,-0.02025296539068222
1789141075025931000,22.930930908203123,0.17432931065559387,-0.07394599914550781,0.04195718839764595
1789141075035903000,22.940903076171875,0.1712981015443802,-0.04641237482428551,0.02780061960220337
1789141075045876000,22.9508759765625,0.194057896733284,-0.03993774205446243,0.006307088769972324
1789141075055848000,22.960847900390625,0.13495329022407532,-0.02849307656288147,0.06193679943680763
1789141075065820000,22.97081982421875,0.13981834053993225,-0.029005099087953568,0.05664457008242607
1789141075075793200,22.980793212890624,0.161915123462677,0.014665418304502964,0.013546368107199669
1789141075085764900,22.990764892578124,0.22816960513591766,0.015554646961390972,-0.022713521495461464
1789141075095737000,23.000737060546875,0.2533141076564789,0.022893518209457397,-0.04592563211917877
1789141075105710800,23.0107109375,0.2945834696292877,-0.0033379271626472473,-0.03297095373272896
1789141075115682600,23.0206826171875,0.27804872393608093,0.016416603699326515,-0.018457259982824326
1789141075125654800,23.03065478515625,0.2818657457828522,0.014099335297942162,-0.034822750836610794
1789141075135627800,23.040627685546873,0.2782699465751648,0.006394543685019016,-0.03590213134884834
1789141075145599500,23.050599609375,0.2653816044330597,-0.01667056418955326,-0.07040219753980637
1789141075155571700,23.06057177734375,0.18652169406414032,0.0013044411316514015,-0.004368583206087351
1789141075165544700,23.070544677734375,0.1676122099161148,-0.004566177260130644,0.012575224973261356
1789141075175516700,23.0805166015625,0.2226639986038208,0.008664673194289207,-0.02768165059387684
1789141075185488600,23.090488525390626,0.2600797414779663,0.014528313651680946,-0.023711098358035088
1789141075195461600,23.100461669921874,0.30037152767181396,0.052347332239151,-0.024159042164683342
1789141075205433600,23.11043359375,0.309434711933136,0.05792500451207161,-0.035076774656772614
1789141075215406600,23.120406494140624,0.32703208923339844,0.07621026784181595,-0.03060266561806202
1789141075225378800,23.13037890625,0.31058716773986816,0.09678685665130615,-0.0518021322786808
1789141075235350500,23.1403505859375,0.33951708674430847,0.08596483618021011,-0.02243039757013321
1789141075245323800,23.15032373046875,0.3472181558609009,0.14767508208751678,0.002185201272368431
1789141075255295500,23.16029541015625,0.3767677843570709,0.14271387457847595,0.018797732889652252
1789141075265267700,23.170267822265625,0.3648863434791565,0.136881023645401,0.06636311858892441
1789141075275240700,23.18024072265625,0.32915154099464417,0.15558654069900513,0.051546361297369
1789141075285212400,23.19021240234375,0.23176495730876923,0.15788738429546356,0.07670862227678299
1789141075295184600,23.2001845703125,0.26358118653297424,0.14491859078407288,0.030727548524737358
1789141075305157600,23.21015771484375,0.26739099621772766,0.1719067543745041,0.037010516971349716
1789141075315129600,23.220129638671875,0.28328314423561096,0.1376848667860031,-0.023056548088788986
1789141075325101600,23.2301015625,0.20986075699329376,0.13906864821910858,0.005661044269800186
1789141075335074600,23.240074462890625,0.1676696240901947,0.10692775249481201,-0.009344270452857018
1789141075345046500,23.250046630859377,0.09834416210651398,0.11998368799686432,0.00013748533092439175
1789141075355018500,23.2600185546875,0.06544879078865051,0.08988810330629349,0.017001420259475708
1789141075364991700,23.26999169921875,0.08424544334411621,0.06084191054105759,0.036740463227033615
1789141075374963500,23.27996337890625,0.07283778488636017,0.07027217000722885,0.054076842963695526
1789141075384935700,23.289935791015626,0.01998891308903694,0.0586824044585228,0.0817500427365303
1789141075394908700,23.29990869140625,-0.025609996169805527,0.05418512597680092,0.044690027832984924
1789141075404880600,23.309880615234373,-0.03328076750040054,0.04623948037624359,0.03183872252702713
1789141075414852600,23.3198525390625,-0.02766549400985241,0.07701416313648224,0.0320749469101429
1789141075424825600,23.32982568359375,0.02678743004798889,0.08189478516578674,-0.012240099720656872
1789141075434797600,23.339797607421875,0.03290257975459099,0.08911354839801788,-0.01737254299223423
1789141075444769500,23.34976953125,0.04124569147825241,0.10220298916101456,-0.04524584114551544
1789141075454742800,23.35974267578125,0.05307145416736603,0.11826398223638535,0.0001117862993851304
1789141075464714500,23.369714599609374,0.05355153605341911,0.1120234951376915,0.020885039120912552
1789141075474686700,23.379686767578125,0.019012197852134705,0.1105148196220398,-0.0023680864833295345
1789141075484659700,23.38965966796875,-0.023232076317071915,0.11772799491882324,-0.03960593417286873
1789141075494631400,23.39963134765625,-0.05865984037518501,0.09955671429634094,0.02717602625489235
1789141075504603600,23.409603759765623,-0.05550534278154373,0.09197026491165161,0.03152258321642876
1789141075514576600,23.41957666015625,-0.024006009101867676,0.0829557329416275,0.01153369527310133
1789141075524548600,23.429548583984374,-0.02960890159010887,0.08705689013004303,-0.013552956283092499
1789141075534521600,23.439521484375,-0.0492747463285923,0.08533409237861633,-0.05002601444721222
1789141075544493600,23.44949365234375,-0.05339185148477554,0.06074599176645279,-0.04093259200453758
1789141075554465500,23.459465576171876,-0.10357379913330078,0.06982923299074173,0.003215957898646593
1789141075564438500,23.4694384765625,-0.11128593981266022,0.03763911873102188,0.021320084109902382
1789141075574410800,23.47941064453125,-0.10969043523073196,0.02999664470553398,0.030655527487397194
1789141075584382500,23.489382568359375,-0.0804484486579895,0.012694409117102623,0.03660879284143448
1789141075594355500,23.49935546875,-0.07709845900535583,0.016368240118026733,0.038279660046100616
1789141075604327700,23.50932763671875,-0.10843224823474884,-0.01311487052589655,0.02629067935049534
1789141075614299600,23.519299560546877,-0.1439199447631836,-0.019877169281244278,-0.031074609607458115
1789141075624272600,23.529272705078125,-0.1470007598400116,-0.00983060710132122,-0.08372139930725098
1789141075634244600,23.53924462890625,-0.13922353088855743,-0.037053439766168594,-0.029805172234773636
1789141075644216600,23.549216552734375,-0.12989525496959686,-0.0065442100167274475,-0.04018672555685043
1789141075654189600,23.559189453125,-0.09800176322460175,-0.028130728751420975,0.012549188919365406
1789141075664161800,23.569161865234374,-0.09832499921321869,-0.027541641145944595,0.05800347030162811
1789141075674133500,23.579133544921874,-0.1053975522518158,-0.039632923901081085,0.0945335179567337
1789141075684106500,23.5891064453125,-0.12617135047912598,-0.02575012855231762,0.09983216226100922
1789141075694078700,23.59907861328125,-0.11827240884304047,-0.037148721516132355,0.08941174298524857
1789141075704050400,23.609050537109376,-0.12362430989742279,-0.015143023803830147,0.03437858819961548
1789141075714023700,23.619023681640623,-0.08496026694774628,-0.005560970865190029,-0.0053696236573159695
1789141075723995600,23.62899560546875,-0.05554142966866493,0.0089650247246027,-0.003798595629632473
1789141075733967600,23.638967529296874,0.003070215694606304,0.019480781629681587,-0.012582500465214252
1789141075743940600,23.648940673828125,-0.0025872057303786278,0.04783221334218979,0.0014208314241841435
1789141075753912600,23.65891259765625,0.0010115234181284904,0.02182804048061371,0.02934061363339424
1789141075763884500,23.668884521484376,-0.017061283811926842,0.016493353992700577,0.06203575059771538
1789141075773857500,23.678857421875,-0.01668737642467022,0.028171313926577568,0.028523065149784088
1789141075783829800,23.688829833984375,-0.024673130363225937,0.04670771211385727,0.0687040388584137
1789141075793802800,23.698802734375,-0.007271669805049896,0.036656517535448074,0.0872088372707367
1789141075803774700,23.708774658203126,0.04050397127866745,0.04042931646108627,0.10478175431489944
1789141075813746700,23.71874658203125,0.06767301261425018,0.06182488799095154,0.05735405534505844
1789141075823719700,23.7287197265625,0.0662994384765625,0.05322148650884628,0.052194010466337204
1789141075833691600,23.738691650390624,0.046692706644535065,0.08289842307567596,0.03135770186781883
1789141075843663600,23.74866357421875,0.07643857598304749,0.06607209146022797,-0.030884070321917534
1789141075853636900,23.758636962890623,0.046694524586200714,0.10295341163873672,-0.06765779852867126
1789141075863608600,23.768608642578126,0.07927951961755753,0.08754441887140274,-0.043752945959568024
1789141075873580800,23.778580810546874,0.13161489367485046,0.08488844335079193,-0.025888461619615555
1789141075883553800,23.7885537109375,0.11145088821649551,0.1115788072347641,0.02176807075738907
1789141075893525500,23.798525390625,0.051832303404808044,0.07717955857515335,0.014658494852483273
1789141075903497700,23.808497802734376,0.05536710470914841,0.07092389464378357,0.008336693048477173
1789141075913470700,23.818470703125,0.052331894636154175,0.07151991128921509,0.0811038389801979
1789141075923442700,23.828442626953127,0.02302439883351326,0.028995776548981667,0.06522565335035324
1789141075933414700,23.83841455078125,0.00822148472070694,0.029355572536587715,0.03314974531531334
1789141075943387600,23.8483876953125,0.03206290304660797,0.0052145482040941715,0.04537392035126686
1789141075953359600,23.858359619140625,0.02783247083425522,0.03477456793189049,0.016429351642727852
1789141075963331600,23.86833154296875,0.015656182542443275,0.007238070014864206,-0.0035666939802467823
1789141075973304800,23.878304931640624,-0.026791676878929138,0.02482159063220024,-0.04837890714406967
1789141075983276500,23.888276611328124,-0.04854491353034973,0.01977682113647461,-0.008688895963132381
1789141075993248800,23.898248779296875,-0.058806344866752625,0.003148044925183058,-0.003456316888332367
1789141076003221800,23.9082216796875,-0.07740209251642227,-0.00552299665287137,-0.03877435252070427
1789141076013193700,23.91819384765625,-0.05520305037498474,-0.04225091636180878,0.012815604917705059
1789141076023165700,23.928165771484377,-0.03291105851531029,-0.009489767253398895,-0.0026432794984430075
1789141076033138700,23.938138671875,-0.02587258815765381,-0.015286137349903584,-0.029735349118709564
1789141076043110700,23.948110595703124,-0.07753553986549377,-0.03221910446882248,0.017848428338766098
1789141076053082600,23.95808251953125,-0.06432120501995087,0.006242000963538885,-0.027008257806301117
1789141076063055600,23.9680556640625,-0.0364794060587883,0.028085777536034584,-0.021290063858032227
1789141076073027600,23.978027587890626,-0.007432842627167702,0.020214537158608437,-0.03718646988272667
1789141076082999800,23.987999755859374,0.007997014559805393,0.01763872615993023,-0.014337490312755108
1789141076092972500,23.99797265625,0.005972213111817837,0.03706036135554314,-0.02876383438706398
1789141076102944300,24.0079443359375,-0.00814555212855339,0.039294805377721786,-0.018492914736270905
1789141076112916200,24.017916259765624,-0.02017052471637726,0.038379743695259094,-0.024147603660821915
1789141076122889200,24.02788916015625,-0.03614110127091408,0.02557515911757946,-0.015160972252488136
1789141076132861400,24.037861328125,-0.014178013429045677,0.03277448192238808,-0.06718156486749649
1789141076142834200,24.047834228515626,-0.027854660525918007,0.039354514330625534,-0.0403188019990921
1789141076152806400,24.057806396484374,-0.050834283232688904,0.007918296381831169,-0.04495376721024513
1789141076162778400,24.0677783203125,-0.056092724204063416,0.02450680546462536,-0.02561813034117222
1789141076172751000,24.077751220703124,-0.06010504066944122,0.02609112113714218,-0.04395851865410805
1789141076182723300,24.087723388671876,-0.06405552476644516,-0.012057914398610592,-0.011364123784005642
1789141076192695000,24.097695068359375,-0.04509248957037926,0.018221426755189896,-0.058412060141563416
1789141076202668300,24.107668212890626,-0.06545907258987427,0.021263934671878815,-0.03609248250722885
1789141076212640300,24.11764013671875,-0.02751408889889717,-0.009625271894037724,-0.009069654159247875
1789141076222612200,24.1276123046875,-0.04091426730155945,0.013852298259735107,0.0026447935961186886
1789141076232585200,24.137585205078125,-0.0597047358751297,0.011323627084493637,-0.03085617534816265
1789141076242557200,24.14755712890625,-0.06564509868621826,-0.0036918078549206257,0.00017385720275342464
1789141076252529200,24.157529052734375,-0.06150788068771362,-0.020986109972000122,-0.008918440900743008
1789141076262502100,24.167502197265627,-0.07584330439567566,-0.032767824828624725,-0.01556161418557167
1789141076272474400,24.177474365234374,-0.10182324051856995,-0.018022703006863594,-0.06622292101383209
1789141076282446000,24.187446044921874,-0.07089930027723312,-0.005250770132988691,-0.054708532989025116
1789141076292419000,24.197419189453125,-0.07892340421676636,0.010922340676188469,-0.04440050199627876
1789141076302391300,24.207391357421876,-0.04879731312394142,-0.01239890605211258,-0.06348120421171188
1789141076312363300,24.21736328125,-0.04795841500163078,0.0123908631503582,-0.041221704334020615
1789141076322336300,24.227336181640624,-0.005423977971076965,0.0009587672539055347,-0.03502987325191498
1789141076332308200,24.23730810546875,-0.04077105224132538,-0.03644639626145363,0.0020037787035107613
1789141076342280200,24.2472802734375,-0.07192263752222061,-0.0575142428278923,-0.024373194202780724
1789141076352253200,24.257253173828126,-0.09534460306167603,-0.04182236269116402,-0.012843837961554527
1789141076362225400,24.267225341796873,-0.08665932714939117,-0.005584187339991331,-0.05798438936471939
1789141076372197000,24.277197021484376,-0.06399555504322052,-0.027064180001616478,0.02470676228404045
1789141076382170000,24.287170166015624,-0.0712771937251091,-0.015889879316091537,-0.027578799054026604
1789141076392142300,24.297142333984375,-0.02285134047269821,-0.02535688504576683,-0.012054432183504105
1789141076402114000,24.307114013671875,-0.01904927007853985,-0.018221640959382057,0.007779927458614111
1789141076412087300,24.31708740234375,-0.01683991216123104,-0.03538225218653679,0.0017449379665777087
1789141076422059300,24.327059326171874,-0.040791548788547516,-0.05284326896071434,-0.005066239275038242
1789141076432031200,24.33703125,-0.03750413656234741,-0.027061739936470985,0.00020655372645705938
1789141076442004200,24.347004150390624,-0.0801117941737175,-0.008293853141367435,-0.02293912135064602
1789141076451976200,24.35697607421875,-0.08697742223739624,-0.016730748116970062,-0.011246513575315475
1789141076461948200,24.3669482421875,-0.08647581189870834,-0.0015422487631440163,0.006146111525595188
1789141076471921200,24.376921142578126,-0.03517933934926987,-0.015953145921230316,-0.014431335031986237
1789141076481893400,24.386893310546874,-0.001103157177567482,-0.006543886847794056,-0.00690628495067358
1789141076491865000,24.396864990234373,0.01287044957280159,0.0038482998497784138,-0.02642512507736683
1789141076501838000,24.406838134765625,-0.029190169647336006,0.008284533396363258,-0.0414782389998436
1789141076511810300,24.416810302734376,-0.04025799781084061,0.023893319070339203,-0.052893079817295074
1789141076521783300,24.426783203125,-0.04299163818359375,0.0061120339669287205,0.02273784764111042
1789141076531755300,24.43675537109375,-0.02245280332863331,0.00946814939379692,0.06255104392766953
1789141076541727200,24.446727294921875,-0.0013784822076559067,-0.008870430290699005,0.10154121369123459
1789141076551700500,24.456700439453126,0.005346531979739666,-0.013107252307236195,0.10568961501121521
1789141076561672200,24.466672119140625,0.004582160618156195,-0.016580762341618538,0.07214634120464325
1789141076571644400,24.47664453125,-0.05463002994656563,0.007960531860589981,0.018035700544714928
1789141076581617400,24.486617431640624,-0.06933136284351349,-0.00588124617934227,-0.024286918342113495
1789141076591589000,24.496589111328124,-0.05394601821899414,0.019004397094249725,-0.023103943094611168
1789141076601561300,24.506561279296875,-0.0032818568870425224,0.0200550127774477,-0.029338080435991287
1789141076611534300,24.516534423828126,0.01932305470108986,0.02961442992091179,-0.05848371610045433
1789141076621506300,24.52650634765625,0.039864432066679,-0.005513145122677088,-0.0146136824041605
1789141076631478300,24.536478271484373,-0.021672964096069336,-0.03149707615375519,0.026375828310847282
1789141076641451300,24.546451171875,-0.10764327645301819,-0.0615617036819458,0.03788693621754646
1789141076651423200,24.55642333984375,-0.14646898210048676,-0.07615050673484802,0.04119564965367317
1789141076661395200,24.566395263671875,-0.13388779759407043,-0.07373427599668503,0.06939820200204849
1789141076671368400,24.576368408203123,-0.12363170832395554,-0.08144146203994751,0.06372380256652832
1789141076681340200,24.586340087890626,-0.10696512460708618,-0.07527374476194382,0.046148814260959625
1789141076691312400,24.5963125,-0.09914422035217285,-0.062007736414670944,0.0791294053196907
1789141076701285400,24.606285400390625,-0.08263236284255981,-0.0533306710422039,0.024264143779873848
1789141076711257300,24.61625732421875,-0.05640821531414986,-0.05849107727408409,0.014120428822934628
1789141076721229300,24.626229248046876,-0.03530900180339813,-0.04010861739516258,0.0036053210496902466
1789141076731202300,24.636202392578124,-0.02104724384844303,-0.0251709446310997,-0.016096744686365128
1789141076741174300,24.64617431640625,-0.0500873439013958,-0.016478657722473145,0.04768487811088562
1789141076751146200,24.656146240234374,-0.06496562063694,-0.027027703821659088,0.05996924266219139
1789141076761119500,24.666119384765626,-0.08503067493438721,-0.009363006800413132,0.044443920254707336
1789141076771091200,24.67609130859375,-0.03875052183866501,-0.028857078403234482,0.06450631469488144
1789141076781063400,24.6860634765625,-0.06793436408042908,-0.0389317125082016,0.06431291252374649
1789141076791036400,24.696036376953124,-0.05413413047790527,-0.03886460140347481,-0.010758674703538418
1789141076801008000,24.706008056640623,-0.025758352130651474,0.014720648527145386,-0.04784682020545006
1789141076810980400,24.71598046875,-0.04124037176370621,-0.0050927381962537766,-0.034224748611450195
1789141076820953300,24.725953369140626,-0.04814779758453369,-0.001176932593807578,-0.008963080123066902
1789141076830925300,24.73592529296875,-0.050463415682315826,0.021839968860149384,-0.0361907035112381
1789141076840897300,24.745897216796877,-0.05021124333143234,0.010645270347595215,-0.04230412095785141
1789141076850870300,24.755870361328125,-0.012677714228630066,-0.017016183584928513,-0.01074326690286398
1789141076860842200,24.76584228515625,-0.0024995161220431328,0.024270595982670784,0.009399078786373138
1789141076870815200,24.775815185546875,-0.020671062171459198,-0.0025186724960803986,-0.015302007086575031
1789141076880787500,24.785787353515627,-0.020532682538032532,-0.025732077658176422,-0.024518337100744247
1789141076890759200,24.79575927734375,-0.031094245612621307,-0.05745112523436546,0.04368335381150246
1789141076900732200,24.805732177734374,-0.04901755228638649,-0.05939842760562897,0.07219315320253372
1789141076910704400,24.815704345703125,-0.04115217179059982,-0.062331900000572205,0.016438275575637817
1789141076920676400,24.82567626953125,-0.028120163828134537,-0.07295561581850052,0.053634848445653915
1789141076930649300,24.8356494140625,-0.048217177391052246,-0.03483326733112335,0.007939799688756466
1789141076940621300,24.845621337890623,-0.019183732569217682,-0.08937698602676392,-0.0004977284697815776
1789141076950593300,24.85559326171875,0.0022294139489531517,-0.06761443614959717,-0.03460989519953728
1789141076960566300,24.865566162109374,0.021075449883937836,-0.07773381471633911,-0.035509977489709854
1789141076970538200,24.875538330078125,-0.0338573083281517,-0.05852629616856575,-0.04813389480113983
1789141076980510200,24.88551025390625,-0.010787731036543846,-0.07636621594429016,-0.06316477060317993
1789141076990483200,24.895483154296876,-0.0419059693813324,-0.08379963040351868,0.008098755963146687
1789141077000455200,24.905455078125,0.002726177219301462,-0.07963253557682037,-0.052163492888212204
1789141077010427100,24.91542724609375,0.012428073212504387,-0.05320785194635391,0.004003637935966253
1789141077020400400,24.925400390625,0.04579312726855278,-0.05859426036477089,-0.04972104728221893
1789141077030372000,24.9353720703125,0.011685758829116821,-0.06326091289520264,0.018246551975607872
1789141077040344300,24.94534423828125,0.04279860481619835,-0.057737041264772415,0.014315888285636902
1789141077050317300,24.9553173828125,0.052767880260944366,-0.0326298251748085,0.020647553727030754
1789141077060289000,24.9652890625,0.10537786036729813,-0.03964240476489067,0.000060498714447021484
1789141077070261200,24.97526123046875,0.11612371355295181,-0.005951287224888802,-0.003936107270419598
1789141077080234200,24.985234130859375,0.08475111424922943,0.03359042853116989,-0.01850718818604946
1789141077090206200,24.995206298828126,0.10203316807746887,0.010492833331227303,-0.05115780979394913
1789141077100178200,25.00517822265625,0.06611502915620804,0.028680680319666862,-0.04110926389694214
1789141077110151400,25.0151513671875,0.11594890058040619,0.05591282993555069,-0.10764781385660172
1789141077120123600,25.02512353515625,0.15000160038471222,0.0630444660782814,-0.10633070766925812
1789141077130095400,25.035095458984376,0.13561466336250305,0.04520314931869507,-0.03171186521649361
1789141077140068600,25.045068603515624,0.17220018804073334,0.0340631939470768,-0.025540422648191452
1789141077150040600,25.05504052734375,0.17448464035987854,0.0572366900742054,-0.03851001709699631
1789141077160012500,25.065012451171874,0.11266858875751495,0.04933098703622818,0.003874907037243247
1789141077169985500,25.074985595703126,0.07191422581672668,0.027176419273018837,0.04063745215535164
1789141077179957500,25.08495751953125,0.07171962410211563,0.036848537623882294,0.027181660756468773
1789141077189929500,25.094929443359376,0.12476686388254166,0.031023936346173286,0.01814129576086998
1789141077199902500,25.10490234375,0.11347098648548126,0.022561797872185707,0.020578261464834213
1789141077209874400,25.11487451171875,0.10812149196863174,0.04213736206293106,-0.02505526877939701
1789141077219846400,25.124846435546875,0.08837728947401047,0.050572238862514496,-0.048332471400499344
1789141077229819600,25.134819580078126,0.08502782881259918,-0.003797260345891118,-0.0265858955681324
1789141077239791400,25.144791259765626,0.05914682894945145,-0.011554576456546783,-0.03172452375292778
1789141077249764400,25.154764404296873,0.059323664754629135,-0.0032708141952753067,-0.06343025714159012
1789141077259736600,25.164736572265625,0.03385345637798309,-0.020423702895641327,-0.018674500286579132
1789141077269708300,25.174708251953124,0.01313353143632412,-0.06915847957134247,0.07131823897361755
1789141077279681500,25.184681640625,-0.032563578337430954,-0.03925406187772751,0.015037757344543934
1789141077289653500,25.194653564453127,-0.041781846433877945,-0.08119512349367142,0.0010979740181937814
1789141077299625500,25.20462548828125,-0.029909558594226837,-0.12573471665382385,0.05872027948498726
1789141077309598500,25.214598388671874,-0.003760778345167637,-0.09932814538478851,0.05674741044640541
1789141077319570400,25.2245703125,-0.003527682274580002,-0.10551980137825012,0.06419733166694641
1789141077329542400,25.23454248046875,-0.011889474466443062,-0.11376121640205383,0.03975989297032356
1789141077339515400,25.244515380859376,-0.03194423392415047,-0.0976187139749527,0.03570232912898064
1789141077349487600,25.254487548828124,-0.027289561927318573,-0.07674139738082886,0.024494417011737823
1789141077359459300,25.264459228515626,-0.021487746387720108,-0.010512268170714378,-0.042290519922971725
1789141077369432600,25.2744326171875,0.0583045557141304,-0.022334573790431023,-0.042542457580566406
1789141077379404500,25.284404541015626,0.07186274975538254,-0.00651917327195406,0.017167983576655388
1789141077389376500,25.29437646484375,0.11734740436077118,-0.023260336369276047,0.04937225952744484
1789141077399349500,25.304349609375,0.11219172924757004,-0.01728249341249466,0.0660129189491272
1789141077409321500,25.314321533203124,0.12412029504776001,0.0020235609263181686,0.05300842970609665
1789141077419293400,25.32429345703125,0.08633505553007126,0.021751075983047485,0.0583406463265419
1789141077429266400,25.334266357421875,0.07232256978750229,0.029869189485907555,0.046988390386104584
1789141077439238700,25.34423876953125,0.07875121384859085,0.05481501668691635,-0.0009923307225108147
1789141077449210400,25.35421044921875,0.1274111568927765,0.09029684215784073,-0.09630472958087921
1789141077459183400,25.364183349609377,0.1358766108751297,0.10653398185968399,-0.019303198903799057
1789141077469155600,25.374155517578124,0.1650049388408661,0.09794555604457855,-0.008236434310674667
1789141077479127300,25.384127197265624,0.2190808802843094,0.12194112688302994,-0.031043311581015587
1789141077489100500,25.3941005859375,0.21559825539588928,0.12772096693515778,0.035146091133356094
1789141077499072500,25.404072509765626,0.17398475110530853,0.10141155123710632,0.09829791635274887
1789141077509044500,25.41404443359375,0.15954534709453583,0.112652488052845,0.028112702071666718
1789141077519017500,25.424017578125,0.14190718531608582,0.10187137126922607,0.0805266797542572
1789141077528989400,25.433989501953125,0.1471749246120453,0.12198542803525925,0.03792516142129898
1789141077538961400,25.44396142578125,0.1368570774793625,0.1199498102068901,0.025887630879878998
1789141077548934400,25.453934326171876,0.1409735381603241,0.12623408436775208,0.01663714088499546
1789141077558906600,25.46390673828125,0.19640038907527924,0.1264002025127411,-0.02946448139846325
1789141077568878300,25.47387841796875,0.18069547414779663,0.13375185430049896,-0.05689530447125435
1789141077578851600,25.4838515625,0.13164080679416656,0.10291027277708054,-0.02074314095079899
1789141077588823600,25.493823486328125,0.09739308804273605,0.09103497117757797,0.002871905453503132
1789141077598795500,25.50379541015625,0.07640939205884933,0.08994009345769882,-0.014087324030697346
1789141077608768500,25.5137685546875,0.08488516509532928,0.05330511927604675,0.0067106327041983604
1789141077618740500,25.523740478515624,0.06384322047233582,0.04348273575305939,0.0299904253333807
1789141077628712400,25.53371240234375,0.029223719611763954,0.005742014851421118,0.030636241659522057
1789141077638685400,25.543685546875,-0.009116730652749538,-0.023050568997859955,0.0040478790178895
1789141077648657700,25.55365771484375,-0.07066717743873596,-0.0014454068150371313,-0.014731135219335556
1789141077658629400,25.56362939453125,-0.07802528142929077,0.0021049873903393745,-0.07056624442338943
1789141077668602400,25.573602294921876,-0.06374754011631012,-0.02851470746099949,-0.07197319716215134
1789141077678574600,25.58357470703125,-0.05790065973997116,-0.001959787681698799,-0.04933736473321915
1789141077688546300,25.59354638671875,-0.042814649641513824,-0.052129749208688736,-0.04206320643424988
1789141077698519600,25.60351953125,-0.044288329780101776,-0.051054585725069046,-0.04670380800962448
1789141077708491500,25.613491455078126,-0.05207008868455887,-0.027323953807353973,0.002900493796914816
1789141077718464500,25.623464599609374,-0.056036993861198425,-0.01909792423248291,-0.009574763476848602
1789141077728436500,25.6334365234375,-0.050790295004844666,-0.02065826952457428,0.024511566385626793
1789141077738408400,25.643408447265625,-0.059732239693403244,0.007722768932580948,-0.020500455051660538
1789141077748381700,25.653381591796876,-0.005845570936799049,0.05028035119175911,-0.058521077036857605
1789141077758353400,25.663353515625,0.020761527121067047,0.06577658653259277,-0.02494446188211441
1789141077768325600,25.67332568359375,0.062143854796886444,0.08595189452171326,-0.012678209692239761
1789141077778298600,25.683298583984374,0.0976189374923706,0.10680477321147919,-0.021586310118436813
1789141077788270600,25.6932705078125,0.14046254754066467,0.16215111315250397,-0.07313206046819687
1789141077798242600,25.70324267578125,0.13228768110275269,0.19122853875160217,-0.007063966244459152
1789141077808215600,25.713215576171876,0.10749312490224838,0.19815941154956818,0.012647153809666634
1789141077818187500,25.7231875,0.16041651368141174,0.17770259082317352,0.027148758992552757
1789141077828159500,25.733159423828123,0.0792393684387207,0.2057747095823288,0.045239612460136414
1789141077838132700,25.7431328125,0.04682637006044388,0.21252663433551788,0.03176264092326164
1789141077848104400,25.7531044921875,0.06973142176866531,0.16847607493400574,0.009600345976650715
1789141077858076700,25.76307666015625,0.03903428465127945,0.16103002429008484,0.03502378985285759
1789141077868049700,25.773049560546873,0.012059394270181656,0.19209127128124237,0.011892637237906456
1789141077878021400,25.783021484375,0.022001968696713448,0.18879742920398712,-0.002404643688350916
1789141077887993600,25.79299365234375,-0.00413029920309782,0.1691180020570755,0.07280968129634857
1789141077897966600,25.802966552734375,0.0592435859143734,0.1317620426416397,0.028850499540567398
1789141077907938600,25.8129384765625,-0.031142771244049072,0.0891227126121521,0.08182743191719055
1789141077917910500,25.82291064453125,-0.09218798577785492,0.08249043673276901,0.11011630296707153
1789141077927883500,25.832883544921874,-0.06498300284147263,0.06277478486299515,0.10797565430402756
1789141077937855500,25.84285546875,-0.06980162113904953,0.0829734206199646,0.010679966770112514
1789141077947827500,25.852827392578124,-0.12304673343896866,0.06316296756267548,0.027996638789772987
1789141077957800700,25.86280078125,-0.1276436448097229,0.03802261874079704,-0.0281599722802639
1789141077967772400,25.8727724609375,-0.11390653252601624,0.0014491602778434753,-0.007810759823769331
1789141077977744600,25.88274462890625,-0.15386110544204712,0.003621719777584076,0.0007382275070995092
1789141077987717400,25.89271728515625,-0.14741544425487518,-0.02709518000483513,0.005959620699286461
1789141077997689600,25.902689697265625,-0.1711166352033615,-0.06281019747257233,-0.01792607083916664
1789141078007661600,25.91266162109375,-0.1948147714138031,-0.07956680655479431,0.002255364554002881
1789141078017634300,25.92263427734375,-0.20164678990840912,-0.08228893578052521,0.025549879297614098
1789141078027606500,25.9326064453125,-0.25022628903388977,-0.12051275372505188,0.06172093749046326
1789141078037578500,25.94257861328125,-0.25407058000564575,-0.11898424476385117,0.050663068890571594
1789141078047551500,25.952551513671875,-0.20252883434295654,-0.09852317720651627,0.06503774970769882
1789141078057523500,25.9625234375,-0.14975589513778687,-0.08891834318637848,0.07337705790996552
1789141078067495700,25.97249560546875,-0.1583975851535797,-0.05918361619114876,0.03698869049549103
1789141078077468400,25.982468505859377,-0.11299017816781998,-0.0673844963312149,0.015870483592152596
1789141078087440400,25.9924404296875,-0.09844905138015747,-0.016703205183148384,-0.02249101921916008
1789141078097412600,26.00241259765625,-0.08428911864757538,0.006837860681116581,-0.0406045988202095
1789141078107384800,26.012384765625,-0.06311377882957458,0.006010150536894798,-0.014124258421361446
1789141078117356800,26.022356689453126,-0.04240194708108902,-0.01392664760351181,0.007431017234921455
1789141078127328800,26.032328857421874,-0.06324917078018188,0.01062343642115593,-0.03368046507239342
1789141078137302000,26.042302001953125,-0.05008936673402786,-0.00698176771402359,-0.014575638808310032
1789141078147273700,26.052273681640624,-0.08186247199773788,0.01762237772345543,-0.050547219812870026
1789141078157246700,26.062246826171876,-0.0788983404636383,-0.02617574855685234,-0.055907923728227615
1789141078167219000,26.072218994140623,-0.08921489119529724,-0.019150329753756523,-0.045256610959768295
1789141078177190700,26.082190673828126,-0.06649769097566605,-0.005694239865988493,-0.06020886078476906
1789141078187163000,26.092162841796874,-0.10638944804668427,-0.04746352508664131,-0.061576928943395615
1789141078197136000,26.102135986328125,-0.09162569791078568,-0.07530410587787628,-0.05081987753510475
1789141078207107800,26.11210791015625,-0.0956697091460228,-0.044201046228408813,-0.05088459327816963
1789141078217080800,26.122080810546876,-0.09323492646217346,-0.08214857429265976,-0.011694930493831635
1789141078227052800,26.132052734375,-0.14535218477249146,-0.09391947835683823,0.029057558625936508
1789141078237024800,26.142024658203123,-0.11217605322599411,-0.1026303619146347,0.017501670867204666
1789141078246997800,26.151997802734375,-0.10081154108047485,-0.07798946648836136,-0.03482438623905182
1789141078256970000,26.161969970703126,-0.07769127190113068,-0.10851355642080307,0.018401935696601868
1789141078266941700,26.171941650390625,-0.10629068315029144,-0.05600587651133537,-0.018740905448794365
1789141078276915000,26.1819150390625,-0.08353596180677414,-0.10074117034673691,-0.004229823127388954
1789141078286887000,26.191886962890624,-0.0814533680677414,-0.06271974742412567,-0.027933821082115173
1789141078296859000,26.20185888671875,-0.054548054933547974,-0.08951424807310104,-0.015194538980722427
1789141078306832000,26.211831787109375,-0.045537255704402924,-0.0735536590218544,-0.02441546693444252
1789141078316803800,26.221803955078126,-0.06723684817552567,-0.06338251382112503,-0.020641695708036423
1789141078326775800,26.23177587890625,-0.08324963599443436,-0.07940728962421417,0.011010240763425827
1789141078336748800,26.241748779296874,-0.04969722777605057,-0.0969138890504837,-0.011123850010335445
1789141078346721000,26.251720947265625,0.0005941726267337799,-0.06545316427946091,-0.007745630107820034
1789141078356692700,26.261692626953124,-0.04092920571565628,-0.06513001769781113,-0.03644244000315666
1789141078366665700,26.271665771484376,-0.03582552447915077,-0.07689745724201202,-0.029310759156942368
1789141078376638000,26.281637939453127,-0.017106793820858,-0.03906656801700592,0.005824507214128971
1789141078386610000,26.29160986328125,-0.008828358724713326,-0.058343589305877686,-0.01808881387114525
1789141078396583000,26.3015830078125,0.029288411140441895,-0.06473128497600555,0.009938284754753113
1789141078406555000,26.311554931640625,0.005878427065908909,-0.022073308005928993,0.0909724161028862
1789141078416526800,26.32152685546875,-0.0029750335961580276,-0.04033764824271202,0.056669071316719055
1789141078426499800,26.331499755859376,0.02456098608672619,-0.06951950490474701,0.07283445447683334
1789141078436472000,26.34147216796875,0.009451695717871189,-0.06044412776827812,0.05403045192360878
1789141078446443800,26.35144384765625,-0.014597979374229908,-0.06370995938777924,0.018947303295135498
1789141078456416800,26.361416748046874,0.005284519866108894,-0.08463634550571442,-0.003305333200842142
1789141078466389000,26.371388916015626,-0.014245239086449146,-0.07098019123077393,0.024852268397808075
1789141078476360700,26.381360595703125,0.0015661041252315044,-0.061229292303323746,0.01242801547050476
1789141078486334000,26.391333984375,0.01600256748497486,-0.03601900860667229,-0.05214032530784607
1789141078496306000,26.401305908203124,0.0349104069173336,-0.05067896842956543,-0.0027020354755222797
1789141078506278000,26.41127783203125,0.0004554940387606621,-0.05068269371986389,-0.0008146532927639782
1789141078516251000,26.4212509765625,0.0066548609174788,-0.06464893370866776,0.002425038954243064
1789141078526222800,26.431222900390626,0.038020774722099304,-0.0791783407330513,0.040560971945524216
1789141078536194800,26.44119482421875,0.03049016371369362,-0.06065724417567253,0.049104802310466766
1789141078546167800,26.451167724609373,0.04353885352611542,-0.04836835339665413,0.038330987095832825
1789141078556140000,26.46114013671875,0.019072502851486206,-0.035970538854599,0.04126053676009178
1789141078566111700,26.47111181640625,0.019795818254351616,-0.009481674060225487,-0.003862200304865837
1789141078576084700,26.481084716796875,0.032967373728752136,0.0034685879945755005,0.010328803211450577
1789141078586057000,26.491056884765626,0.09565765410661697,0.0009777331724762917,-0.024223847314715385
1789141078596029000,26.50102880859375,0.09895267337560654,0.02596856653690338,-0.029825881123542786
1789141078606002000,26.511001953125,0.12206731736660004,0.013106564059853554,-0.026442334055900574
1789141078615974000,26.520973876953125,0.09290790557861328,0.02844003215432167,-0.05216650664806366
1789141078625945900,26.53094580078125,0.0852169543504715,0.0389866828918457,-0.04521139711141586
1789141078635918800,26.5409189453125,0.0933428481221199,0.03673269599676132,0.015649791806936264
1789141078645891000,26.55089111328125,0.09907050430774689,0.0494154691696167,0.014745115302503109
1789141078655862800,26.56086279296875,0.11819963157176971,0.07001277804374695,0.015989527106285095
1789141078665835800,26.570835693359374,0.1457630693912506,0.10221891850233078,-0.019947167485952377
1789141078675808000,26.58080810546875,0.11766483634710312,0.08488412946462631,-0.006415743846446276
1789141078685779700,26.59077978515625,0.11143996566534042,0.07929042726755142,0.01759025640785694
1789141078695753000,26.6007529296875,0.10914334654808044,0.10411764681339264,-0.00032542197732254863
1789141078705725000,26.610724853515624,0.1296030879020691,0.10960082709789276,0.036645643413066864
1789141078715697000,26.62069677734375,0.15359754860401154,0.14428722858428955,0.03977902978658676
1789141078725670000,26.630669921875,0.16848568618297577,0.11514398455619812,0.020316649228334427
1789141078735641900,26.640641845703126,0.11973490566015244,0.12811900675296783,0.0038852193392813206
1789141078745613800,26.65061376953125,0.07892222702503204,0.13945794105529785,0.006575011648237705
1789141078755586800,26.6605869140625,0.10352998226881027,0.13201144337654114,-0.0014234754489734769
1789141078765559000,26.67055908203125,0.1227731853723526,0.13269588351249695,-0.011918194591999054
1789141078775531800,26.68053173828125,0.1355818510055542,0.13681241869926453,-0.013290204107761383
1789141078785503700,26.690503662109375,0.1018875390291214,0.10895894467830658,0.009543205611407757
1789141078795476000,26.70047607421875,0.05011795461177826,0.0793183371424675,0.056883495301008224
1789141078805448000,26.710447998046874,0.029270727187395096,0.09423763304948807,0.026572195813059807
1789141078815421000,26.7204208984375,0.03981120139360428,0.06477651745080948,0.038863103836774826
1789141078825393000,26.730392822265625,0.041533730924129486,0.03727645054459572,0.026040248572826385
1789141078835366000,26.740365966796876,0.03468991070985794,0.04258855804800987,-0.007061905227601528
1789141078845337900,26.750337890625,-0.02031448855996132,0.041472163051366806,-0.027219370007514954
1789141078855310000,26.76031005859375,-0.04999720677733421,-0.033686719834804535,-0.0058673773892223835
1789141078865282800,26.77028271484375,-0.08235354721546173,-0.035256922245025635,0.01420433446764946
1789141078875254800,26.7802548828125,-0.07546045631170273,-0.014060452580451965,-0.0021342942491173744
1789141078885227000,26.79022705078125,-0.11825399845838547,0.007501297164708376,-0.0023167207837104797
1789141078895199700,26.80019970703125,-0.054589152336120605,-0.0459805503487587,0.013365219347178936
1789141078905172000,26.810171875,-0.08263090252876282,-0.027174368500709534,0.05904961749911308
1789141078915144000,26.82014404296875,-0.062269024550914764,-0.02354944311082363,0.01258404366672039
1789141078925116700,26.83011669921875,-0.0972384586930275,0.004734392743557692,0.004136763513088226
1789141078935089000,26.8400888671875,-0.023187071084976196,0.01909009739756584,-0.00463250232860446
1789141078945060900,26.850060791015625,0.010001775808632374,0.05459136143326759,-0.021838653832674026
1789141078955033900,26.860033935546873,0.04327268898487091,0.017880292609333992,-0.02496218867599964
1789141078965005800,26.870005859375,-0.04207044094800949,0.0574151873588562,-0.019577011466026306
1789141078974978000,26.87997802734375,-0.019976701587438583,0.08683761954307556,-0.09805884212255478
1789141078984950800,26.88995068359375,-0.09055233001708984,0.09301802515983582,-0.028844613581895828
1789141078994922800,26.8999228515625,-0.10171288996934891,0.08630426228046417,-0.004116489086300135
1789141079004895000,26.90989501953125,-0.11514613777399063,0.08444670587778091,-0.023295776918530464
1789141079014867700,26.91986767578125,-0.07587751001119614,0.06387775391340256,-0.01802750676870346
1789141079024840000,26.92983984375,-0.05155539512634277,0.05967715010046959,-0.03217235207557678
1789141079034812000,26.93981201171875,-0.06161230802536011,0.045956868678331375,-0.05672391131520271
1789141079044785000,26.949784912109376,-0.13554725050926208,0.020404107868671417,-0.04905640333890915
1789141079054756900,26.9597568359375,-0.15235064923763275,-0.01687397062778473,-0.026888947933912277
1789141079064729000,26.96972900390625,-0.1136554628610611,-0.02921559289097786,-0.025318481028079987
1789141079074701800,26.979701904296874,-0.1394266039133072,-0.040379829704761505,-0.03139874339103699
1789141079084673800,26.989673828125,-0.18632246553897858,-0.08755799382925034,-0.014727888628840446
1789141079094646000,26.99964599609375,-0.2367754876613617,-0.07005691528320312,-0.04792129620909691
1789141079104619000,27.009618896484376,-0.2771548628807068,-0.09658865630626678,-0.07214434444904327
1789141079114591200,27.01959130859375,-0.2984965443611145,-0.11043406277894974,-0.051309552043676376
1789141079124563000,27.02956298828125,-0.25787827372550964,-0.11239627748727798,-0.07035594433546066
1789141079134536000,27.039535888671875,-0.2158190906047821,-0.15771907567977905,-0.03361104056239128
1789141079144508200,27.049508056640626,-0.17850953340530396,-0.17576438188552856,0.015661433339118958
1789141079154479900,27.05947998046875,-0.21709948778152466,-0.14009970426559448,0.005864953622221947
1789141079164453000,27.069453125,-0.23800185322761536,-0.1533670276403427,-0.017620932310819626
1789141079174425000,27.079425048828124,-0.22014763951301575,-0.13000845909118652,-0.004645518958568573
1789141079184397000,27.08939697265625,-0.21976840496063232,-0.10780835151672363,-0.04490292817354202
1789141079194370000,27.0993701171875,-0.19355010986328125,-0.1422896385192871,-0.08117411285638809
1789141079204342000,27.109342041015626,-0.14914803206920624,-0.11508410423994064,-0.07615245878696442
1789141079214314000,27.11931396484375,-0.11615856736898422,-0.0973656177520752,-0.047156136482954025
1789141079224287000,27.129286865234373,-0.12205826491117477,-0.1271458864212036,-0.04328230023384094
1789141079234259200,27.13925927734375,-0.09706098586320877,-0.11397254467010498,-0.027813635766506195
1789141079244231000,27.14923095703125,-0.11350920051336288,-0.11238263547420502,0.02335847169160843
1789141079254204200,27.1592041015625,-0.14210449159145355,-0.14926162362098694,0.025660447776317596
1789141079264176000,27.169176025390627,-0.15856415033340454,-0.11532282829284668,0.024551240727305412
1789141079274148000,27.179148193359374,-0.1422019600868225,-0.12954731285572052,0.04931464046239853
1789141079284121000,27.18912109375,-0.1009671688079834,-0.14123299717903137,0.06771628558635712
1789141079294093000,27.199093017578125,-0.09414786100387573,-0.12702380120754242,0.05663593113422394
1789141079304065000,27.20906494140625,-0.07600481808185577,-0.15040236711502075,0.03825213015079498
1789141079314038000,27.2190380859375,-0.10075938701629639,-0.1693270355463028,0.02991453930735588
1789141079324010200,27.22901025390625,-0.09608899801969528,-0.1799439936876297,0.03460836037993431
1789141079333982000,27.23898193359375,-0.05326579138636589,-0.15684162080287933,-0.013053210452198982
1789141079343955000,27.248954833984374,-0.054429057985544205,-0.16742636263370514,-0.0006958763115108013
1789141079353927200,27.25892724609375,-0.06719079613685608,-0.17582137882709503,0.027945948764681816
1789141079363899000,27.26889892578125,-0.08703374117612839,-0.17089985311031342,0.0719461664557457
1789141079373872000,27.2788720703125,-0.05381590127944946,-0.18993502855300903,0.06958582252264023
1789141079383844000,27.288843994140624,-0.0051908427849411964,-0.16222403943538666,0.008852705359458923
1789141079393816000,27.298816162109375,-0.004694877192378044,-0.19643531739711761,0.06633792072534561
1789141079403789000,27.3087890625,-0.012369842268526554,-0.1886410415172577,0.03704608604311943
1789141079413761000,27.318760986328126,-0.004295697435736656,-0.19100889563560486,0.02654297649860382
1789141079423733000,27.32873291015625,-0.014177888631820679,-0.16067148745059967,0.032285016030073166
1789141079433706000,27.3387060546875,0.035728201270103455,-0.15653842687606812,-0.02690122276544571
1789141079443678200,27.34867822265625,0.07021453976631165,-0.14415499567985535,-0.028751052916049957
1789141079453650000,27.35864990234375,0.06686515361070633,-0.15362755954265594,0.028907548636198044
1789141079463623200,27.368623046875,0.05785221606492996,-0.13652260601520538,-0.004601144231855869
1789141079473595100,27.37859521484375,0.13165953755378723,-0.11474353075027466,-0.0580383837223053
1789141079483567000,27.388567138671874,0.10525057464838028,-0.09750168770551682,0.030088013038039207
1789141079493540000,27.3985400390625,0.1353927105665207,-0.14172323048114777,0.049906231462955475
1789141079503512000,27.408511962890625,0.1509793996810913,-0.12304328382015228,0.016211651265621185
1789141079513484000,27.418484130859376,0.16900183260440826,-0.13221751153469086,0.04683493822813034
1789141079523457000,27.42845703125,0.15902988612651825,-0.11467579752206802,0.05043499916791916
1789141079533429200,27.43842919921875,0.18694710731506348,-0.09708379209041595,0.009706406854093075
1789141079543401000,27.44840087890625,0.16389772295951843,-0.0849139466881752,-0.0004634058568626642
1789141079553374000,27.4583740234375,0.15659834444522858,-0.06924518942832947,-0.06110455095767975
1789141079563346200,27.46834619140625,0.1677335500717163,-0.05872863158583641,-0.06846792995929718
1789141079573318000,27.47831787109375,0.18647406995296478,-0.05582291632890701,-0.07877068221569061
1789141079583291100,27.488291015625,0.21415576338768005,-0.0654371976852417,-0.048525433987379074
1789141079593263000,27.49826318359375,0.2688353359699249,-0.060427673161029816,-0.04423751309514046
1789141079603235000,27.508235107421875,0.28759196400642395,-0.08476150780916214,-0.03793327510356903
1789141079613208000,27.5182080078125,0.230085089802742,-0.052843786776065826,-0.017730990424752235
1789141079623180000,27.528179931640626,0.1979425996541977,-0.0507231131196022,0.010117949917912483
1789141079633152000,27.538152099609373,0.20689648389816284,-0.029463475570082664,-0.05661596730351448
1789141079643125000,27.548125,0.23341676592826843,-0.01974613219499588,-0.09296412020921707
1789141079653097200,27.55809716796875,0.2180776447057724,-0.014389188028872013,-0.045154064893722534
1789141079663070200,27.5680703125,0.2535344362258911,-0.03322385996580124,-0.046600159257650375
1789141079673042200,27.578042236328123,0.28619152307510376,-0.025211263447999954,-0.028695635497570038
1789141079683014100,27.58801416015625,0.2954140603542328,0.0011694775894284248,-0.05980348587036133
1789141079692987100,27.597987060546874,0.2715344727039337,-0.0315529927611351,-0.01738475076854229
1789141079702959000,27.607958984375,0.28423693776130676,-0.0015729919541627169,0.007590374443680048
1789141079712931000,27.61793115234375,0.31099510192871094,0.021892238408327103,-0.0514383539557457
1789141079722904300,27.627904296875,0.3334104120731354,0.0063004945404827595,-0.02197900041937828
1789141079732876000,27.6378759765625,0.2800234258174896,0.029839366674423218,0.02589942328631878
1789141079742848300,27.64784814453125,0.3219847083091736,0.03284154832363129,-0.01729704812169075
1789141079752821200,27.6578212890625,0.3498167097568512,0.03917668014764786,-0.05927345156669617
1789141079762793000,27.66779296875,0.3015197515487671,0.028164776042103767,-0.06184154003858566
1789141079772765200,27.67776513671875,0.3083456754684448,0.009363865479826927,-0.08420994132757187
1789141079782738200,27.68773828125,0.28763827681541443,0.025701293721795082,-0.053131118416786194
1789141079792710100,27.697710205078124,0.2926692068576813,0.03936878964304924,-0.04849052429199219
1789141079802682000,27.70768212890625,0.26698407530784607,0.010600259527564049,0.0029750620014965534
1789141079812655000,27.717655029296875,0.30508294701576233,0.03928256779909134,-0.008750174194574356
1789141079822627000,27.727626953125,0.29899895191192627,0.03495892137289047,0.018161335960030556
1789141079832599000,27.73759912109375,0.2776249647140503,0.02122580073773861,0.038742776960134506
1789141079842572000,27.747572021484373,0.2729734778404236,0.05829540640115738,-0.018923448398709297
1789141079852544000,27.7575439453125,0.2871174216270447,0.018952522426843643,-0.005154715385288
1789141079862516200,27.76751611328125,0.3219403922557831,0.044246427714824677,0.039861228317022324
1789141079872489000,27.777489013671875,0.334983229637146,0.07870417088270187,-0.01225897204130888
1789141079882461200,27.787461181640627,0.37557247281074524,0.08653546124696732,-0.02348100021481514
1789141079892433200,27.79743310546875,0.3384450376033783,0.12334377318620682,0.030063051730394363
1789141079902406000,27.807406005859374,0.29768508672714233,0.11876606196165085,0.050171516835689545
1789141079912378000,27.817378173828125,0.28737208247184753,0.13828791677951813,0.031450673937797546
1789141079922350000,27.82735009765625,0.34870201349258423,0.13240446150302887,0.009273202158510685
1789141079932323000,27.837322998046876,0.34740567207336426,0.10666223615407944,0.014510001055896282
1789141079942295000,27.847294921875,0.35509929060935974,0.09153121709823608,0.01940675638616085
1789141079952267300,27.857267333984375,0.3351501524448395,0.12146729230880737,0.022574275732040405
1789141079962240000,27.867239990234374,0.31557247042655945,0.14411215484142303,-0.0038658531848341227
1789141079972212000,27.8772119140625,0.30236610770225525,0.13688820600509644,0.004754423163831234
1789141079982184200,27.88718408203125,0.29324451088905334,0.15545523166656494,0.028442973271012306
1789141079992157000,27.897156982421876,0.3367740511894226,0.15752249956130981,0.032253194600343704
1789141080002129200,27.907129150390624,0.35322093963623047,0.15864315629005432,0.042907435446977615
1789141080012101000,27.91710107421875,0.38708069920539856,0.1667810082435608,0.05979554355144501
1789141080022074000,27.92707421875,0.3185836672782898,0.17960838973522186,0.08298928290605545
1789141080032046000,27.937046142578126,0.35053297877311707,0.17066167294979095,0.04831739887595177
1789141080042018000,27.94701806640625,0.3171880543231964,0.1691732406616211,0.07955227792263031
1789141080051991000,27.956990966796877,0.3364652097225189,0.1906236708164215,0.11847419291734695
1789141080061963000,27.966962890625,0.3344220221042633,0.22048063576221466,0.0814615786075592
1789141080071935200,27.976935302734375,0.3894259035587311,0.22406147420406342,0.007005428895354271
1789141080081908000,27.986907958984375,0.35089609026908875,0.23858049511909485,0.0021736561320722103
1789141080091880200,27.996880126953126,0.3425360321998596,0.2447284460067749,-0.03223150596022606
1789141080101852200,28.00685205078125,0.39484983682632446,0.29233619570732117,-0.06233108416199684
1789141080111825400,28.016825439453125,0.38931864500045776,0.28645700216293335,-0.006418668199330568
1789141080121797600,28.026797607421877,0.3846842050552368,0.23645932972431183,0.04353025183081627
1789141080131769300,28.036769287109376,0.3901076018810272,0.28409460186958313,0.01955442503094673
1789141080141742600,28.04674267578125,0.4060910940170288,0.29256850481033325,0.07683396339416504
1789141080151714600,28.056714599609375,0.3426637649536133,0.2708396911621094,0.11027774214744568
1789141080161686500,28.0666865234375,0.3166089951992035,0.26368963718414307,0.07142514735460281
1789141080171659500,28.076659423828126,0.30398058891296387,0.27206048369407654,0.03885453939437866
1789141080181631500,28.086631591796873,0.33033284544944763,0.3107607364654541,-0.02952371910214424
1789141080191603500,28.096603515625,0.3017084300518036,0.2958168685436249,0.03243459388613701
1789141080201576400,28.106576416015624,0.3232283592224121,0.29903849959373474,0.05435480549931526
1789141080211548700,28.116548583984375,0.385612428188324,0.33024606108665466,0.037439700216054916
1789141080221520400,28.126520263671875,0.3671756386756897,0.3244534134864807,0.04761350899934769
1789141080231493400,28.136493408203126,0.35964468121528625,0.29436373710632324,0.10514792799949646
1789141080241465600,28.146465576171874,0.3232451379299164,0.340447336435318,0.04583507776260376
1789141080251437300,28.156437255859377,0.31064358353614807,0.3395077884197235,0.03824586793780327
1789141080261410600,28.16641064453125,0.26928815245628357,0.34045881032943726,0.03507057949900627
1789141080271382500,28.176382568359376,0.2728929817676544,0.32846659421920776,0.002393207512795925
1789141080281354500,28.1863544921875,0.2564471364021301,0.36344507336616516,0.022289950400590897
1789141080291327500,28.196327392578127,0.31554633378982544,0.3706749379634857,-0.012501935474574566
1789141080301299500,28.206299560546874,0.33239856362342834,0.37965673208236694,0.0007845748914405704
1789141080311271400,28.216271484375,0.2679288983345032,0.37710806727409363,0.024844828993082047
1789141080321244400,28.226244384765625,0.25482746958732605,0.3701907694339752,0.009424328804016113
1789141080331216600,28.236216552734376,0.24359169602394104,0.4212687313556671,0.012503143399953842
1789141080341188400,28.246188232421876,0.21100924909114838,0.3909877836704254,0.053989868611097336
1789141080351161600,28.25616162109375,0.19601500034332275,0.3645835518836975,0.024573855102062225
1789141080361133600,28.266133544921875,0.18172447383403778,0.3897989094257355,0.0418764129281044
1789141080371105500,28.27610546875,0.13011081516742706,0.3643524944782257,0.05107817053794861
1789141080381078500,28.28607861328125,0.12786602973937988,0.33978188037872314,0.04549245908856392
1789141080391050500,28.296050537109377,0.11302841454744339,0.3533795177936554,0.06800539791584015
1789141080401022500,28.3060224609375,0.06798743456602097,0.34342488646507263,0.09819765388965607
1789141080410995500,28.315995361328124,0.021529728546738625,0.29835760593414307,0.1149706095457077
1789141080420967700,28.3259677734375,0.030370092019438744,0.3235258162021637,0.07730072736740112
1789141080430939400,28.335939453125,-0.004323633387684822,0.2908371388912201,0.09900399297475815
1789141080440912400,28.345912353515626,-0.05065864324569702,0.2693728506565094,0.061679523438215256
1789141080450884600,28.355884521484374,-0.08172369748353958,0.2602933943271637,0.07309986650943756
1789141080460856300,28.365856201171876,-0.09315585345029831,0.2919634282588959,0.026306264102458954
1789141080470829600,28.37582958984375,-0.07335919886827469,0.2901841700077057,-0.011560572311282158
1789141080480801500,28.385801513671876,-0.14008229970932007,0.28083303570747375,0.04915790259838104
1789141080490773500,28.3957734375,-0.1595015674829483,0.21308396756649017,0.05197833105921745
1789141080500746500,28.40574658203125,-0.19400575757026672,0.21390847861766815,0.06140139326453209
1789141080510718500,28.415718505859374,-0.1923924684524536,0.19501830637454987,0.11586786061525345
1789141080520690400,28.4256904296875,-0.1801041066646576,0.20309913158416748,0.1507701873779297
1789141080530663400,28.435663330078125,-0.21924133598804474,0.1510738581418991,0.1288890838623047
1789141080540635600,28.4456357421875,-0.23833194375038147,0.14487269520759583,0.04971091449260712
1789141080550607400,28.455607421875,-0.2976580262184143,0.15738791227340698,0.01847825199365616
1789141080560580600,28.46558056640625,-0.32617542147636414,0.15323656797409058,0.016226815059781075
1789141080570552300,28.47555224609375,-0.33434394001960754,0.1400151401758194,0.04277336597442627
1789141080580524500,28.485524658203126,-0.2636066675186157,0.13072098791599274,0.014781411737203598
1789141080590497500,28.49549755859375,-0.26932594180107117,0.14682552218437195,0.019366798922419548
1789141080600469200,28.50546923828125,-0.316635400056839,0.13335658609867096,0.06557930260896683
1789141080610441500,28.51544140625,-0.3176390528678894,0.12457651644945145,0.09757007658481598
1789141080620414500,28.52541455078125,-0.329548180103302,0.10806678980588913,0.12294787168502808
1789141080630386400,28.535386474609375,-0.3199390172958374,0.11152555048465729,0.09314458817243576
1789141080640358400,28.5453583984375,-0.33599627017974854,0.09630558639764786,0.09482584148645401
1789141080650331400,28.555331298828126,-0.3871306777000427,0.08826134353876114,0.10392526537179947
1789141080660303400,28.565303466796873,-0.3800954222679138,0.06881280988454819,0.07749472558498383
1789141080670275300,28.575275390625,-0.35946932435035706,0.08625166863203049,0.041079357266426086
1789141080680248600,28.58524853515625,-0.3621007800102234,0.061986275017261505,0.03003469668328762
1789141080690220300,28.59522021484375,-0.37653887271881104,0.0602763332426548,0.012943466193974018
1789141080700192500,28.605192626953126,-0.4168071746826172,0.06051494553685188,0.00626399228349328
1789141080710165500,28.61516552734375,-0.4314267933368683,0.032114021480083466,0.0281937625259161
1789141080720137500,28.625137451171874,-0.4398554563522339,0.061230096966028214,0.07959037274122238
1789141080730109400,28.635109375,-0.369000107049942,0.04828554391860962,0.04947291314601898
1789141080740082400,28.64508251953125,-0.39861443638801575,-0.01910841092467308,0.04945746436715126
1789141080750054400,28.655054443359376,-0.4336159825325012,-0.004765856079757214,-0.003443634370341897
1789141080760026400,28.6650263671875,-0.4266113340854645,0.01622065156698227,-0.0005786057445220649
1789141080769999600,28.67499951171875,-0.431194007396698,-0.012975265271961689,-0.006161556113511324
1789141080779971300,28.684971435546874,-0.41718846559524536,-0.027425576001405716,-0.02164437621831894
1789141080789943600,28.694943603515625,-0.40723875164985657,0.004562672693282366,-0.05190449208021164
1789141080799916500,28.70491650390625,-0.40002530813217163,-0.021401550620794296,-0.033816833049058914
1789141080809888300,28.71488818359375,-0.4312739074230194,-0.03385186567902565,-0.011671259067952633
1789141080819860500,28.724860595703124,-0.4101038873195648,-0.02543041482567787,-0.05168472230434418
1789141080829833500,28.73483349609375,-0.39303237199783325,-0.02738417685031891,-0.05300891399383545
1789141080839805400,28.744805419921875,-0.4011869728565216,-0.018654068931937218,-0.026152797043323517
1789141080849777400,28.75477734375,-0.3868328332901001,-0.02510952763259411,-0.022351378574967384
1789141080859750400,28.76475048828125,-0.38042473793029785,-0.04485340416431427,-0.004177968017756939
1789141080869722400,28.774722412109377,-0.415652871131897,-0.0667421966791153,0.022425074130296707
1789141080879694300,28.7846943359375,-0.4139420688152313,-0.10812824964523315,0.07888008654117584
1789141080889667600,28.79466748046875,-0.4175899922847748,-0.05598466843366623,0.018671855330467224
1789141080899639300,28.804639404296875,-0.37666812539100647,-0.07319854199886322,0.017609521746635437
1789141080909611500,28.814611572265626,-0.391217440366745,-0.08984079211950302,-0.034365978091955185
1789141080919584500,28.82458447265625,-0.3889524042606354,-0.08160842955112457,-0.034896478056907654
1789141080929556500,28.834556396484373,-0.39183807373046875,-0.05201166123151779,-0.03025493212044239
1789141080939528400,28.844528564453125,-0.33041226863861084,-0.08972122520208359,-0.03213805332779884
1789141080949501400,28.85450146484375,-0.32581549882888794,-0.07618597894906998,-0.03289766237139702
1789141080959473400,28.864473388671875,-0.26922544836997986,-0.056598961353302,-0.05168839544057846
1789141080969445400,28.8744453125,-0.29379910230636597,-0.029950300231575966,-0.044077806174755096
1789141080979418600,28.884418701171874,-0.31523117423057556,-0.09757169336080551,0.023704439401626587
1789141080989390300,28.894390380859374,-0.3202204406261444,-0.07377368211746216,-0.01396045833826065
1789141080999362600,28.904362548828125,-0.3195765018463135,-0.06646411120891571,-0.009611515328288078
1789141081009335600,28.91433544921875,-0.2677552103996277,-0.1128140315413475,0.00362778315320611
1789141081019307300,28.924307373046876,-0.30352145433425903,-0.10888933390378952,0.05001578852534294
1789141081029280500,28.934280517578124,-0.30006903409957886,-0.13597945868968964,-0.004764878191053867
1789141081039252500,28.94425244140625,-0.35221877694129944,-0.1549353152513504,0.028087876737117767
1789141081049224400,28.954224365234374,-0.33050063252449036,-0.1321687549352646,0.038518257439136505
1789141081059196400,28.964196533203125,-0.30241334438323975,-0.12369590997695923,-0.027441583573818207
1789141081069169400,28.97416943359375,-0.2838387191295624,-0.14470453560352325,-0.014992981217801571
1789141081079141400,28.984141357421876,-0.30281561613082886,-0.14619164168834686,0.04258642718195915
1789141081089114400,28.9941142578125,-0.287266343832016,-0.14327894151210785,-0.049218520522117615
1789141081099086600,29.004086669921875,-0.2557995021343231,-0.1485155075788498,0.007060998119413853
1789141081109058300,29.014058349609375,-0.26965317130088806,-0.13003897666931152,0.01444950420409441
1789141081119030500,29.024030517578126,-0.2382047325372696,-0.16998213529586792,0.020837362855672836
1789141081129003500,29.03400341796875,-0.21664588153362274,-0.15757742524147034,0.00281679630279541
1789141081138975500,29.0439755859375,-0.24553371965885162,-0.16277113556861877,0.04758293554186821
1789141081148948500,29.053948486328125,-0.298988938331604,-0.1472894549369812,-0.012254701927304268
1789141081158920400,29.06392041015625,-0.2747669517993927,-0.1402139663696289,-0.003146425588056445
1789141081168892400,29.073892333984375,-0.28435856103897095,-0.10950259864330292,-0.027274681255221367
1789141081178864400,29.083864501953126,-0.1970081925392151,-0.12463706731796265,-0.005013051442801952
1789141081188837600,29.093837646484374,-0.1717284619808197,-0.11031149327754974,-0.0009944597259163857
1789141081198809300,29.103809326171874,-0.14848652482032776,-0.13126790523529053,0.024641128256917
1789141081208782300,29.1137822265625,-0.1883465200662613,-0.11465378850698471,0.024470265954732895
1789141081218754600,29.123754638671876,-0.19987694919109344,-0.1770058423280716,0.08065763860940933
1789141081228726300,29.133726318359376,-0.22864949703216553,-0.15917524695396423,0.05293653905391693
1789141081238699500,29.143699462890623,-0.23598571121692657,-0.15632593631744385,0.04440244287252426
1789141081248671500,29.15367138671875,-0.20965448021888733,-0.1510039120912552,0.049064282327890396
1789141081258643500,29.1636435546875,-0.22710376977920532,-0.15404869616031647,0.0886942520737648
1789141081268616400,29.173616455078125,-0.20923030376434326,-0.1681605726480484,0.07583215087652206
1789141081278588400,29.18358837890625,-0.17912140488624573,-0.16963303089141846,0.02183309756219387
1789141081288560400,29.193560302734376,-0.1884528398513794,-0.1698569357395172,0.03516194224357605
1789141081298533400,29.203533447265624,-0.18590311706066132,-0.17055416107177734,0.0034564759116619825
1789141081308505600,29.213505615234375,-0.18491877615451813,-0.16499216854572296,-0.0836721882224083
1789141081318477300,29.223477294921874,-0.1898386925458908,-0.17670367658138275,-0.05167857185006142
1789141081328450600,29.233450439453126,-0.1946915090084076,-0.17104105651378632,-0.009111124090850353
1789141081338422500,29.243422607421873,-0.1568131148815155,-0.16429367661476135,0.006860119290649891
1789141081348394500,29.25339453125,-0.12645815312862396,-0.15031544864177704,0.006849741097539663
1789141081358367500,29.263367431640624,-0.11787956953048706,-0.16903826594352722,0.012739588506519794
1789141081368339500,29.27333935546875,-0.14450283348560333,-0.15943415462970734,0.04125947132706642
1789141081378311400,29.2833115234375,-0.12350701540708542,-0.19750909507274628,0.06791025400161743
1789141081388284400,29.293284423828126,-0.17484749853610992,-0.15545278787612915,0.05059108883142471
1789141081398256600,29.303256591796874,-0.10855557024478912,-0.19044777750968933,0.13938327133655548
1789141081408228400,29.313228271484373,-0.10836012661457062,-0.1355251669883728,0.1087312325835228
1789141081418201300,29.323201416015625,-0.021995943039655685,-0.16166436672210693,0.06402821093797684
1789141081428173600,29.333173583984376,-0.07486123591661453,-0.13530057668685913,0.05849373713135719
1789141081438145300,29.343145263671875,-0.0834890753030777,-0.12696807086467743,-0.005908154416829348
1789141081448118500,29.353118408203127,-0.10616590827703476,-0.11880592256784439,-0.041497569531202316
1789141081458090500,29.363090576171874,-0.056846290826797485,-0.14500050246715546,-0.03994894027709961
1789141081468062500,29.3730625,-0.05405861511826515,-0.14075985550880432,-0.010812160558998585
1789141081478035500,29.383035400390625,-0.019640453159809113,-0.1417313814163208,-0.010773810558021069
1789141081488007400,29.39300732421875,-0.07376059144735336,-0.1699199378490448,0.03008476458489895
1789141081497979400,29.4029794921875,-0.09889524430036545,-0.18419340252876282,0.034814536571502686
1789141081507952400,29.412952392578124,-0.13432517647743225,-0.21972522139549255,0.05540676787495613
1789141081517924600,29.422924560546875,-0.15710878372192383,-0.21148887276649475,0.03640857711434364
1789141081527896300,29.432896240234374,-0.15041287243366241,-0.22584699094295502,0.006210638210177422
1789141081537869600,29.44286962890625,-0.10600866377353668,-0.21549874544143677,-0.028714587911963463
1789141081547841500,29.452841552734377,-0.08916647732257843,-0.20545653998851776,-0.019290370866656303
1789141081557813500,29.4628134765625,-0.10542348027229309,-0.1874983161687851,-0.013088400475680828
1789141081567786500,29.472786376953124,-0.09530944377183914,-0.2039400339126587,0.001749064540490508
1789141081577758500,29.482758544921875,-0.06867516785860062,-0.19101279973983765,-0.011392836458981037
1789141081587730400,29.49273046875,-0.03641121834516525,-0.16399817168712616,-0.03986843302845955
1789141081597703400,29.502703369140626,-0.034999214112758636,-0.14681731164455414,-0.015140450559556484
1789141081607675600,29.512675537109374,-0.005835391581058502,-0.1612907350063324,-0.003933771047741175
1789141081617647400,29.5226474609375,0.013624592684209347,-0.14400708675384521,-0.00491354800760746
1789141081627620400,29.532620361328124,0.020283827558159828,-0.16524046659469604,0.01577841490507126
1789141081637592600,29.542592529296876,0.007926760241389275,-0.1745532751083374,0.003935869783163071
1789141081647564300,29.552564208984375,0.017306402325630188,-0.17261546850204468,-0.005176128353923559
1789141081657537500,29.56253759765625,0.028413381427526474,-0.14873170852661133,0.0031803385354578495
1789141081667509500,29.572509521484374,0.0073362914845347404,-0.16052280366420746,0.033467426896095276
1789141081677481500,29.5824814453125,-0.007898853160440922,-0.18864072859287262,0.07858111709356308
1789141081687454500,29.592454345703125,0.014839706011116505,-0.1385628581047058,-0.006484219804406166
1789141081697426400,29.602426513671876,0.017564652487635612,-0.170713871717453,0.0730699971318245
1789141081707398400,29.6123984375,0.0167723186314106,-0.17827804386615753,0.0944550558924675
1789141081717371400,29.622371337890623,0.025291504338383675,-0.16657531261444092,0.0492875799536705
1789141081727343600,29.632343505859374,0.039776116609573364,-0.16976481676101685,0.031959228217601776
1789141081737315300,29.6423154296875,0.04702337831258774,-0.17682939767837524,0.05592341721057892
1789141081747288600,29.65228857421875,0.02709788642823696,-0.15554605424404144,0.015552547760307789
1789141081757260500,29.662260498046876,0.031873464584350586,-0.17799623310565948,0.007825651206076145
1789141081767232500,29.672232421875,0.03726419433951378,-0.13447245955467224,-0.003408214310184121
1789141081777205500,29.68220556640625,0.06529396027326584,-0.10776866972446442,-0.008391255512833595
1789141081787177500,29.692177490234375,0.0811561644077301,-0.1436874121427536,-0.0022286532912403345
1789141081797149400,29.7021494140625,0.0681074783205986,-0.13185444474220276,-0.007107297889888287
1789141081807122400,29.712122314453126,0.0944487527012825,-0.11646565049886703,-0.013018680736422539
1789141081817094700,29.7220947265625,0.0719868466258049,-0.10586653649806976,0.032739754766225815
1789141081827066400,29.73206640625,0.08451956510543823,-0.11624900996685028,0.06182844564318657
1789141081837039400,29.742039306640624,0.1402059942483902,-0.10817137360572815,0.0023323609493672848
1789141081847011600,29.752011474609375,0.16930313408374786,-0.06275750696659088,-0.02447153627872467
1789141081856983300,29.7619833984375,0.09737382084131241,-0.07170093804597855,0.030553098767995834
1789141081866956500,29.77195654296875,0.1338377445936203,-0.07887846976518631,0.005460165441036224
1789141081876928500,29.781928466796874,0.12376007437705994,-0.03167714178562164,-0.0008355474565178156
1789141081886900500,29.791900390625,0.1252327710390091,-0.034159693866968155,0.011162547394633293
1789141081896873500,29.80187353515625,0.12368042021989822,-0.04219258576631546,-0.004096566699445248
1789141081906845700,29.811845703125,0.14817121624946594,-0.025143558159470558,-0.0017824695678427815
1789141081916817400,29.8218173828125,0.11507665365934372,-0.05246838927268982,0.024345004931092262
1789141081926790400,29.831790283203127,0.0946972668170929,-0.016541453078389168,-0.002287620445713401
1789141081936762600,29.8417626953125,0.12731114029884338,0.002492425963282585,-0.023357750847935677
1789141081946734300,29.851734375,0.12447848916053772,0.0028020027093589306,-0.003606377402320504
1789141081956707600,29.86170751953125,0.1267261952161789,0.028361158445477486,-0.02646029368042946
1789141081966679600,29.871679443359376,0.12808799743652344,0.042421381920576096,-0.02004200965166092
1789141081976651500,29.881651611328124,0.15780967473983765,0.02975885197520256,0.022411707788705826
1789141081986624500,29.89162451171875,0.17379988729953766,0.07363137602806091,0.015844082459807396
1789141081996596500,29.901596435546875,0.17772245407104492,0.04124120622873306,0.025705501437187195
1789141082006568400,29.911568359375,0.15084736049175262,0.0008975816890597343,0.02319149114191532
1789141082016541400,29.92154150390625,0.12385142594575882,0.026944894343614578,0.0041845110245049
1789141082026513700,29.931513671875,0.08110716938972473,0.028959613293409348,-0.016313966363668442
1789141082036485400,29.9414853515625,0.09453828632831573,0.01348877977579832,-0.014728320762515068
1789141082046458400,29.951458251953124,0.0939805805683136,0.01925506256520748,-0.03286110237240791
1789141082056430600,29.9614306640625,0.08995414525270462,0.02027824893593788,-0.032570287585258484
1789141082066402600,29.971402587890626,0.05475345253944397,0.02873261086642742,-0.0603862889111042
1789141082076375600,29.98137548828125,0.07131192088127136,0.010597815737128258,-0.08305298537015915
1789141082086347500,29.991347412109373,0.050852492451667786,-0.011717226356267929,-0.028295759111642838
1789141082096319500,30.001319580078125,0.043448105454444885,-0.0061400337144732475,-0.029313884675502777
1789141082106292500,30.01129248046875,0.05698271840810776,-0.011449582874774933,-0.06643922626972198
1789141082116264000,30.021263916015624,0.05874200165271759,-0.04002903029322624,-0.010667040944099426
1789141082126235600,30.031235595703127,0.02714848518371582,-0.0267445407807827,-0.008364387787878513
1789141082136209000,30.041208984375,0.005163026042282581,-0.02848811261355877,0.00596022279933095
1789141082146180900,30.051180908203126,-0.01722605526447296,-0.012696463614702225,-0.037161875516176224
1789141082156152800,30.06115283203125,-0.0073683662340044975,-0.03861621394753456,-0.032601743936538696
1789141082166125800,30.071125732421876,-0.007923414930701256,-0.0076143695041537285,-0.007644429802894592
1789141082176097800,30.081097900390624,0.02069145068526268,0.036552026867866516,-0.08324544131755829
1789141082186069800,30.09106982421875,0.06711923331022263,0.04226674884557724,-0.08844838291406631
1789141082196042800,30.101042724609375,0.07952103763818741,0.03508073836565018,-0.02245791256427765
1789141082206015000,30.111014892578126,0.047585852444171906,0.05525285378098488,-0.0012673300225287676
1789141082215986700,30.120986572265625,0.02113932929933071,0.06907865405082703,0.03324750438332558
1789141082225959700,30.130959716796873,0.02722940407693386,0.07219692319631577,0.03571666404604912
1789141082235932000,30.140931884765624,0.05792579799890518,0.0790521651506424,0.023921256884932518
1789141082245903600,30.150903564453124,0.0794498398900032,0.1036761999130249,0.011978539638221264
1789141082255876900,30.160876953125,0.049720972776412964,0.08811695128679276,0.017015909776091576
1789141082265848800,30.170848876953126,0.04184497147798538,0.08525826781988144,0.0011514369398355484
1789141082275820800,30.18082080078125,0.040960535407066345,0.1043185144662857,-0.002483511343598366
1789141082285793800,30.190793701171874,0.05262553319334984,0.08661988377571106,-0.008969016373157501
1789141082295765800,30.200765869140625,0.01318331714719534,0.08320757746696472,-0.03068283386528492
1789141082305737700,30.21073779296875,0.01670251227915287,0.04412606731057167,-0.026002245023846626
1789141082315710700,30.220710693359376,-0.006633436307311058,0.03839121386408806,0.011000514030456543
1789141082325683000,30.230682861328123,-0.04475382715463638,0.05237824469804764,-0.011740665882825851
1789141082335654700,30.240654541015626,-0.0503975972533226,0.01695820316672325,-0.017977522686123848
1789141082345628000,30.2506279296875,-0.06683359295129776,0.0014653080143034458,0.04007168859243393
1789141082355600000,30.260599853515625,-0.08289565145969391,0.030634645372629166,0.04020377993583679
1789141082365571800,30.27057177734375,-0.07101365178823471,0.009457574225962162,0.0059272716753184795
1789141082375544800,30.280544921875,-0.028916001319885254,-0.021525908261537552,0.010458107106387615
1789141082385516800,30.290516845703124,-0.09046398848295212,-0.006533388048410416,0.01003557350486517
1789141082395488800,30.30048876953125,-0.1290806233882904,-0.02737315557897091,0.0585879310965538
1789141082405461800,30.310461669921875,-0.11821405589580536,-0.04438431188464165,0.07257654517889023
1789141082415434000,30.32043408203125,-0.10831882059574127,-0.03748193383216858,0.046880774199962616
1789141082425405700,30.33040576171875,-0.08992572873830795,-0.03510075435042381,0.006924060173332691
1789141082435378700,30.340378662109377,-0.11455997079610825,-0.04627937078475952,0.025216780602931976
1789141082445351000,30.350350830078124,-0.17090283334255219,-0.04205271601676941,-0.007020542398095131
1789141082455322600,30.360322509765624,-0.17557694017887115,-0.06863293051719666,0.00010367983486503363
1789141082465296000,30.3702958984375,-0.14802657067775726,-0.06860662251710892,-0.00560691999271512
1789141082475267800,30.380267822265626,-0.1567271202802658,-0.0870538055896759,0.005450790748000145
1789141082485239800,30.39023974609375,-0.13456539809703827,-0.07371056079864502,0.01533766184002161
1789141082495212800,30.400212890625,-0.15915356576442719,-0.07700781524181366,0.0397934690117836
1789141082505184800,30.410184814453125,-0.20174254477024078,-0.09833812713623047,0.0664743185043335
1789141082515156700,30.42015673828125,-0.2187468260526657,-0.07762299478054047,0.051304154098033905
1789141082525129700,30.430129638671875,-0.20169761776924133,-0.08970745652914047,0.06188507378101349
1789141082535102000,30.44010205078125,-0.1797446459531784,-0.10081364214420319,0.07025884836912155
1789141082545073700,30.45007373046875,-0.1565708965063095,-0.07676582783460617,0.023163776844739914
1789141082555047000,30.460046875,-0.13802996277809143,-0.0804058387875557,0.046941280364990234
1789141082565019000,30.470018798828125,-0.1692570447921753,-0.08459307998418808,0.017741942778229713
1789141082574990800,30.479990966796876,-0.17981940507888794,-0.07087886333465576,-0.030144622549414635
1789141082584963800,30.4899638671875,-0.17705270648002625,-0.06942186504602432,-0.05108848586678505
1789141082594935800,30.499935791015623,-0.17839626967906952,-0.09729903191328049,-0.044648427516222
1789141082604907800,30.50990771484375,-0.18626081943511963,-0.11235355585813522,-0.03951999545097351
1789141082614880800,30.519880859375,-0.1881367564201355,-0.13518750667572021,0.0011781667126342654
1789141082624853000,30.52985302734375,-0.191672220826149,-0.16894100606441498,0.00976573582738638
1789141082634824700,30.53982470703125,-0.21668170392513275,-0.18069565296173096,0.0174391008913517
1789141082644797700,30.549797607421876,-0.24641378223896027,-0.19959057867527008,0.032877467572689056
1789141082654770000,30.55977001953125,-0.26367563009262085,-0.19965583086013794,0.014741604216396809
1789141082664741600,30.56974169921875,-0.25986215472221375,-0.19718621671199799,-0.037810344249010086
1789141082674715000,30.57971484375,-0.26734378933906555,-0.21667549014091492,-0.045072782784700394
1789141082684686800,30.589686767578126,-0.2741773724555969,-0.22383743524551392,-0.04371577873826027
1789141082694658800,30.599658935546874,-0.23352451622486115,-0.25159209966659546,-0.03356913477182388
1789141082704631800,30.6096318359375,-0.2053975760936737,-0.24753700196743011,-0.03157934546470642
1789141082714603800,30.619603759765624,-0.22881156206130981,-0.2671453356742859,0.014091736637055874
1789141082724575700,30.62957568359375,-0.24527448415756226,-0.29742082953453064,0.06597746908664703
1789141082734548700,30.639548828125,-0.24469685554504395,-0.27045151591300964,0.04117757827043533
1789141082744521000,30.64952099609375,-0.2491816282272339,-0.2608805000782013,0.06340435147285461
1789141082754492700,30.65949267578125,-0.2194216102361679,-0.25044330954551697,0.011406926438212395
1789141082764466000,30.6694658203125,-0.18479794263839722,-0.23218168318271637,-0.02740767039358616
1789141082774438000,30.67943798828125,-0.14966127276420593,-0.2258835881948471,-0.0551128014922142
1789141082784409900,30.689409912109376,-0.10434533655643463,-0.19964568316936493,-0.05331270396709442
1789141082794382800,30.6993828125,-0.12258052825927734,-0.21764172613620758,-0.044243305921554565
1789141082804354800,30.709354736328127,-0.0547378771007061,-0.21059831976890564,-0.04665849730372429
1789141082814326800,30.719326904296874,-0.06032306328415871,-0.14514581859111786,0.0040440927259624004
1789141082824299800,30.7292998046875,-0.051206499338150024,-0.17211408913135529,0.00010605540592223406
1789141082834272000,30.73927197265625,-0.0448031947016716,-0.1787075400352478,0.015544665977358818
1789141082844243700,30.74924365234375,-0.00908149965107441,-0.14059019088745117,-0.002890091622248292
1789141082854216000,30.7592158203125,-0.02310836873948574,-0.12654255330562592,0.04006083682179451
1789141082864189000,30.76918896484375,0.012864459306001663,-0.15515737235546112,0.02990398369729519
1789141082874160600,30.77916064453125,-0.005113209597766399,-0.17187084257602692,0.045474421232938766
1789141082884132900,30.7891328125,0.0033659343607723713,-0.1552480310201645,0.0244073998183012
1789141082894105900,30.79910595703125,-0.006866462528705597,-0.16413366794586182,0.03482462093234062
1789141082904077800,30.809077880859373,-0.009395429864525795,-0.17179261147975922,0.0002307126997038722
1789141082914050800,30.81905078125,-0.01929466612637043,-0.18328574299812317,-0.014918146654963493
1789141082924023000,30.82902294921875,0.0023052413016557693,-0.16581188142299652,-0.005500044208019972
1789141082933994800,30.838994873046875,0.04616031423211098,-0.16640177369117737,-0.007635899353772402
1789141082943967000,30.848967041015626,0.0707337036728859,-0.17146554589271545,0.020975826308131218
1789141082953940000,30.85893994140625,0.06961837410926819,-0.15025320649147034,0.025953007861971855
1789141082963911700,30.86891162109375,0.055942609906196594,-0.14110127091407776,0.0362388975918293
1789141082973884000,30.8788837890625,0.06844215840101242,-0.15531803667545319,0.03851590305566788
1789141082983857000,30.88885693359375,0.060749709606170654,-0.1364605873823166,0.03817468509078026
1789141082993828900,30.898828857421876,0.12482216954231262,-0.16467837989330292,0.049705106765031815
1789141083003800800,30.90880078125,0.144857719540596,-0.1359240710735321,0.0051055168733000755
1789141083013773800,30.91877392578125,0.1389971673488617,-0.1463969498872757,-0.03291616961359978
1789141083023745800,30.928745849609374,0.09182017296552658,-0.15231440961360931,-0.009992503561079502
1789141083033717800,30.9387177734375,0.09138687700033188,-0.1164030134677887,-0.017805952578783035
1789141083043691000,30.94869091796875,0.11578112095594406,-0.10231488198041916,-0.057220056653022766
1789141083053662700,30.958662841796876,0.1486234813928604,-0.10538977384567261,-0.03568094223737717
1789141083063635000,30.968635009765624,0.16765275597572327,-0.10669530183076859,0.018548909574747086
1789141083073608000,30.97860791015625,0.20259077847003937,-0.09246762841939926,-0.004571057856082916
1789141083083580000,30.988579833984375,0.1782277375459671,-0.07473902404308319,0.025647656992077827
1789141083093551900,30.9985517578125,0.13146661221981049,-0.06777991354465485,-0.014140769839286804
1789141083103524900,31.00852490234375,0.16019277274608612,-0.09752588719129562,-0.018306735903024673
1789141083113497300,31.018497314453125,0.18202351033687592,-0.05086757242679596,-0.04757354408502579
1789141083123469300,31.02846923828125,0.16460952162742615,-0.0873512551188469,-0.041912421584129333
1789141083133442300,31.0384423828125,0.17918738722801208,-0.07318536937236786,-0.056536104530096054
1789141083143414300,31.048414306640623,0.1686958372592926,-0.053886525332927704,-0.008100895211100578
1789141083153386200,31.05838623046875,0.1773870587348938,-0.04556601494550705,-0.0399661511182785
1789141083163359500,31.068359375,0.19691608846187592,-0.030411509796977043,-0.060179974883794785
1789141083173331200,31.078331298828125,0.2147510051727295,-0.05752169340848923,-0.0064581576734781265
1789141083183303400,31.088303466796877,0.21088214218616486,-0.016076887026429176,0.014091508463025093
1789141083193276400,31.0982763671875,0.23048993945121765,0.0055210827849805355,0.014136782847344875
1789141083203248400,31.108248291015624,0.2709501385688782,0.01386093720793724,-0.027973320335149765
1789141083213220400,31.118220458984375,0.2325795590877533,-0.002503921277821064,-0.015210919082164764
1789141083223193300,31.128193359375,0.21872635185718536,0.02154565043747425,-0.010255582630634308
1789141083233165300,31.138165283203126,0.25903356075286865,0.05136985704302788,-0.03621554374694824
1789141083243137300,31.14813720703125,0.2672560513019562,0.017839595675468445,-0.03534841910004616
1789141083253110500,31.158110595703125,0.2900567054748535,0.018877163529396057,-0.019929515197873116
1789141083263082200,31.168082275390624,0.2521025836467743,0.048892050981521606,-0.008196236565709114
1789141083273054500,31.178054443359375,0.24639859795570374,0.023592019453644753,-0.02051122486591339
1789141083283027500,31.18802734375,0.25702083110809326,0.023786114528775215,0.020602822303771973
1789141083292999200,31.197999267578126,0.24053506553173065,0.03450800105929375,0.03568616509437561
1789141083302971400,31.207971435546874,0.21970827877521515,0.013922309502959251,0.0036357122007757425
1789141083312944400,31.2179443359375,0.23467124998569489,0.056856196373701096,-0.018278907984495163
1789141083322916400,31.227916259765625,0.2390221804380417,0.06999796628952026,-0.0017844019457697868
1789141083332888300,31.237888427734376,0.2200988233089447,0.054611824452877045,-0.01621447503566742
1789141083342861300,31.247861328125,0.2395266443490982,0.07563646137714386,-0.04378022253513336
1789141083352833300,31.257833251953127,0.2567375898361206,0.1062265932559967,-0.025850487872958183
1789141083362805200,31.26780517578125,0.24171236157417297,0.10997272282838821,0.0024711312726140022
1789141083372778500,31.277778564453126,0.3054303526878357,0.09783855825662613,-0.013856442645192146
1789141083382750200,31.287750244140625,0.3106861114501953,0.12321481853723526,0.03524797037243843
1789141083392722400,31.297722412109376,0.3144150674343109,0.11844828724861145,0.04065578803420067
1789141083402695400,31.3076953125,0.30339452624320984,0.13103118538856506,0.027261609211564064
1789141083412667400,31.31766748046875,0.3244079351425171,0.15949185192584991,0.005084932781755924
1789141083422639400,31.327639404296875,0.33707988262176514,0.21753273904323578,-0.013207697309553623
1789141083432612400,31.3376123046875,0.31281477212905884,0.19512756168842316,0.010192967019975185
1789141083442584300,31.347584228515625,0.3499281108379364,0.17842425405979156,0.004800164140760899
1789141083452556300,31.357556396484377,0.3490239679813385,0.21257103979587555,0.003871520049870014
1789141083462529500,31.367529541015625,0.33090779185295105,0.22697925567626953,-0.007788727059960365
1789141083472501200,31.377501220703124,0.2817769944667816,0.1965683549642563,0.06500718742609024
1789141083482473500,31.387473388671875,0.27776896953582764,0.20662906765937805,0.041190117597579956
1789141083492446500,31.397446533203127,0.24290314316749573,0.18799705803394318,0.02393549494445324
1789141083502418200,31.407418212890626,0.21482102572917938,0.17867812514305115,0.013734600506722927
1789141083512390400,31.417390380859374,0.21590572595596313,0.18494507670402527,0.014092262834310532
1789141083522363400,31.42736328125,0.182935431599617,0.14964769780635834,0.02807776816189289
1789141083532335400,31.43733544921875,0.18008451163768768,0.1468079686164856,-0.002868961775675416
1789141083542307300,31.447307373046876,0.1900731325149536,0.16007983684539795,-0.015466590411961079
1789141083552280300,31.4572802734375,0.1485251486301422,0.1526339054107666,0.025550618767738342
1789141083562252300,31.467252197265626,0.12732650339603424,0.12425382435321808,0.02523084357380867
1789141083572224300,31.477224365234374,0.15218950808048248,0.15264524519443512,0.03622037544846535
1789141083582197500,31.487197509765625,0.09524433314800262,0.17520838975906372,0.04920589551329613
1789141083592169200,31.497169189453125,0.07370948046445847,0.13235360383987427,0.04532327130436897
1789141083602141400,31.507141357421876,0.08887751400470734,0.1630995273590088,0.012252937071025372
1789141083612114400,31.517114501953124,0.0993778258562088,0.1582280695438385,0.00953225139528513
1789141083622086400,31.52708642578125,0.08253291994333267,0.14721277356147766,-0.0031975959427654743
1789141083632058400,31.537058349609374,0.10099608451128006,0.16319386661052704,-0.005744643043726683
1789141083642031400,31.54703125,0.07466122508049011,0.172735333442688,-0.010918794199824333
1789141083652003300,31.55700341796875,0.07749669253826141,0.14335080981254578,-0.011761950328946114
1789141083661975300,31.566975341796876,0.04588231444358826,0.16417448222637177,0.02555319108068943
1789141083671948500,31.576948486328124,0.007557559758424759,0.15310479700565338,0.014829439111053944
1789141083681920300,31.586920166015624,0.005865292623639107,0.12646402418613434,0.02154931053519249
1789141083691892500,31.596892578125,0.006963579915463924,0.11191730201244354,0.026693738996982574
1789141083701865500,31.606865478515626,-0.03425479307770729,0.09495126456022263,0.01580585166811943
1789141083711837200,31.616837158203126,-0.05278453603386879,0.06303594261407852,0.01736007258296013
1789141083721809400,31.626809326171873,-0.09362416714429855,0.052127107977867126,0.05783788114786148
1789141083731782400,31.636782470703125,-0.10150046646595001,0.05238223820924759,0.016323992982506752
1789141083741754400,31.64675439453125,-0.11436104029417038,0.04328249394893646,0.00099624739959836
1789141083751726300,31.656726318359375,-0.12122853845357895,0.019120696932077408,-0.008149313740432262
1789141083761699300,31.66669921875,-0.16616083681583405,0.013022994622588158,0.004258227534592152
1789141083771671300,31.67667138671875,-0.16072824597358704,0.010157166980206966,-0.07796793431043625
1789141083781643300,31.686643310546874,-0.13025720417499542,0.01613037846982479,-0.02476208657026291
1789141083791616500,31.696616455078125,-0.16303353011608124,0.006267095450311899,0.002026383299380541
1789141083801588200,31.706588134765624,-0.1595957726240158,-0.031021852046251297,-0.017500780522823334
1789141083811560400,31.716560546875,-0.16830670833587646,-0.01931193470954895,-0.042131826281547546
1789141083821533400,31.726533447265624,-0.1786833256483078,-0.043839480727910995,0.036516983062028885
1789141083831505400,31.73650537109375,-0.19296692311763763,-0.033910416066646576,-0.007367650978267193
1789141083841477400,31.746477294921874,-0.18892616033554077,-0.024744808673858643,-0.02319573611021042
1789141083851450400,31.756450439453126,-0.2258058786392212,0.002180015668272972,-0.002615893492475152
1789141083861422300,31.76642236328125,-0.21153542399406433,-0.002403393853455782,-0.025476019829511642
1789141083871394300,31.776394287109376,-0.15192030370235443,-0.020883601158857346,-0.04621405899524689
1789141083881367600,31.786367431640624,-0.14428406953811646,0.004336467478424311,0.013496877625584602
1789141083891339300,31.79633935546875,-0.11512618511915207,0.015942789614200592,0.0009792216587811708
1789141083901311500,31.8063115234375,-0.13697466254234314,-0.0029309247620403767,-0.012199080549180508
1789141083911284500,31.816284423828126,-0.14161789417266846,0.012465076521039009,0.02133730798959732
1789141083921256200,31.826256103515625,-0.1271018385887146,0.03886336833238602,0.0018915841355919838
1789141083931228400,31.836228515625,-0.08104752749204636,0.04652900993824005,-0.009054540656507015
1789141083941201400,31.846201416015624,-0.08710702508687973,0.033581532537937164,-0.004976017400622368
1789141083951173400,31.85617333984375,-0.07273101806640625,0.03818054497241974,-0.04085439071059227
1789141083961145300,31.866145263671875,-0.0810791552066803,0.04550554230809212,-0.04789184778928757
1789141083971118300,31.876118408203126,-0.09821366518735886,0.039664965122938156,-0.005895661655813456
1789141083981090300,31.88609033203125,-0.08476648479700089,0.01456258725374937,-0.033493369817733765
1789141083991062500,31.8960625,-0.08083406090736389,-0.004468094557523727,-0.03298603743314743
1789141084001035500,31.906035400390625,-0.16057680547237396,-0.022364236414432526,0.005866951309144497
1789141084011007200,31.91600732421875,-0.17383216321468353,-0.07359759509563446,0.018943071365356445
1789141084020979500,31.9259794921875,-0.19236601889133453,-0.09869207441806793,0.050247255712747574
1789141084030952400,31.935952392578123,-0.1960664838552475,-0.08892626315355301,0.03498707711696625
1789141084040924400,31.94592431640625,-0.20734097063541412,-0.10166788846254349,-0.011378028430044651
1789141084050896400,31.955896484375,-0.212579146027565,-0.09947903454303741,-0.04125336557626724
1789141084060869400,31.965869384765625,-0.22533690929412842,-0.10585323721170425,-0.04498012736439705
1789141084070841300,31.97584130859375,-0.2350316047668457,-0.09755243360996246,-0.033641986548900604
1789141084080813300,31.985813232421876,-0.1970040202140808,-0.08186222612857819,-0.06892901659011841
1789141084090786600,31.99578662109375,-0.17486009001731873,-0.07938975095748901,-0.06052567809820175
1789141084100758300,32.00575830078125,-0.13441872596740723,-0.05930497869849205,-0.02190675586462021
1789141084110729700,32.015729736328126,-0.1251693069934845,-0.05894891545176506,-0.020612195134162903
1789141084120702700,32.02570263671875,-0.1290162354707718,-0.07000475376844406,-0.00021051568910479546
1789141084130674700,32.0356748046875,-0.13602514564990997,-0.037547484040260315,0.01750882714986801
1789141084140646700,32.04564672851563,-0.1127784475684166,-0.02230127342045307,0.001709649572148919
1789141084150619600,32.05561962890625,-0.08816950768232346,-0.01712488755583763,-0.020008962601423264
1789141084160591600,32.065591552734375,-0.08212200552225113,0.007058094255626202,0.003233133116737008
1789141084170563600,32.0755634765625,-0.0587112233042717,0.0023168683983385563,0.010660955682396889
1789141084180536800,32.085536865234374,-0.0344076082110405,0.006813328713178635,0.007664265111088753
1789141084190508500,32.09550854492188,-0.052390601485967636,0.023231184110045433,0.008032314479351044
1789141084200480800,32.105480712890625,-0.030154263600707054,-0.003688948694616556,0.048513155430555344
1789141084210453800,32.115453857421876,-0.07775028049945831,-0.012940237298607826,0.041963111609220505
1789141084220425700,32.12542578125,-0.08711352199316025,-0.030533619225025177,0.04253161698579788
1789141084230397700,32.13539770507813,-0.1212666928768158,-0.0415540486574173,0.014950322918593884
1789141084240370700,32.14537060546875,-0.12069873511791229,-0.07565496861934662,0.011640721000730991
1789141084250342700,32.1553427734375,-0.1037391945719719,-0.07373376935720444,-0.004390975926071405
1789141084260314600,32.16531469726562,-0.10894092917442322,-0.0948839783668518,-0.0047523281536996365
1789141084270286600,32.17528662109375,-0.13660557568073273,-0.08712884783744812,-0.04992912709712982
1789141084280259600,32.185259521484376,-0.15283691883087158,-0.11322585493326187,-0.012461562640964985
1789141084290231800,32.195231689453124,-0.17448149621486664,-0.12101560086011887,-0.018402010202407837
1789141084300203500,32.20520361328125,-0.18690629303455353,-0.15183667838573456,-0.037102293223142624
1789141084310176500,32.21517651367188,-0.18919767439365387,-0.14195048809051514,-0.0377342589199543
1789141084320148700,32.225148681640626,-0.11885879188776016,-0.15653438866138458,-0.004386949818581343
1789141084330120400,32.23512036132813,-0.14454896748065948,-0.1350695788860321,0.013665287755429745
1789141084340093700,32.24509375,-0.13474377989768982,-0.15089990198612213,0.0014630814548581839
1789141084350065700,32.25506567382813,-0.13717177510261536,-0.129744291305542,-0.03765049949288368
1789141084360037600,32.26503759765625,-0.1004912331700325,-0.11050974577665329,-0.039279427379369736
1789141084370010600,32.2750107421875,-0.08349306881427765,-0.11255478858947754,0.015051456168293953
1789141084379982600,32.28498266601562,-0.05855084955692291,-0.0717305913567543,0.013398764654994011
1789141084389954600,32.29495458984375,-0.03251366317272186,-0.06778591126203537,0.01140565425157547
1789141084399927600,32.30492749023438,0.04771403223276138,-0.060915615409612656,-0.022363469004631042
1789141084409899800,32.314899658203124,0.03487519919872284,-0.058135274797677994,-0.0026371690910309553
1789141084419871500,32.32487158203125,0.032630231231451035,-0.0537780299782753,-0.03017415478825569
1789141084429844700,32.3348447265625,0.04664218798279762,-0.02320041134953499,-0.05953390896320343
1789141084439816700,32.34481665039063,0.06253739446401596,0.017947521060705185,-0.04739676043391228
1789141084449788700,32.35478857421875,0.057814277708530426,0.02055768482387066,-0.016196496784687042
1789141084459761700,32.36476171875,0.13912346959114075,0.000025494955480098724,-0.025559071451425552
1789141084469733600,32.37473364257813,0.10917063057422638,-0.003019829746335745,0.010823169723153114
1789141084479705600,32.38470556640625,0.11142502725124359,0.00029723579064011574,0.004180572926998138
1789141084489678600,32.3946787109375,0.08713646978139877,0.010107522830367088,0.01456690113991499
1789141084499650800,32.40465087890625,0.045933958142995834,0.0006587407551705837,-0.007128575351089239
1789141084509622500,32.41462255859375,0.04157302901148796,-0.014104492962360382,-0.023598628118634224
1789141084519595500,32.42459545898438,0.07400006055831909,-0.01579383574426174,-0.01684851013123989
1789141084529567700,32.434567626953125,0.11102545261383057,-0.006704466417431831,-0.015720130875706673
1789141084539539500,32.44453955078125,0.11021871864795685,-0.009080689400434494,-0.03894858807325363
1789141084549512700,32.4545126953125,0.07676675170660019,-0.002263263799250126,-0.012665853835642338
1789141084559484700,32.46448461914063,0.04162368178367615,-0.0016561653465032578,0.02289293333888054
1789141084569456600,32.47445654296875,0.04627356678247452,-0.007463986985385418,0.008430637419223785
1789141084579429600,32.4844296875,0.09210281819105148,-0.002028699731454253,-0.011425075121223927
1789141084589401600,32.49440161132812,0.09237366169691086,-0.007312145084142685,0.006941415369510651
1789141084599373600,32.50437353515625,0.12222149968147278,-0.010042568668723106,-0.018070297315716743
1789141084609346600,32.5143466796875,0.1069895476102829,-0.033991310745477676,0.025698222219944
1789141084619318800,32.52431884765625,0.11038517951965332,-0.02255968376994133,0.007180277723819017
1789141084629290500,32.53429052734375,0.1194726824760437,-0.013417585752904415,0.014928212389349937
1789141084639263700,32.544263671875,0.13869552314281464,-0.03232908621430397,0.02564232051372528
1789141084649235700,32.554235595703126,0.10642918199300766,-0.03503112867474556,-0.006956367753446102
1789141084659207700,32.564207763671874,0.11688161641359329,-0.027637682855129242,-0.027649972587823868
1789141084669180700,32.5741806640625,0.12773266434669495,-0.04226056858897209,-0.011516808532178402
1789141084679152600,32.58415258789063,0.09862270951271057,-0.035945311188697815,0.00971790961921215
1789141084689124600,32.59412451171875,0.10627477616071701,-0.048471756279468536,-0.010999352671205997
1789141084699097600,32.60409765625,0.08313331007957458,-0.06287068128585815,0.007413049228489399
1789141084709069800,32.61406982421875,0.08915817737579346,-0.08533018082380295,0.04114065319299698
1789141084719041500,32.62404150390625,0.07486800104379654,-0.08330704271793365,-0.0012413348304107785
1789141084729014500,32.6340146484375,0.07040055096149445,-0.08956626802682877,-0.01928265392780304
1789141084738986800,32.64398681640625,0.043079301714897156,-0.10713516920804977,-0.012033994309604168
1789141084748958500,32.65395849609375,0.05494102090597153,-0.07423261553049088,-0.016678547486662865
1789141084758931700,32.663931640625,0.03576737642288208,-0.050361983478069305,-0.04228978604078293
1789141084768903700,32.67390356445313,0.07882216572761536,-0.06461654603481293,-0.06307655572891235
1789141084778875600,32.683875732421875,0.1208500787615776,-0.03561832755804062,-0.019696881994605064
1789141084788848600,32.6938486328125,0.1288563311100006,-0.03191174566745758,0.009931053034961224
1789141084798820600,32.70382055664062,0.09479265660047531,-0.01729235053062439,-0.014330204576253891
1789141084808792600,32.71379248046875,0.16139166057109833,-0.027419552206993103,0.0064459145069122314
1789141084818765600,32.723765625,0.17303062975406647,0.016536273062229156,-0.010029429569840431
1789141084828737800,32.73373779296875,0.161016583442688,0.0016766316257417202,-0.04824445769190788
1789141084838709500,32.74370947265625,0.17511171102523804,-0.0006407019682228565,-0.038202911615371704
1789141084848682800,32.75368286132812,0.16017590463161469,0.04695184901356697,-0.03807294741272926
1789141084858654700,32.76365478515625,0.14242513477802277,0.03785528987646103,-0.03769877180457115
1789141084868626700,32.773626708984374,0.21366415917873383,0.0090710474178195,-0.030371885746717453
1789141084878599700,32.783599609375,0.21377192437648773,-0.02638702280819416,0.04403620958328247
1789141084888571600,32.79357153320313,0.18269629776477814,-0.021231941878795624,0.02206353470683098
1789141084898543600,32.803543701171876,0.15224191546440125,-0.02830401435494423,0.028425464406609535
1789141084908516600,32.8135166015625,0.154166579246521,-0.004259930457919836,0.02208474464714527
1789141084918488800,32.82348876953125,0.15210019052028656,0.009838455356657505,-0.006251533515751362
1789141084928460500,32.83346044921875,0.15316173434257507,0.04449603334069252,-0.0013185602147132158
1789141084938433500,32.84343359375,0.16757655143737793,0.05067681148648262,-0.01668696664273739
1789141084948405800,32.85340576171875,0.20447997748851776,0.06207114830613136,-0.02915775030851364
1789141084958377500,32.86337744140625,0.2495875209569931,0.05987318232655525,-0.017060063779354095
1789141084968349700,32.873349609375,0.2334090918302536,0.07208217680454254,0.017729075625538826
1789141084978322700,32.88332275390625,0.2383219301700592,0.06983473896980286,0.025456849485635757
1789141084988294700,32.893294677734374,0.2677690088748932,0.10264967381954193,0.03628339618444443
1789141084998266600,32.9032666015625,0.23615330457687378,0.11235609650611877,0.03613505885004997
1789141085008239900,32.91323999023437,0.22363539040088654,0.10041128844022751,0.03558431938290596
1789141085018211600,32.923211669921876,0.2575085461139679,0.1325969099998474,-0.01943986304104328
1789141085028183800,32.933183837890624,0.26115843653678894,0.10368218272924423,0.04821161925792694
1789141085038156800,32.94315673828125,0.2460264414548874,0.11710265278816223,0.03485008329153061
1789141085048128500,32.95312841796875,0.23847372829914093,0.14664430916309357,0.0027651190757751465
1789141085058100700,32.963100830078126,0.20994937419891357,0.1412167251110077,0.007440576329827309
1789141085068073700,32.97307373046875,0.22186489403247833,0.127033531665802,-0.01177998911589384
1789141085078045700,32.98304565429687,0.22760102152824402,0.16385163366794586,0.003747193142771721
1789141085088017700,32.993017578125,0.20402219891548157,0.1729481816291809,0.012209653854370117
1789141085097990700,33.00299072265625,0.1888727843761444,0.16113577783107758,0.012363865971565247
1789141085107962600,33.012962646484375,0.1720043122768402,0.1572696715593338,0.03195008635520935
1789141085117935000,33.02293505859375,0.18226253986358643,0.1452726572751999,-0.0011013430776074529
1789141085127908000,33.032908203125,0.16950733959674835,0.134783536195755,0.025844253599643707
1789141085137880000,33.04288012695312,0.13104203343391418,0.15552902221679688,0.024431291967630386
1789141085147852300,33.05285229492188,0.11768627911806107,0.13868612051010132,-0.0004191974294371903
1789141085157825000,33.062824951171876,0.10120761394500732,0.16574719548225403,-0.010266585275530815
1789141085167797000,33.072796875,0.09404370933771133,0.1515866219997406,-0.009818642400205135
1789141085177769200,33.08276928710937,0.08179499208927155,0.12606321275234222,0.03621065989136696
1789141085187742000,33.09274194335938,0.1085704118013382,0.11085336655378342,0.07629842311143875
1789141085197714200,33.102714111328126,0.09081927686929703,0.11829761415719986,0.09408384561538696
1789141085207686100,33.11268603515625,0.07871680706739426,0.09338826686143875,0.11442001163959503
1789141085217659000,33.12265893554687,0.0341152623295784,0.11487295478582382,0.08855725079774857
1789141085227631000,33.13263110351563,-0.017123159021139145,0.1251186728477478,0.04405369609594345
1789141085237603000,33.14260302734375,-0.021106548607349396,0.11874092370271683,0.049229204654693604
1789141085247576000,33.152576171875,-0.04420041665434837,0.14977766573429108,0.016269657760858536
1789141085257548000,33.16254809570312,0.03544701635837555,0.1372319459915161,-0.010311358608305454
1789141085267520300,33.17252026367188,0.02033171057701111,0.15123111009597778,0.0048865024000406265
1789141085277493000,33.18249291992188,0.004217175766825676,0.15178845822811127,0.014924234710633755
1789141085287465200,33.19246533203125,0.016796084120869637,0.12691612541675568,0.04813172295689583
1789141085297437200,33.20243725585937,-0.03110891953110695,0.13617461919784546,0.03656337782740593
1789141085307410000,33.21240991210937,-0.015558990649878979,0.15395601093769073,0.03144212067127228
1789141085317382100,33.22238208007813,-0.09375177323818207,0.11752752959728241,0.06798732280731201
1789141085327354000,33.23235400390625,-0.11161838471889496,0.11192557215690613,0.08722493052482605
1789141085337327000,33.2423271484375,-0.0634840875864029,0.1232430562376976,0.05130805820226669
1789141085347299000,33.25229907226562,-0.07880551367998123,0.10499002039432526,0.06847292929887772
1789141085357271300,33.26227124023438,-0.09801968932151794,0.13097767531871796,0.02161381207406521
1789141085367244000,33.272244140625,-0.10873465240001678,0.10658179223537445,0.04262402281165123
1789141085377216000,33.282216064453124,-0.16226069629192352,0.06385992467403412,0.09409239888191223
1789141085387188200,33.29218823242188,-0.1624777466058731,0.05980925261974335,0.05942150577902794
1789141085397161000,33.30216088867188,-0.18102502822875977,0.07315926253795624,0.0597330704331398
1789141085407133200,33.31213330078125,-0.1962931901216507,0.03276523947715759,0.07705507427453995
1789141085417105200,33.32210522460937,-0.24590708315372467,0.01123538613319397,0.06586501002311707
1789141085427078000,33.33207788085937,-0.24140314757823944,0.03741559013724327,0.025480037555098534
1789141085437050000,33.34205004882813,-0.22920268774032593,0.011861925013363361,0.008992400951683521
1789141085447022000,33.35202197265625,-0.24689780175685883,0.017331790179014206,-0.006461123935878277
1789141085456994000,33.361994140625,-0.24098554253578186,-0.017036281526088715,-0.02805725485086441
1789141085466967000,33.37196704101562,-0.2689681649208069,-0.004316225182265043,-0.047756124287843704
1789141085476939300,33.38193920898438,-0.26812902092933655,-0.04891987144947052,0.01554509624838829
1789141085486911000,33.39191088867187,-0.29058322310447693,-0.05828327685594559,0.028933605179190636
1789141085496884200,33.40188427734375,-0.23249787092208862,-0.06228749454021454,0.013587572611868382
1789141085506856200,33.41185620117187,-0.27130866050720215,-0.040703900158405304,0.05710575357079506
1789141085516828200,33.421828125,-0.308196097612381,-0.02107997052371502,0.07707999646663666
1789141085526801200,33.43180126953125,-0.27952849864959717,-0.019781678915023804,0.021280908957123756
1789141085536773000,33.441773193359374,-0.17242023348808289,-0.042385902255773544,-0.020881544798612595
1789141085546745000,33.4517451171875,-0.13716797530651093,-0.029758524149656296,0.006661666091531515
1789141085556718000,33.46171801757812,-0.20070964097976685,-0.007217558100819588,0.03430727869272232
1789141085566690300,33.471690185546876,-0.17809513211250305,-0.04422697424888611,-0.00019530183635652065
1789141085576662000,33.481662109375,-0.176918625831604,-0.01756259799003601,-0.009002488106489182
1789141085586635000,33.49163500976562,-0.18046514689922333,-0.019403375685214996,-0.033209554851055145
1789141085596607200,33.50160717773438,-0.21377326548099518,-0.06084836646914482,-0.004221079405397177
1789141085606579000,33.511578857421874,-0.17284446954727173,-0.06741119921207428,-0.046704359352588654
1789141085616552200,33.52155224609375,-0.15651683509349823,-0.08665511012077332,-0.0012997485464438796
1789141085626524200,33.53152416992187,-0.19538646936416626,-0.08023715764284134,0.029039781540632248
1789141085636496100,33.54149609375,-0.18740373849868774,-0.08433294296264648,-0.023187289014458656
1789141085646469000,33.55146923828125,-0.12109875679016113,-0.092242531478405,-0.04439590498805046
1789141085656441000,33.561441162109375,-0.14597122371196747,-0.10851814597845078,0.006945105269551277
1789141085666413000,33.5714130859375,-0.1707010716199875,-0.09620661288499832,-0.026927374303340912
1789141085676386000,33.58138598632812,-0.15740028023719788,-0.09779296815395355,-0.03146201744675636
1789141085686358000,33.59135791015625,-0.12276773154735565,-0.12181095033884048,-0.0025163860991597176
1789141085696330000,33.601330078125,-0.11873248964548111,-0.12403712421655655,0.011117389425635338
1789141085706303200,33.61130322265625,-0.07724843174219131,-0.11362842470407486,-0.030844440683722496
1789141085716275000,33.62127490234375,-0.08278590440750122,-0.12176265567541122,-0.007061758078634739
1789141085726247200,33.6312470703125,-0.1091165766119957,-0.1237483099102974,0.001069138990715146
1789141085736220200,33.64122021484375,-0.12960933148860931,-0.12787418067455292,0.010012560524046421
1789141085746192000,33.65119189453125,-0.09530460834503174,-0.127210795879364,-0.027379285544157028
1789141085756164000,33.6611640625,-0.06946918368339539,-0.11528009176254272,-0.01924857683479786
1789141085766137000,33.67113720703125,-0.043490584939718246,-0.1200663223862648,-0.026395967230200768
1789141085776109000,33.681109130859376,-0.024423878639936447,-0.1058448925614357,-0.03945520892739296
1789141085786081000,33.6910810546875,0.00407088128849864,-0.06204627826809883,-0.04913127422332764
1789141085796053200,33.70105322265625,0.011990094557404518,-0.0410529226064682,-0.07396181672811508
1789141085806026000,33.71102587890625,0.03978044539690018,-0.03902812302112579,-0.06590256094932556
1789141085815998000,33.720998046875,0.09150543808937073,-0.04423260688781738,0.006628092844039202
1789141085825970200,33.73097021484375,0.13410642743110657,-0.000025466084480285645,-0.047826096415519714
1789141085835943000,33.74094287109375,0.13631956279277802,-0.02916049212217331,0.035096604377031326
1789141085845915100,33.7509150390625,0.1563369482755661,0.03208528459072113,0.006010356824845076
1789141085855887000,33.76088720703125,0.16622686386108398,0.04693960025906563,-0.03594854474067688
1789141085865860000,33.770860107421875,0.12950000166893005,0.03787180036306381,-0.006414355244487524
1789141085875832000,33.78083203125,0.1531231552362442,0.051573242992162704,0.00127959786914289
1789141085885804300,33.79080419921875,0.20771369338035583,0.09077789634466171,-0.061469804495573044
1789141085895777000,33.80077709960938,0.25085654854774475,0.04487847536802292,-0.012878650799393654
1789141085905749000,33.8107490234375,0.23100745677947998,0.06413872539997101,-0.011402727104723454
1789141085915721200,33.82072119140625,0.2230396419763565,0.046770863234996796,0.0016167587600648403
1789141085925694000,33.83069384765625,0.17761462926864624,0.06384731829166412,-0.00018034223467111588
1789141085935666200,33.84066625976563,0.1906159371137619,0.07238218188285828,-0.027422629296779633
1789141085945638100,33.85063818359375,0.1589251309633255,0.06416074186563492,-0.01188201829791069
1789141085955611000,33.86061083984375,0.19470351934432983,0.05070200935006142,-0.028995035216212273
1789141085965583000,33.8705830078125,0.1781677007675171,0.058821190148591995,-0.08052001893520355
1789141085975555000,33.88055517578125,0.15927991271018982,0.044375400990247726,-0.052394185215234756
1789141085985528000,33.890528076171876,0.14413690567016602,0.028827864676713943,-0.04246458783745766
1789141085995500000,33.9005,0.12514354288578033,0.017898213118314743,-0.019485782831907272
1789141086005472300,33.91047216796875,0.14793114364147186,0.023870352655649185,-0.01935475505888462
1789141086015445000,33.92044506835938,0.15346509218215942,0.008861033245921135,0.0061643728986382484
1789141086025417200,33.930417236328125,0.13692179322242737,0.017771704122424126,-0.020498929545283318
1789141086035389200,33.94038916015625,0.09735921770334244,0.04083404690027237,-0.027307571843266487
1789141086045362000,33.95036181640625,0.09922689199447632,0.01287937443703413,-0.02232346497476101
1789141086055334100,33.96033422851563,0.10068388283252716,0.02457505837082863,-0.019313007593154907
1789141086065306000,33.97030615234375,0.11704341322183609,0.03924508020281792,-0.030838903039693832
1789141086075278000,33.98027807617188,0.14460627734661102,0.01303049549460411,-0.025213094428181648
1789141086085251000,33.9902509765625,0.1256224662065506,0.025812603533267975,-0.007577108684927225
1789141086095223300,34.00022338867188,0.11054779589176178,0.028360746800899506,-0.00980491004884243
1789141086105195000,34.01019506835937,0.07572909444570541,0.03791164234280586,-0.04497062414884567
1789141086115168800,34.020168701171876,0.07309889793395996,0.025836415588855743,-0.03212843835353851
1789141086125141000,34.03014111328125,0.08890689164400101,0.02858825959265232,0.010316756553947926
1789141086135112700,34.04011279296875,0.12937210500240326,0.03374135494232178,-0.02193376049399376
1789141086145085700,34.05008569335938,0.09372196346521378,0.048463042825460434,-0.002633032388985157
1789141086155058000,34.060057861328126,0.09679126739501953,0.035452768206596375,0.013288668356835842
1789141086165030000,34.07002978515625,0.038026489317417145,0.04668651521205902,0.0288830753415823
1789141086175003000,34.0800029296875,0.03097393549978733,0.04088158905506134,-0.001190007315017283
1789141086184974800,34.08997485351563,0.0193558968603611,0.055831506848335266,0.00574885867536068
1789141086194946800,34.09994677734375,0.06396715342998505,0.02774331532418728,0.020635999739170074
1789141086204919800,34.109919921875,0.049934424459934235,0.024472687393426895,0.051513753831386566
1789141086214892000,34.11989208984375,0.028982222080230713,0.018213236704468727,0.042602427303791046
1789141086224863700,34.12986376953125,0.01085461862385273,0.01779938116669655,0.039808239787817
1789141086234836700,34.13983666992188,-0.07275525480508804,0.04089875891804695,0.06200099736452103
1789141086244809000,34.14980908203125,-0.03300118446350098,0.023661449551582336,0.04777572676539421
1789141086254780700,34.15978076171875,-0.048292338848114014,0.03775511682033539,-0.026704194024205208
1789141086264754000,34.16975390625,-0.02239362895488739,0.040495242923498154,-0.01110792439430952
1789141086274726000,34.17972583007813,-0.04154396429657936,0.05279960110783577,0.07543299347162247
1789141086284697900,34.18969775390625,-0.02288852259516716,0.035999845713377,0.0522586964070797
1789141086294670800,34.1996708984375,-0.02600249834358692,0.047816842794418335,0.024853818118572235
1789141086304642800,34.20964282226562,-0.08164924383163452,0.04394460842013359,0.04577161744236946
1789141086314614800,34.21961474609375,-0.009575742296874523,0.045229122042655945,0.046810321509838104
1789141086324587800,34.229587890625,-0.07026811689138412,0.09316309541463852,0.034772567451000214
1789141086334560000,34.23956005859375,-0.044526226818561554,0.061119966208934784,0.012266314588487148
1789141086344531700,34.24953173828125,-0.06460459530353546,0.06494586169719696,0.04414115846157074
1789141086354504700,34.25950463867188,-0.07583511620759964,0.07247793674468994,0.023660892620682716
1789141086364477000,34.269476806640625,-0.038959652185440063,0.0618966668844223,0.027639655396342278
1789141086374449000,34.27944897460937,-0.00765630230307579,0.0582086443901062,0.018304724246263504
1789141086384420900,34.2894208984375,-0.037465862929821014,0.03143562003970146,0.025059565901756287
1789141086394393900,34.29939379882813,-0.08201814442873001,0.03316567838191986,0.04836594685912132
1789141086404365800,34.30936572265625,-0.13962578773498535,0.053162556141614914,0.040741585195064545
1789141086414337800,34.319337890625,-0.11584173887968063,0.04554704204201698,0.002185605466365814
1789141086424311000,34.32931103515625,-0.13161031901836395,0.01438645739108324,0.06134985759854317
1789141086434282800,34.33928271484375,-0.08804747462272644,-0.012696605175733566,0.0032526396680623293
1789141086444255000,34.3492548828125,-0.056781694293022156,0.003736430313438177,-0.02299015037715435
1789141086454228000,34.35922802734375,-0.08006482571363449,0.013195125386118889,-0.017012594267725945
1789141086464199700,34.36919970703125,-0.10672865808010101,-0.01120209414511919,-0.03214361146092415
1789141086474172000,34.379171875,-0.1168656051158905,0.016655176877975464,-0.06456752121448517
1789141086484145000,34.389144775390626,-0.09591585397720337,0.007178052328526974,-0.013628439977765083
1789141086494116900,34.399116943359374,-0.09464919567108154,-0.004773497581481934,-0.00425347127020359
1789141086504088800,34.4090888671875,-0.06324999034404755,-0.026153355836868286,0.031165238469839096
1789141086514061800,34.41906176757813,-0.07693126797676086,-0.016520747914910316,0.0213796254247427
1789141086524033800,34.42903369140625,-0.06371133774518967,-0.02610946074128151,0.028816236183047295
1789141086534005800,34.439005859375,-0.10207302123308182,-0.005016910843551159,0.02848370373249054
1789141086543979000,34.44897900390625,-0.026844315230846405,-0.0011651809327304363,-0.0438232496380806
1789141086553950700,34.45895068359375,-0.04059579595923424,0.018297594040632248,-0.057082876563072205
1789141086563923000,34.4689228515625,0.000018477439880371094,0.045409638434648514,-0.06650727987289429
1789141086573894700,34.47889477539063,0.010811740532517433,0.050950244069099426,-0.057043470442295074
1789141086583868000,34.48886791992187,0.05539359152317047,0.05062773823738098,-0.05033576488494873
1789141086593839900,34.49883984375,0.08116669207811356,0.04769603908061981,-0.032591573894023895
1789141086603811800,34.50881176757812,0.09809747338294983,0.03631075844168663,0.0001240312121808529
1789141086613784800,34.518784912109375,0.05394206941127777,0.06889913976192474,0.05060994252562523
1789141086623756800,34.5287568359375,0.05440253019332886,0.06669484078884125,0.0285781417042017
1789141086633728800,34.538728759765625,0.06000981107354164,0.07323683053255081,0.005388408899307251
1789141086643701800,34.54870166015625,0.03232678025960922,0.07501263171434402,0.005855527240782976
1789141086653674000,34.558674072265624,0.032919708639383316,0.06713870167732239,0.03402598574757576
1789141086663645700,34.56864575195313,0.07152356207370758,0.05810925364494324,0.030810484662652016
1789141086673618700,34.57861865234375,0.0831318348646164,0.09653621166944504,-0.010892396792769432
1789141086683591000,34.5885908203125,0.08373051136732101,0.10277067124843597,0.000546678900718689
1789141086693562600,34.59856274414062,0.06617575138807297,0.09159072488546371,0.05842968448996544
1789141086703535900,34.608535888671874,0.060033172369003296,0.11100783199071884,0.03931671008467674
1789141086713507800,34.6185078125,0.07931578904390335,0.10235239565372467,0.024615798145532608
1789141086723479800,34.628479736328124,0.03136077895760536,0.09031251072883606,0.06270352751016617
1789141086733452800,34.638452880859376,0.022618673741817474,0.07116228342056274,0.06863094121217728
1789141086743424800,34.6484248046875,0.035856716334819794,0.09738456457853317,0.02146822027862072
1789141086753396700,34.658396728515626,0.04672878980636597,0.11326253414154053,-0.018121792003512383
1789141086763369700,34.66836962890625,0.022721992805600166,0.059410758316516876,0.023395556956529617
1789141086773342000,34.678342041015625,0.01829094998538494,0.08077049255371094,0.03790702298283577
1789141086783313700,34.68831372070313,-0.002554144710302353,0.08204668015241623,-0.001913893036544323
1789141086793286000,34.698285888671876,-0.004456073045730591,0.06335136294364929,-0.018129803240299225
1789141086803259000,34.7082587890625,-0.03533143177628517,0.0541304387152195,0.028142087161540985
1789141086813230800,34.71823095703125,-0.0800822302699089,0.04746697098016739,0.03839864581823349
1789141086823202800,34.72820288085938,-0.10027005523443222,-0.006232745014131069,0.029895706102252007
1789141086833175800,34.73817578125,-0.0838879719376564,0.01787467487156391,0.0281139574944973
1789141086843147800,34.748147705078125,-0.07442549616098404,0.019329026341438293,0.021301059052348137
1789141086853119700,34.75811962890625,-0.09672217816114426,-0.0322362557053566,0.05106382444500923
1789141086863093000,34.768093017578124,-0.10417956113815308,-0.013478012755513191,0.006059600971639156
1789141086873064700,34.77806469726563,-0.12171877920627594,-0.02005947381258011,0.0017197990091517568
1789141086883037000,34.788036865234375,-0.12073314189910889,-0.039158064872026443,0.0047592646442353725
1789141086893010000,34.798010009765626,-0.12150230258703232,-0.03748691827058792,0.014767186716198921
1789141086902981600,34.80798168945312,-0.09277957677841187,-0.06090143322944641,0.0017805483657866716
1789141086912953900,34.81795385742188,-0.10778514295816422,-0.06695207953453064,0.018917713314294815
1789141086922926800,34.8279267578125,-0.13854491710662842,-0.0673169270157814,0.026867782697081566
1789141086932898800,34.83789892578125,-0.14480005204677582,-0.09337072819471359,0.020084789022803307
1789141086942870800,34.84787084960937,-0.14943474531173706,-0.09473080188035965,-0.0120872613042593
1789141086952844000,34.85784399414062,-0.14648787677288055,-0.08737866580486298,-0.015984175726771355
1789141086962815700,34.867815673828126,-0.1381085067987442,-0.09541528671979904,-0.02246338129043579
1789141086972788000,34.8777880859375,-0.1772710084915161,-0.10181924700737,0.007129497826099396
1789141086982760000,34.88776000976563,-0.10931619256734848,-0.1288822889328003,-0.023072613403201103
1789141086992732700,34.89773266601563,-0.12973791360855103,-0.09233004599809647,-0.0338880829513073
1789141087002705000,34.907704833984376,-0.10766137391328812,-0.11898695677518845,-0.022853009402751923
1789141087012676900,34.9176767578125,-0.14641313254833221,-0.11947423219680786,-0.015246303752064705
1789141087022649900,34.92764990234375,-0.1386161893606186,-0.129231259226799,-0.044380754232406616
1789141087032621800,34.93762182617188,-0.14799503982067108,-0.12315978109836578,-0.02953256480395794
1789141087042594000,34.947593994140625,-0.14314250648021698,-0.12870341539382935,-0.009778301231563091
1789141087052566800,34.95756689453125,-0.14383526146411896,-0.14336442947387695,-0.00862098392099142
1789141087062538800,34.96753881835937,-0.1268634796142578,-0.14356710016727448,-0.02525295875966549
1789141087072511000,34.97751098632813,-0.10749013721942902,-0.15482555329799652,-0.0004925738903693855
1789141087082483700,34.98748364257813,-0.12581373751163483,-0.13781248033046722,-0.04860337823629379
1789141087092456000,34.9974560546875,-0.10033991932868958,-0.14463716745376587,-0.04383239895105362
1789141087102428000,35.00742797851562,-0.0924079641699791,-0.13308198750019073,0.019389444962143898
1789141087112400400,35.017400390625,-0.031078625470399857,-0.09417135268449783,-0.02497359737753868
1789141087122372000,35.0273720703125,-0.002117014490067959,-0.08555655926465988,-0.050277892500162125
1789141087132344300,35.03734423828125,-0.006210564635694027,-0.07243166863918304,-0.002219011541455984
1789141087142317300,35.0473173828125,-0.01625813916325569,-0.056725140661001205,-0.005879526492208242
1789141087152289300,35.05728930664063,0.047925278544425964,-0.050309062004089355,-0.031394291669130325
1789141087162261200,35.06726123046875,0.05931934714317322,-0.04909679293632507,-0.011880511417984962
1789141087172234200,35.077234130859374,0.04735075682401657,-0.060984622687101364,0.0020490512251853943
1789141087182206200,35.08720629882812,0.03033316135406494,-0.029927104711532593,0.02620631828904152
1789141087192178200,35.09717822265625,0.046493202447891235,-0.028204835951328278,0.012327008880674839
1789141087202150100,35.10715014648437,0.024059798568487167,-0.03684413060545921,0.019206220284104347
1789141087212123100,35.117123046875,0.009171503596007824,-0.013087892904877663,0.027425603941082954
1789141087222095400,35.12709545898438,0.07129160314798355,-0.00903855636715889,-0.0004949766444042325
1789141087232067000,35.137067138671874,0.08553355932235718,-0.03767826780676842,-0.024501323699951172
1789141087242040000,35.1470400390625,0.12738193571567535,-0.04616310074925423,-0.027425741776823997
1789141087252012300,35.15701220703125,0.053145263344049454,0.001704090740531683,-0.055411841720342636
1789141087261984000,35.16698388671875,0.07510089129209518,-0.030580878257751465,-0.0052501363679766655
1789141087271957200,35.17695727539063,0.034094855189323425,0.0020827637054026127,0.0007262789877131581
1789141087281929200,35.18692919921875,0.05066690593957901,0.02877908945083618,0.008513095788657665
1789141087291901200,35.19690112304688,0.07869251817464828,0.018483713269233704,-0.0063930777832865715
1789141087301874200,35.20687426757812,0.1465061902999878,-0.007366525009274483,0.0026478213258087635
1789141087311846100,35.21684619140625,0.10155362635850906,0.056909333914518356,0.013569182716310024
1789141087321818000,35.22681811523437,0.12083757668733597,0.01853025332093239,-0.03800373151898384
1789141087331791000,35.236791015625,0.07879167050123215,0.02442743629217148,-0.04745253175497055
1789141087341763300,35.24676342773437,0.087917260825634,0.036437228322029114,-0.018966559320688248
1789141087351735000,35.256735107421875,0.12606891989707947,0.01924152858555317,-0.026298249140381813
1789141087361707300,35.26670727539062,0.13767550885677338,0.02423681877553463,-0.02867725118994713
1789141087371680300,35.27668017578125,0.08275055885314941,0.02359277755022049,0.04710547626018524
1789141087381652200,35.28665234375,0.0841873288154602,-0.005233277566730976,0.03542538359761238
1789141087391624200,35.296624267578125,0.04309617355465889,0.016113003715872765,0.056866858154535294
1789141087401597200,35.30659716796875,0.06839167326688766,0.018747668713331223,0.07116670161485672
1789141087411569200,35.31656909179687,0.06930434703826904,-0.02518763206899166,0.08009599894285202
1789141087421541000,35.326541015625,0.021431099623441696,-0.007792661897838116,0.041743289679288864
1789141087431514400,35.33651440429688,0.030231226235628128,-0.0072644539177417755,0.044026438146829605
1789141087441486000,35.346486083984374,-0.01289280690252781,0.02128276787698269,0.03166510909795761
1789141087451458300,35.35645825195313,0.08212710916996002,0.03419588878750801,-0.02822735905647278
1789141087461431300,35.36643139648437,0.05125175788998604,0.047940194606781006,-0.03618462011218071
1789141087471403000,35.376403076171876,0.08386660367250443,0.04119639843702316,-0.03220061957836151
1789141087481375200,35.38637524414062,0.015218567103147507,0.06830950826406479,0.01671765372157097
1789141087491348200,35.39634814453125,0.05425828695297241,0.044230394065380096,-0.008724146522581577
1789141087501320200,35.4063203125,0.0723467469215393,0.034663256257772446,-0.014597747474908829
1789141087511292200,35.416292236328125,0.04154568538069725,0.03942355141043663,-0.030619584023952484
1789141087521265200,35.42626513671875,0.009817049838602543,0.03328176960349083,0.019268613308668137
1789141087531237000,35.43623706054687,-0.01843777485191822,-0.006733952090144157,0.057147830724716187
1789141087541209300,35.44620922851563,0.019511472433805466,-0.002863047644495964,0.035186607390642166
1789141087551181300,35.456181396484375,-0.024164792150259018,0.018626205623149872,0.05163755640387535
1789141087561154000,35.466154052734375,-0.01923474855720997,-0.002932882634922862,0.06000041589140892
1789141087571126300,35.47612622070312,-0.044775087386369705,0.01365736685693264,0.017155926674604416
1789141087581098200,35.48609814453125,-0.05936521291732788,0.026040533557534218,-0.035150155425071716
1789141087591071200,35.4960712890625,-0.08498730510473251,0.06133846193552017,-0.08796712756156921
1789141087601043200,35.506043212890624,-0.04027283191680908,0.03629595786333084,-0.06098903715610504
1789141087611015400,35.51601538085937,-0.010341037064790726,0.04544128477573395,-0.016544600948691368
1789141087620988200,35.52598828125,0.040265679359436035,0.044498261064291,-0.057447295635938644
1789141087630960000,35.535960205078126,0.02131427638232708,0.015005005523562431,-0.01086843479424715
1789141087640932400,35.545932373046874,-0.0404372364282608,0.002096397802233696,0.0226754117757082
1789141087650905000,35.55590502929687,-0.0837322473526001,-0.01451946422457695,-0.013383783400058746
1789141087660877300,35.56587719726563,-0.10522129386663437,-0.02848934195935726,-0.01893594115972519
1789141087670849300,35.575849365234376,-0.14967994391918182,-0.022981833666563034,-0.008070592768490314
1789141087680822000,35.585822021484375,-0.15365231037139893,-0.01585468277335167,-0.033862508833408356
1789141087690794200,35.59579418945312,-0.10992106795310974,-0.027576154097914696,-0.03333813324570656
1789141087700766200,35.60576611328125,-0.07431593537330627,-0.013191090896725655,-0.01400891225785017
1789141087710738200,35.61573828125,-0.05448559671640396,0.004626909736543894,-0.03830129653215408
1789141087720711200,35.625711181640625,-0.03769196569919586,-0.005312539637088776,-0.03213181719183922
1789141087730683400,35.63568334960937,-0.05177529901266098,0.0013194647617638111,-0.02075079455971718
1789141087740655000,35.645655029296876,-0.09297359734773636,0.005099022760987282,-0.046237509697675705
1789141087750628400,35.65562841796875,-0.08119816333055496,0.00370968459174037,-0.05464139208197594
1789141087760600300,35.665600341796875,-0.040545541793107986,0.027642449364066124,0.0027760942466557026
1789141087770572300,35.675572265625,-0.06441483646631241,0.036759261041879654,0.032777223736047745
1789141087780545300,35.68554516601562,-0.014388416893780231,-0.009675882756710052,0.012964904308319092
1789141087790517200,35.69551733398438,-0.007850534282624722,0.05145985633134842,-0.017906103283166885
1789141087800489200,35.7054892578125,0.033260948956012726,0.03457195311784744,-0.006785542704164982
1789141087810462200,35.715462158203124,-0.027523837983608246,0.023108303546905518,0.02430606447160244
1789141087820434400,35.72543432617187,-0.015675166621804237,0.00832456536591053,-0.030667172744870186
1789141087830406100,35.73540625,0.02944082021713257,0.023651979863643646,-0.021692408248782158
1789141087840379100,35.745379150390626,0.0016336916014552116,0.03715314343571663,0.032358840107917786
1789141087850351400,35.755351318359374,-0.0050629181787371635,-0.014672119170427322,0.05584277957677841
1789141087860323000,35.76532299804688,-0.007079729810357094,-0.013127751648426056,0.05192047730088234
1789141087870295300,35.77529541015625,-0.03308647871017456,0.004931455012410879,0.011156894266605377
1789141087880268300,35.785268310546876,-0.054533179849386215,-0.031714439392089844,0.025743559002876282
1789141087890240300,35.795240234375,-0.06252691894769669,-0.01570158638060093,-0.00649747159332037
1789141087900212200,35.805212158203126,-0.07293854653835297,-0.028293544426560402,0.02398240752518177
1789141087910185200,35.81518530273438,-0.06827367097139359,-0.03982764482498169,0.012640620581805706
1789141087920157200,35.8251572265625,-0.05837443470954895,-0.05190427973866463,0.023514041677117348
1789141087930129400,35.83512939453125,-0.04393503814935684,-0.01963885873556137,-0.0011569452472031116
1789141087940102100,35.84510205078125,-0.004977253265678883,-0.04515913128852844,-0.03315962105989456
1789141087950074000,35.85507421875,0.009914347901940346,-0.025955278426408768,-0.0667002722620964
1789141087960046300,35.86504638671875,-0.012436230666935444,-0.008064961060881615,-0.049490395933389664
1789141087970019000,35.87501904296875,0.05110084265470505,-0.006126456893980503,-0.05268227681517601
1789141087979991300,35.8849912109375,0.0146458949893713,0.017315220087766647,-0.023839443922042847
1789141087989963300,35.89496337890625,0.044821109622716904,0.020005444064736366,0.02312433533370495
1789141087999936000,35.90493603515625,0.047292791306972504,0.027277473360300064,0.010569926351308823
1789141088009908200,35.914908203125,0.11006481945514679,0.01764848083257675,-0.025371292605996132
1789141088019880200,35.92488012695313,0.053482506424188614,0.01577441580593586,0.06302168220281601
1789141088029853200,35.93485327148438,0.06836584955453873,0.024446234107017517,0.040656186640262604
1789141088039825200,35.9448251953125,0.05682557821273804,0.02235778234899044,0.01812637597322464
1789141088049797400,35.95479736328125,0.08493523299694061,0.0413786843419075,-0.015105878934264183
1789141088059769000,35.96476904296875,0.09008899331092834,0.06986917555332184,-0.01461026445031166
1789141088069742000,35.9747421875,0.10232070833444595,0.06505951285362244,-0.03809179365634918
1789141088079714300,35.98471435546875,0.07606566697359085,0.03447098284959793,-0.07087744027376175
1789141088089686300,35.99468627929687,0.07996771484613419,0.019849132746458054,-0.06492552161216736
1789141088099659300,36.0046591796875,0.0438334122300148,0.04974604770541191,-0.04976228252053261
1789141088109631200,36.01463134765625,0.0447525754570961,0.044752757996320724,-0.07232797145843506
1789141088119603200,36.024603271484374,0.03211827576160431,0.012125840410590172,-0.050353165715932846
1789141088129576200,36.034576171875,0.051346033811569214,0.019825339317321777,-0.07769797742366791
1789141088139548400,36.04454833984375,0.010828964412212372,-0.006378566846251488,-0.026778869330883026
1789141088149520100,36.05452001953125,0.02442946285009384,-0.01359293982386589,-0.0401010625064373
1789141088159493000,36.0644931640625,0.019556410610675812,-0.010658669285476208,-0.013210860081017017
1789141088169465300,36.07446533203125,0.011980251409113407,-0.01684618927538395,-0.01620958186686039
1789141088179437000,36.08443701171875,0.012889454141259193,-0.03464809060096741,0.015848485752940178
1789141088189409300,36.0944091796875,-0.0037598302587866783,-0.009037069976329803,0.0021939296275377274
1789141088199382300,36.10438232421875,-0.003504965454339981,-0.006232761777937412,-0.006610747426748276
1789141088209354200,36.11435424804687,0.016879135742783546,-0.00850497093051672,0.013503042981028557
1789141088219326200,36.124326171875,0.00366160087287426,-0.017595138400793076,0.011856143362820148
1789141088229299200,36.13429931640625,-0.013892095535993576,-0.029303092509508133,0.0034602645318955183
1789141088239271200,36.144271240234374,0.012958960607647896,-0.015423497185111046,-0.0055390894412994385
1789141088249243100,36.1542431640625,-0.00650654174387455,-0.0011616558767855167,-0.005210620351135731
1789141088259216400,36.16421630859375,-0.05054989829659462,-0.027864107862114906,0.04133744165301323
1789141088269188000,36.17418798828125,-0.010725063271820545,-0.012880673632025719,-0.01040042843669653
1789141088279160300,36.184160400390624,-0.009460060857236385,0.0004002437926828861,0.0023201601579785347
1789141088289133300,36.19413330078125,-0.0656697154045105,-0.011245716363191605,0.025686824694275856
1789141088299105300,36.20410522460938,-0.03665750473737717,-0.03343703970313072,0.006123509258031845
1789141088309077200,36.2140771484375,-0.07270028442144394,-0.015689579769968987,0.011427372694015503
1789141088319049200,36.22404931640625,-0.09033200889825821,-0.04387354478240013,0.025534136220812798
1789141088329022200,36.23402221679687,-0.09015128016471863,-0.048766180872917175,0.0038844242226332426
1789141088338994200,36.243994140625,-0.07243459671735764,-0.06211154907941818,0.00017197756096720695
1789141088348966100,36.253966064453124,-0.09706288576126099,-0.05008023977279663,0.024935191497206688
1789141088358939100,36.263939208984375,-0.09809858351945877,-0.033127620816230774,-0.0008604529430158436
1789141088368911400,36.27391137695312,-0.08370544016361237,-0.04618685320019722,-0.012475474737584591
1789141088378883000,36.283883056640626,-0.0815778374671936,-0.055658116936683655,-0.011696766130626202
1789141088388856000,36.29385595703125,-0.10563443601131439,-0.06165981665253639,-0.003597560804337263
1789141088398828300,36.303828369140625,-0.10001969337463379,-0.048922453075647354,-0.007132641039788723
1789141088408800000,36.31380004882813,-0.12033793330192566,-0.03950401023030281,0.08301358669996262
1789141088418773200,36.32377319335937,-0.06831121444702148,-0.08187410235404968,0.07936665415763855
1789141088428745200,36.3337451171875,-0.09366752952337265,-0.09882979094982147,0.14120863378047943
1789141088438717200,36.34371728515625,-0.11313070356845856,-0.0957929939031601,0.1211097463965416
1789141088448690200,36.353690185546874,-0.13255642354488373,-0.12579937279224396,0.09127480536699295
1789141088458662100,36.363662109375,-0.16821296513080597,-0.08636142313480377,0.07390353828668594
1789141088468634000,36.373634033203125,-0.1877957284450531,-0.060236308723688126,-0.002128640655428171
1789141088478606300,36.3836064453125,-0.17573346197605133,-0.01782972738146782,-0.08693727105855942
1789141088488579300,36.393579345703124,-0.09409372508525848,-0.04776928573846817,-0.0021672630682587624
1789141088498551000,36.40355102539063,-0.07679302990436554,-0.0512540340423584,0.01042176503688097
1789141088508523300,36.413523193359374,-0.013642377220094204,-0.051945097744464874,-0.030781954526901245
1789141088518496300,36.423496337890626,-0.024082764983177185,-0.0339977890253067,0.0037693637423217297
1789141088528468200,36.43346826171875,-0.06589315831661224,-0.062944695353508,0.05995531380176544
1789141088538440200,36.443440185546876,-0.06491817533969879,-0.06944414228200912,0.03655145317316055
1789141088548413200,36.4534130859375,-0.10352441668510437,-0.06363372504711151,0.02288118377327919
1789141088558385200,36.46338525390625,-0.06405264139175415,-0.06694669276475906,0.004653711803257465
1789141088568357000,36.47335717773438,-0.07000640779733658,-0.07023154199123383,-0.017875833436846733
1789141088578330400,36.48333032226562,-0.0657123252749443,-0.09167877584695816,-0.036189060658216476
1789141088588302000,36.493302001953126,-0.07868636399507523,-0.08756807446479797,-0.022194858640432358
1789141088598274300,36.5032744140625,-0.0889054387807846,-0.04855702444911003,-0.033796653151512146
1789141088608247300,36.513247314453125,-0.048307500779628754,-0.0529865026473999,-0.032327476888895035
1789141088618219300,36.52321923828125,-0.04125837981700897,-0.0635475367307663,-0.025423763319849968
1789141088628191200,36.533191162109375,-0.00586968008428812,-0.04001140221953392,0.019938746467232704
1789141088638163500,36.54316357421875,0.022843724116683006,-0.04897906631231308,0.056801687926054
1789141088648136200,36.55313623046875,0.04562689736485481,-0.06121382117271423,0.10614216327667236
1789141088658108200,36.56310815429688,0.06108548119664192,-0.012341620400547981,0.07551740854978561
1789141088668080400,36.573080322265625,0.0797337219119072,-0.04067947715520859,0.057904861867427826
1789141088678053000,36.58305322265625,0.07293467223644257,0.0004897955805063248,-0.011167150922119617
1789141088688025300,36.593025390625,0.09137272089719772,0.007268089801073074,-0.04586396738886833
1789141088697997300,36.60299731445313,0.0749969482421875,0.06163306161761284,-0.0678185373544693
1789141088707970000,36.612969970703126,0.1487347036600113,0.04611481726169586,-0.07103864848613739
1789141088717942300,36.6229423828125,0.12941721081733704,0.0283504705876112,-0.04463553801178932
1789141088727914200,36.63291430664062,0.17036303877830505,0.0320831798017025,-0.047583650797605515
1789141088737887200,36.64288720703125,0.15134674310684204,0.03059394098818302,-0.01825452409684658
1789141088747859200,36.652859130859376,0.15577976405620575,0.021501000970602036,0.039186034351587296
1789141088757831400,36.66283154296875,0.1307588368654251,0.02483021840453148,0.06784430891275406
1789141088767803100,36.67280322265625,0.14021092653274536,0.0260167196393013,0.0101032555103302
1789141088777776000,36.68277612304688,0.11189326643943787,0.025871045887470245,0.003755078185349703
1789141088787748000,36.692748046875,0.09044452011585236,0.023390421643853188,-0.0011551706120371819
1789141088797720300,36.70272021484375,0.12100163102149963,0.0023123016580939293,0.020279282703995705
1789141088807693300,36.712693359375,0.14930099248886108,0.025643832981586456,-0.01055151503533125
1789141088817665000,36.7226650390625,0.15239132940769196,0.02487657591700554,-0.021934131160378456
1789141088827637200,36.73263720703125,0.12915818393230438,0.026995256543159485,-0.005913357250392437
1789141088837610200,36.7426103515625,0.12490404397249222,0.005312066059559584,0.02575961872935295
1789141088847582200,36.75258227539062,0.12216880917549133,0.0356898233294487,0.006557784043252468
1789141088857554200,36.76255419921875,0.14986807107925415,0.03552310913801193,-0.04516240209341049
1789141088867527200,36.77252709960938,0.15471316874027252,0.051042549312114716,-0.03419364243745804
1789141088877499100,36.7824990234375,0.1731742024421692,0.06631045043468475,-0.008996409364044666
1789141088887471000,36.79247119140625,0.16370515525341034,0.060363657772541046,0.034531448036432266
1789141088897443300,36.802443359375,0.15642860531806946,0.08653241395950317,0.01879669353365898
1789141088907416000,36.812416015625,0.18580086529254913,0.0742107629776001,0.049266450107097626
1789141088917388300,36.82238818359375,0.16966716945171356,0.08815507590770721,0.03191222622990608
1789141088927360300,36.8323603515625,0.15134578943252563,0.08270469307899475,0.016345877200365067
1789141088937333000,36.8423330078125,0.11552226543426514,0.09245532751083374,0.03743491694331169
1789141088947305200,36.85230517578125,0.1832396239042282,0.12080298364162445,0.00837139505892992
1789141088957277200,36.86227709960937,0.17835111916065216,0.11170962452888489,-0.013484634459018707
1789141088967250200,36.87225024414062,0.17072293162345886,0.13032451272010803,-0.05453335493803024
1789141088977222100,36.88222216796875,0.1385604739189148,0.11743880063295364,-0.0237639918923378
1789141088987194400,36.8921943359375,0.08949235081672668,0.11703094840049744,-0.050408829003572464
1789141088997167000,36.9021669921875,0.07596269249916077,0.08552175760269165,-0.055656321346759796
1789141089007139300,36.91213940429687,0.06835120171308517,0.07358847558498383,-0.00015409378102049232
1789141089017111300,36.922111328125,0.03976989537477493,0.06836921721696854,0.02167290821671486
1789141089027083300,36.932083251953124,0.036672454327344894,0.04950942099094391,0.03930073603987694
1789141089037056300,36.94205615234375,-0.005974343046545982,0.03605592995882034,0.028871795162558556
1789141089047028200,36.9520283203125,-0.0444222167134285,0.024900736287236214,-0.0017133747460320592
1789141089057000200,36.962000244140626,-0.07144451886415482,0.027786271646618843,0.01109110377728939
1789141089066973200,36.97197314453125,-0.035096537321805954,0.023388836532831192,-0.013143038377165794
1789141089076945400,36.9819453125,-0.009922207333147526,0.05290944501757622,-0.032524194568395615
1789141089086917000,36.99191723632813,0.010744364932179451,0.03668219968676567,-0.028602778911590576
1789141089096890000,37.00189013671875,0.013111382722854614,0.040322206914424896,-0.020430071279406548
1789141089106862300,37.0118623046875,-0.011749935336411,0.04543525353074074,-0.026592005044221878
1789141089116834000,37.021833984375,-0.05378393456339836,0.03920372202992439,-0.0027886703610420227
1789141089126807300,37.031807373046874,-0.041723188012838364,0.018567293882369995,-0.012313375249505043
1789141089136779000,37.04177905273438,-0.027361828833818436,0.011393803171813488,-0.010422531515359879
1789141089146751200,37.051751220703125,-0.054613158106803894,0.017903534695506096,0.019813399761915207
1789141089156723000,37.06172290039063,-0.058345042169094086,0.011106880381703377,0.027218319475650787
1789141089166696200,37.0716962890625,-0.05963250622153282,-0.0012439361307770014,0.05078454315662384
1789141089176668200,37.08166821289063,-0.07806850969791412,0.011362936347723007,0.052502814680337906
1789141089186640100,37.09164013671875,-0.0848628506064415,0.02206014096736908,0.0030438308604061604
1789141089196613000,37.101613037109374,-0.054404810070991516,0.01408290769904852,-0.00979500263929367
1789141089206585000,37.11158520507813,-0.0723552256822586,0.0209958553314209,0.0243633221834898
1789141089216557000,37.12155712890625,-0.06481395661830902,0.018149735406041145,-0.017781201750040054
1789141089226530000,37.131530029296876,-0.0241117961704731,0.005064559634774923,0.016650276258587837
1789141089236502300,37.14150219726562,-0.05380311235785484,0.01637154258787632,-0.00215563690289855
1789141089246474000,37.151473876953126,-0.04018636792898178,-0.008805351331830025,0.007927357219159603
1789141089256447000,37.16144702148438,-0.0846603661775589,0.016693882644176483,0.015862245112657547
1789141089266419200,37.171419189453125,-0.10063312202692032,-0.018753575161099434,0.0207846537232399
1789141089276391000,37.18139086914063,-0.09653078764677048,-0.038725417107343674,0.003012316068634391
1789141089286364200,37.1913642578125,-0.07546526193618774,-0.011674009263515472,-0.05612246319651604
1789141089296336100,37.20133618164063,-0.06688642501831055,-0.024326954036951065,-0.03960926830768585
1789141089306308000,37.21130810546875,-0.13775543868541718,-0.03395683318376541,-0.0247652530670166
1789141089316280000,37.22128002929688,-0.10126961022615433,-0.0721534863114357,-0.015195982530713081
1789141089326253000,37.23125317382812,-0.08810924738645554,-0.05618765205144882,0.0069887712597846985
1789141089336225000,37.24122509765625,-0.06346089392900467,-0.08106237649917603,-0.012707967311143875
1789141089346197200,37.251197265625,-0.09023737907409668,-0.08591616153717041,0.010309998877346516
1789141089356170200,37.261170166015624,-0.10206447541713715,-0.07141471654176712,-0.018591690808534622
1789141089366142000,37.27114184570313,-0.13463182747364044,-0.055278729647397995,-0.011211628094315529
1789141089376114200,37.2811142578125,-0.13774585723876953,-0.055169008672237396,-0.013065454550087452
1789141089386087200,37.291087158203126,-0.07201087474822998,-0.044606588780879974,-0.022119756788015366
1789141089396059100,37.30105908203125,-0.04018450528383255,-0.02797461673617363,-0.02449316531419754
1789141089406031000,37.31103100585938,0.008203179575502872,-0.05355632305145264,0.027299901470541954
1789141089416003300,37.32100341796875,-0.03553125262260437,-0.0024055209942162037,-0.03140042722225189
1789141089425976000,37.33097607421875,-0.049632247537374496,-0.030169419944286346,-0.00738306250423193
1789141089435948000,37.34094799804687,-0.05488506704568863,-0.025903567671775818,-0.009773249737918377
1789141089445920300,37.35092016601563,-0.02897820807993412,-0.04385073855519295,-0.03240514546632767
1789141089455893000,37.36089306640625,-0.03506912291049957,-0.035951271653175354,-0.02158312499523163
1789141089465865200,37.370865234375,-0.005254750140011311,-0.06641252338886261,0.004111581016331911
1789141089475837200,37.38083715820313,-0.06325680017471313,-0.040807291865348816,-0.016151346266269684
1789141089485810000,37.39080981445313,-0.03296628221869469,-0.06398588418960571,-0.028813334181904793
1789141089495782100,37.4007822265625,-0.0909009575843811,-0.040531955659389496,-0.04125428944826126
1789141089505754000,37.41075415039062,-0.11278343945741653,-0.07818716019392014,-0.011535109020769596
1789141089515727000,37.42072705078125,-0.08629217743873596,-0.0672098770737648,-0.004842052701860666
1789141089525699000,37.43069897460938,-0.04744357243180275,-0.07042977213859558,-0.006464454345405102
1789141089535671300,37.44067138671875,-0.04784943908452988,-0.09074170142412186,0.04761502519249916
1789141089545643000,37.45064306640625,-0.08390198647975922,-0.09561475366353989,0.047938331961631775
1789141089555616300,37.4606162109375,-0.07457799464464188,-0.0986235961318016,0.05344734713435173
1789141089565588200,37.47058813476563,-0.08352336287498474,-0.07788883149623871,0.015914002433419228
1789141089575560200,37.480560302734375,-0.07442814111709595,-0.11121350526809692,0.03580701723694801
1789141089585533200,37.490533203125,-0.046999894082546234,-0.11300832778215408,-0.0107257766649127
1789141089595505200,37.50050512695312,-0.03186728060245514,-0.05576474219560623,-0.07685846090316772
1789141089605477000,37.51047705078125,-0.04489368572831154,-0.0646001324057579,-0.04122278839349747
1789141089615450000,37.5204501953125,-0.006211003288626671,-0.08811797201633453,-0.005280767101794481
1789141089625422300,37.53042236328125,0.03352256119251251,-0.07538256794214249,-0.006159077864140272
1789141089635394000,37.54039404296875,0.013516095466911793,-0.08664454519748688,0.011342950165271759
1789141089645367000,37.55036694335938,-0.0300234816968441,-0.0883648619055748,0.03302738443017006
1789141089655339300,37.56033935546875,-0.021140772849321365,-0.08996514976024628,0.037157680839300156
1789141089665311000,37.57031103515625,-0.05311823636293411,-0.090138740837574,0.06735464185476303
1789141089675283200,37.580283203125,0.022929660975933075,-0.06770826131105423,0.05026620253920555
1789141089685256200,37.59025610351563,0.03149767220020294,-0.05950135365128517,0.02744380198419094
1789141089695228200,37.600228271484376,0.06295865774154663,-0.054474636912345886,0.002323801163583994
1789141089705200000,37.6102001953125,0.04806022346019745,-0.02203679084777832,0.0028954031877219677
1789141089715173000,37.62017309570312,0.0876222774386406,-0.027237677946686745,0.0018602324416860938
1789141089725145000,37.63014501953125,0.045477934181690216,-0.0002975175157189369,0.011557245627045631
1789141089735117300,37.640117431640626,0.08389110118150711,0.0019890726543962955,0.03635527193546295
1789141089745090300,37.65009033203125,0.13561174273490906,0.034064311534166336,0.04471803829073906
1789141089755062000,37.66006201171875,0.14640392363071442,0.09410713613033295,0.020733345299959183
1789141089765034200,37.6700341796875,0.19767670333385468,0.06252861022949219,0.06998717784881592
1789141089775007200,37.68000732421875,0.1838916540145874,0.10939785093069077,0.07509405165910721
1789141089784979200,37.689979248046875,0.2127169966697693,0.15056060254573822,0.035164035856723785
1789141089794951200,37.699951171875,0.22673188149929047,0.1292518526315689,0.06402711570262909
1789141089804923100,37.709923095703125,0.28517946600914,0.14431189000606537,0.003560575656592846
1789141089814896000,37.71989624023438,0.26786041259765625,0.16881217062473297,-0.02027418278157711
1789141089824868000,37.7298681640625,0.2513897120952606,0.13746020197868347,0.004394053015857935
1789141089834840000,37.73984008789063,0.22540447115898132,0.1465466469526291,-0.01834641396999359
1789141089844813000,37.74981298828125,0.23951709270477295,0.17603249847888947,-0.05034509301185608
1789141089854785300,37.759785400390626,0.19887112081050873,0.128416508436203,-0.028641393408179283
1789141089864757000,37.76975708007812,0.20189203321933746,0.1064499020576477,-0.054790884256362915
1789141089874730000,37.77972998046875,0.16286394000053406,0.1164998710155487,-0.006121880374848843
1789141089884702200,37.7897021484375,0.15052251517772675,0.10157261043787003,0.01649918593466282
1789141089894674200,37.799674072265624,0.13226813077926636,0.08436059951782227,0.00027068029157817364
1789141089904646100,37.80964624023437,0.15170539915561676,0.02892819233238697,0.054466716945171356
1789141089914619100,37.819619140625,0.1458352506160736,0.05559122934937477,0.03200215473771095
1789141089924591000,37.829591064453126,0.13005219399929047,0.0417497456073761,0.03137462958693504
1789141089934563000,37.83956298828125,0.12516795098781586,0.04194069653749466,0.01287924312055111
1789141089944536300,37.849536376953125,0.14044973254203796,0.054384469985961914,0.023214168846607208
1789141089954508000,37.85950805664063,0.1321859359741211,0.050415560603141785,-0.001055483939126134
1789141089964480300,37.869480224609376,0.11015945672988892,0.027298590168356895,-0.00480441702529788
1789141089974453200,37.87945336914063,0.07289490848779678,0.054016757756471634,-0.004939172882586718
1789141089984425000,37.88942504882812,0.07871460914611816,0.06833444535732269,-0.02054324746131897
1789141089994397200,37.89939721679688,0.04962250217795372,0.051260385662317276,0.013854140415787697
1789141090004370200,37.9093701171875,0.057580217719078064,0.05595651641488075,0.018887421116232872
1789141090014342100,37.919342041015625,0.06260614097118378,0.11840524524450302,-0.049509480595588684
1789141090024314000,37.92931420898437,0.10226903855800629,0.13396474719047546,-0.052736520767211914
1789141090034286000,37.9392861328125,0.10601744055747986,0.1487032175064087,-0.07639391720294952
1789141090044259000,37.94925903320313,0.13371804356575012,0.14799201488494873,-0.07389267534017563
1789141090054231000,37.95923095703125,0.16322852671146393,0.16267454624176025,-0.06803451478481293
1789141090064203000,37.969203125,0.15001268684864044,0.1752195954322815,-0.0288433488458395
1789141090074176000,37.97917602539062,0.12175895273685455,0.19541700184345245,-0.04134342819452286
1789141090084148200,37.98914819335938,0.1400340050458908,0.15582527220249176,-0.043064184486866
1789141090094120000,37.99911987304687,0.10600172728300095,0.1978134661912918,-0.06184772774577141
1789141090104093200,38.00909326171875,0.044315170496702194,0.21077585220336914,-0.03723718225955963
1789141090114065200,38.01906518554687,0.07563021779060364,0.1652347296476364,-0.0416143536567688
1789141090124037000,38.029037109375,0.046487875282764435,0.15233761072158813,-0.030073724687099457
1789141090134009000,38.03900903320312,0.015734756365418434,0.12566925585269928,-0.024487212300300598
1789141090143982000,38.04898217773437,-0.019834410399198532,0.09617689996957779,-0.035735879093408585
1789141090153954000,38.0589541015625,-0.07303238660097122,0.052615582942962646,0.02790754660964012
1789141090163926000,38.068926025390624,-0.1274649053812027,0.03193271532654762,0.054807692766189575
1789141090173899300,38.078899169921876,-0.16152699291706085,0.02229553461074829,0.005514977499842644
1789141090183871000,38.08887109375,-0.1873933970928192,0.004756166134029627,0.01293702982366085
1789141090193843200,38.09884326171875,-0.19425688683986664,-0.034376323223114014,0.02581634372472763
1789141090203816200,38.10881616210938,-0.19343815743923187,-0.019462181255221367,0.008946109563112259
1789141090213788200,38.1187880859375,-0.1646736115217209,-0.0489545613527298,-0.0688789114356041
1789141090223760100,38.12876000976563,-0.18287836015224457,-0.05739496275782585,-0.04505552351474762
1789141090233733000,38.13873315429687,-0.22036874294281006,-0.07138241827487946,-0.018617521971464157
1789141090243705000,38.148705078125,-0.21842774748802185,-0.07144613564014435,-0.016501812264323235
1789141090253677000,38.15867700195312,-0.24135783314704895,-0.0770166665315628,0.01848040521144867
1789141090263649000,38.16864892578125,-0.1959133744239807,-0.10895821452140808,0.049554429948329926
1789141090273622000,38.1786220703125,-0.19818611443042755,-0.08688513934612274,0.01894538849592209
1789141090283594200,38.18859423828125,-0.2192676067352295,-0.0793011412024498,0.04396533966064453
1789141090293566000,38.19856591796875,-0.2495964914560318,-0.11286043375730515,0.05911500006914139
1789141090303539000,38.2085390625,-0.18260014057159424,-0.08429740369319916,-0.06110594794154167
1789141090313511200,38.21851123046875,-0.15361963212490082,-0.05897420272231102,-0.05446375906467438
1789141090323483000,38.22848291015625,-0.1413564234972,-0.06980261951684952,-0.01136617548763752
1789141090333456100,38.2384560546875,-0.11205285042524338,-0.06551892310380936,0.019520102068781853
1789141090343428000,38.24842797851562,-0.09828562289476395,-0.03270968794822693,0.009424054995179176
1789141090353400000,38.25840014648438,-0.045747581869363785,-0.03919368237257004,0.032399412244558334
1789141090363372000,38.2683720703125,-0.06634660810232162,-0.008559133857488632,0.04556235298514366
1789141090373345000,38.278344970703124,-0.07169530540704727,-0.0649837926030159,0.06047392636537552
1789141090383317000,38.28831689453125,-0.07619889825582504,-0.05191058665513992,0.055088307708501816
1789141090393289200,38.298289306640626,-0.08426667749881744,-0.004833889193832874,0.06940572708845139
1789141090403262200,38.30826220703125,-0.0760984867811203,-0.03437384217977524,0.0742204487323761
1789141090413234000,38.31823388671875,-0.007650455459952354,-0.06654322892427444,0.036416616290807724
1789141090423206100,38.3282060546875,-0.02096012607216835,-0.023382682353258133,0.015065782703459263
1789141090433179100,38.33817919921875,-0.008538610301911831,-0.07710156589746475,0.01074400544166565
1789141090443151000,38.348151123046875,-0.015479984693229198,-0.0628490298986435,0.016366658732295036
1789141090453123000,38.358123046875,-0.017782818526029587,-0.04848287254571915,-0.005410009995102882
1789141090463096000,38.36809594726562,-0.046488117426633835,-0.057869985699653625,-0.0401090532541275
1789141090473068000,38.37806811523438,-0.07075724005699158,-0.04861017316579819,-0.07998163253068924
1789141090483040000,38.3880400390625,-0.08533370494842529,-0.043746329843997955,-0.014349007979035378
1789141090493012200,38.39801220703125,-0.08978809416294098,-0.04690856859087944,0.025795748457312584
1789141090502985000,38.40798486328125,-0.05311184376478195,-0.03253965079784393,0.021708860993385315
1789141090512957200,38.41795727539063,-0.05135548859834671,-0.028757965192198753,0.004822821356356144
1789141090522929200,38.42792919921875,-0.038409776985645294,-0.043811436742544174,0.030346646904945374
1789141090532902000,38.43790185546875,-0.03939887136220932,-0.014120921492576599,0.040283698588609695
1789141090542874000,38.4478740234375,-0.013192215003073215,0.010979117825627327,0.00005221238825470209
1789141090552846000,38.45784619140625,0.013696124777197838,-0.014785632491111755,0.01880752295255661
1789141090562819000,38.467819091796876,0.02312210388481617,0.02826716937124729,0.0011718092719092965
1789141090572791000,38.477791015625,0.04239007085561752,0.018790576606988907,0.009767161682248116
1789141090582763300,38.48776318359375,0.050290532410144806,0.024016976356506348,-0.04917054623365402
1789141090592735000,38.49773486328125,0.016282234340906143,0.0381956472992897,-0.030401654541492462
1789141090602708200,38.507708251953126,0.008873669430613518,0.03113798052072525,-0.04002675786614418
1789141090612680200,38.51768017578125,0.03837376832962036,0.011830328963696957,-0.019722815603017807
1789141090622652200,38.52765209960938,0.046854421496391296,0.04809553921222687,-0.010911120101809502
1789141090632625200,38.53762524414063,0.05008536949753761,0.014821736142039299,-0.016626795753836632
1789141090642597000,38.54759716796875,0.04653005674481392,-0.0408390574157238,0.022848960012197495
1789141090652569000,38.55756909179688,-0.011135636828839779,-0.04704741761088371,0.07570551335811615
1789141090662542000,38.5675419921875,-0.048443857580423355,-0.031152447685599327,0.009354195557534695
1789141090672514300,38.57751440429688,-0.02836335450410843,-0.053037770092487335,0.010756082832813263
1789141090682486000,38.58748608398437,-0.07845865190029144,-0.06026211753487587,0.04613892734050751
1789141090692459000,38.597458984375,-0.04806826263666153,-0.04679504409432411,-0.03409945219755173
1789141090702431200,38.60743115234375,-0.041700463742017746,-0.059027984738349915,-0.06931158900260925
1789141090712403000,38.61740283203125,-0.032312557101249695,-0.05359886214137077,-0.0545789860188961
1789141090722375200,38.62737524414062,-0.0479772686958313,-0.0440029613673687,-0.005358975846320391
1789141090732348200,38.63734814453125,-0.04544806480407715,-0.04100237786769867,0.02275601588189602
1789141090742320000,38.64732006835938,-0.0033418061211705208,-0.020457781851291656,-0.006226538680493832
1789141090752292000,38.6572919921875,0.048354677855968475,-0.043307702988386154,0.028215058147907257
1789141090762265000,38.66726513671875,0.05646480619907379,-0.02045721374452114,0.011353514157235622
1789141090772237000,38.67723706054687,0.02919084206223488,0.02233898639678955,-0.011776040308177471
1789141090782209300,38.68720922851563,0.023221898823976517,0.02372712455689907,0.005662605166435242
1789141090792182300,38.69718237304688,0.05403254181146622,0.03353927657008171,0.009374785237014294
1789141090802154000,38.707154052734374,0.13781805336475372,0.0695648342370987,-0.0343203991651535
1789141090812126200,38.71712622070312,0.16070233285427094,0.10845337808132172,-0.033426642417907715
1789141090822099200,38.72709912109375,0.14386868476867676,0.12133480608463287,0.026454437524080276
1789141090832071200,38.7370712890625,0.15234367549419403,0.12638415396213531,-0.00924577098339796
1789141090842043100,38.747043212890624,0.16584020853042603,0.11310729384422302,0.018869131803512573
1789141090852015000,38.75701513671875,0.2038501799106598,0.13838468492031097,-0.017447862774133682
1789141090861988000,38.76698803710938,0.18940909206867218,0.12604551017284393,0.030918262898921967
1789141090871960000,38.7769599609375,0.17223356664180756,0.12081266939640045,0.07399009168148041
1789141090881932000,38.78693212890625,0.16984763741493225,0.12214208394289017,0.05184084549546242
1789141090891905000,38.79690502929687,0.12640349566936493,0.15076708793640137,0.052428603172302246
1789141090901877200,38.80687719726563,0.14393970370292664,0.09599235653877258,0.09154413640499115
1789141090911849000,38.816848876953124,0.12994106113910675,0.1198074072599411,0.012645061127841473
1789141090921822000,38.826822021484375,0.10228413343429565,0.04813025891780853,0.02053440734744072
1789141090931794200,38.83679418945312,0.056815192103385925,0.04564819484949112,0.0012259562499821186
1789141090941766100,38.84676611328125,0.06348969042301178,0.03197340667247772,-0.024233240634202957
1789141090951739100,38.8567392578125,-0.019037675112485886,0.03839854896068573,-0.02118312381207943
1789141090961711000,38.866711181640625,-0.01629302091896534,-0.024926697835326195,-0.021621478721499443
1789141090971683000,38.87668310546875,-0.05976247042417526,-0.014038363471627235,0.009557744488120079
1789141090981655000,38.886655029296875,-0.08904969692230225,-0.042023152112960815,0.021561238914728165
1789141090991628300,38.89662817382813,-0.1173926591873169,-0.06231644004583359,0.055843841284513474
1789141091001600000,38.90660009765625,-0.11409325897693634,-0.08033248782157898,0.04895903542637825
1789141091011572200,38.916572265625,-0.11938842386007309,-0.07305140793323517,0.006477888207882643
1789141091021545200,38.92654516601562,-0.14680726826190948,-0.05470495671033859,-0.016463911160826683
1789141091031517000,38.936516845703125,-0.14404956996440887,-0.04150073602795601,-0.009088019840419292
1789141091041489200,38.9464892578125,-0.110098697245121,-0.028523042798042297,-0.04864279925823212
1789141091051462100,38.956462158203124,-0.024076199159026146,-0.012844214215874672,-0.116419717669487
1789141091061434000,38.96643408203125,-0.028131570667028427,0.032738298177719116,-0.0964275449514389
1789141091071406000,38.976406005859374,-0.01629941165447235,0.026832204312086105,-0.06614819914102554
1789141091081379000,38.986379150390626,-0.02672772854566574,0.047381363809108734,-0.06633826345205307
1789141091091351000,38.99635107421875,-0.04897604137659073,0.05072842538356781,0.0014791353605687618
1789141091101323000,39.006322998046876,-0.033876895904541016,0.04385358840227127,0.03490482643246651
1789141091111296300,39.01629614257813,-0.032009754329919815,0.03120623528957367,0.013518309220671654
1789141091121268700,39.02626879882813,-0.054935310035943985,0.008562678471207619,-0.00587935745716095
1789141091131241000,39.036240966796875,-0.06874513626098633,0.0021684281527996063,-0.028735671192407608
1789141091141213000,39.046212890625,-0.05383755639195442,-0.015220584347844124,0.020752253010869026
1789141091151185700,39.056185546875,-0.06394532322883606,-0.024085449054837227,-0.021815180778503418
1789141091161158000,39.06615795898438,-0.049337614327669144,-0.04921673238277435,-0.0465996228158474
1789141091171129900,39.0761298828125,-0.10142797231674194,-0.02537691406905651,-0.0386655330657959
1789141091181102800,39.086102783203124,-0.1616383194923401,-0.057453226298093796,-0.011723395437002182
1789141091191074800,39.09607470703125,-0.2046387940645218,-0.09990162402391434,-0.07088738679885864
1789141091201047000,39.10604711914063,-0.168096661567688,-0.12878791987895966,-0.05868176370859146
1789141091211019800,39.116019775390626,-0.17122001945972443,-0.10111154615879059,0.0011647945502772927
1789141091220991700,39.12599169921875,-0.18081557750701904,-0.09962183237075806,-0.008222226053476334
1789141091230964000,39.1359638671875,-0.179495170712471,-0.18527467548847198,0.027508607134222984
1789141091240936700,39.14593676757813,-0.19239632785320282,-0.1808798909187317,0.028210612013936043
1789141091250909000,39.155908935546876,-0.19652928411960602,-0.18394039571285248,0.050973184406757355
1789141091260881000,39.165880859375,-0.16171447932720184,-0.16006235778331757,-0.006906538270413876
1789141091270852900,39.175852783203126,-0.16559523344039917,-0.14742352068424225,0.011942250654101372
1789141091280825900,39.18582592773438,-0.15359549224376678,-0.16603276133537292,0.052253808826208115
1789141091290797800,39.1957978515625,-0.11444861441850662,-0.13810178637504578,0.023866113275289536
1789141091300769800,39.20576977539063,-0.08317353576421738,-0.16397112607955933,0.1082151010632515
1789141091310742800,39.21574267578125,-0.067454494535923,-0.16455915570259094,0.14349904656410217
1789141091320715000,39.22571508789063,-0.0023724185302853584,-0.16214513778686523,0.09834034740924835
1789141091330686700,39.23568676757812,-0.0037255706265568733,-0.12728169560432434,0.04428216814994812
1789141091340660000,39.245659912109375,-0.007243512198328972,-0.14504949748516083,0.05775678902864456
1789141091350632000,39.2556318359375,-0.0047784894704818726,-0.09923434257507324,0.04301273077726364
1789141091360604000,39.26560400390625,0.07040032744407654,-0.08834991604089737,-0.041782133281230927
1789141091370577000,39.27557690429688,0.090391606092453,-0.0776519924402237,-0.0034754909574985504
1789141091380548900,39.285548828125,0.19462916254997253,-0.09519745409488678,0.025227872654795647
1789141091390520800,39.29552075195313,0.1574290692806244,-0.09187276661396027,0.03145647421479225
1789141091400493800,39.30549389648438,0.11902911961078644,-0.1292722076177597,0.09237673133611679
1789141091410466000,39.315466064453126,0.09410086274147034,-0.12515975534915924,0.06890575587749481
1789141091420437800,39.32543774414062,0.13262082636356354,-0.14206314086914062,0.025374529883265495
1789141091430410000,39.33540991210938,0.12316926568746567,-0.12698699533939362,0.0685102790594101
1789141091440383000,39.34538305664063,0.13367126882076263,-0.12556688487529755,-0.0052666496485471725
1789141091450354700,39.355354736328124,0.09715932607650757,-0.13372360169887543,0.009323211386799812
1789141091460327000,39.36532690429687,0.10187116265296936,-0.1105043813586235,0.01595092937350273
1789141091470300000,39.3752998046875,0.13917380571365356,-0.07247470319271088,-0.020800692960619926
1789141091480272000,39.38527197265625,0.15359659492969513,-0.09763231128454208,-0.045731693506240845
1789141091490243800,39.395243896484374,0.14499351382255554,-0.08778314292430878,-0.008699371479451656
1789141091500217000,39.405217041015625,0.17161820828914642,-0.06203635782003403,0.006199942901730537
1789141091510188800,39.41518872070313,0.19133199751377106,-0.03250430151820183,-0.015062202699482441
1789141091520161000,39.4251611328125,0.22095973789691925,-0.029181398451328278,0.005727594718337059
1789141091530133800,39.4351337890625,0.2715323865413666,0.0008553313091397285,-0.02832331694662571
1789141091540105700,39.44510571289062,0.30224138498306274,0.0022011366672813892,0.03001571074128151
1789141091550078000,39.45507788085938,0.3138309121131897,0.046868741512298584,-0.009043540805578232
1789141091560050700,39.46505078125,0.3528954088687897,0.07396157085895538,-0.11078943312168121
1789141091570023000,39.47502294921875,0.35435429215431213,0.06303808093070984,-0.08506783097982407
1789141091579995000,39.48499487304687,0.33282217383384705,0.10842520743608475,-0.06592120975255966
1789141091589966800,39.494966796875,0.34185802936553955,0.11540722101926804,-0.09040151536464691
1789141091599939800,39.50493994140625,0.3439714014530182,0.09253848344087601,-0.08161024749279022
1789141091609911800,39.514911865234374,0.34637758135795593,0.08781829476356506,-0.05320870131254196
1789141091619883800,39.5248837890625,0.32471853494644165,0.10589178651571274,-0.06585507094860077
1789141091629856800,39.53485668945312,0.2805960774421692,0.09407267719507217,-0.0014603666495531797
1789141091639829000,39.5448291015625,0.223027765750885,0.05254137143492699,0.028546180576086044
1789141091649800700,39.55480078125,0.2085723876953125,0.02657182514667511,-0.055805448442697525
1789141091659774000,39.56477392578125,0.20757070183753967,0.01688319817185402,-0.06712371110916138
1789141091669746000,39.57474584960938,0.22220636904239655,0.017283471301198006,-0.04752391204237938
1789141091679718000,39.5847177734375,0.23014889657497406,-0.014469373971223831,-0.08844906836748123
1789141091689691000,39.59469091796875,0.17337137460708618,-0.017422819510102272,-0.1016484946012497
1789141091699662800,39.60466284179687,0.125125452876091,-0.04970153793692589,-0.025194289162755013
1789141091709634800,39.614634765625,0.16166189312934875,-0.047760091722011566,-0.05592823028564453
1789141091719607800,39.62460791015625,0.1193787008523941,-0.038174137473106384,0.004069419112056494
1789141091729580000,39.634580078125,0.0951942652463913,-0.009790699928998947,0.024686546996235847
1789141091739551700,39.6445517578125,0.1291014552116394,0.008199198171496391,-0.02798457071185112
1789141091749524000,39.65452392578125,0.11271902173757553,0.05219462141394615,-0.022790342569351196
1789141091759497000,39.6644970703125,0.15539678931236267,0.07605345547199249,-0.058330390602350235
1789141091769468700,39.67446875,0.19519266486167908,0.11618728935718536,-0.11129400879144669
1789141091779441000,39.68444091796875,0.26012808084487915,0.11074413359165192,-0.07045408338308334
1789141091789414000,39.69441381835937,0.2786538302898407,0.12860755622386932,-0.02188202179968357
1789141091799385900,39.7043857421875,0.32786044478416443,0.1153959333896637,-0.04477544501423836
1789141091809357800,39.71435791015625,0.32431337237358093,0.15985554456710815,-0.027234798297286034
1789141091819330800,39.724330810546874,0.29808852076530457,0.16112202405929565,0.0275875311344862
1789141091829302800,39.734302734375,0.2759518027305603,0.19287090003490448,0.06771843880414963
1789141091839275000,39.74427490234375,0.32427531480789185,0.20239867269992828,0.008731992915272713
1789141091849248000,39.754248046875,0.30019205808639526,0.22471223771572113,0.07534457743167877
1789141091859219700,39.7642197265625,0.3249219059944153,0.19436129927635193,0.06306421756744385
1789141091869192000,39.77419189453125,0.34712228178977966,0.20732556283473969,0.07480396330356598
1789141091879165000,39.7841650390625,0.31502392888069153,0.26662886142730713,0.04256390407681465
1789141091889137000,39.794136962890626,0.32049059867858887,0.23129083216190338,0.07242006808519363
1789141091899108900,39.80410888671875,0.31349143385887146,0.20942054688930511,0.09456469118595123
1789141091909080800,39.814080810546876,0.32230037450790405,0.21117237210273743,0.05599253252148628
1789141091919053800,39.8240537109375,0.2912066578865051,0.20405836403369904,0.018173517659306526
1789141091929025800,39.83402587890625,0.2993106544017792,0.13838641345500946,0.04841557517647743
1789141091938997800,39.84399780273438,0.23623810708522797,0.1501735895872116,0.009513108991086483
1789141091948970800,39.853970703125,0.2170039564371109,0.1520465910434723,-0.04981866106390953
1789141091958943000,39.86394287109375,0.15608851611614227,0.1506110578775406,-0.01470373384654522
1789141091968914700,39.87391479492187,0.15016351640224457,0.15850840508937836,-0.04504220187664032
1789141091978887700,39.8838876953125,0.11008337140083313,0.17147190868854523,-0.11043088138103485
1789141091988860000,39.89385986328125,0.1126575917005539,0.12674465775489807,-0.019846387207508087
1789141091998831900,39.903831787109375,0.10511655360460281,0.10750553011894226,0.09368818998336792
1789141092008804900,39.91380493164063,0.1497332900762558,0.10492759197950363,0.10403882712125778
1789141092018776800,39.92377685546875,0.18237657845020294,0.11145223677158356,0.1668117344379425
1789141092028748800,39.93374877929688,0.1799754798412323,0.1672944724559784,0.1537715643644333
1789141092038721800,39.9437216796875,0.1655430793762207,0.1671040654182434,0.1193218007683754
1789141092048694000,39.953694091796876,0.10683529078960419,0.20200718939304352,0.057571619749069214
1789141092058665700,39.96366577148437,0.10838782787322998,0.211653470993042,0.009274828247725964
1789141092068638700,39.973638671875,0.18147589266300201,0.29837799072265625,-0.11656911671161652
1789141092078611000,39.98361083984375,0.3338142931461334,0.3036574721336365,-0.065482497215271
1789141092088582700,39.993582763671874,0.3980715870857239,0.3321181535720825,0.01802118681371212
1789141092098555000,40.00355493164062,0.4282609820365906,0.3266255855560303,0.028083516284823418
1789141092108527900,40.01352783203125,0.31260761618614197,0.29109102487564087,0.19196486473083496
1789141092118499800,40.023499755859376,0.23892459273338318,0.30733028054237366,0.2540165185928345
1789141092128470800,40.033470703125,0.20563428103923798,0.3085121810436249,0.2769159972667694
1789141092138444000,40.04344409179687,0.17022092640399933,0.3026421368122101,0.28415441513061523
1789141092148416000,40.053416015625,0.1427733302116394,0.2660156786441803,0.20755551755428314
1789141092158388000,40.06338793945312,0.0681990459561348,0.2443808615207672,0.08875145763158798
1789141092168361000,40.07336083984375,0.059176523238420486,0.25521939992904663,-0.10381240397691727
1789141092178333000,40.0833330078125,0.07357373833656311,0.28066757321357727,-0.1852647215127945
1789141092188305000,40.093304931640624,0.19474515318870544,0.2865246534347534,-0.11683080345392227
1789141092198278000,40.10327783203125,0.2016664743423462,0.29431721568107605,-0.01714017242193222
1789141092208250000,40.11325,0.16461044549942017,0.2698904275894165,0.07649257779121399
1789141092218221800,40.123221923828126,0.055619869381189346,0.22771067917346954,0.014245802536606789
1789141092228195000,40.13319506835938,-0.012817777693271637,0.21684391796588898,0.03872717544436455
1789141092238167000,40.1431669921875,-0.023273613303899765,0.25521013140678406,0.010794077068567276
1789141092248139000,40.15313891601563,0.046406131237745285,0.25025689601898193,0.03537798300385475
1789141092258111000,40.163111083984376,0.046485498547554016,0.24511797726154327,0.030468178912997246
1789141092268084000,40.173083984375,0.014960328117012978,0.19397276639938354,0.06273716688156128
1789141092278056000,40.18305590820312,-0.06424635648727417,0.16881172358989716,0.09818492084741592
1789141092288028000,40.19302783203125,-0.08311272412538528,0.1656646728515625,0.10019214451313019
1789141092298001200,40.20300122070312,-0.07532084733247757,0.198093444108963,0.07035142928361893
1789141092307972900,40.212972900390625,-0.0717460885643959,0.18082843720912933,0.07214613258838654
1789141092317945000,40.22294506835937,-0.02457723766565323,0.15352560579776764,0.10851851105690002
1789141092327918000,40.23291796875,-0.035334546118974686,0.16501235961914062,0.13583189249038696
1789141092337889800,40.24288989257813,-0.06171225383877754,0.137917160987854,0.07657583802938461
1789141092347862000,40.252862060546875,-0.07837805896997452,0.10536961257457733,0.039044711738824844
1789141092357835000,40.2628349609375,-0.07580623775720596,0.15255479514598846,-0.03536241129040718
1789141092367807000,40.27280688476562,-0.08869993686676025,0.1553409993648529,-0.08935746550559998
1789141092377779000,40.28277905273438,-0.09706296771764755,0.2017175555229187,-0.17337371408939362
1789141092387752000,40.292751953125,-0.0976581797003746,0.1583130955696106,-0.056112878024578094
1789141092397724000,40.302723876953124,-0.12027154862880707,0.1774737536907196,-0.07600631564855576
1789141092407696100,40.31269604492188,-0.09928876906633377,0.15578337013721466,-0.05491328239440918
1789141092417669000,40.32266918945312,-0.06451614201068878,0.17933131754398346,-0.0594121590256691
1789141092427640800,40.332640869140626,-0.06734389066696167,0.1890566498041153,0.01898038387298584
1789141092437613000,40.34261303710937,-0.08357042074203491,0.20127703249454498,0.009542210027575493
1789141092447584800,40.352584716796876,-0.08360663801431656,0.2119472473859787,0.0024936217814683914
1789141092457558000,40.36255810546875,-0.07202880829572678,0.2519223988056183,0.03262303024530411
1789141092467530000,40.372530029296875,-0.06556638330221176,0.2117598056793213,0.11046962440013885
1789141092477502000,40.382501953125,-0.0916128158569336,0.18916212022304535,0.12655042111873627
1789141092487475000,40.39247485351562,-0.0514342375099659,0.1803382784128189,0.13532234728336334
1789141092497447000,40.40244702148438,-0.03447593003511429,0.1457032412290573,0.17170600593090057
1789141092507419000,40.4124189453125,-0.07833287119865417,0.16487161815166473,0.13764816522598267
1789141092517392000,40.422391845703125,-0.1644449532032013,0.13872791826725006,0.11627089232206345
1789141092527364000,40.43236401367187,-0.22349894046783447,0.13285377621650696,0.08554493635892868
1789141092537335800,40.442335693359375,-0.19833090901374817,0.10730145871639252,0.06569886952638626
1789141092547308800,40.45230883789063,-0.16871203482151031,0.09344396740198135,-0.012056108564138412
1789141092557281000,40.462281005859374,-0.17992429435253143,0.09250166267156601,-0.14029432833194733
1789141092567253000,40.4722529296875,-0.28595805168151855,0.0911535695195198,-0.16295836865901947
1789141092577226000,40.48222607421875,-0.33212724328041077,0.050713323056697845,-0.0631285235285759
1789141092587198000,40.492197998046876,-0.3294539451599121,-0.005626647267490625,-0.03462604060769081
1789141092597170000,40.502169921875,-0.3044900894165039,-0.019619539380073547,-0.010749289765954018
1789141092607143000,40.51214282226562,-0.30383390188217163,-0.023214805871248245,0.07885675877332687
1789141092617115100,40.522115234375,-0.30375900864601135,-0.030263449996709824,0.08041852712631226
1789141092627086800,40.5320869140625,-0.30440056324005127,-0.025019418448209763,0.08711078763008118
1789141092637059000,40.54205908203125,-0.4280567765235901,-0.04725376516580582,0.16615118086338043
1789141092647032000,40.55203198242187,-0.40656906366348267,-0.049768052995204926,0.12183085083961487
1789141092657003800,40.562003662109376,-0.35628461837768555,-0.03580959513783455,0.03390313684940338
1789141092666976000,40.57197607421875,-0.3083743453025818,-0.05053847283124924,0.008439322002232075
1789141092676949000,40.581948974609375,-0.31536391377449036,-0.03982052579522133,0.00007504201494157314
1789141092686921000,40.5919208984375,-0.2712648808956146,-0.06132794916629791,0.016917672008275986
1789141092696893000,40.601892822265626,-0.2665104269981384,-0.005868424661457539,-0.08254535496234894
1789141092706866000,40.61186596679688,-0.2684188485145569,-0.013110624626278877,-0.09874695539474487
1789141092716838000,40.621837890625,-0.23663800954818726,-0.025928255170583725,-0.06646198779344559
1789141092726809900,40.63180981445313,-0.28153279423713684,-0.0034069670364260674,-0.05678379908204079
1789141092736783000,40.641783203125,-0.24808304011821747,-0.004206126555800438,-0.08233079314231873
1789141092746754800,40.6517548828125,-0.30617964267730713,-0.021695638075470924,-0.047311294823884964
1789141092756727000,40.66172705078125,-0.3077544569969177,-0.04280668497085571,-0.03236491233110428
1789141092766700000,40.671699951171874,-0.2789510190486908,-0.029307657852768898,-0.06089003011584282
1789141092776672000,40.68167211914062,-0.24090474843978882,-0.01758302003145218,-0.0809805765748024
1789141092786644000,40.69164404296875,-0.24250797927379608,-0.010749880224466324,-0.029260922223329544
1789141092796617000,40.701616943359376,-0.26685935258865356,-0.030661270022392273,0.017324157059192657
1789141092806589000,40.7115888671875,-0.28047478199005127,-0.061610132455825806,0.0589352510869503
1789141092816561000,40.72156079101563,-0.26849696040153503,-0.05544564500451088,0.13751794397830963
1789141092826534100,40.7315341796875,-0.28328096866607666,-0.05562381073832512,0.1635468751192093
1789141092836505900,40.741505859375,-0.22869442403316498,-0.1014997586607933,0.054066192358732224
1789141092846478000,40.75147802734375,-0.2589236795902252,-0.1055898442864418,0.016567552462220192
1789141092856450000,40.761449951171876,-0.3171192705631256,-0.08935905247926712,-0.04312710464000702
1789141092866422800,40.7714228515625,-0.3745298385620117,-0.1300196796655655,-0.04365520924329758
1789141092876395000,40.78139501953125,-0.37472259998321533,-0.1795976161956787,-0.023355159908533096
1789141092886367000,40.79136694335938,-0.4160471260547638,-0.18512500822544098,0.005575026385486126
1789141092896340000,40.80134008789062,-0.3898508846759796,-0.22572295367717743,0.058712784200906754
1789141092906312000,40.81131201171875,-0.4287237226963043,-0.2014719396829605,0.10775382816791534
1789141092916284200,40.8212841796875,-0.3997688591480255,-0.21855126321315765,0.09561478346586227
1789141092926257000,40.8312568359375,-0.38901183009147644,-0.19914960861206055,0.11263743788003922
1789141092936228900,40.84122875976563,-0.3978068232536316,-0.1855112910270691,0.017494235187768936
1789141092946200800,40.851200927734375,-0.38156312704086304,-0.2115814983844757,-0.02629186026751995
1789141092956173800,40.861173828125,-0.38141968846321106,-0.170940101146698,-0.011343871243298054
1789141092966146000,40.87114599609375,-0.29980605840682983,-0.1271452158689499,0.006888395640999079
1789141092976117800,40.88111767578125,-0.2222270965576172,-0.09982485324144363,-0.0746493712067604
1789141092986091000,40.89109106445313,-0.15198755264282227,-0.11361736804246902,-0.056098051369190216
1789141092996063000,40.90106298828125,-0.19463711977005005,-0.098729707300663,-0.006896491162478924
1789141093006035000,40.91103491210937,-0.20361889898777008,-0.1260598599910736,-0.051530007272958755
1789141093016008000,40.92100805664062,-0.22856783866882324,-0.13776856660842896,-0.09232448041439056
1789141093025980000,40.93097998046875,-0.24952903389930725,-0.16117483377456665,-0.051145344972610474
1789141093035951900,40.940951904296874,-0.19169379770755768,-0.15541887283325195,-0.10186214745044708
1789141093045924900,40.9509248046875,-0.19548986852169037,-0.12201165407896042,-0.17476831376552582
1789141093055897000,40.96089697265625,-0.1706731915473938,-0.10610292851924896,-0.1878577470779419
1789141093065868800,40.970868896484376,-0.15694034099578857,-0.13227994740009308,-0.13451676070690155
1789141093075841000,40.980841064453124,-0.1050599068403244,-0.14764496684074402,-0.07609164714813232
1789141093085814000,40.99081396484375,-0.10088513046503067,-0.14585503935813904,-0.045162223279476166
1789141093095786000,41.00078588867188,-0.12605999410152435,-0.20185138285160065,0.03425217419862747
1789141093105758000,41.010758056640626,-0.1263633370399475,-0.1927500218153,0.041733525693416595
1789141093115731000,41.02073095703125,-0.15084058046340942,-0.17260117828845978,0.07118643075227737
1789141093125703700,41.03070361328125,-0.15073858201503754,-0.16229873895645142,0.10978016257286072
1789141093135675400,41.04067529296875,-0.12006212025880814,-0.19063402712345123,0.13448841869831085
1789141093145648400,41.0506484375,-0.11475550383329391,-0.19365724921226501,0.10954976826906204
1789141093155620600,41.06062060546875,-0.0959320068359375,-0.22147919237613678,0.10748395323753357
1789141093165592300,41.07059228515625,-0.03607720136642456,-0.1725502610206604,-0.005957386456429958
1789141093175565600,41.080565673828126,-0.08050903677940369,-0.17370837926864624,-0.020717591047286987
1789141093185537500,41.09053759765625,-0.11071780323982239,-0.1724758744239807,-0.0354752317070961
1789141093195509500,41.100509521484376,-0.08376049250364304,-0.18436188995838165,-0.10035542398691177
1789141093205482500,41.110482421875,-0.0615321546792984,-0.14924705028533936,-0.13695789873600006
1789141093215454500,41.12045434570312,-0.06181001663208008,-0.14643166959285736,-0.08379410952329636
1789141093225426400,41.13042651367188,-0.044103723019361496,-0.16008463501930237,-0.033842261880636215
1789141093235399400,41.1403994140625,0.030600085854530334,-0.12219017744064331,-0.11762291193008423
1789141093245371600,41.15037158203125,0.010734767653048038,-0.11880370229482651,-0.06313943862915039
1789141093255343400,41.16034326171875,-0.023384083062410355,-0.1402464359998703,-0.026161421090364456
1789141093265316600,41.170316650390625,-0.020619988441467285,-0.11833793669939041,-0.014267212711274624
1789141093275288600,41.18028857421875,-0.027930699288845062,-0.08679331094026566,0.002454670611768961
1789141093285260500,41.190260498046875,0.03241999074816704,-0.0794065073132515,-0.018192550167441368
1789141093295232500,41.200232421875,0.0634579136967659,-0.06183476001024246,-0.0138201043009758
1789141093305205500,41.21020556640625,0.0735425055027008,-0.025256507098674774,0.032850462943315506
1789141093315177500,41.22017749023438,0.145315483212471,-0.03687461465597153,0.06133563444018364
1789141093325149400,41.2301494140625,0.18028013408184052,-0.044444918632507324,0.11831290274858475
1789141093335122700,41.240122802734376,0.22242003679275513,-0.0451606847345829,0.10836590826511383
1789141093345094400,41.25009448242187,0.20271582901477814,-0.014524745754897594,0.11491036415100098
1789141093355066600,41.26006665039063,0.15047766268253326,-0.0152348717674613,0.12082232534885406
1789141093365039400,41.270039306640626,0.14785417914390564,-0.008297869935631752,0.09202396869659424
1789141093375011300,41.28001123046875,0.12790799140930176,-0.023017583414912224,0.1588480919599533
1789141093384983600,41.28998364257812,0.16354666650295258,0.018480591475963593,0.1256459355354309
1789141093394956300,41.29995629882813,0.1803450882434845,0.01356929074972868,0.09899594634771347
1789141093404928500,41.309928466796876,0.21519175171852112,0.01882530376315117,0.12075290828943253
1789141093414900500,41.319900390625,0.21860399842262268,0.058548033237457275,0.05950995162129402
1789141093424873500,41.32987353515625,0.19043734669685364,0.04293525218963623,0.06427834182977676
1789141093434845400,41.33984545898438,0.16916604340076447,0.004883594810962677,0.10815435647964478
1789141093444817700,41.349817626953126,0.1316266655921936,0.04797886684536934,0.058453649282455444
1789141093454790400,41.359790283203125,0.12618067860603333,0.015081726014614105,0.11108960956335068
1789141093464762400,41.36976245117187,0.11450137943029404,-0.01682906784117222,0.2155877947807312
1789141093474734600,41.37973461914063,0.1594802290201187,-0.015846241265535355,0.17172543704509735
1789141093484707300,41.38970727539063,0.1440059244632721,-0.0199578944593668,0.1474006623029709
1789141093494679600,41.399679443359375,0.12793798744678497,-0.02467108517885208,0.1345123052597046
1789141093504651500,41.40965161132812,0.11241522431373596,-0.039619941264390945,0.054335977882146835
1789141093514624300,41.41962426757812,0.08988548815250397,-0.028540775179862976,0.03235488012433052
1789141093524596500,41.42959643554688,0.11737170815467834,-0.007238949649035931,0.03435864299535751
1789141093534568400,41.439568359375,0.14537480473518372,-0.033684391528367996,0.07193412631750107
1789141093544541400,41.44954150390625,0.22367146611213684,-0.03904879838228226,0.0900992825627327
1789141093554513400,41.45951342773437,0.20322655141353607,0.018046269193291664,0.06898139417171478
1789141093564485600,41.46948559570313,0.098422110080719,-0.03516315668821335,0.14125347137451172
1789141093574457300,41.47945727539062,0.060937754809856415,-0.023953989148139954,0.05317012593150139
1789141093584430300,41.489430419921874,0.031508225947618484,-0.010241106152534485,0.002173253335058689
1789141093594402600,41.49940258789063,0.04997739568352699,-0.03613781929016113,-0.04105257987976074
1789141093604374500,41.50937451171875,0.06748554855585098,-0.06030627340078354,-0.0684698224067688
1789141093614347500,41.519347412109376,0.06214328110218048,-0.09030871838331223,-0.0630447193980217
1789141093624319500,41.52931958007812,-0.00745523814111948,-0.07632845640182495,-0.06508656591176987
1789141093634291500,41.53929150390625,-0.03955085575580597,-0.04303361847996712,-0.08900761604309082
1789141093644264400,41.54926440429688,-0.08548904955387115,-0.07154142111539841,-0.05715833604335785
1789141093654236700,41.559236572265625,-0.06763388961553574,-0.08474351465702057,-0.08714473247528076
1789141093664208400,41.56920849609375,-0.07626679539680481,-0.06103179603815079,-0.10999971628189087
1789141093674181400,41.57918139648437,-0.05521760880947113,-0.028864260762929916,-0.12194523960351944
1789141093684153600,41.58915356445313,-0.029921039938926697,-0.01679268479347229,-0.10738413780927658
1789141093694125300,41.59912524414062,0.005616005510091782,0.032670583575963974,-0.1864093542098999
1789141093704098600,41.6090986328125,-0.0032414020970463753,0.04737149924039841,-0.1977062225341797
1789141093714070500,41.61907055664062,0.023828905075788498,0.05902291089296341,-0.22245754301548004
1789141093724042500,41.62904248046875,0.022485874593257904,0.0809929221868515,-0.23302149772644043
1789141093734015500,41.63901538085938,-0.00744740292429924,0.0893782302737236,-0.1848526895046234
1789141093743987500,41.648987548828124,0.04989684373140335,0.043841902166604996,-0.15486522018909454
1789141093753959400,41.65895947265625,0.08152316510677338,0.07346415519714355,-0.1335102617740631
1789141093763932400,41.66893237304687,0.06320993602275848,0.03581397607922554,-0.01614394783973694
1789141093773904600,41.678904541015626,-0.005928448401391506,-0.004464388359338045,0.012253761291503906
1789141093783876400,41.68887646484375,-0.02372448891401291,-0.016738366335630417,-0.08473137766122818
1789141093793848600,41.6988486328125,-0.10426078736782074,-0.03516969084739685,-0.06983384490013123
1789141093803821600,41.70882153320313,-0.15299662947654724,-0.09021883457899094,-0.08749619126319885
1789141093813793500,41.71879345703125,-0.18310563266277313,-0.10198595374822617,-0.10981381684541702
1789141093823765500,41.728765625,-0.1631534844636917,-0.13154330849647522,-0.04717147722840309
1789141093833738500,41.73873852539062,-0.16917754709720612,-0.1270948052406311,-0.013509130105376244
1789141093843710500,41.74871044921875,-0.12495310604572296,-0.18082435429096222,0.05427337810397148
1789141093853682400,41.758682373046874,-0.16250671446323395,-0.18583877384662628,0.11131422221660614
1789141093863655700,41.76865576171875,-0.16832411289215088,-0.2494361251592636,0.10959355533123016
1789141093873627400,41.77862744140625,-0.21547412872314453,-0.21765188872814178,0.12614554166793823
1789141093883599600,41.788599609375,-0.23693522810935974,-0.19995944201946259,0.025362202897667885
1789141093893572600,41.79857250976563,-0.3032248616218567,-0.2205076962709427,0.04896678030490875
1789141093903544300,41.80854443359375,-0.18235357105731964,-0.25044935941696167,0.02054525725543499
1789141093913516500,41.8185166015625,-0.16366107761859894,-0.19791217148303986,-0.0617552287876606
1789141093923489500,41.82848950195312,-0.15558984875679016,-0.21753594279289246,-0.0011917472584173083
1789141093933461500,41.83846142578125,-0.17086954414844513,-0.16987912356853485,-0.03745263069868088
1789141093943433500,41.84843359375,-0.07115840911865234,-0.2055702805519104,-0.1013202965259552
1789141093953406500,41.858406494140624,-0.019851308315992355,-0.14358565211296082,-0.059641800820827484
1789141093963378400,41.86837841796875,-0.02576965093612671,-0.07348513603210449,-0.060251928865909576
1789141093973350400,41.878350341796875,-0.0136646693572402,-0.07975771278142929,-0.03640538454055786
1789141093983323600,41.88832373046875,-0.0458415150642395,-0.13441430032253265,0.09164658933877945
1789141093993295400,41.89829541015625,0.04153263196349144,-0.10241204500198364,0.042743582278490067
1789141094003267600,41.908267578125,0.003731989301741123,-0.09019666165113449,0.09103121608495712
1789141094013240600,41.91824047851563,0.056502800434827805,-0.1213558092713356,0.03027997724711895
1789141094023212500,41.928212646484376,0.03322996571660042,-0.11126002669334412,-0.038293492048978806
1789141094033184500,41.9381845703125,0.0008726129308342934,-0.09134269505739212,-0.077395498752594
1789141094043156500,41.948156494140626,0.0059382114559412,-0.11124955862760544,-0.09338724613189697
1789141094053129500,41.95812939453125,0.028260409832000732,-0.14893199503421783,-0.10548379272222519
1789141094063101400,41.96810131835937,0.0634080097079277,-0.10069867968559265,-0.090591661632061
1789141094073073400,41.97807348632813,0.03141890838742256,-0.1442004144191742,0.024649986997246742
1789141094083046400,41.98804638671875,0.06168866530060768,-0.18868638575077057,-0.026599617674946785
1789141094093018600,41.9980185546875,0.05497543513774872,-0.1320769190788269,-0.12969526648521423
1789141094102990300,42.007990234375,0.013947308994829655,-0.12405627220869064,-0.1231369748711586
1789141094112963300,42.01796337890625,-0.06494974344968796,-0.1613495945930481,-0.06329715251922607
1789141094122935000,42.02793505859375,-0.030325716361403465,-0.15848588943481445,-0.09528917819261551
1789141094132907300,42.0379072265625,0.05099543556571007,-0.1489817500114441,-0.12704826891422272
1789141094142880300,42.04788037109375,0.07050228863954544,-0.16022534668445587,0.02565552107989788
1789141094152852000,42.05785205078125,0.11198583990335464,-0.12094983458518982,0.12680262327194214
1789141094162824200,42.06782421875,0.16357074677944183,-0.11244209855794907,0.14666049182415009
1789141094172797200,42.07779711914063,0.158493310213089,-0.0663875937461853,0.08333815634250641
1789141094182769200,42.08776904296875,0.08832648396492004,-0.06339952349662781,0.10670207440853119
1789141094192741000,42.0977412109375,0.06703958660364151,-0.05489902198314667,0.09639563411474228
1789141094202714000,42.10771411132812,0.12763448059558868,-0.02938753552734852,0.046856839209795
1789141094212686000,42.11768603515625,0.2217886745929718,-0.0008127817418426275,0.017102675512433052
1789141094222658000,42.12765795898437,0.27232614159584045,-0.018713485449552536,0.08503299206495285
1789141094232631300,42.13763134765625,0.2936971187591553,0.005929700098931789,0.06832742691040039
1789141094242603000,42.14760302734375,0.2903234362602234,0.03647748753428459,0.049406200647354126
1789141094252575200,42.1575751953125,0.2791100740432739,0.08725500851869583,-0.020830221474170685
1789141094262548200,42.16754833984375,0.21435986459255219,0.1193450316786766,-0.08420094102621078
1789141094272520200,42.17752026367187,0.20333920419216156,0.13386787474155426,-0.08968787640333176
1789141094282492200,42.1874921875,0.25596457719802856,0.12316836416721344,-0.020722124725580215
1789141094292464000,42.197464111328124,0.31552016735076904,0.1483023315668106,0.02772246114909649
1789141094302437000,42.20743701171875,0.3734321892261505,0.14139515161514282,0.06313637644052505
1789141094312409000,42.2174091796875,0.39552006125450134,0.12842611968517303,0.1514240950345993
1789141094322381000,42.227381103515626,0.3640199303627014,0.1424897313117981,0.19419018924236298
1789141094332354000,42.23735400390625,0.2824426293373108,0.13994348049163818,0.16037212312221527
1789141094342326300,42.247326171875,0.21208137273788452,0.12819361686706543,0.08918129652738571
1789141094352298000,42.25729809570313,0.18924656510353088,0.10823704302310944,0.11307082325220108
1789141094362271000,42.26727099609375,0.2585681080818176,0.08318708837032318,0.12751634418964386
1789141094372243200,42.2772431640625,0.3197159767150879,0.050060372799634933,0.1286030113697052
1789141094382215000,42.28721484375,0.34823256731033325,0.040860481560230255,0.11752372235059738
1789141094392188200,42.297188232421874,0.29709699749946594,0.036603301763534546,0.12954452633857727
1789141094402160000,42.30716015625,0.19086912274360657,0.08422142267227173,0.0604884997010231
1789141094412132000,42.317132080078125,0.11112716048955917,0.055457476526498795,0.08841492980718613
1789141094422105000,42.32710498046875,0.0670292004942894,0.09227461367845535,0.027039453387260437
1789141094432077000,42.3370771484375,0.06313752382993698,0.07189514487981796,0.006842044647783041
1789141094442049000,42.34704907226563,0.10854335129261017,0.10017018765211105,-0.0366380549967289
1789141094452022000,42.35702197265625,0.1784728318452835,0.09929919242858887,-0.02088581956923008
1789141094461994200,42.366994140625,0.2410413920879364,0.10924290120601654,-0.008112233132123947
1789141094471966000,42.37696606445313,0.24376292526721954,0.14848868548870087,-0.027556385844945908
1789141094481939200,42.38693920898437,0.19788570702075958,0.18936261534690857,-0.0709691122174263
1789141094491911200,42.3969111328125,0.1506773978471756,0.17913483083248138,-0.054355621337890625
1789141094501883100,42.40688305664062,0.15203747153282166,0.1778663694858551,-0.0186503566801548
1789141094511856000,42.416856201171875,0.16157808899879456,0.19731584191322327,0.017056317999958992
1789141094521828000,42.426828125,0.2101014256477356,0.20297053456306458,-0.03362816199660301
1789141094531800000,42.436800048828125,0.21554410457611084,0.17010177671909332,0.05835476890206337
1789141094541772000,42.44677197265625,0.17824679613113403,0.20098058879375458,0.08460527658462524
1789141094551745300,42.456745361328124,0.15236158668994904,0.2208617776632309,0.017230413854122162
1789141094561717000,42.46671704101563,0.14788773655891418,0.2431228756904602,-0.0734504908323288
1789141094571689200,42.476689208984375,0.17867130041122437,0.2176404595375061,-0.09075028449296951
1789141094581662200,42.486662109375,0.1548498570919037,0.20187906920909882,-0.1189451739192009
1789141094591634000,42.49663403320312,0.1438097506761551,0.15983611345291138,-0.07361606508493423
1789141094601606100,42.50660620117188,0.11669929325580597,0.16730734705924988,-0.055009882897138596
1789141094611579100,42.5165791015625,0.0898645743727684,0.1482073962688446,-0.02610570378601551
1789141094621551000,42.526551025390624,0.021226121112704277,0.11313702911138535,0.01836455799639225
1789141094631523000,42.53652319335937,0.010132437571883202,0.0857383981347084,0.047250550240278244
1789141094641496000,42.54649609375,-0.04407593607902527,0.0978374034166336,0.021221881732344627
1789141094651468000,42.556468017578126,-0.004179106093943119,0.04131673648953438,0.029996981844305992
1789141094661440300,42.566440185546874,-0.03682732954621315,0.05890478193759918,-0.0016930371057242155
1789141094671413200,42.576413330078125,-0.04505676403641701,0.004932896699756384,0.03418347239494324
1789141094681385000,42.58638500976563,-0.07263859361410141,0.027645930647850037,0.017625533044338226
1789141094691357200,42.596357177734376,-0.09125924110412598,0.028564445674419403,0.011984341777861118
1789141094701330200,42.606330078125,-0.09368991106748581,0.06303693354129791,-0.0015152214327827096
1789141094711302100,42.61630224609375,-0.04997535049915314,0.07242971658706665,-0.07267587631940842
1789141094721274000,42.62627416992188,-0.013184048235416412,0.08747044950723648,-0.12507197260856628
1789141094731247000,42.6362470703125,0.003653510008007288,0.09665104001760483,-0.11746330559253693
1789141094741219000,42.646218994140625,0.006894310470670462,0.09744732081890106,-0.08974006026983261
1789141094751191000,42.65619091796875,0.03053414076566696,0.10604339838027954,-0.12412122637033463
1789141094761163000,42.6661630859375,0.06781759858131409,0.1249166950583458,-0.12633004784584045
1789141094771136000,42.67613598632813,0.0803941935300827,0.13022178411483765,-0.08123757690191269
1789141094781108200,42.686108154296875,0.07055646926164627,0.1384994238615036,-0.027910171076655388
1789141094791080000,42.69607983398438,0.04729127138853073,0.1084202453494072,0.01614854857325554
1789141094801053000,42.70605297851562,0.04487205669283867,0.1104932501912117,0.04882260411977768
1789141094811025200,42.71602514648438,-0.024101506918668747,0.12327124923467636,0.1060653030872345
1789141094820997000,42.7259970703125,-0.03129923343658447,0.07219741493463516,0.1060413345694542
1789141094830970000,42.73597021484375,-0.05252533406019211,0.09821917116641998,0.0019216713262721896
1789141094840942000,42.74594213867187,-0.06316199898719788,0.06701863557100296,-0.02255224622786045
1789141094850914000,42.7559140625,-0.10706589370965958,0.04944213107228279,-0.04701827093958855
1789141094860887000,42.765886962890626,-0.12859994173049927,-0.02933417446911335,-0.03781518712639809
1789141094870859300,42.775859375,-0.13196194171905518,-0.025988975539803505,-0.013346310704946518
1789141094880831000,42.7858310546875,-0.15151673555374146,-0.0434822142124176,0.007774420082569122
1789141094890804000,42.79580395507813,-0.21804212033748627,-0.0434572733938694,0.017718477174639702
1789141094900776200,42.805776123046876,-0.22798343002796173,-0.05012529715895653,0.011774301528930664
1789141094910748000,42.81574780273438,-0.23640373349189758,-0.055892691016197205,-0.0019305013120174408
1789141094920721200,42.82572119140625,-0.298013299703598,-0.07896871119737625,0.05705505609512329
1789141094930693000,42.83569311523438,-0.3068732023239136,-0.05154269561171532,0.014597524888813496
1789141094940665000,42.8456650390625,-0.27072054147720337,-0.07063036412000656,-0.023149318993091583
1789141094950638000,42.85563818359375,-0.27536657452583313,-0.1110362708568573,0.04368172958493233
1789141094960610000,42.86561010742187,-0.23130618035793304,-0.05181049555540085,-0.016039393842220306
1789141094970582000,42.87558203125,-0.1700296849012375,-0.053936392068862915,-0.029826225712895393
1789141094980555000,42.88555493164063,-0.19751670956611633,-0.014036910608410835,0.035757314413785934
1789141094990527200,42.89552734375,-0.1891450434923172,-0.002617508638650179,0.034602824598550797
1789141095000499000,42.9054990234375,-0.16631056368350983,-0.016586586833000183,0.038087837398052216
1789141095010471200,42.91547119140625,-0.1632382571697235,-0.02625122293829918,0.05051077529788017
1789141095020444200,42.92544409179688,-0.166432186961174,-0.02108735218644142,0.05668451637029648
1789141095030416100,42.935416015625,-0.1555667519569397,-0.04745534062385559,0.06484789401292801
1789141095040388000,42.94538818359375,-0.19812887907028198,-0.033169347792863846,0.056423790752887726
1789141095050361000,42.95536108398438,-0.19762495160102844,-0.04380772262811661,0.041245754808187485
1789141095060333000,42.9653330078125,-0.2195638120174408,-0.05133168399333954,0.010154150426387787
1789141095070305000,42.97530493164062,-0.23668771982192993,-0.03580218181014061,-0.021849434822797775
1789141095080278300,42.9852783203125,-0.23202745616436005,-0.01996835693717003,0.006541193462908268
1789141095090250000,42.99525,-0.2395646572113037,-0.01797723025083542,0.018269319087266922
1789141095100222200,43.00522216796875,-0.19179873168468475,-0.055568281561136246,0.01314300112426281
1789141095110195200,43.0151953125,-0.1509840190410614,-0.05126292258501053,0.027379117906093597
1789141095120167000,43.0251669921875,-0.17045332491397858,-0.026667563244700432,0.04702232778072357
1789141095130139100,43.03513916015625,-0.19664771854877472,-0.044992394745349884,0.0340835265815258
1789141095140112100,43.04511206054688,-0.22486844658851624,-0.06225180625915527,0.03885883837938309
1789141095150084000,43.055083984375,-0.2556018531322479,-0.07309753447771072,0.03865402564406395
1789141095160056000,43.06505615234375,-0.2453470677137375,-0.10215900838375092,0.06165175512433052
1789141095170029000,43.07502905273437,-0.17751619219779968,-0.11170153319835663,0.008778072893619537
1789141095180001000,43.0850009765625,-0.19619852304458618,-0.1496848613023758,0.01077624224126339
1789141095189973000,43.09497290039062,-0.2559228539466858,-0.15627984702587128,0.006749797612428665
1789141095199946200,43.1049462890625,-0.2923620939254761,-0.19129295647144318,0.06088893115520477
1789141095209918000,43.11491796875,-0.31758567690849304,-0.1833101063966751,0.04632651433348656
1789141095219890200,43.12489013671875,-0.2977107763290405,-0.19198986887931824,-0.016206368803977966
1789141095229862100,43.13486206054687,-0.31791386008262634,-0.18664686381816864,0.007036799564957619
1789141095239835100,43.144835205078124,-0.286892294883728,-0.19007381796836853,0.02619345113635063
1789141095249807000,43.15480712890625,-0.2545149028301239,-0.18073752522468567,0.00787969771772623
1789141095259779300,43.164779296875,-0.2291634976863861,-0.18216392397880554,0.029177796095609665
1789141095269752000,43.174751953125,-0.19254139065742493,-0.16280347108840942,0.039790403097867966
1789141095279724000,43.18472412109375,-0.16396459937095642,-0.12353411316871643,-0.006566175725311041
1789141095289696300,43.1946962890625,-0.1363181471824646,-0.13129770755767822,-0.014953890815377235
1789141095299669000,43.2046689453125,-0.15128245949745178,-0.09302540868520737,-0.011836661025881767
1789141095309641200,43.21464111328125,-0.12190672010183334,-0.0540175624191761,-0.03676917403936386
1789141095319613200,43.22461328125,-0.10143765807151794,-0.03853287920355797,0.0009241409134119749
1789141095329586000,43.2345859375,-0.04712701588869095,-0.05129963904619217,0.007989238947629929
1789141095339558100,43.24455810546875,-0.03137921169400215,-0.03715692088007927,0.04740162193775177
1789141095349530000,43.25453002929687,0.049380965530872345,-0.019198914989829063,0.04726749658584595
1789141095359503000,43.264503173828125,0.05542287975549698,0.006052379030734301,0.027764366939663887
1789141095369475000,43.27447509765625,0.0269700288772583,-0.04968101531267166,0.029475530609488487
1789141095379447300,43.284447265625,0.002182391472160816,-0.06455237418413162,-0.025851640850305557
1789141095389420000,43.294419921875,-0.030035030096769333,-0.03625982254743576,-0.10117097198963165
1789141095399392000,43.30439208984375,-0.05180530995130539,-0.02319249138236046,-0.09745372831821442
1789141095409364200,43.3143642578125,0.024362336844205856,-0.05036403611302376,-0.09149473160505295
1789141095419337000,43.3243369140625,0.024425186216831207,-0.05168123543262482,-0.0246504545211792
1789141095429309200,43.33430908203125,0.035375408828258514,-0.07637046277523041,-0.0417364239692688
1789141095439281200,43.34428125,-0.04638097435235977,-0.1424911618232727,0.006763202603906393
1789141095449253000,43.35425317382813,-0.04691876471042633,-0.13418570160865784,-0.05600704625248909
1789141095459226000,43.36422607421875,-0.13176308572292328,-0.1675332635641098,-0.005171028897166252
1789141095469198300,43.3741982421875,-0.10851466655731201,-0.17992794513702393,-0.038173895329236984
1789141095479170000,43.38417016601562,-0.06597545742988586,-0.19038298726081848,-0.025858907029032707
1789141095489143000,43.39414306640625,0.018443819135427475,-0.1554168462753296,-0.1749916672706604
1789141095499115300,43.404115234375,-0.020241525024175644,-0.08404279500246048,-0.13650712370872498
1789141095509087000,43.4140869140625,0.0029750275425612926,-0.07862161099910736,0.03834661841392517
1789141095519060200,43.424060302734375,0.0717114806175232,-0.10850626975297928,0.10068109631538391
1789141095529032200,43.4340322265625,0.14778120815753937,-0.13462501764297485,0.0310109481215477
1789141095539004200,43.444004150390626,0.08675753325223923,-0.12008468806743622,0.14175264537334442
1789141095548977200,43.45397705078125,0.025932908058166504,-0.06868421286344528,0.1656109094619751
1789141095558949000,43.46394921875,-0.024743054062128067,-0.13274122774600983,0.1899990737438202
1789141095568921000,43.47392114257813,-0.02187865599989891,-0.08240889012813568,0.0016533175949007273
1789141095578894000,43.48389404296875,0.07476931810379028,-0.017618171870708466,-0.07832807302474976
1789141095588866300,43.4938662109375,0.2041464000940323,0.03008255921304226,-0.05485612154006958
1789141095598838000,43.50383813476562,0.27682194113731384,0.08515486866235733,-0.1618502140045166
1789141095608811300,43.513811279296874,0.31620270013809204,0.0761730745434761,-0.015352817252278328
1789141095618783200,43.523783203125,0.3733330965042114,0.07235889136791229,-0.021038668230175972
1789141095628755200,43.533755126953125,0.3587545156478882,0.0968262255191803,-0.07471541315317154
1789141095638728200,43.543728271484376,0.29765069484710693,0.11290692538022995,-0.081658273935318
1789141095648700200,43.5537001953125,0.17156900465488434,0.11287597566843033,0.004646354354918003
1789141095658672000,43.56367211914063,0.16315235197544098,0.08910220116376877,-0.00032896309858188033
1789141095668644000,43.57364404296875,0.14394377171993256,0.039205849170684814,0.055971063673496246
1789141095678617300,43.583617431640626,0.16656839847564697,0.07681474834680557,-0.0030174206476658583
1789141095688589000,43.59358911132812,0.15181970596313477,0.02845599316060543,-0.06256285309791565
1789141095698561300,43.603561279296876,0.14859595894813538,-0.0016403903719037771,-0.04179925471544266
1789141095708534300,43.6135341796875,0.12873072922229767,0.006890090648084879,0.010563372634351254
1789141095718506000,43.62350610351562,0.0981760174036026,0.0011075688526034355,-0.0077708931639790535
1789141095728478200,43.63347827148438,0.10113053768873215,-0.029554836452007294,-0.036228105425834656
1789141095738451200,43.643451171875,0.050969626754522324,-0.031048603355884552,-0.05062248930335045
1789141095748423200,43.653423095703126,0.06109612435102463,-0.10262797027826309,-0.03714494779706001
1789141095758395100,43.66339501953125,-0.010901902802288532,-0.16398480534553528,0.12050939351320267
1789141095768368000,43.6733681640625,-0.06737513095140457,-0.14368316531181335,0.0446944460272789
1789141095778340000,43.68334008789063,-0.07699872553348541,-0.14038830995559692,-0.01806693896651268
1789141095788312300,43.693312255859375,-0.02606099471449852,-0.12710824608802795,-0.09892848879098892
1789141095798285300,43.70328540039063,-0.07513558864593506,-0.15848854184150696,-0.06739639490842819
1789141095808257000,43.71325708007812,-0.06211807206273079,-0.11023116856813431,-0.15939635038375854
1789141095818229200,43.72322924804688,-0.055171746760606766,-0.08738976716995239,-0.08534476906061172
1789141095828202200,43.7332021484375,0.04767583683133125,0.07608926296234131,-0.23705601692199707
1789141095838174200,43.74317431640625,0.03038313239812851,-0.08776199072599411,0.2437734454870224
1789141095848146200,43.75314624023437,0.20625607669353485,0.0014370866119861603,0.2498115450143814
1789141095858118100,43.7631181640625,0.1806660294532776,-0.05068496987223625,0.26184290647506714
1789141095868091100,43.773091064453126,0.22514034807682037,0.008881171233952045,0.2615543305873871
1789141095878063000,43.78306298828125,0.11436829715967178,-0.06139565259218216,0.330117404460907
1789141095888035000,43.79303515625,-0.023416975513100624,-0.08210369944572449,0.1545407772064209
1789141095898008000,43.80300805664063,-0.04012085497379303,-0.07000309228897095,-0.07386737316846848
1789141095907980300,43.812980224609376,0.08444308489561081,0.00195883447304368,-0.2188507318496704
1789141095917952000,43.82295190429687,0.11847028881311417,0.022790879011154175,-0.1600012630224228
1789141095927925000,43.83292504882812,0.222023144364357,0.048699017614126205,-0.03703664615750313
1789141095937897200,43.84289721679688,0.28329795598983765,0.09156659245491028,0.013139437884092331
1789141095947869200,43.852869140625,0.23106937110424042,-0.01057688519358635,0.17732438445091248
1789141095957842200,43.86284228515625,0.18240463733673096,-0.00453443918377161,0.11903923004865646
1789141095967814100,43.87281420898437,0.23220831155776978,-0.03654228150844574,0.0011838958598673344
1789141095977786000,43.8827861328125,0.16906607151031494,0.060731805860996246,-0.10166098922491074
1789141095987759000,43.89275903320313,0.18383696675300598,0.10181870311498642,-0.061607420444488525
1789141095997731300,43.9027314453125,0.18530809879302979,0.11766877770423889,-0.03690553456544876
1789141096007703000,43.912703125,0.16316352784633636,0.06319474428892136,-0.02522151730954647
1789141096017676000,43.92267602539062,0.10604511946439743,0.015658915042877197,-0.04440852999687195
1789141096027648300,43.93264819335938,0.06570605933666229,0.02853800356388092,-0.02757515013217926
1789141096037620000,43.94261987304687,0.06995460391044617,-0.025426430627703667,0.052544716745615005
1789141096047593200,43.95259326171875,0.10283920913934708,-0.03287027031183243,0.0749032199382782
1789141096057565200,43.96256518554687,0.11136265099048615,-0.03701920807361603,0.10690668970346451
1789141096067537200,43.972537109375,0.12057818472385406,-0.010709556750953197,0.040567513555288315
1789141096077509000,43.98250903320312,0.12542806565761566,-0.0018023480661213398,0.01463578175753355
1789141096087482000,43.992482177734374,0.03462323546409607,0.0012905369512736797,0.07254506647586823
1789141096097454000,44.0024541015625,-0.010867019183933735,0.04834992438554764,-0.0749618336558342
1789141096107426000,44.012426025390624,0.05882808938622475,0.1101866140961647,-0.3783063590526581
1789141096117399300,44.0223994140625,0.15440388023853302,0.08827678859233856,-0.2248542159795761
1789141096127371500,44.03237158203125,0.21414338052272797,0.02651325613260269,-0.06184453144669533
1789141096137343500,44.04234350585938,0.28170245885849,0.06839332729578018,-0.22708061337471008
1789141096147316500,44.05231640625,0.2400350719690323,0.09426026791334152,-0.13337577879428864
1789141096157288400,44.062288330078125,0.13140340149402618,0.11801273375749588,0.08679066598415375
1789141096167260400,44.07226049804687,0.21142776310443878,0.1365538090467453,0.06745406240224838
1789141096177233400,44.0822333984375,0.23757228255271912,0.12361884117126465,-0.004439297132194042
1789141096187205600,44.09220556640625,0.12064112722873688,0.11473296582698822,-0.008434034883975983
1789141096197177300,44.10217724609375,0.10020962357521057,0.05545153096318245,0.003572293557226658
1789141096207150300,44.112150390625,0.14180055260658264,0.08002129942178726,-0.06573131680488586
1789141096217122600,44.12212255859375,0.1688268482685089,0.062175195664167404,-0.049727313220500946
1789141096227094500,44.13209448242188,0.18710075318813324,0.05415159836411476,-0.1688176691532135
1789141096237067500,44.14206762695313,0.16848525404930115,0.09928019344806671,-0.2067227065563202
1789141096247039500,44.15203955078125,0.10671854764223099,0.11847100406885147,-0.15553541481494904
1789141096257011500,44.16201147460937,0.09754449129104614,0.10973024368286133,-0.13981929421424866
1789141096266983400,44.1719833984375,0.17783144116401672,0.10012812167406082,0.001697699655778706
1789141096276956700,44.18195678710938,0.17211763560771942,0.05306287482380867,0.1341894418001175
1789141096286928400,44.191928466796874,0.18182049691677094,0.039050109684467316,0.05426415428519249
1789141096296900600,44.20190063476562,0.10296935588121414,0.007375005632638931,0.2570779621601105
1789141096306873600,44.21187353515625,0.1491917073726654,0.08494600653648376,0.10539765655994415
1789141096316845300,44.22184521484375,0.06563875079154968,0.023697026073932648,0.060043491423130035
1789141096326817500,44.231817626953124,-0.010600248351693153,-0.016290035098791122,-0.027232754975557327
1789141096336790500,44.24179052734375,-0.01274222880601883,-0.005989460274577141,-0.07050646096467972
1789141096346762500,44.25176245117188,-0.03295181691646576,-0.06113945320248604,0.002532164566218853
1789141096356734500,44.261734375,-0.022953512147068977,-0.06610465049743652,0.031693510711193085
1789141096366707500,44.27170751953125,0.03613528981804848,-0.051773156970739365,0.10169540345668793
1789141096376679400,44.28167944335937,0.07634822279214859,0.029796535149216652,0.14979316294193268
1789141096386651400,44.2916513671875,0.05089923366904259,-0.020159948617219925,0.269587904214859
1789141096396624600,44.30162475585937,0.04563496261835098,0.027294117957353592,0.2100955694913864
1789141096406596400,44.311596435546875,0.06223023682832718,0.049699749797582626,0.16383923590183258
1789141096416568600,44.32156860351562,0.05341464281082153,0.008657239377498627,0.19958578050136566
1789141096426541600,44.33154150390625,0.09287038445472717,0.0854717344045639,-0.0996527150273323
1789141096436513500,44.34151342773438,0.042771805077791214,0.09422820806503296,-0.3650071620941162
1789141096446485500,44.351485595703124,0.012975821271538734,0.1693403720855713,-0.32919883728027344
1789141096456457500,44.36145751953125,0.22112636268138885,0.26683923602104187,-0.24303676187992096
1789141096466430500,44.37143041992187,0.3854893743991852,0.2787438631057739,-0.18993502855300903
1789141096476402400,44.38140234375,0.4751066267490387,0.27187448740005493,-0.12858618795871735
1789141096486374400,44.39137451171875,0.3490104675292969,0.22582721710205078,-0.005872783251106739
1789141096496347400,44.401347412109374,0.2689156234264374,0.23402495682239532,-0.13297612965106964
1789141096506319600,44.41131958007813,0.2912026345729828,0.2610422670841217,-0.11308491230010986
1789141096516291300,44.421291259765624,0.3559749722480774,0.3036472499370575,0.007605026476085186
1789141096526264300,44.431264404296876,0.3180405795574188,0.23484201729297638,0.17057310044765472
1789141096536236500,44.44123657226562,0.11777778714895248,0.15366140007972717,0.20802512764930725
1789141096546208300,44.451208251953126,0.025006724521517754,0.09770211577415466,0.2627623379230499
1789141096556181500,44.46118139648438,0.024034671485424042,0.10233708471059799,0.2033490687608719
1789141096566153500,44.471153564453125,0.05523309111595154,0.09704189002513885,0.17256397008895874
1789141096576125400,44.48112548828125,0.04098997637629509,0.11247783899307251,0.045942917466163635
1789141096586098400,44.49109838867187,-0.0043839942663908005,0.09048870205879211,0.0058156587183475494
1789141096596070700,44.50107055664063,0.008158962242305279,0.10567803680896759,-0.05602347105741501
1789141096606042400,44.51104248046875,0.07420364022254944,0.1034642830491066,-0.023496754467487335
1789141096616015400,44.521015380859374,0.10642895102500916,0.05364399775862694,0.02166992612183094
1789141096625987600,44.53098754882812,0.10159171372652054,0.05149110034108162,0.05557175353169441
1789141096635959300,44.540959228515625,0.06831525266170502,0.09145102649927139,-0.02163834497332573
1789141096645931500,44.550931640625,0.07003512233495712,0.07577450573444366,-0.04794025421142578
1789141096655904500,44.560904541015624,0.10155416280031204,0.13616913557052612,-0.13752952218055725
1789141096665876500,44.57087646484375,0.11652521044015884,0.1178954690694809,-0.034436341375112534
1789141096675848400,44.580848388671875,0.08206150680780411,0.1341889500617981,-0.01835723966360092
1789141096685821400,44.590821533203126,0.025058502331376076,0.06667153537273407,0.0898398905992508
1789141096695793400,44.60079345703125,-0.01626736670732498,0.08022463321685791,0.13497088849544525
1789141096705765400,44.61076538085938,0.014909371733665466,0.14219734072685242,0.06338928639888763
1789141096715738600,44.62073852539063,0.04420866817235947,0.12844078242778778,0.04169464483857155
1789141096725710300,44.63071044921875,0.06865178048610687,0.13478074967861176,0.09125882387161255
1789141096735682600,44.6406826171875,0.0762910544872284,0.16306404769420624,0.047372061759233475
1789141096745655600,44.65065551757812,0.0756579339504242,0.13918550312519073,0.0961696058511734
1789141096755627500,44.66062744140625,0.09351310133934021,0.14562183618545532,0.0978548601269722
1789141096765599500,44.670599609375,0.13012482225894928,0.13830162584781647,0.07778491079807281
1789141096775572500,44.680572509765625,0.16127873957157135,0.16182932257652283,0.03435967490077019
1789141096785544400,44.69054443359375,0.1687031090259552,0.2025793045759201,-0.05039968341588974
1789141096795516400,44.700516357421876,0.12946408987045288,0.20490264892578125,-0.053142741322517395
1789141096805489700,44.71048974609375,0.08906348794698715,0.19520989060401917,-0.09703473746776581
1789141096815461400,44.72046142578125,0.05324530228972435,0.19613614678382874,-0.1425020843744278
1789141096825433600,44.73043359375,0.0891256257891655,0.1859045922756195,-0.09515232592821121
1789141096835405300,44.7404052734375,0.08153241872787476,0.179160937666893,-0.044425759464502335
1789141096845378300,44.75037841796875,0.06255234777927399,0.1806296408176422,0.0489656962454319
1789141096855350500,44.7603505859375,0.07150109857320786,0.19645574688911438,0.03855833038687706
1789141096865322200,44.770322265625,0.05672482028603554,0.2176155149936676,0.0034144562669098377
1789141096875295500,44.78029541015625,0.011042019352316856,0.19639332592487335,0.04448598995804787
1789141096885267500,44.790267333984374,-0.040505073964595795,0.18058066070079803,0.023735716938972473
1789141096895239400,44.80023950195312,-0.05810510367155075,0.17208944261074066,-0.017057519406080246
1789141096905212400,44.81021240234375,-0.0359843485057354,0.1483127921819687,-0.038617413491010666
1789141096915184400,44.820184326171876,-0.021422717720270157,0.13590966165065765,0.039734914898872375
1789141096925156400,44.83015625,0.014796344563364983,0.12285653501749039,0.06456021219491959
1789141096935129300,44.84012939453125,-0.0017093950882554054,0.12911362946033478,0.024242879822850227
1789141096945101600,44.8501015625,-0.04934888705611229,0.1023954451084137,0.011797287501394749
1789141096955073300,44.8600732421875,-0.13096199929714203,0.0994473248720169,0.03747628629207611
1789141096965046500,44.87004663085938,-0.11545644700527191,0.11473315954208374,-0.024340655654668808
1789141096975018500,44.8800185546875,-0.17658637464046478,0.07491809874773026,-0.004825012292712927
1789141096984990500,44.88999047851563,-0.133244588971138,0.017274795100092888,0.06856070458889008
1789141096994962400,44.89996240234375,-0.11732447147369385,0.05242132768034935,0.057713113725185394
1789141097004935400,44.909935302734375,-0.12469638139009476,0.047836098819971085,0.02309868484735489
1789141097014907400,44.91990747070312,-0.20773880183696747,0.025095634162425995,0.06330043077468872
1789141097024879400,44.92987939453125,-0.20700544118881226,0.045872073620557785,-0.02163691818714142
1789141097034852600,44.9398525390625,-0.22397591173648834,-0.015061849728226662,-0.012757140211760998
1789141097044824300,44.94982421875,-0.17977960407733917,-0.05033514276146889,-0.060752011835575104
1789141097054796500,44.95979663085937,-0.12062546610832214,0.0031539159826934338,-0.11400751024484634
1789141097064769500,44.96976953125,-0.1788632869720459,0.0042552887462079525,-0.06362272053956985
1789141097074741200,44.9797412109375,-0.2066400647163391,-0.02215474843978882,-0.024557342752814293
1789141097084713500,44.98971337890625,-0.16548249125480652,0.038087788969278336,-0.09992533922195435
1789141097094686500,44.9996865234375,-0.1887846291065216,-0.013328531756997108,-0.03659003973007202
1789141097104658400,45.00965844726562,-0.24331580102443695,-0.027403371408581734,0.01610141061246395
1789141097114630400,45.01963037109375,-0.15514439344406128,-0.021799547597765923,0.03036503493785858
1789141097124603400,45.029603271484376,-0.14462187886238098,-0.023235181346535683,0.08834585547447205
1789141097134575600,45.03957568359375,-0.1267043948173523,-0.025097263976931572,0.07440900057554245
1789141097144547600,45.04954760742187,-0.1491958647966385,0.007574928924441338,0.026244139298796654
1789141097154520600,45.0595205078125,-0.17432038486003876,-0.005534481257200241,0.009423346258699894
1789141097164492500,45.069492431640626,-0.13960766792297363,0.004931543488055468,-0.06461226940155029
1789141097174464500,45.07946459960937,-0.1288658082485199,0.019819945096969604,-0.09977158904075623
1789141097184436500,45.0894365234375,-0.14066720008850098,0.018736936151981354,-0.14369913935661316
1789141097194409700,45.09940966796875,-0.1331874430179596,-0.006947655230760574,-0.06041624769568443
1789141097204381400,45.10938134765625,-0.1517561376094818,-0.017922628670930862,-0.013355103321373463
1789141097214353700,45.11935375976562,-0.1331249326467514,-0.037252116948366165,-0.03551553189754486
1789141097224326700,45.12932666015625,-0.12497040629386902,-0.03345869109034538,0.041049715131521225
1789141097234298400,45.13929833984375,-0.1481364518404007,-0.025694509968161583,0.10980108380317688
1789141097244270600,45.1492705078125,-0.18494676053524017,-0.0019850959070026875,0.10556737333536148
1789141097254243600,45.15924365234375,-0.16003768146038055,-0.0059505426324903965,0.01175779290497303
1789141097264215600,45.16921557617187,-0.22021472454071045,-0.022683119401335716,-0.04669274017214775
1789141097274187500,45.1791875,-0.22297856211662292,-0.05050835758447647,-0.012888435274362564
1789141097284160500,45.18916040039063,-0.2326337695121765,-0.07317740470170975,-0.0009416696266271174
1789141097294132500,45.199132568359374,-0.2071973830461502,-0.09936293214559555,-0.03321438655257225
1789141097304104400,45.2091044921875,-0.17643147706985474,-0.10322451591491699,-0.021861067041754723
1789141097314077700,45.21907763671875,-0.2032223492860794,-0.10095417499542236,-0.02141552045941353
1789141097324049400,45.22904931640625,-0.21017134189605713,-0.13461068272590637,-0.01836193911731243
1789141097334021600,45.239021728515624,-0.2763538062572479,-0.15402644872665405,0.015013860538601875
1789141097343993300,45.24899340820313,-0.29176145792007446,-0.17999160289764404,0.06016279384493828
1789141097353966600,45.25896655273438,-0.30130064487457275,-0.15165716409683228,0.04791411757469177
1789141097363938600,45.2689384765625,-0.22382135689258575,-0.1759166717529297,0.05083763599395752
1789141097373910500,45.27891064453125,-0.2628483772277832,-0.15422628819942474,-0.006666669622063637
1789141097383883500,45.28888354492187,-0.2614859938621521,-0.17682838439941406,0.018403708934783936
1789141097393855500,45.29885546875,-0.24439063668251038,-0.13423937559127808,-0.005057674832642078
1789141097403827500,45.308827392578124,-0.21604901552200317,-0.1565808355808258,-0.009748305194079876
1789141097413800400,45.318800537109375,-0.20150069892406464,-0.1362507939338684,-0.014519624412059784
1789141097423772700,45.32877270507812,-0.13121047616004944,-0.1502864807844162,0.022596150636672974
1789141097433744400,45.338744384765626,-0.10228002071380615,-0.0845351591706276,-0.015786392614245415
1789141097443717400,45.34871728515625,-0.10381221771240234,-0.10283681005239487,0.003478552680462599
1789141097453689600,45.358689697265625,-0.08482867479324341,-0.058465082198381424,-0.05199376121163368
1789141097463661300,45.36866137695313,-0.10058259963989258,-0.06419061124324799,-0.08555757999420166
1789141097473634600,45.37863452148437,-0.07949142903089523,-0.06102944165468216,-0.06986091285943985
1789141097483606500,45.3886064453125,-0.022494196891784668,-0.029048873111605644,-0.08265633136034012
1789141097493578500,45.39857861328125,0.000953073613345623,-0.002328312024474144,-0.11062831431627274
1789141097503551500,45.408551513671874,0.017551138997077942,-0.06613986194133759,-0.008857304230332375
1789141097513523500,45.4185234375,0.003911760635674,-0.0005291567649692297,0.005269699729979038
1789141097523495400,45.428495361328125,0.03917286545038223,0.023322099819779396,-0.013134485110640526
1789141097533468400,45.438468505859376,0.02609461173415184,0.016394952312111855,0.026938632130622864
1789141097543440600,45.448440673828124,0.04278173670172691,0.0422557033598423,0.047167982906103134
1789141097553412400,45.45841235351563,0.03595472499728203,0.04653300344944,0.013617482036352158
1789141097563384600,45.468384521484374,0.04995257034897804,0.004153756890445948,0.019361386075615883
1789141097573357600,45.478357666015626,0.07617804408073425,0.035609953105449677,-0.01336140837520361
1789141097583329500,45.48832958984375,0.07313228398561478,-0.0022491675335913897,0.042493678629398346
1789141097593301500,45.498301513671876,0.06302744895219803,-0.02915215492248535,0.07180602848529816
1789141097603274500,45.5082744140625,0.037866972386837006,0.02811376005411148,0.033893000334501266
1789141097613246500,45.51824658203125,0.021015290170907974,-0.005863381549715996,0.0288082305341959
1789141097623218400,45.52821850585938,-0.01585928350687027,-0.026816455647349358,0.05140817165374756
1789141097633191700,45.53819165039062,0.012434937059879303,-0.020111413672566414,0.0549728125333786
1789141097643163400,45.548163330078125,0.034777261316776276,-0.032210420817136765,0.0643298327922821
1789141097653135600,45.55813549804687,0.05611211061477661,-0.05408935621380806,0.050667013972997665
1789141097663108600,45.568108642578125,0.013674465008080006,-0.02608896791934967,0.013365534134209156
1789141097673080300,45.57808032226563,-0.03199688345193863,-0.044589947909116745,0.013964745216071606
1789141097683052500,45.588052490234375,-0.038813963532447815,-0.07181696593761444,0.023574596270918846
1789141097693025500,45.59802563476563,0.03931226208806038,-0.029731828719377518,-0.03952953964471817
1789141097702997500,45.60799755859375,0.04594762623310089,-0.037641771137714386,-0.008788589388132095
1789141097712969500,45.61796948242188,0.04161599278450012,-0.09601213783025742,0.06906173378229141
1789141097722941400,45.62794140625,0.024503584951162338,-0.06906617432832718,0.07380296289920807
1789141097732914400,45.63791455078125,0.02354777604341507,-0.05701510235667229,0.026549696922302246
1789141097742886700,45.64788671875,-0.021336626261472702,-0.06851635873317719,0.0850343257188797
1789141097752858400,45.6578583984375,-0.02547837421298027,-0.021472152322530746,0.050585005432367325
1789141097762831400,45.667831298828126,0.019040735438466072,-0.016748130321502686,-0.06143121048808098
1789141097772803600,45.677803466796874,0.050818368792533875,-0.005197201389819384,-0.1511203497648239
1789141097782775300,45.687775390625,0.05411846935749054,0.038537219166755676,-0.14964956045150757
1789141097792748500,45.69774853515625,0.06899195909500122,0.05021065101027489,-0.1133807823061943
1789141097802720500,45.707720458984376,0.15409566462039948,0.09652192890644073,-0.07237660884857178
1789141097812692500,45.7176923828125,0.20330901443958282,0.07376521825790405,-0.003828709479421377
1789141097822665500,45.72766552734375,0.21891310811042786,0.056194521486759186,0.042087726294994354
1789141097832637400,45.73763745117188,0.15491734445095062,0.05975676327943802,0.07925346493721008
1789141097842609400,45.747609375,0.13033059239387512,0.12140306085348129,-0.03642589971423149
1789141097852582400,45.75758251953125,0.010658255778253078,0.040005672723054886,0.1560404896736145
1789141097862554600,45.7675546875,0.017183862626552582,0.07715359330177307,0.09373380988836288
1789141097872526300,45.7775263671875,0.06620121002197266,0.06375070661306381,-0.013170000165700912
1789141097882498600,45.78749853515625,0.09659384936094284,0.10015083104372025,-0.11128611862659454
1789141097892471600,45.797471435546875,0.08462800085544586,0.11074062436819077,-0.19427314400672913
1789141097902443500,45.80744360351562,0.06049645319581032,0.10630631446838379,-0.2045503556728363
1789141097912415500,45.81741552734375,0.06286773085594177,0.07674682885408401,-0.17813126742839813
1789141097922388500,45.82738842773438,0.04000130295753479,0.0726313441991806,-0.08698111772537231
1789141097932360400,45.8373603515625,0.060435473918914795,0.044366151094436646,-0.02478538639843464
1789141097942332400,45.84733251953125,0.09378544986248016,0.01410498097538948,-0.03339460492134094
1789141097952305700,45.8573056640625,0.11606386303901672,0.015362260863184929,0.009292671456933022
1789141097962277400,45.86727734375,0.06939293444156647,0.019203491508960724,-0.003506557084619999
1789141097972249600,45.87724951171875,-0.04765139892697334,-0.024771690368652344,0.0208219513297081
1789141097982222600,45.88722265625,-0.1558660864830017,-0.026236075907945633,0.037588849663734436
1789141097992194300,45.8971943359375,-0.17746806144714355,-0.002605313900858164,-0.0010823819320648909
1789141098002166500,45.90716650390625,-0.09934733808040619,-0.06412845104932785,0.021668562665581703
1789141098012139500,45.917139404296876,-0.053408343344926834,-0.07396271079778671,0.046540357172489166
1789141098022111500,45.92711157226562,-0.046776361763477325,-0.06879781931638718,0.03809804469347
1789141098032083500,45.93708349609375,-0.08296259492635727,-0.1073545292019844,0.05675109103322029
1789141098042056400,45.94705639648438,-0.13796919584274292,-0.13309162855148315,0.11308244615793228
1789141098052028400,45.9570283203125,-0.18371805548667908,-0.12849128246307373,0.157305046916008
1789141098062000600,45.96700073242187,-0.16850990056991577,-0.14503255486488342,0.09762963652610779
1789141098071972600,45.97697265625,-0.10780420154333115,-0.1465710699558258,0.05376923456788063
1789141098081945300,45.9869453125,-0.12509630620479584,-0.12118227034807205,0.004416434094309807
1789141098091917600,45.99691748046875,-0.13816656172275543,-0.13534842431545258,-0.0923583135008812
1789141098101889500,46.0068896484375,-0.16559986770153046,-0.14069654047489166,-0.048286281526088715
1789141098111862500,46.01686254882812,-0.13814881443977356,-0.10985685139894485,-0.016503052785992622
1789141098121834200,46.026834228515625,-0.09732218086719513,-0.06945742666721344,-0.07194066792726517
1789141098131806200,46.03680615234375,-0.04616498947143555,-0.07143562287092209,-0.007994171231985092
1789141098141779200,46.046779296875,-0.043709203600883484,-0.08250267803668976,0.1656797230243683
1789141098151751200,46.05675122070313,-0.03647739067673683,-0.09293747693300247,0.19319923222064972
1789141098161723100,46.06672314453125,-0.04503004997968674,-0.0910913273692131,0.1339794099330902
1789141098171696000,46.076696044921874,-0.06891008466482162,-0.09000289440155029,0.1406644731760025
1789141098181668400,46.08666845703125,-0.06780663877725601,-0.08473771065473557,0.1515406370162964
1789141098191640000,46.09664013671875,-0.05158160254359245,-0.04518790543079376,0.007241515442728996
1789141098201613300,46.10661328125,-0.011227689683437347,-0.011490448378026485,-0.08004777133464813
1789141098211585300,46.116585205078124,0.024830978363752365,-0.013289147987961769,-0.06592556089162827
1789141098221557200,46.12655712890625,0.07727082818746567,0.017271101474761963,-0.0942244827747345
1789141098231530200,46.1365302734375,0.09918864816427231,0.026310935616493225,-0.08267488330602646
1789141098241502200,46.146502197265626,0.10697928071022034,0.020628226920962334,-0.09667688608169556
1789141098251474200,46.15647412109375,0.1006806343793869,0.029074177145957947,-0.06762659549713135
1789141098261446100,46.16644604492188,0.08663982152938843,0.05937124788761139,-0.02253696881234646
1789141098271419400,46.17641943359375,0.09650470316410065,0.06603740900754929,-0.06562105566263199
1789141098281391000,46.18639111328125,0.09298409521579742,0.053809717297554016,-0.04800069332122803
1789141098291363300,46.19636328125,0.08268725126981735,0.06539074331521988,-0.035521917045116425
1789141098301336300,46.20633642578125,0.10581813752651215,0.07380302995443344,-0.07863903045654297
1789141098311308000,46.21630810546875,0.0842052549123764,0.06098789721727371,-0.06927482783794403
1789141098321280300,46.2262802734375,0.10824453085660934,0.03301675617694855,-0.058379288762807846
1789141098331253200,46.236253173828125,0.09634286165237427,0.023125510662794113,-0.03284383565187454
1789141098341225200,46.24622509765625,0.07740167528390884,-0.017788568511605263,0.017545292153954506
1789141098351197200,46.256197265625,0.024453237652778625,-0.0279498603194952,0.06602147966623306
1789141098361170200,46.26617016601563,0.019725516438484192,-0.0358329638838768,0.06275288760662079
1789141098371142100,46.27614208984375,-0.004161974415183067,-0.062464307993650436,0.04001002758741379
1789141098381114400,46.2861142578125,-0.028196554630994797,-0.08693713694810867,0.04447631537914276
1789141098391087400,46.29608740234375,-0.028847161680459976,-0.08137992024421692,-0.003907462116330862
1789141098401059000,46.30605908203125,-0.03766046464443207,-0.09088487923145294,-0.04026740416884422
1789141098411031300,46.31603125,-0.0802992731332779,-0.07899599522352219,-0.055928923189640045
1789141098421004300,46.32600439453125,-0.08547262102365494,-0.11520722508430481,-0.07359573245048523
1789141098430976300,46.33597631835938,-0.07077649980783463,-0.10811682790517807,-0.13073331117630005
1789141098440948200,46.3459482421875,-0.029641587287187576,-0.10590796917676926,-0.12386635690927505
1789141098450920200,46.35592016601562,-0.04832872375845909,-0.10641477257013321,-0.06769043207168579
1789141098460893200,46.36589306640625,-0.04659225046634674,-0.07159542292356491,-0.08548319339752197
1789141098470865200,46.375865234375,-0.024013172835111618,-0.08918587118387222,-0.06739446520805359
1789141098480837000,46.385837158203124,0.009720021858811378,-0.09567828476428986,-0.08651569485664368
1789141098490810000,46.39581005859375,-0.013120312243700027,-0.07448085397481918,-0.029278239235281944
1789141098500782300,46.4057822265625,-0.012096783146262169,-0.0718320980668068,-0.003865457372739911
1789141098510754000,46.415754150390626,0.00893020536750555,-0.10083924233913422,0.017224913462996483
1789141098520727000,46.42572705078125,0.00402856944128871,-0.11025373637676239,0.030311333015561104
1789141098530699300,46.43569921875,-0.022385461255908012,-0.09884848445653915,0.09494838118553162
1789141098540671200,46.44567114257813,0.04009799286723137,-0.06218556687235832,0.025927046313881874
1789141098550644200,46.45564428710937,0.034850768744945526,-0.0680469200015068,0.06386856734752655
1789141098560616200,46.4656162109375,0.013664433732628822,-0.022942500188946724,0.03794340416789055
1789141098570588200,46.47558813476562,0.07741571962833405,-0.024881280958652496,-0.013392487540841103
1789141098580561200,46.48556103515625,0.06362036615610123,0.005644348915666342,0.015817154198884964
1789141098590533400,46.49553344726562,0.09777700155973434,-0.014541080221533775,0.013346271589398384
1789141098600505000,46.505505126953125,0.09320994466543198,0.019769789651036263,-0.041622161865234375
1789141098610478000,46.51547802734375,0.11230374127626419,0.02931802161037922,-0.035661742091178894
1789141098620450300,46.5254501953125,0.0735313817858696,0.04151218384504318,-0.045823462307453156
1789141098630422000,46.53542211914063,0.09038466215133667,0.04112176597118378,-0.07870524376630783
1789141098640394200,46.545394287109374,0.09266902506351471,0.013128905557096004,-0.05833161249756813
1789141098650367200,46.5553671875,0.0486254021525383,0.013269254006445408,0.011515909805893898
1789141098660339200,46.56533911132812,0.07664721459150314,0.02192188985645771,-0.0012502402532845736
1789141098670311200,46.575311279296876,0.08705005049705505,-0.004627429414540529,0.002474190667271614
1789141098680284200,46.5852841796875,0.06974288076162338,-0.007490604184567928,0.023064587265253067
1789141098690256100,46.595256103515624,0.02442893013358116,0.0018514981493353844,0.0010817904258146882
1789141098700228000,46.60522802734375,0.03069400228559971,0.005403090734034777,-0.0288555845618248
1789141098710201300,46.61520141601562,0.011912858113646507,0.022645995020866394,-0.05666058510541916
1789141098720173000,46.625173095703126,0.036498021334409714,0.004728864878416061,-0.009381589479744434
1789141098730145300,46.63514526367187,0.05933063104748726,0.00950284767895937,-0.02286890149116516
1789141098740118300,46.6451181640625,0.04528174176812172,-0.002941326703876257,-0.019466618075966835
1789141098750090200,46.65509033203125,0.03703313320875168,-0.0026630263309925795,-0.05054197832942009
1789141098760062200,46.665062255859375,0.03862082585692406,-0.02271421067416668,-0.0172557570040226
1789141098770035200,46.67503515625,0.04339374229311943,-0.022745369002223015,0.011797730810940266
1789141098780007200,46.68500708007812,0.07247395068407059,-0.03800737112760544,0.013343521393835545
1789141098789979100,46.69497924804688,0.0804157629609108,-0.018951119855046272,-0.017793890088796616
1789141098799951400,46.704951416015625,0.04893383011221886,-0.049145665019750595,0.05436507612466812
1789141098809924000,46.714924072265624,0.025216780602931976,-0.04412613809108734,0.1029571145772934
1789141098819896300,46.72489624023437,0.07447461038827896,-0.023990176618099213,0.03179265558719635
1789141098829868300,46.73486840820313,0.06762310117483139,-0.046144478023052216,0.03809742256999016
1789141098839841000,46.74484106445313,0.08301553130149841,-0.06857430189847946,0.08355217427015305
1789141098849813200,46.754813232421874,0.09463197737932205,-0.025146663188934326,0.05565449967980385
1789141098859785200,46.76478515625,0.10478200763463974,-0.035567522048950195,0.051242876797914505
1789141098869758200,46.77475830078125,0.11381305009126663,-0.02128898724913597,0.09125473350286484
1789141098879730200,46.784730224609376,0.13989931344985962,0.026282072067260742,0.025645732879638672
1789141098889702400,46.794702392578124,0.13185258209705353,0.02512706071138382,-0.0108273234218359
1789141098899675100,46.80467504882812,0.16113528609275818,0.014626669697463512,-0.0314599946141243
1789141098909647000,46.81464721679688,0.1736670732498169,0.01969147101044655,-0.025236986577510834
1789141098919619300,46.824619384765626,0.17495816946029663,0.02219603955745697,-0.02128830924630165
1789141098929592000,46.834592041015625,0.178257554769516,0.009162530303001404,0.0020774663425982
1789141098939564300,46.84456420898437,0.22206300497055054,0.01833001710474491,0.02991805411875248
1789141098949536300,46.85453637695313,0.17069143056869507,0.055424924939870834,0.08730624616146088
1789141098959509200,46.86450927734375,0.14722266793251038,0.05972397327423096,0.08144312351942062
1789141098969481200,46.874481201171875,0.14357121288776398,0.07444353401660919,0.11175389587879181
1789141098979453400,46.88445336914062,0.19853228330612183,0.12120156735181808,0.06961904466152191
1789141098989426200,46.89442626953125,0.244936004281044,0.13184088468551636,0.03824594244360924
1789141098999398100,46.90439819335938,0.24405474960803986,0.12321750819683075,0.055333059281110764
1789141099009370400,46.914370361328125,0.25890374183654785,0.11809837818145752,0.039031315594911575
1789141099019342000,46.92434204101563,0.2518504559993744,0.13894787430763245,0.08465640246868134
1789141099029315300,46.9343154296875,0.23407919704914093,0.15347355604171753,0.05158660188317299
1789141099039287300,46.94428735351563,0.20857365429401398,0.08299204707145691,0.11516912281513214
1789141099049259300,46.95425927734375,0.2152206301689148,0.1163630560040474,0.09337327629327774
1789141099059232300,46.964232177734374,0.20154041051864624,0.10797927528619766,0.1525244116783142
1789141099069204200,46.97420434570312,0.22171650826931,0.12220268696546555,0.137467160820961
1789141099079176200,46.98417626953125,0.26886260509490967,0.11539510637521744,0.06328792870044708
1789141099089149200,46.994149169921876,0.2215595692396164,0.09771411120891571,0.029236746951937675
1789141099099121400,47.00412133789062,0.20041735470294952,0.11895156651735306,-0.0414903424680233
1789141099109093000,47.014093017578126,0.17037130892276764,0.1258707195520401,-0.018900610506534576
1789141099119066000,47.02406616210938,0.2057073712348938,0.11367549747228622,0.009714444167912006
1789141099129038000,47.0340380859375,0.2184644341468811,0.1224903017282486,-0.01099429652094841
1789141099139010300,47.04401025390625,0.25675904750823975,0.12018168717622757,0.0016229919856414199
1789141099148983300,47.0539833984375,0.2283250093460083,0.10214569419622421,0.05220973864197731
1789141099158955000,47.063955078125,0.21464428305625916,0.10759463161230087,0.08420884609222412
1789141099168927200,47.07392724609375,0.22009924054145813,0.1220308318734169,0.09646284580230713
1789141099178900200,47.083900146484375,0.19650869071483612,0.12322942167520523,0.058945827186107635
1789141099188872200,47.0938720703125,0.21462750434875488,0.08363167196512222,0.07622122764587402
1789141099198844200,47.10384423828125,0.2457268387079239,0.11953961104154587,-0.025778647512197495
1789141099208816000,47.11381616210937,0.2357245683670044,0.16283737123012543,-0.11899969726800919
1789141099218789000,47.1237890625,0.18180835247039795,0.103897325694561,-0.03490719199180603
1789141099228761000,47.13376098632813,0.18654265999794006,0.07456074655056,0.004678566940128803
1789141099238733000,47.143733154296875,0.2092118263244629,0.07999227195978165,0.027460400015115738
1789141099248706000,47.1537060546875,0.16900129616260529,0.06148676946759224,0.0784631296992302
1789141099258678300,47.16367822265625,0.2107861042022705,0.0786055400967598,0.1125309094786644
1789141099268650000,47.17364990234375,0.15748000144958496,0.10768672078847885,0.10375925898551941
1789141099278623200,47.18362329101563,0.15029363334178925,0.10748641937971115,0.012129668146371841
1789141099288595200,47.19359521484375,0.08407706022262573,0.13414493203163147,-0.05184372141957283
1789141099298567200,47.20356713867187,0.08153686672449112,0.1226801648736,-0.117752805352211
1789141099308540200,47.2135400390625,0.09843968600034714,0.10798244923353195,-0.1321738213300705
1789141099318512000,47.22351220703125,0.16724298894405365,0.13089221715927124,-0.15998360514640808
1789141099328484000,47.233484130859374,0.13585416972637177,0.11286982148885727,-0.0745515376329422
1789141099338457000,47.24345703125,0.16622021794319153,0.07846403121948242,-0.07717029750347137
1789141099348429300,47.25342919921875,0.189814493060112,0.1314132660627365,-0.13829277455806732
1789141099358401000,47.263401123046876,0.11429035663604736,0.13154062628746033,-0.027692578732967377
1789141099368374000,47.2733740234375,0.06892447173595428,0.11244522035121918,0.0018469372298568487
1789141099378346200,47.28334619140625,0.046462759375572205,0.06670352816581726,-0.003332206280902028
1789141099388318000,47.29331787109375,0.0354846753180027,0.03341587260365486,0.10087569057941437
1789141099398290200,47.303290283203125,0.020644035190343857,0.09293816238641739,0.09587941318750381
1789141099408263200,47.31326318359375,0.06520884484052658,0.07869451493024826,0.07744261622428894
1789141099418235100,47.32323510742187,0.023021714761853218,0.11282315105199814,0.03610475733876228
1789141099428207000,47.33320703125,0.004422730300575495,0.0922025665640831,-0.061900634318590164
1789141099438180000,47.34318017578125,0.004988464992493391,0.09630753844976425,-0.12833814322948456
1789141099448152000,47.353152099609375,0.05066913366317749,0.12443878501653671,-0.16351903975009918
1789141099458124300,47.36312426757812,0.09556468576192856,0.13876394927501678,-0.17035722732543945
1789141099468097300,47.37309716796875,0.11820901185274124,0.11221783608198166,-0.1012846827507019
1789141099478069000,47.38306909179688,0.11116434633731842,0.12159670889377594,-0.09161058813333511
1789141099488041200,47.393041259765624,0.11753036826848984,0.10658260434865952,-0.10649659484624863
1789141099498014200,47.40301416015625,0.11672511696815491,0.10008417069911957,-0.10022874176502228
1789141099507986200,47.41298608398437,0.044869303703308105,0.06357622891664505,-0.09487845748662949
1789141099517958100,47.422958251953126,0.06077014282345772,0.0820031613111496,-0.09052933007478714
1789141099527931100,47.43293115234375,0.030819963663816452,0.10664405673742294,-0.0015445984899997711
1789141099537903000,47.44290307617187,0.025363512337207794,0.10687816143035889,0.03091622143983841
1789141099547875000,47.452875,0.0010448559187352657,0.08295338600873947,0.1086680144071579
1789141099557848300,47.46284838867187,0.08076372742652893,0.09700873494148254,0.11147242039442062
1789141099567820000,47.472820068359376,0.039202164858579636,0.11202869564294815,0.12735390663146973
1789141099577792300,47.48279223632812,0.07992406189441681,0.08921115845441818,0.09794779121875763
1789141099587764000,47.492763916015626,0.01566704362630844,0.1356859803199768,0.06386732310056686
1789141099597737000,47.50273706054688,0.09052226692438126,0.1377706527709961,-0.012839778326451778
1789141099607709200,47.512709228515625,0.08245715498924255,0.18627294898033142,-0.02811140939593315
1789141099617681200,47.52268115234375,0.12017985433340073,0.16461054980754852,-0.06963267177343369
1789141099627654100,47.53265405273437,0.14468546211719513,0.15034185349941254,-0.06273162364959717
1789141099637626000,47.54262622070313,0.1520005613565445,0.15097501873970032,-0.06999548524618149
1789141099647598000,47.55259814453125,0.13559655845165253,0.15854798257350922,-0.006107850931584835
1789141099657571000,47.562571044921874,0.08260637521743774,0.1394442468881607,0.0032950781751424074
1789141099667543300,47.57254321289062,0.11920832842588425,0.15051980316638947,-0.015237060375511646
1789141099677515000,47.582514892578125,0.03867888078093529,0.21142588555812836,0.014424679800868034
1789141099687488000,47.592488037109376,0.05530472472310066,0.1738199144601822,0.028580712154507637
1789141099697460200,47.602460205078124,0.0376228466629982,0.17340479791164398,0.06663932651281357
1789141099707432000,47.61243188476563,0.06180967763066292,0.17611801624298096,0.07026388496160507
1789141099717405200,47.6224052734375,0.07549715042114258,0.15241101384162903,0.09387992322444916
1789141099727377200,47.632377197265626,0.0752611979842186,0.13528768718242645,0.056923769414424896
1789141099737349000,47.64234912109375,0.051311127841472626,0.12598836421966553,0.061417315155267715
1789141099747322000,47.65232202148437,0.004363329149782658,0.1036233976483345,0.04267798364162445
1789141099757294000,47.66229418945313,-0.01778510957956314,0.09085600823163986,0.014989359304308891
1789141099767266000,47.67226611328125,-0.07745403051376343,0.0938217043876648,0.026854008436203003
1789141099777238000,47.68223803710937,-0.0970865786075592,0.10043206810951233,0.05473915860056877
1789141099787211300,47.69221118164062,-0.05897754430770874,0.09072990715503693,0.023840101435780525
1789141099797183000,47.702182861328126,-0.07213205844163895,0.1038120687007904,0.03753213211894035
1789141099807155200,47.7121552734375,-0.0748245120048523,0.09599116444587708,0.021816017106175423
1789141099817128200,47.722128173828125,-0.08161851018667221,0.11922825127840042,0.013644380494952202
1789141099827100200,47.73210009765625,-0.09517373144626617,0.15930216014385223,0.01339590735733509
1789141099837072100,47.742072021484375,-0.10684245824813843,0.15660621225833893,0.02074667066335678
1789141099847045000,47.75204516601563,-0.1073436588048935,0.13917900621891022,0.04246022179722786
1789141099857017000,47.76201708984375,-0.06959131360054016,0.16320893168449402,0.03280004486441612
1789141099866989000,47.77198901367188,-0.0863812118768692,0.1792249083518982,0.05138464644551277
1789141099876962300,47.78196240234375,-0.05176171660423279,0.15141601860523224,0.04186838120222092
1789141099886934000,47.79193408203125,-0.08658654242753983,0.16925440728664398,0.016464484855532646
1789141099896906200,47.80190625,-0.12910045683383942,0.15621337294578552,-0.0012362084817141294
1789141099906879200,47.811879150390624,-0.14233796298503876,0.14536206424236298,0.013815978541970253
1789141099916851000,47.82185083007813,-0.1603774130344391,0.13946369290351868,0.0014882051618769765
1789141099926823200,47.8318232421875,-0.1824137419462204,0.13058364391326904,0.0157326553016901
1789141099936796200,47.841796142578126,-0.17885568737983704,0.06321680545806885,0.02839287929236889
1789141099946768100,47.85176806640625,-0.1889708936214447,0.05003788322210312,0.05778086557984352
1789141099956740000,47.861739990234376,-0.2400503158569336,0.033467359840869904,0.017933566123247147
1789141099966712300,47.87171240234375,-0.2411949336528778,0.011304264888167381,0.015394242480397224
1789141099976685000,47.88168505859375,-0.29596248269081116,-0.007875942625105381,0.0014761220663785934
1789141099986657000,47.89165698242188,-0.2850874662399292,-0.0021586688235402107,-0.014082863926887512
1789141099996629200,47.901629150390626,-0.26110249757766724,0.01730787195265293,-0.024214595556259155
1789141100006602000,47.91160205078125,-0.24949458241462708,0.027877960354089737,-0.0034459345042705536
1789141100016574200,47.92157421875,-0.23452772200107574,0.018527159467339516,0.02002042718231678
1789141100026546200,47.93154614257813,-0.16535770893096924,0.023751748725771904,0.03970970958471298
1789141100036519200,47.94151928710937,-0.16384254395961761,0.050392989069223404,0.07300917059183121
1789141100046491100,47.9514912109375,-0.16243292391300201,0.06856640428304672,0.03451477363705635
1789141100056463400,47.96146337890625,-0.14520786702632904,0.07474986463785172,0.036985110491514206
1789141100066436000,47.97143603515625,-0.11551734805107117,0.0656604915857315,0.12567929923534393
1789141100076408000,47.98140795898438,-0.11548992991447449,0.07612002640962601,0.053504448384046555
1789141100086380300,47.99138037109375,-0.14282888174057007,-0.027627939358353615,0.10643690824508667
1789141100096353000,48.00135302734375,-0.17017757892608643,0.04933515936136246,0.026988491415977478
1789141100106325200,48.0113251953125,-0.15041078627109528,0.005726429633796215,0.008074987679719925
1789141100116297200,48.02129711914063,-0.20763041079044342,-0.007706585340201855,0.0141557976603508
1789141100126270500,48.0312705078125,-0.20503222942352295,0.007539212238043547,-0.054836586117744446
1789141100136242400,48.041242431640626,-0.17428086698055267,0.001683496404439211,-0.04275401681661606
1789141100146214400,48.05121435546875,-0.19200767576694489,-0.011557207442820072,0.005912854336202145
1789141100156186600,48.0611865234375,-0.208094522356987,-0.008963322266936302,0.02849913202226162
1789141100166159400,48.07115942382813,-0.2184787094593048,-0.02315610647201538,0.054654836654663086
1789141100176131600,48.081131591796876,-0.22615376114845276,-0.019590910524129868,0.08545099943876266
1789141100186103600,48.091103515625,-0.2654676139354706,-0.0384221225976944,0.11533592641353607
1789141100196076300,48.101076171875,-0.23278796672821045,-0.038797661662101746,0.08918050676584244
1789141100206048500,48.11104858398438,-0.22478410601615906,-0.035955268889665604,0.06515799462795258
1789141100216020500,48.1210205078125,-0.244781494140625,-0.0425228588283062,0.08264695852994919
1789141100225993500,48.130993408203125,-0.22848962247371674,-0.041308190673589706,0.03703020513057709
1789141100235965400,48.14096533203125,-0.21411733329296112,-0.03916211798787117,0.02563081495463848
1789141100245937700,48.15093774414063,-0.2379283905029297,-0.03173615783452988,-0.01571476086974144
1789141100255910400,48.16091040039063,-0.24686941504478455,-0.04162570461630821,-0.08111187815666199
1789141100265882400,48.17088232421875,-0.23314161598682404,-0.01659305766224861,-0.09549454599618912
1789141100275854300,48.18085424804688,-0.21541324257850647,-0.017917778342962265,-0.020601920783519745
1789141100285827300,48.19082739257812,-0.21744681894779205,-0.052580948919057846,-0.03074137307703495
1789141100295799600,48.200799560546876,-0.19263769686222076,-0.03126152604818344,-0.052506156265735626
1789141100305771300,48.21077124023437,-0.21360370516777039,-0.04991723597049713,0.029532788321375847
1789141100315744500,48.22074462890625,-0.22810496389865875,-0.04339037090539932,0.020107775926589966
1789141100325716500,48.23071655273438,-0.22814756631851196,-0.033594999462366104,0.008663107641041279
1789141100335688400,48.2406884765625,-0.21711622178554535,-0.06355982273817062,0.03944392129778862
1789141100345660400,48.25066040039062,-0.22907409071922302,-0.0675862580537796,0.042837854474782944
1789141100355633400,48.26063330078125,-0.21902687847614288,-0.06909188628196716,0.03637214004993439
1789141100365605400,48.27060546875,-0.2311924546957016,-0.10952799022197723,0.06461682915687561
1789141100375577300,48.280577392578124,-0.23906831443309784,-0.14095410704612732,0.046424686908721924
1789141100385550600,48.290550537109375,-0.2753016948699951,-0.16170331835746765,0.08143779635429382
1789141100395522300,48.30052221679688,-0.33625149726867676,-0.20580808818340302,0.08612451702356339
1789141100405494500,48.31049462890625,-0.3536962568759918,-0.22646595537662506,0.07569184899330139
1789141100415467500,48.32046752929688,-0.3910534977912903,-0.23932209610939026,0.08913309127092361
1789141100425439200,48.33043920898437,-0.4027583599090576,-0.2742481529712677,0.11529518663883209
1789141100435411500,48.34041137695313,-0.41400283575057983,-0.3119329810142517,0.11516167223453522
1789141100445384400,48.35038452148437,-0.38776057958602905,-0.32492122054100037,0.07428454607725143
1789141100455356400,48.3603564453125,-0.37050604820251465,-0.30689525604248047,-0.000847579212859273
1789141100465328400,48.37032836914062,-0.38028889894485474,-0.31532737612724304,-0.017595399171113968
1789141100475301600,48.380301513671874,-0.401954710483551,-0.31068405508995056,-0.10934946686029434
1789141100485273300,48.3902734375,-0.4144843518733978,-0.29976004362106323,-0.21151311695575714
1789141100495245600,48.40024560546875,-0.34110280871391296,-0.2705226540565491,-0.3102186620235443
1789141100505218600,48.410218505859376,-0.29963845014572144,-0.24814170598983765,-0.3652068078517914
1789141100515190300,48.42019018554687,-0.26092249155044556,-0.2131480574607849,-0.38616323471069336
1789141100525162500,48.43016259765625,-0.17742252349853516,-0.18713033199310303,-0.27787137031555176
1789141100535134500,48.440134521484374,-0.10600488632917404,-0.14662978053092957,-0.07462938874959946
1789141100545107500,48.450107421875,0.017944486811757088,-0.22792142629623413,0.0755489245057106
1789141100555079400,48.46007934570312,-0.04046839848160744,-0.17532120645046234,-0.2771477997303009
1789141100565051600,48.4700517578125,-0.25030261278152466,-0.29978641867637634,0.1531766951084137
1789141100575024400,48.4800244140625,-0.18980062007904053,-0.25662708282470703,0.0635586678981781
1789141100584996400,48.489996337890624,-0.11473225057125092,-0.2996118366718292,0.15541322529315948
1789141100594968600,48.49996850585938,-0.19600917398929596,-0.2584347128868103,0.22184880077838898
1789141100604941300,48.50994140625,-0.17058023810386658,-0.2598709464073181,0.14075714349746704
1789141100614913500,48.51991357421875,-0.15277010202407837,-0.2593631446361542,0.13677997887134552
1789141100624885500,48.52988549804687,-0.14709703624248505,-0.22488747537136078,0.09347564727067947
1789141100634858500,48.5398583984375,-0.0906105786561966,-0.21104750037193298,0.04245453700423241
1789141100644830500,48.54983056640625,0.0335068441927433,-0.22117097675800323,0.012075858190655708
1789141100654802700,48.559802734375,0.09201721101999283,-0.15659958124160767,-0.014196851290762424
1789141100664775400,48.569775390625,0.11731457710266113,-0.13703492283821106,-0.06739163398742676
1789141100674747400,48.57974731445312,0.11973965167999268,-0.132144033908844,-0.07953751087188721
1789141100684719600,48.5897197265625,0.14487029612064362,-0.10281437635421753,-0.07980382442474365
1789141100694691300,48.59969140625,0.20056186616420746,-0.09121453016996384,-0.11053313314914703
1789141100704664600,48.60966455078125,0.2578054368495941,-0.09689798206090927,-0.15358500182628632
1789141100714636500,48.61963647460937,0.26863428950309753,-0.07055523246526718,-0.10858404636383057
1789141100724608500,48.6296083984375,0.24678251147270203,-0.0908581092953682,0.00018557615112513304
1789141100734581500,48.63958154296875,0.244669571518898,-0.11428231000900269,-0.004346596077084541
1789141100744553500,48.649553466796874,0.20425797998905182,-0.09063370525836945,0.03676142543554306
1789141100754525400,48.659525390625,0.1802937239408493,-0.09672217071056366,0.12047698348760605
1789141100764498400,48.66949853515625,0.22118017077445984,-0.11068245768547058,0.1873313933610916
1789141100774470700,48.679470703125,0.25146421790122986,-0.07640985399484634,0.28586265444755554
1789141100784442400,48.6894423828125,0.27132049202919006,-0.1081792339682579,0.38547712564468384
1789141100794415400,48.69941528320312,0.3036597669124603,-0.11346819996833801,0.35295939445495605
1789141100804387600,48.7093876953125,0.3165760934352875,-0.07659460604190826,0.19813521206378937
1789141100814359600,48.719359619140626,0.30146682262420654,-0.09156803786754608,0.07011855393648148
1789141100824332500,48.72933251953125,0.2724578082561493,-0.12356086075305939,0.042267490178346634
1789141100834304500,48.73930444335937,0.28604328632354736,-0.11456022411584854,-0.024414146319031715
1789141100844276500,48.7492763671875,0.22751261293888092,-0.11565104871988297,-0.06552296131849289
1789141100854249500,48.75924951171875,0.2501154839992523,-0.11843697726726532,-0.09795166552066803
1789141100864221700,48.7692216796875,0.23458048701286316,-0.08987164497375488,-0.025397833436727524
1789141100874193400,48.779193359375,0.28674185276031494,-0.07292722910642624,0.03998960182070732
1789141100884165600,48.78916552734375,0.33582019805908203,-0.037574827671051025,0.08311790227890015
1789141100894138600,48.799138671875,0.3631080090999603,-0.010103455744683743,0.0748479813337326
1789141100904110300,48.8091103515625,0.3350726366043091,0.03408823907375336,0.11131757497787476
1789141100914082600,48.81908251953125,0.3035736680030823,0.06996142864227295,0.1844368875026703
1789141100924055600,48.8290556640625,0.3313312530517578,0.09553922712802887,0.19316433370113373
1789141100934027500,48.83902758789063,0.33020874857902527,0.07766169309616089,0.22709088027477264
1789141100943999500,48.84899951171875,0.4342363476753235,0.11999689787626266,0.1430598944425583
1789141100953972500,48.858972412109374,0.5173247456550598,0.1748432219028473,0.025579236447811127
1789141100963944400,48.8689443359375,0.45991337299346924,0.1866934895515442,-0.116449274122715
1789141100973916400,48.87891650390625,0.3901141285896301,0.18695592880249023,-0.22416952252388
1789141100983889700,48.8888896484375,0.38411030173301697,0.22976836562156677,-0.229252427816391
1789141100993861400,48.898861328125,0.46251964569091797,0.25778838992118835,-0.21466469764709473
1789141101003833600,48.90883349609375,0.5129809975624084,0.2468222975730896,-0.13215890526771545
1789141101013806600,48.918806640625,0.49955832958221436,0.19347748160362244,-0.005178588442504406
1789141101023778600,48.928778564453125,0.440741628408432,0.18913358449935913,-0.14335057139396667
1789141101033750500,48.93875048828125,0.3124336302280426,0.12365195155143738,0.03197614848613739
1789141101043722500,48.948722412109376,0.2147744596004486,0.10913345217704773,0.07683683186769485
1789141101053695500,48.95869555664063,0.14134187996387482,0.09440997987985611,0.08305460214614868
1789141101063667500,48.96866748046875,0.09638585150241852,0.07753246277570724,0.07986226677894592
1789141101073639400,48.97863940429688,0.046528372913599014,0.10076692700386047,0.09455981105566025
1789141101083612400,48.9886123046875,0.03350631520152092,0.09657829999923706,0.09896335005760193
1789141101093584600,48.99858471679688,0.0748090147972107,0.037406329065561295,0.05764147266745567
1789141101103556400,49.00855639648437,0.08305177092552185,0.018881911411881447,0.0425429493188858
1789141101113529300,49.018529296875,0.12819598615169525,0.002722872421145439,0.031190870329737663
1789141101123501600,49.02850146484375,0.08582136034965515,0.025140296667814255,0.0034489864483475685
1789141101133473300,49.038473388671875,0.03341221809387207,0.004953103139996529,-0.05608358234167099
1789141101143446300,49.0484462890625,-0.0016717342659831047,0.014870714396238327,-0.07127878069877625
1789141101153418200,49.05841821289062,0.027837596833705902,0.04943251609802246,-0.00458346214145422
1789141101163390200,49.06839013671875,-0.000038244761526584625,-0.0713018923997879,0.24826450645923615
1789141101173363200,49.07836328125,0.07901307940483093,-0.08650925755500793,0.22961430251598358
1789141101183335400,49.08833544921875,0.07957926392555237,0.06425975263118744,0.17962543666362762
1789141101193307100,49.09830712890625,0.06708264350891113,0.04475748538970947,0.2803264856338501
1789141101203280100,49.10828002929688,0.014136872254312038,0.020354941487312317,0.18132027983665466
1789141101213252400,49.11825244140625,-0.08073273301124573,-0.02520925924181938,-0.13694727420806885
1789141101223224000,49.12822412109375,-0.059425048530101776,-0.003606761572882533,-0.3466815948486328
1789141101233196300,49.1381962890625,0.07367885112762451,0.012821335345506668,-0.08832495659589767
1789141101243169300,49.14816918945313,0.1969243437051773,0.09583233296871185,-0.17563241720199585
1789141101253141200,49.158141357421876,0.22160182893276215,0.10215688496828079,-0.12141891568899155
1789141101263113200,49.16811328125,0.17094610631465912,0.10521791875362396,-0.07267241179943085
1789141101273086200,49.17808618164062,0.14841140806674957,0.10813970118761063,-0.05975668877363205
1789141101283058200,49.18805810546875,0.12388875335454941,0.041755881160497665,-0.11859949678182602
1789141101293030100,49.19803002929687,0.2189626395702362,0.15307307243347168,-0.10635154694318771
1789141101303003400,49.20800341796875,0.3518008291721344,0.18795406818389893,0.03329689800739288
1789141101312975000,49.21797509765625,0.3261924982070923,0.1808413565158844,-0.04768521338701248
1789141101322947300,49.227947265625,0.2833063006401062,0.2369765341281891,-0.1015164852142334
1789141101332920300,49.23792041015625,0.2944987714290619,0.27099886536598206,-0.1652267426252365
1789141101342892300,49.247892333984375,0.2887825667858124,0.23027168214321136,-0.03466900438070297
1789141101352864300,49.2578642578125,0.23460061848163605,0.19310612976551056,-0.05540616065263748
1789141101362837200,49.26783715820312,0.09456415474414825,0.10705380141735077,0.01590557023882866
1789141101372809200,49.27780932617188,0.04981214180588722,0.09802547842264175,0.03632349148392677
1789141101382781200,49.28778125,0.06750911474227905,0.0979170873761177,0.021363714709877968
1789141101392753200,49.29775317382813,0.089609794318676,0.06417146325111389,0.03865766525268555
1789141101402726100,49.30772607421875,0.10469101369380951,0.0055462331511080265,0.07197967171669006
1789141101412698400,49.317698486328126,0.12359368056058884,0.010578788816928864,0.042460475116968155
1789141101422670000,49.32767016601562,0.06657753884792328,-0.004980995319783688,0.0044172219932079315
1789141101432643000,49.33764306640625,-0.004980000667273998,-0.025673292577266693,-0.06094234064221382
1789141101442615300,49.347615234375,0.019925881177186966,0.017597481608390808,-0.2392902374267578
1789141101452587000,49.3575869140625,0.0006297696381807327,0.019056640565395355,-0.23651407659053802
1789141101462560300,49.367560302734375,-0.027715317904949188,0.02492065355181694,-0.2037888914346695
1789141101472532200,49.3775322265625,-0.012371962890028954,0.04534291476011276,-0.1969631016254425
1789141101482504200,49.387504150390626,-0.03702351450920105,-0.0024653540458530188,-0.12784501910209656
1789141101492477200,49.39747729492188,0.07110065221786499,-0.029195688664913177,-0.007552089169621468
1789141101502449200,49.40744921875,0.15112492442131042,0.047059137374162674,0.12152653187513351
1789141101512421000,49.41742114257813,0.16148707270622253,0.1059277206659317,0.10651999711990356
1789141101522394000,49.42739404296875,0.09808893501758575,0.08763206750154495,0.12225928157567978
1789141101532366300,49.43736645507813,0.13403218984603882,0.09362850338220596,0.007787203416228294
1789141101542338000,49.44733813476562,0.12576282024383545,0.09799342602491379,-0.0315769799053669
1789141101552310300,49.45731030273438,0.13886521756649017,0.09079737961292267,-0.02792615443468094
1789141101562283300,49.467283203125,0.14063408970832825,0.06303419172763824,0.03435319662094116
1789141101572255200,49.477255126953125,0.18585100769996643,0.05440834164619446,0.06780721992254257
1789141101582227200,49.48722729492187,0.2597430646419525,0.08162558078765869,0.060544781386852264
1789141101592200200,49.4972001953125,0.24379217624664307,0.1273324191570282,0.1269502490758896
1789141101602172200,49.50717211914063,0.20993195474147797,0.15238158404827118,0.1373371183872223
1789141101612144000,49.51714404296875,0.20433656871318817,0.1322687864303589,0.12944553792476654
1789141101622117400,49.527117431640626,0.1511196792125702,0.1571488380432129,0.11197439581155777
1789141101632089000,49.53708911132812,0.16411784291267395,0.15671314299106598,-0.025707200169563293
1789141101642061300,49.54706127929688,0.17844271659851074,0.11453906446695328,0.0024155143182724714
1789141101652034300,49.55703442382813,0.1848902553319931,0.14456337690353394,0.047057271003723145
1789141101662006000,49.567006103515624,0.23553211987018585,0.1483844667673111,0.05081366002559662
1789141101671978200,49.57697827148438,0.23999547958374023,0.18523606657981873,-0.025646844878792763
1789141101681951200,49.586951171875,0.23032927513122559,0.17774218320846558,0.013815341517329216
1789141101691923200,49.596923095703126,0.1703903079032898,0.21953926980495453,-0.02196635492146015
1789141101701895200,49.60689526367187,0.21577057242393494,0.17441652715206146,0.032348014414310455
1789141101711868200,49.6168681640625,0.1893882304430008,0.16563984751701355,0.06512247025966644
1789141101721840000,49.62684008789063,0.20774593949317932,0.14254678785800934,0.03674302622675896
1789141101731812400,49.636812255859375,0.19065484404563904,0.1597803682088852,-0.0029394051525741816
1789141101741784300,49.64678442382812,0.156999409198761,0.17488767206668854,-0.03819645941257477
1789141101751757000,49.65675708007812,0.183392733335495,0.1939384490251541,-0.06936946511268616
1789141101761729300,49.66672924804688,0.2249811887741089,0.17213700711727142,-0.026373259723186493
1789141101771701200,49.676701171875,0.24677741527557373,0.11384519189596176,0.11357460170984268
1789141101781674200,49.68667431640625,0.26883023977279663,0.008742204867303371,0.16523407399654388
1789141101791646200,49.69664624023437,0.15284095704555511,0.06518106907606125,0.15152403712272644
1789141101801618200,49.7066181640625,0.0528203547000885,0.06741252541542053,0.159456267952919
1789141101811591200,49.71659106445313,-0.09201060980558395,0.10469052940607071,0.03905661776661873
1789141101821563100,49.726563232421874,-0.1418071836233139,0.053393252193927765,-0.2641410827636719
1789141101831535000,49.73653515625,-0.1499975621700287,0.11422999203205109,-0.3708207607269287
1789141101841508000,49.74650805664062,0.046004969626665115,0.1361648440361023,-0.2855948209762573
1789141101851480300,49.756480224609376,0.18724660575389862,0.12234771996736526,-0.11523496359586716
1789141101861452000,49.7664521484375,0.20753057301044464,-0.054500021040439606,0.11699800938367844
1789141101871424300,49.77642431640625,0.17476774752140045,-0.05556287243962288,0.14718645811080933
1789141101881397200,49.78639721679688,0.13189272582530975,0.10605265945196152,-0.00689872307702899
1789141101891369200,49.796369140625,0.0873287096619606,0.1167922168970108,0.01769796945154667
1789141101901341200,49.80634106445312,0.10490716993808746,0.1793956756591797,0.07974375784397125
1789141101911314200,49.81631420898437,0.15732485055923462,0.31312304735183716,0.024274373427033424
1789141101921286100,49.8262861328125,0.08372253179550171,0.2057742178440094,0.16895565390586853
1789141101931258000,49.836258056640624,0.19637583196163177,0.11484624445438385,0.10584167391061783
1789141101941231400,49.8462314453125,0.239525705575943,0.11531416326761246,0.1034991592168808
1789141101951203000,49.856203125,0.13956581056118011,0.08340582996606827,0.19961237907409668
1789141101961175300,49.86617529296875,0.02239551767706871,0.08994575589895248,0.07484140992164612
1789141101971148300,49.87614819335938,-0.05099552497267723,0.12042215466499329,-0.03160051256418228
1789141101981120000,49.8861201171875,-0.07020091265439987,0.16911324858665466,-0.028870239853858948
1789141101991092200,49.89609228515625,0.00693673687055707,0.18763823807239532,-0.11032886803150177
1789141102001065200,49.90606518554687,0.12256559729576111,0.1505952775478363,-0.11908294260501862
1789141102011037200,49.916037109375,0.11043278872966766,0.1498347967863083,-0.05490690469741821
1789141102021009200,49.92600903320312,0.16078144311904907,0.10577040910720825,-0.032342471182346344
1789141102030981400,49.9359814453125,0.10111092031002045,0.09033586084842682,-0.03755508363246918
1789141102040954000,49.9459541015625,0.0855889618396759,0.12664192914962769,-0.157362163066864
1789141102050926300,49.95592626953125,-0.05559498071670532,0.10059093683958054,-0.05942593514919281
1789141102060898300,49.96589819335937,-0.14071813225746155,0.10099200904369354,0.003680597525089979
1789141102070871000,49.97587109375,-0.10085123032331467,0.10428692400455475,-0.013682503253221512
1789141102080843300,49.98584326171875,-0.12254400551319122,0.05625841021537781,-0.011879277415573597
1789141102090815200,49.995815185546874,-0.09498278796672821,0.0036211241967976093,0.021119603887200356
1789141102100788200,50.005788330078126,-0.08244408667087555,0.037098392844200134,0.005420801229774952
1789141102110760200,50.01576025390625,-0.040819406509399414,0.054159894585609436,0.0028702844865620136
1789141102120732400,50.025732421875,-0.023954669013619423,0.027195390313863754,-0.023256922140717506
1789141102130705200,50.035705078125,-0.021781891584396362,-0.010197697207331657,-0.08506365120410919
1789141102140676900,50.0456767578125,-0.07189831882715225,-0.007160095497965813,-0.05072245001792908
1789141102150649000,50.05564916992188,-0.10064172744750977,0.013338301330804825,-0.056963227689266205
1789141102160622000,50.0656220703125,-0.07220395654439926,0.017776990309357643,-0.045167818665504456
1789141102170594000,50.075593994140625,-0.054768156260252,0.015373132191598415,0.007300278637558222
1789141102180566000,50.08556591796875,-0.09417654573917389,0.016954515129327774,-0.005782234016805887
1789141102190539000,50.0955390625,-0.08855435252189636,0.02001538872718811,-0.05483259633183479
1789141102200511000,50.10551098632813,-0.027901392430067062,-0.014476009644567966,-0.051900457590818405
1789141102210483200,50.115483154296875,0.014988822862505913,-0.01775788888335228,-0.007827814668416977
1789141102220455200,50.125455078125,0.08056863397359848,0.004455537535250187,0.02573147602379322
1789141102230428000,50.13542797851562,0.08715151995420456,0.002570496406406164,0.04494627192616463
1789141102240400100,50.14540014648438,0.03385581076145172,-0.01417093351483345,0.042705222964286804
1789141102250372000,50.1553720703125,-0.0043006278574466705,-0.007826651446521282,0.04178030788898468
1789141102260345000,50.165344970703124,-0.0008891187608242035,0.0018299706280231476,0.041508134454488754
1789141102270317000,50.17531713867187,0.04407303035259247,0.012813212350010872,-0.003804220585152507
1789141102280289300,50.18528930664063,0.16389264166355133,0.05908776447176933,-0.10770372301340103
1789141102290262000,50.195261962890626,0.17985181510448456,0.10507655143737793,-0.1285582184791565
1789141102300234000,50.20523388671875,0.1707374006509781,0.12972384691238403,-0.0954870879650116
1789141102310206200,50.21520629882812,0.19748735427856445,0.1529892534017563,-0.043331921100616455
1789141102320179000,50.22517895507813,0.24807196855545044,0.16244001686573029,0.03966043144464493
1789141102330151200,50.235151123046876,0.2671266198158264,0.16194702684879303,0.10146627575159073
1789141102340123100,50.245123046875,0.26830291748046875,0.17262151837348938,0.1742454171180725
1789141102350095000,50.25509521484375,0.2062278538942337,0.18823277950286865,0.24140074849128723
1789141102360068000,50.26506811523438,0.17196761071681976,0.1916424185037613,0.20690108835697174
1789141102370040000,50.2750400390625,0.1633005291223526,0.2288813292980194,0.12432596832513809
1789141102380012000,50.28501196289063,0.20055176317691803,0.2210785299539566,-0.03546716272830963
1789141102389985000,50.29498510742187,0.22256234288215637,0.2058076709508896,-0.08464553952217102
1789141102399957200,50.30495727539063,0.2788762152194977,0.21221816539764404,-0.07524937391281128
1789141102409929000,50.31492895507812,0.30233946442604065,0.2135886549949646,-0.030521051958203316
1789141102419902200,50.324902099609375,0.29187217354774475,0.17837154865264893,0.04318086430430412
1789141102429874200,50.33487426757812,0.2304772585630417,0.1983698308467865,0.01536627672612667
1789141102439846100,50.34484619140625,0.14601218700408936,0.16815973818302155,0.10653319954872131
1789141102449819100,50.35481909179688,0.040172029286623,0.17750988900661469,0.14181050658226013
1789141102459791000,50.364791015625,-0.0029879584908485413,0.14046025276184082,0.1472092568874359
1789141102469763000,50.37476318359375,0.016029231250286102,0.11717498302459717,0.0867135152220726
1789141102479736000,50.38473608398437,0.07005038857460022,0.09400787949562073,0.03429664671421051
1789141102489708300,50.394708251953126,0.08558077365159988,0.08615300804376602,-0.0026681004092097282
1789141102499680000,50.40467993164062,0.11696053296327591,0.0979236513376236,-0.040996044874191284
1789141102509652200,50.41465234375,0.1354704201221466,0.09827273339033127,-0.055636439472436905
1789141102519625200,50.42462524414063,0.10258329659700394,0.0907820612192154,-0.01601525954902172
1789141102529597000,50.434596923828124,0.053927432745695114,0.11003339290618896,0.0021222904324531555
1789141102539569200,50.44456909179687,0.04074159264564514,0.0844140499830246,0.07424148917198181
1789141102549542100,50.45454223632812,0.051342833787202835,0.07064187526702881,0.07608679682016373
1789141102559514000,50.46451416015625,0.07294613122940063,0.10247571021318436,0.0564984492957592
1789141102569486000,50.474486083984374,0.052263133227825165,0.12472853809595108,0.04675784334540367
1789141102579459000,50.484458984375,0.10168527066707611,0.11652227491140366,-0.02009948343038559
1789141102589431000,50.49443115234375,0.10700094699859619,0.17075471580028534,-0.059972863644361496
1789141102599403300,50.5044033203125,0.11642773449420929,0.19453008472919464,-0.049307700246572495
1789141102609376300,50.51437622070313,0.16677755117416382,0.21268866956233978,-0.048791758716106415
1789141102619348000,50.52434790039062,0.23400504887104034,0.2107168585062027,-0.010745305567979813
1789141102629320200,50.5343203125,0.21979176998138428,0.19265806674957275,0.04627004638314247
1789141102639293200,50.54429321289062,0.18106141686439514,0.22610178589820862,0.07207394391298294
1789141102649265200,50.55426513671875,0.14203067123889923,0.22061996161937714,0.12768873572349548
1789141102659237000,50.56423706054687,0.15011441707611084,0.2429039627313614,0.06076296418905258
1789141102669209000,50.574208984375,0.15244512259960175,0.22862650454044342,0.04915522411465645
1789141102679182000,50.58418212890625,0.1332181692123413,0.22356542944908142,0.021775532513856888
1789141102689154000,50.594154052734375,0.15263020992279053,0.21165744960308075,0.01552296057343483
1789141102699126000,50.6041259765625,0.1495119333267212,0.24939151108264923,0.018554436042904854
1789141102709099000,50.61409912109375,0.14217419922351837,0.22556178271770477,0.04034211486577988
1789141102719071200,50.6240712890625,0.10754245519638062,0.2220088541507721,0.07571955025196075
1789141102729043000,50.63404296875,0.0908561497926712,0.22180576622486115,0.0826384425163269
1789141102739016000,50.644015869140624,0.043283041566610336,0.18634124100208282,0.09620724618434906
1789141102748988200,50.65398828125,0.04190219193696976,0.1641407608985901,0.12512890994548798
1789141102758960000,50.663960205078126,0.03173424303531647,0.19510135054588318,0.07797498255968094
1789141102768933000,50.67393310546875,0.0219129528850317,0.1678779423236847,0.04114070534706116
1789141102778905000,50.683905029296874,0.0019099502824246883,0.15472564101219177,-0.000010190415196120739
1789141102788877000,50.693876953125,-0.005631411448121071,0.17340272665023804,-0.013233940117061138
1789141102798850000,50.70385009765625,0.028569433838129044,0.15652839839458466,0.016411837190389633
1789141102808822300,50.713822265625,0.03137097880244255,0.13542607426643372,0.02324223704636097
1789141102818794000,50.7237939453125,-0.017660479992628098,0.12135951220989227,0.02642977423965931
1789141102828766200,50.73376611328125,-0.0519682951271534,0.09424199163913727,0.035285137593746185
1789141102838739200,50.7437392578125,-0.08732228726148605,0.10970564186573029,0.013289556838572025
1789141102848711000,50.7537109375,-0.12895514070987701,0.09847725927829742,0.029452109709382057
1789141102858683100,50.76368310546875,-0.1511448621749878,0.08892450481653214,0.033769894391298294
1789141102868656000,50.77365625,-0.12671709060668945,0.07458733767271042,0.00773072661831975
1789141102878628000,50.78362817382813,-0.11987463384866714,0.07595566660165787,0.021327229216694832
1789141102888600000,50.79360009765625,-0.05092468857765198,0.0660213977098465,0.011841761879622936
1789141102898573000,50.803572998046874,-0.05028606206178665,0.09901689738035202,-0.007262158207595348
1789141102908545000,50.813544921875,-0.04330423101782799,0.08783416450023651,0.02050059847533703
1789141102918517000,50.82351708984375,-0.04719138145446777,0.08216269314289093,0.04390845075249672
1789141102928490200,50.833490234375,-0.0711570680141449,0.11204663664102554,0.018019944429397583
1789141102938462000,50.8434619140625,-0.07120287418365479,0.09585568308830261,0.02744673565030098
1789141102948434200,50.85343408203125,-0.08407366275787354,0.08138395845890045,0.012778307311236858
1789141102958407200,50.8634072265625,-0.1046535074710846,0.073122039437294,0.0421641580760479
1789141102968379100,50.873379150390626,-0.15281721949577332,0.06868062913417816,0.043209537863731384
1789141102978351000,50.88335107421875,-0.1329319328069687,0.053179964423179626,0.020237645134329796
1789141102988323000,50.89332299804688,-0.14165307581424713,0.05660494416952133,0.041329525411129
1789141102998296000,50.90329614257813,-0.14950354397296906,0.028452668339014053,0.04243926331400871
1789141103008268000,50.91326806640625,-0.19181495904922485,0.00118956808000803,0.03835326433181763
1789141103018240000,50.92323999023437,-0.27240753173828125,-0.009201820008456707,0.04251978173851967
1789141103028213000,50.933212890625,-0.24405339360237122,-0.04988809674978256,0.022898409515619278
1789141103038185200,50.94318530273438,-0.2629019320011139,-0.033847346901893616,-0.004303917288780212
1789141103048157000,50.95315698242187,-0.27733075618743896,-0.03238974139094353,-0.007513115648180246
1789141103058130000,50.9631298828125,-0.2689095735549927,-0.006322987377643585,-0.05814460292458534
1789141103068102100,50.97310205078125,-0.27361252903938293,-0.0006000648718327284,-0.025341469794511795
1789141103078073900,50.983073974609376,-0.2665490210056305,-0.018643779680132866,-0.013597995042800903
1789141103088047000,50.99304711914063,-0.2225729525089264,-0.03800911083817482,-0.008644161745905876
1789141103098019000,51.00301904296875,-0.19485238194465637,-0.03259969875216484,0.05783473327755928
1789141103107991000,51.01299096679688,-0.1836656779050827,-0.00933447852730751,0.07142865657806396
1789141103117964000,51.02296411132812,-0.15676401555538177,-0.03852831572294235,0.07462391257286072
1789141103127936000,51.03293603515625,-0.18670381605625153,-0.026408502832055092,0.11598388105630875
1789141103137908000,51.04290795898437,-0.16496603190898895,-0.04138505831360817,0.1054537370800972
1789141103147880200,51.05288012695313,-0.1756018102169037,-0.032797109335660934,0.0901385173201561
1789141103157853000,51.06285302734375,-0.16879716515541077,-0.009779942221939564,0.03853897377848625
1789141103167825000,51.072824951171874,-0.12760934233665466,0.02493511140346527,-0.09837715327739716
1789141103177797000,51.08279711914062,-0.14534732699394226,0.016214856877923012,-0.14973008632659912
1789141103187769900,51.09276977539062,-0.11779240518808365,0.023346642032265663,-0.11791330575942993
1789141103197742000,51.1027421875,-0.07298897951841354,0.04644530266523361,-0.18171146512031555
1789141103207714000,51.112714111328124,-0.05514019355177879,0.003847302868962288,-0.12498053163290024
1789141103217686800,51.122686767578124,-0.06787383556365967,-0.0026334996800869703,-0.03280959650874138
1789141103227659000,51.13265893554688,-0.005012935027480125,0.04269655793905258,-0.07288174331188202
1789141103237631000,51.142630859375,-0.038893669843673706,0.024455765262246132,-0.021465152502059937
1789141103247604000,51.15260400390625,-0.10784318298101425,0.011485137045383453,0.011459511704742908
1789141103257576000,51.16257592773437,-0.08108001202344894,-0.00040987133979797363,-0.008682508021593094
1789141103267548200,51.17254809570313,-0.0885346382856369,0.021715782582759857,-0.03914365917444229
1789141103277520000,51.182519775390624,-0.12022227048873901,0.0050736889243125916,-0.03401467576622963
1789141103287492900,51.192492919921875,-0.07536114007234573,-0.012484241276979446,-0.01792953908443451
1789141103297464800,51.20246484375,-0.0322972871363163,0.03249575197696686,-0.040896374732255936
1789141103307437000,51.21243701171875,0.0158938467502594,0.02739362232387066,-0.08544528484344482
1789141103317410000,51.22241015625,0.0293758325278759,0.02325347065925598,-0.06089652329683304
1789141103327381800,51.2323818359375,0.04358300566673279,0.03987223282456398,-0.032516028732061386
1789141103337354000,51.24235400390625,0.01640305109322071,0.012160174548625946,0.016727950423955917
1789141103347327000,51.25232690429687,0.002111285924911499,0.012767350301146507,0.023970242589712143
1789141103357299000,51.262298828125,-0.012016250751912594,0.01272580586373806,0.025381984189152718
1789141103367271000,51.27227099609375,0.0002563018351793289,0.01769348792731762,0.01185623835772276
1789141103377244000,51.282243896484374,0.00013779103755950928,0.020869042724370956,-0.0015796762891113758
1789141103387216000,51.2922158203125,-0.028434641659259796,0.016787057742476463,0.0013075440656393766
1789141103397187800,51.302187744140625,-0.018263764679431915,0.03306376934051514,-0.007445733994245529
1789141103407161000,51.3121611328125,0.02940930798649788,0.08440160006284714,-0.07159747183322906
1789141103417132800,51.3221328125,0.09937960654497147,0.0916946679353714,-0.09862403571605682
1789141103427105000,51.33210498046875,0.11772353947162628,0.09783726185560226,-0.04801055043935776
1789141103437078000,51.342078125,0.14702096581459045,0.13177737593650818,0.01865023374557495
1789141103447050000,51.352050048828126,0.1387326866388321,0.15094682574272156,0.06451546400785446
1789141103457022000,51.36202197265625,0.1547769010066986,0.13836151361465454,0.10213208198547363
1789141103466994000,51.371993896484376,0.1333417445421219,0.1647702306509018,0.14897850155830383
1789141103476967000,51.381966796875,0.13930855691432953,0.1368533819913864,0.19191984832286835
1789141103486939000,51.39193896484375,0.13070085644721985,0.15408818423748016,0.17305658757686615
1789141103496911000,51.4019111328125,0.16807298362255096,0.17611998319625854,0.13900727033615112
1789141103506883800,51.4118837890625,0.17152045667171478,0.18769261240959167,0.08034474402666092
1789141103516856000,51.42185595703125,0.19708307087421417,0.15495090186595917,0.06865053623914719
1789141103526828000,51.431828125,0.16762256622314453,0.19411152601242065,0.0037564062513411045
1789141103536800800,51.44180078125,0.1688353717327118,0.19552911818027496,-0.04497305303812027
1789141103546773000,51.45177294921875,0.1413923054933548,0.18596741557121277,-0.1060907319188118
1789141103556745000,51.461744873046875,0.12657660245895386,0.1712731570005417,-0.06576567888259888
1789141103566718000,51.47171801757813,0.0865512415766716,0.174900084733963,-0.020761100575327873
1789141103576690000,51.48168994140625,0.0803263708949089,0.16007506847381592,-0.01228372659534216
1789141103586662100,51.491662109375,0.06663905829191208,0.16697338223457336,-0.03795366734266281
1789141103596635000,51.501634765625,0.09789125621318817,0.1617586463689804,0.009568042121827602
1789141103606606800,51.51160693359375,0.060239385813474655,0.1680370718240738,0.008622007444500923
1789141103616579000,51.5215791015625,0.06810583174228668,0.15221069753170013,0.050223249942064285
1789141103626551800,51.5315517578125,0.04981542006134987,0.18397924304008484,0.0143935177475214
1789141103636524000,51.54152392578125,-0.011424499563872814,0.15835483372211456,0.01059718243777752
1789141103646496000,51.55149609375,-0.016892869025468826,0.13012339174747467,-0.004311004653573036
1789141103656468000,51.56146801757812,0.01115181390196085,0.1554519236087799,-0.04078645631670952
1789141103666441000,51.57144091796875,0.03709118440747261,0.1692984402179718,-0.07303530722856522
1789141103676413200,51.5814130859375,0.010721630416810513,0.15679490566253662,-0.055327944457530975
1789141103686385000,51.591385009765624,-0.01657889410853386,0.17289556562900543,-0.08412566781044006
1789141103696358000,51.60135791015625,-0.07133721560239792,0.14839394390583038,-0.08079352229833603
1789141103706330000,51.611330078125,-0.07075680792331696,0.12636035680770874,-0.08428032696247101
1789141103716301800,51.6213017578125,-0.08151384443044662,0.1184110939502716,-0.05130266398191452
1789141103726275000,51.63127514648438,-0.07888583838939667,0.08031526952981949,-0.045072201639413834
1789141103736247000,51.6412470703125,-0.10914094001054764,0.06953266263008118,-0.04589671641588211
1789141103746219000,51.65121899414063,-0.1297353357076645,0.08274242281913757,-0.04256955161690712
1789141103756192000,51.66119189453125,-0.16181683540344238,0.045391324907541275,-0.04768894612789154
1789141103766164000,51.6711640625,-0.14510729908943176,0.019184960052371025,-0.046019043773412704
1789141103776136000,51.68113598632812,-0.16509351134300232,0.04013631120324135,-0.08163323253393173
1789141103786109000,51.69110888671875,-0.18497422337532043,0.004694723058491945,-0.06348047405481339
1789141103796081200,51.7010810546875,-0.21463198959827423,0.005946674849838018,-0.03022638149559498
1789141103806052900,51.711052978515625,-0.24419474601745605,0.003609907813370228,-0.015138327144086361
1789141103816025900,51.72102587890625,-0.2610251307487488,-0.021951645612716675,-0.01871548406779766
1789141103825998000,51.730998046875,-0.2667088508605957,-0.049039699137210846,0.01823638193309307
1789141103835970000,51.74096997070313,-0.26504942774772644,-0.0690794512629509,0.09235934913158417
1789141103845943000,51.75094311523438,-0.2797466218471527,-0.0999746173620224,0.14552083611488342
1789141103855915000,51.7609150390625,-0.3316849172115326,-0.11347897350788116,0.13420931994915009
1789141103865887000,51.77088696289063,-0.34258922934532166,-0.13798537850379944,0.10320906341075897
1789141103875859000,51.78085888671875,-0.33982059359550476,-0.12333480268716812,0.06667768210172653
1789141103885832200,51.79083227539063,-0.36949992179870605,-0.10163180530071259,0.058761972934007645
1789141103895804000,51.80080395507812,-0.37717941403388977,-0.09480638802051544,0.03755761682987213
1789141103905776000,51.81077612304688,-0.2933715283870697,-0.11020413786172867,-0.05063234642148018
1789141103915749000,51.8207490234375,-0.29180583357810974,-0.0873776525259018,-0.02241721749305725
1789141103925720800,51.830720947265625,-0.2756378948688507,-0.09967108070850372,-0.005581594072282314
1789141103935693000,51.84069311523437,-0.26870566606521606,-0.09267016500234604,0.006014075595885515
1789141103945666000,51.850666015625,-0.2960035800933838,-0.08917997032403946,0.05070776119828224
1789141103955638000,51.86063793945313,-0.30052056908607483,-0.08036064356565475,0.0819636881351471
1789141103965610000,51.87060986328125,-0.3061720132827759,-0.08445190638303757,0.07469894737005234
1789141103975583000,51.8805830078125,-0.3146277964115143,-0.11277782171964645,0.09263933449983597
1789141103985555000,51.89055493164062,-0.3325935900211334,-0.10430441051721573,0.0589100643992424
1789141103995527000,51.90052685546875,-0.29782843589782715,-0.1061534434556961,0.03403374180197716
1789141104005500200,51.91050024414063,-0.3064280152320862,-0.10531006008386612,0.012238948605954647
1789141104015471900,51.920471923828124,-0.2883765697479248,-0.1788090467453003,0.02521519921720028
1789141104025444000,51.93044409179687,-0.2898816168308258,-0.16243401169776917,0.023157551884651184
1789141104035417000,51.9404169921875,-0.34852948784828186,-0.1897473931312561,-0.011142364703118801
1789141104045389000,51.95038916015625,-0.3842379152774811,-0.25767338275909424,0.02539140358567238
1789141104055361000,51.960361083984374,-0.4359290897846222,-0.2129858136177063,-0.022217392921447754
1789141104065334000,51.970333984375,-0.4142991602420807,-0.2807934582233429,-0.016743270680308342
1789141104075306000,51.98030590820313,-0.45356079936027527,-0.30511024594306946,-0.0037678161170333624
1789141104085278000,51.99027783203125,-0.40907859802246094,-0.3066500425338745,-0.05929817631840706
1789141104095251200,52.00025122070313,-0.4175626039505005,-0.26735109090805054,-0.027247831225395203
1789141104105223000,52.01022290039062,-0.3199108839035034,-0.2893804907798767,-0.0551481731235981
1789141104115195100,52.02019506835938,-0.34035784006118774,-0.2492448091506958,-0.06502370536327362
1789141104125166800,52.030166748046874,-0.31978240609169006,-0.3020804524421692,0.026104282587766647
1789141104135140400,52.04014038085938,-0.3017312288284302,-0.24688243865966797,0.009168975055217743
1789141104145112600,52.050112548828125,-0.25891026854515076,-0.2692593038082123,0.029376640915870667
1789141104155084300,52.06008422851563,-0.251675009727478,-0.23524698615074158,0.011738522909581661
1789141104165057500,52.0700576171875,-0.19026847183704376,-0.2190057784318924,-0.022022712975740433
1789141104175029500,52.08002954101563,-0.16714556515216827,-0.18918557465076447,-0.03843950480222702
1789141104185001500,52.09000146484375,-0.1443217545747757,-0.18334349989891052,-0.01997048407793045
1789141104194974500,52.099974365234374,-0.14210599660873413,-0.17255742847919464,0.005658712238073349
1789141104204946400,52.10994653320312,-0.1269654929637909,-0.21312215924263,-0.003790265880525112
1789141104214918400,52.11991845703125,-0.11627582460641861,-0.23179678618907928,0.041225943714380264
1789141104224891400,52.129891357421876,-0.12278714776039124,-0.17791111767292023,0.050511930137872696
1789141104234863600,52.13986352539062,-0.06637847423553467,-0.20963069796562195,0.03258166462182999
1789141104244835300,52.14983544921875,-0.12001652270555496,-0.19613221287727356,0.03991008922457695
1789141104254808300,52.15980834960938,-0.07651565223932266,-0.1686697006225586,0.019426120445132256
1789141104264780500,52.169780517578126,-0.05794889107346535,-0.14375530183315277,-0.06648346036672592
1789141104274752300,52.17975219726563,-0.015943918377161026,-0.15332616865634918,-0.1333833932876587
1789141104284725500,52.1897255859375,-0.0018657790496945381,-0.15560951828956604,-0.07471801340579987
1789141104294697500,52.19969750976563,-0.013078485615551472,-0.1878465712070465,0.006977382116019726
1789141104304669400,52.20966943359375,0.012348080985248089,-0.1841702163219452,-0.025548893958330154
1789141104314642400,52.219642333984375,0.025666549801826477,-0.17339852452278137,0.005050825420767069
1789141104324614400,52.22961450195312,-0.019638992846012115,-0.1892216056585312,0.07557578384876251
1789141104334586400,52.23958642578125,0.008511152118444443,-0.2087809294462204,0.11674851924180984
1789141104344559400,52.24955932617188,-0.016694730147719383,-0.1853109896183014,0.08116874098777771
1789141104354531600,52.259531494140624,0.01707761362195015,-0.20827995240688324,0.0029301305767148733
1789141104364503300,52.26950341796875,-0.02394120953977108,-0.18693974614143372,-0.0474584586918354
1789141104374476500,52.2794765625,0.0317220538854599,-0.17665114998817444,-0.03203156590461731
1789141104384448500,52.289448486328126,0.07044310122728348,-0.1345098614692688,-0.05904295668005943
1789141104394420500,52.29942041015625,0.1718301773071289,-0.12274694442749023,-0.05825413018465042
1789141104404392400,52.30939233398438,0.21000003814697266,-0.10614455491304398,-0.048290107399225235
1789141104414365400,52.31936547851563,0.22052937746047974,-0.11543978750705719,0.02280804142355919
1789141104424337400,52.32933740234375,0.21551772952079773,-0.08987507224082947,0.04317955672740936
1789141104434309400,52.33930932617187,0.19747507572174072,-0.06167513132095337,0.055587757378816605
1789141104444282600,52.34928271484375,0.23736292123794556,-0.08744250237941742,0.04952996224164963
1789141104454254300,52.35925439453125,0.19562852382659912,-0.04918379336595535,0.004508424550294876
1789141104464226600,52.3692265625,0.1888618767261505,-0.045950163155794144,-0.014727160334587097
1789141104474199600,52.379199462890625,0.1936987340450287,-0.031198650598526,-0.04978421330451965
1789141104484171300,52.38917114257813,0.2437787503004074,-0.012684041634202003,-0.09123222529888153
1789141104494143500,52.3991435546875,0.247976154088974,-0.04534930735826492,-0.07709803432226181
1789141104504116500,52.40911645507813,0.25501206517219543,-0.0832938551902771,-0.061758410185575485
1789141104514088400,52.41908837890625,0.21326833963394165,-0.05252795293927193,-0.04673498868942261
1789141104524060400,52.42906030273438,0.13839633762836456,-0.08541585505008698,0.04239976406097412
1789141104534033700,52.43903369140625,0.10218080133199692,-0.10066138952970505,0.038631390780210495
1789141104544005400,52.44900537109375,0.09645935148000717,-0.1063191220164299,0.033522214740514755
1789141104553977600,52.4589775390625,0.09365823864936829,-0.09669206291437149,0.035691890865564346
1789141104563950600,52.46895068359375,0.06700433790683746,-0.09920880943536758,0.017263440415263176
1789141104573922300,52.47892236328125,0.09488710016012192,-0.09254105389118195,-0.01343614887446165
1789141104583894500,52.48889453125,0.062431950122117996,-0.08245545625686646,-0.011801226064562798
1789141104593867500,52.498867431640626,0.06082047149538994,-0.07516398280858994,-0.02337612397968769
1789141104603839500,52.508839599609374,0.12598660588264465,-0.06726536899805069,0.019707603380084038
1789141104613811500,52.5188115234375,0.1882220059633255,-0.06958524882793427,0.05015259608626366
1789141104623784400,52.52878442382813,0.1856643110513687,-0.07634590566158295,0.06428387016057968
1789141104633756400,52.53875634765625,0.1807907223701477,-0.08708856254816055,0.09052825719118118
1789141104643728400,52.54872827148437,0.14439761638641357,-0.08008542656898499,0.14396017789840698
1789141104653701600,52.55870166015625,0.11219652742147446,-0.026778792962431908,0.027416519820690155
1789141104663673300,52.56867333984375,0.12054692953824997,-0.05778583139181137,-0.007519141770899296
1789141104673645600,52.5786455078125,0.14251188933849335,-0.036632876843214035,0.0012346687726676464
1789141104683618600,52.58861865234375,0.17115518450737,-0.02301175147294998,0.0017987743485718966
1789141104693590500,52.59859057617187,0.17302685976028442,-0.01133032701909542,-0.04511786997318268
1789141104703562500,52.6085625,0.2077237367630005,-0.026970617473125458,-0.02654094249010086
1789141104713535500,52.61853540039063,0.19230002164840698,-0.004475160967558622,0.01697484217584133
1789141104723507500,52.628507568359375,0.21623173356056213,-0.0034642249811440706,0.06375166773796082
1789141104733479400,52.6384794921875,0.21174004673957825,0.003687960561364889,0.08843357861042023
1789141104743451400,52.648451416015625,0.22384898364543915,-0.0005055970977991819,0.09835809469223022
1789141104753424400,52.65842431640625,0.21068258583545685,-0.0009886946063488722,0.08953956514596939
1789141104763396600,52.668396728515624,0.2671857178211212,-0.015320452861487865,0.07880066335201263
1789141104773368300,52.67836840820313,0.2662096619606018,0.0026431013830006123,0.04754127189517021
1789141104783341300,52.68834130859375,0.24062186479568481,-0.010469429194927216,-0.00635703606531024
1789141104793313500,52.6983134765625,0.2195780873298645,-0.0688088983297348,0.02745738811790943
1789141104803285200,52.70828515625,0.21589861810207367,-0.07114657759666443,0.012481947429478168
1789141104813258500,52.71825854492187,0.18918178975582123,-0.08557052165269852,-0.031005876138806343
1789141104823230500,52.72823046875,0.10987545549869537,-0.1368432193994522,0.02828875370323658
1789141104833202400,52.738202392578124,0.05829135701060295,-0.14463350176811218,0.05156131833791733
1789141104843175400,52.748175537109375,0.015623321756720543,-0.14680132269859314,0.035447970032691956
1789141104853147400,52.7581474609375,0.03630835935473442,-0.1734936535358429,0.053250934928655624
1789141104863119400,52.768119384765626,0.08156135678291321,-0.1525353491306305,0.011625171639025211
1789141104873092400,52.77809228515625,0.11755211651325226,-0.1580938994884491,-0.014258356764912605
1789141104883064600,52.788064697265625,0.12821397185325623,-0.1278156340122223,-0.00008403067477047443
1789141104893036300,52.79803637695313,0.19245874881744385,-0.10074672847986221,-0.009752636775374413
1789141104903009500,52.80800952148437,0.25502434372901917,-0.06187738478183746,-0.04329352453351021
1789141104912981500,52.8179814453125,0.31833088397979736,-0.024596059694886208,-0.010217597708106041
1789141104922953500,52.82795336914062,0.38029512763023376,-0.004407381173223257,0.016782503575086594
1789141104932926500,52.837926513671874,0.39709752798080444,0.03412935882806778,0.020564192906022072
1789141104942898400,52.8478984375,0.43025630712509155,0.07134678959846497,0.04359331727027893
1789141104952870400,52.857870361328125,0.41716766357421875,0.11080019176006317,0.03529970347881317
1789141104962843400,52.867843505859376,0.4449480175971985,0.11643834412097931,0.008891213685274124
1789141104972815600,52.877815673828124,0.4439221918582916,0.15108101069927216,-0.044834330677986145
1789141104982787300,52.88778735351563,0.49100810289382935,0.17563539743423462,-0.07469484955072403
1789141104992760300,52.89776025390625,0.5083639621734619,0.19267483055591583,-0.04276035353541374
1789141105002732500,52.907732666015626,0.5256405472755432,0.22627893090248108,-0.07151299715042114
1789141105012704300,52.91770434570312,0.5334692001342773,0.2193203568458557,-0.04315219447016716
1789141105022677500,52.92767749023437,0.5050816535949707,0.2436610460281372,-0.042949479073286057
1789141105032649500,52.9376494140625,0.48818573355674744,0.23289626836776733,-0.04807260259985924
1789141105042621400,52.947621337890624,0.4890202581882477,0.24650968611240387,-0.02411593310534954
1789141105052594400,52.957594482421875,0.5084804892539978,0.2651944160461426,-0.009759364649653435
1789141105062566400,52.96756640625,0.480346143245697,0.24018381536006927,-0.002990961307659745
1789141105072538400,52.977538330078126,0.4995129406452179,0.23091788589954376,-0.03756385296583176
1789141105082510600,52.98751049804687,0.4446256458759308,0.27219465374946594,-0.055225107818841934
1789141105092483600,52.997483642578125,0.4427715539932251,0.22841547429561615,-0.06673555821180344
1789141105102455300,53.00745532226563,0.39942336082458496,0.2133014053106308,-0.07589409500360489
1789141105112427500,53.017427490234375,0.40295204520225525,0.2105913758277893,-0.04302988946437836
1789141105122400500,53.027400390625,0.35238540172576904,0.17393989861011505,0.02708243392407894
1789141105132371700,53.03737182617188,0.32749974727630615,0.1389281302690506,0.037096183747053146
1789141105142343700,53.04734375,0.2883412539958954,0.13211366534233093,0.023784736171364784
1789141105152317000,53.05731689453125,0.28479233384132385,0.11259403079748154,0.02659676782786846
1789141105162288600,53.06728857421875,0.21643736958503723,0.07856861501932144,0.06107957288622856
1789141105172260900,53.0772607421875,0.19802027940750122,0.07942109555006027,-0.018255459144711494
1789141105182233900,53.08723388671875,0.17881865799427032,0.10021347552537918,-0.02160920575261116
1789141105192205600,53.09720556640625,0.15992219746112823,0.12543708086013794,-0.0002511870115995407
1789141105202177800,53.107177734375,0.1490253508090973,0.08770735561847687,0.0014994589146226645
1789141105212150800,53.11715087890625,0.1351659893989563,0.07148577272891998,0.06889208406209946
1789141105222122800,53.12712280273438,0.16577214002609253,0.08760839700698853,0.0477641299366951
1789141105232094700,53.1370947265625,0.12873104214668274,0.09673904627561569,0.0501287505030632
1789141105242067700,53.147067626953124,0.11934991925954819,0.09615035355091095,0.1018359437584877
1789141105252039700,53.15703979492187,0.13445377349853516,0.13412249088287354,0.05255574360489845
1789141105262011600,53.16701171875,0.1081995964050293,0.16850726306438446,-0.033097006380558014
1789141105271985000,53.17698486328125,0.08851245045661926,0.15555311739444733,-0.055134132504463196
1789141105281956600,53.18695654296875,0.09472908079624176,0.14736369252204895,0.016765346750617027
1789141105291928800,53.1969287109375,0.16973434388637543,0.16303080320358276,0.01013833750039339
1789141105301901800,53.20690185546875,0.21711881458759308,0.1999712884426117,0.03893953561782837
1789141105311873800,53.216873779296876,0.23211641609668732,0.1728493869304657,0.15876233577728271
1789141105321845800,53.226845703125,0.22106069326400757,0.20892080664634705,0.14530374109745026
1789141105331818800,53.23681884765625,0.19691593945026398,0.24875903129577637,0.12154541909694672
1789141105341790700,53.24679077148438,0.1328759342432022,0.2667904794216156,0.1316424012184143
1789141105351762700,53.2567626953125,0.11066117882728577,0.2754204571247101,0.10849553346633911
1789141105361736000,53.26673583984375,0.1616528332233429,0.2710999846458435,0.08647966384887695
1789141105371707600,53.27670776367187,0.20332437753677368,0.2985342741012573,0.02002713829278946
1789141105381679900,53.28667993164063,0.22199934720993042,0.29850077629089355,0.021935658529400826
1789141105391652900,53.29665283203125,0.23103171586990356,0.304826557636261,-0.016997093334794044
1789141105401624600,53.30662451171875,0.1983681619167328,0.30627918243408203,-0.0005232282564975321
1789141105411596800,53.3165966796875,0.1522960066795349,0.31142574548721313,0.015701815485954285
1789141105421569800,53.32656982421875,0.12496209889650345,0.3020632266998291,0.010749940760433674
1789141105431541800,53.336541748046876,0.1310487538576126,0.2898331880569458,0.006540015339851379
1789141105441513700,53.346513671875,0.12168101221323013,0.2843949496746063,0.05047967657446861
1789141105451486700,53.35648681640625,0.08857925236225128,0.2742999792098999,0.0687929019331932
1789141105461458700,53.36645874023438,0.05805811658501625,0.19866466522216797,0.09763945639133453
1789141105471430700,53.3764306640625,0.042794741690158844,0.19832591712474823,0.08771651238203049
1789141105481404000,53.38640380859375,-0.002932252362370491,0.17377083003520966,0.08337901532649994
1789141105491375600,53.39637573242187,-0.01905689388513565,0.17053349316120148,0.09073200076818466
1789141105501347800,53.40634790039063,-0.0745370164513588,0.1659470498561859,0.13541336357593536
1789141105511320800,53.41632080078125,-0.06934917718172073,0.16259172558784485,0.11740212887525558
1789141105521292800,53.426292724609375,-0.0849970281124115,0.1404256671667099,0.10791018605232239
1789141105531264800,53.4362646484375,-0.055247120559215546,0.13965414464473724,0.02499373070895672
1789141105541237800,53.44623779296875,-0.04237288609147072,0.17351430654525757,-0.0011137566762045026
1789141105551209700,53.45620971679688,-0.06974006444215775,0.1532559096813202,-0.030400006100535393
1789141105561181700,53.466181640625,-0.04593515023589134,0.13183711469173431,-0.07939682900905609
1789141105571155000,53.476155029296876,-0.008079114370048046,0.15312056243419647,-0.0960351973772049
1789141105581126700,53.48612670898437,-0.01698938012123108,0.15242506563663483,-0.04387793317437172
1789141105591099000,53.49609887695313,-0.032981663942337036,0.15944994986057281,-0.02974320389330387
1789141105601071900,53.50607177734375,-0.032935597002506256,0.14767569303512573,0.01595877669751644
1789141105611043600,53.516043701171874,-0.02297564223408699,0.1691892296075821,0.018131649121642113
1789141105621015800,53.52601586914062,-0.012411524541676044,0.17597879469394684,0.07362200319766998
1789141105630988500,53.53598852539063,0.018484871834516525,0.17811518907546997,0.0643392875790596
1789141105640960800,53.545960693359376,0.01891445741057396,0.15977458655834198,-0.0011723588686436415
1789141105650932700,53.5559326171875,0.02198667824268341,0.18372386693954468,-0.02331734262406826
1789141105660904700,53.56590478515625,0.006886805407702923,0.22241714596748352,-0.031856488436460495
1789141105670877700,53.57587768554688,0.024570729583501816,0.2167062610387802,-0.09967681020498276
1789141105680849700,53.585849609375,0.04832161217927933,0.21454356610774994,-0.08018754422664642
1789141105690822700,53.59582275390625,0.037958189845085144,0.23406480252742767,-0.037972185760736465
1789141105700794600,53.60579467773437,0.05947764217853546,0.1884012669324875,-0.0010124508989974856
1789141105710766800,53.61576684570313,0.024537501856684685,0.15289679169654846,0.04616544768214226
1789141105720739600,53.62573950195313,-0.021084964275360107,0.1316286325454712,0.05980236083269119
1789141105730711800,53.6357119140625,-0.06823702901601791,0.1355743706226349,-0.03444930538535118
1789141105740683800,53.64568383789062,-0.09911550581455231,0.12212670594453812,-0.031108159571886063
1789141105750655700,53.65565576171875,-0.1287013590335846,0.14434146881103516,-0.06031451374292374
1789141105760628700,53.66562866210938,-0.07444759458303452,0.1252569705247879,-0.05772516503930092
1789141105770600700,53.6756005859375,-0.042126141488552094,0.13267706334590912,-0.025921961292624474
1789141105780572700,53.68557275390625,-0.011888501234352589,0.1392849087715149,-0.003078622743487358
1789141105790545700,53.69554565429687,-0.016168467700481415,0.1490376740694046,-0.03303785249590874
1789141105800518000,53.70551782226563,-0.05051025003194809,0.14963342249393463,-0.016752468422055244
1789141105810489600,53.71548950195312,-0.054589152336120605,0.14876709878444672,0.0027125757187604904
1789141105820462600,53.725462646484374,-0.06420189887285233,0.15061987936496735,-0.0015824110014364123
1789141105830434800,53.73543481445312,-0.06048918142914772,0.15036581456661224,-0.02048233337700367
1789141105840406800,53.74540673828125,-0.03754735365509987,0.15280620753765106,-0.01301655825227499
1789141105850379800,53.7553798828125,0.010985827073454857,0.17203742265701294,-0.01888376660645008
1789141105860351700,53.76535180664062,0.05459166318178177,0.15019401907920837,0.03386490419507027
1789141105870323700,53.77532373046875,0.021345295011997223,0.15587560832500458,0.0661727786064148
1789141105880296700,53.78529663085938,-0.02552606537938118,0.15083760023117065,0.049120016396045685
1789141105890269000,53.79526904296875,-0.04780181124806404,0.16321676969528198,0.054663121700286865
1789141105900240600,53.80524072265625,-0.05265144258737564,0.1487717181444168,0.08163483440876007
1789141105910213600,53.81521362304687,-0.038360655307769775,0.12862996757030487,0.09486594796180725
1789141105920185900,53.82518579101563,-0.05438007041811943,0.1402048021554947,0.03596414253115654
1789141105930157600,53.83515747070312,-0.03192509338259697,0.13741621375083923,0.04132108762860298
1789141105940130800,53.845130859375,-0.03807530179619789,0.14513441920280457,0.029239211231470108
1789141105950102800,53.85510278320312,-0.0515250638127327,0.11531580984592438,-0.0032420330680906773
1789141105960074800,53.86507470703125,-0.10368084907531738,0.11515159904956818,-0.0003638717462308705
1789141105970047700,53.8750478515625,-0.11230523139238358,0.10315485298633575,-0.00956189725548029
1789141105980019700,53.885019775390624,-0.15960663557052612,0.08901455998420715,-0.03946124389767647
1789141105989991700,53.89499169921875,-0.13667576014995575,0.060596760362386703,-0.052126701921224594
1789141105999964700,53.90496459960937,-0.12390568107366562,0.05560028553009033,-0.01526959240436554
1789141106009937000,53.91493701171875,-0.1304890215396881,0.018266230821609497,0.01819382607936859
1789141106019908600,53.92490869140625,-0.12983787059783936,-0.002738653915002942,0.039514560252428055
1789141106029881600,53.934881591796874,-0.15912705659866333,0.028836315497756004,0.04903882369399071
1789141106039853800,53.94485375976563,-0.16207005083560944,0.041860152035951614,0.05100153386592865
1789141106049825800,53.95482568359375,-0.17468971014022827,0.02136872708797455,0.04589332640171051
1789141106059798800,53.964798828125,-0.14642073214054108,0.018209774047136307,0.013476378284394741
1789141106069770800,53.97477075195312,-0.1690373569726944,0.027649883180856705,-0.006514640524983406
1789141106079742700,53.98474267578125,-0.13712960481643677,-0.003597256960347295,0.00398373045027256
1789141106089715700,53.9947158203125,-0.12725326418876648,0.035507798194885254,-0.010557928122580051
1789141106099688000,54.00468798828125,-0.12601250410079956,0.05096878111362457,0.0181882344186306
1789141106109659600,54.01465966796875,-0.13408267498016357,0.01166452094912529,0.08034668117761612
1789141106119632600,54.02463256835937,-0.12497927993535995,0.026476172730326653,0.02102014049887657
1789141106129605400,54.03460546875,-0.12101995199918747,0.05120282620191574,-0.02526479959487915
1789141106139577000,54.0445771484375,-0.14240522682666779,0.037406474351882935,-0.062276966869831085
1789141106149550000,54.054550048828126,-0.17775337398052216,0.016398929059505463,-0.030565641820430756
1789141106159522300,54.064522216796874,-0.15429304540157318,0.0462455078959465,-0.0849900022149086
1789141106169494300,54.07449438476562,-0.10713326185941696,0.05140538513660431,-0.11387357860803604
1789141106179467300,54.08446728515625,-0.12351109087467194,0.02981678582727909,-0.044278692454099655
1789141106189439200,54.094439208984376,-0.15489351749420166,0.027197564020752907,-0.03913319855928421
1789141106199411200,54.1044111328125,-0.16349676251411438,0.00651966268196702,-0.0640280693769455
1789141106209384200,54.11438427734375,-0.20444633066654205,0.001233820803463459,-0.009746721014380455
1789141106219356400,54.1243564453125,-0.2522507607936859,-0.015049910172820091,0.02600814960896969
1789141106229328100,54.134328125,-0.2152344137430191,-0.022848712280392647,0.012907260097563267
1789141106239301000,54.144301025390625,-0.18717850744724274,-0.036792393773794174,-0.0021096481941640377
1789141106249273300,54.1542734375,-0.19230429828166962,-0.043820206075906754,-0.0234474278986454
1789141106259245000,54.1642451171875,-0.22108091413974762,-0.053598787635564804,-0.012110578827559948
1789141106269218300,54.17421826171875,-0.24218487739562988,-0.07174582779407501,0.016863815486431122
1789141106279190300,54.184190185546875,-0.269155889749527,-0.06177789345383644,-0.014230798929929733
1789141106289162200,54.19416235351562,-0.2551002502441406,-0.10464785993099213,-0.013475792482495308
1789141106299135200,54.20413525390625,-0.28298333287239075,-0.10534912347793579,0.020172882825136185
1789141106309107200,54.21410717773438,-0.2830461859703064,-0.11481665819883347,0.04849240556359291
1789141106319079200,54.2240791015625,-0.27277499437332153,-0.11399967223405838,0.06193503364920616
1789141106329052200,54.23405224609375,-0.26043763756752014,-0.09455379843711853,0.02095218002796173
1789141106339024400,54.2440244140625,-0.2603885233402252,-0.11415889859199524,0.011721325106918812
1789141106348996000,54.25399609375,-0.2170940637588501,-0.1306382715702057,0.023259468376636505
1789141106358969000,54.263968994140626,-0.24896951019763947,-0.10510360449552536,0.015366822481155396
1789141106368941300,54.27394140625,-0.2338544726371765,-0.11365474760532379,0.004633218515664339
1789141106378913300,54.28391333007813,-0.20023368299007416,-0.1036328598856926,0.02956947684288025
1789141106388886300,54.29388623046875,-0.18226772546768188,-0.11619206517934799,0.09252501279115677
1789141106398858200,54.303858154296876,-0.1400776356458664,-0.08673118054866791,0.01856781542301178
1789141106408830200,54.31383032226562,-0.16010220348834991,-0.0600481778383255,0.008172167465090752
1789141106418803200,54.32380322265625,-0.1136159598827362,-0.0812748521566391,0.02717624418437481
1789141106428775400,54.333775390625,-0.13199551403522491,-0.077267587184906,0.03036884032189846
1789141106438747100,54.3437470703125,-0.0803947001695633,-0.0696273073554039,0.008145993575453758
1789141106448720100,54.35372021484375,-0.09319891035556793,-0.05930755287408829,0.02030731737613678
1789141106458692400,54.3636923828125,-0.0702146589756012,-0.08096570521593094,0.03109319508075714
1789141106468664000,54.3736640625,-0.054198943078517914,-0.05733654648065567,0.02548111602663994
1789141106478637300,54.38363720703125,-0.012533918023109436,-0.03890087082982063,0.009293567389249802
1789141106488609300,54.393609375,-0.02097933366894722,-0.026701729744672775,0.024009928107261658
1789141106498581200,54.40358129882812,-0.0380176305770874,-0.0006431604269891977,-0.005015118978917599
1789141106508554200,54.41355419921875,0.012384025380015373,0.005836577154695988,0.023625580593943596
1789141106518526200,54.42352612304688,0.05217800289392471,0.06259294599294662,-0.03608938679099083
1789141106528498200,54.433498291015624,0.06881210952997208,0.02267669141292572,0.01770034246146679
1789141106538471200,54.44347119140625,0.08794159442186356,0.040922537446022034,-0.010773910209536552
1789141106548443400,54.453443359375,0.10949988663196564,0.04850216209888458,0.007835726253688335
1789141106558415000,54.4634150390625,0.09356743097305298,0.05353585630655289,0.029081003740429878
1789141106568388000,54.47338818359375,0.13632263243198395,0.014787662774324417,0.00965590588748455
1789141106578360300,54.4833603515625,0.1369951069355011,0.03913536295294762,-0.00031819811556488276
1789141106588332300,54.49333227539063,0.07685694843530655,0.039426445960998535,0.037463799118995667
1789141106598305300,54.50330517578125,0.09166023135185242,0.028454039245843887,0.045612774789333344
1789141106608277200,54.51327734375,0.09419449418783188,0.06545867025852203,-0.011637996882200241
1789141106618249200,54.52324926757812,0.08925044536590576,0.060151416808366776,0.00538259744644165
1789141106628222200,54.53322216796875,0.0697217583656311,0.019707320258021355,0.027737438678741455
1789141106638194400,54.5431943359375,0.07301528751850128,-0.002457103691995144,0.04816734790802002
1789141106648166100,54.553166259765625,0.04671764001250267,0.012175634503364563,0.06643929332494736
1789141106658139100,54.56313916015625,0.046836767345666885,0.012159867212176323,0.029299739748239517
1789141106668111400,54.573111328125,0.01852869801223278,0.011465581133961678,-0.0014144969172775745
1789141106678083000,54.5830830078125,0.038285091519355774,0.04404136538505554,0.031451571732759476
1789141106688056300,54.59305639648438,0.05662548169493675,0.08303377032279968,-0.010607728734612465
1789141106698028300,54.6030283203125,0.08763270080089569,0.04794551432132721,-0.05003398656845093
1789141106708000300,54.61300024414062,0.05492161959409714,0.0463300421833992,-0.00928202923387289
1789141106717973200,54.62297314453125,0.055349815636873245,0.050347570329904556,0.01362944208085537
1789141106727945200,54.6329453125,0.09655237942934036,0.060458797961473465,-0.05627027899026871
1789141106737917200,54.642917236328124,0.0748753622174263,0.07088598608970642,-0.0022843070328235626
1789141106747890200,54.65289013671875,0.03302564471960068,0.07623761147260666,0.05742669478058815
1789141106757862400,54.6628623046875,0.04975152015686035,0.07323648780584335,0.07963152229785919
1789141106767834000,54.672834228515626,0.10803906619548798,0.10004892200231552,0.028271127492189407
1789141106777807400,54.68280737304688,0.09646018594503403,0.1081826463341713,0.04331318661570549
1789141106787779300,54.692779296875,0.04033885896205902,0.08067698776721954,0.05402309074997902
1789141106797751300,54.70275122070313,0.01581638492643833,0.09391721338033676,-0.010646541602909565
1789141106807724300,54.71272436523437,-0.015584946610033512,0.10502232611179352,-0.002955865114927292
1789141106817696300,54.7226962890625,-0.014884943142533302,0.08970653265714645,-0.037758104503154755
1789141106827668200,54.73266821289062,-0.04921894520521164,0.05251096189022064,0.0027118215803056955
1789141106837641200,54.74264111328125,-0.02600215934216976,0.04384222999215126,0.0380253829061985
1789141106847613400,54.75261352539062,-0.06675491482019424,0.03687326982617378,0.08956234157085419
1789141106857585200,54.762585205078125,-0.06441108882427216,0.04146304726600647,0.005134178791195154
1789141106867558100,54.77255810546875,-0.10086630284786224,0.03821825236082077,0.013808361254632473
1789141106877530000,54.78253002929687,-0.09310688078403473,0.0420134961605072,-0.002486900892108679
1789141106887502000,54.79250219726563,-0.1341238170862198,0.009745304472744465,-0.023859035223722458
1789141106897475300,54.80247534179688,-0.14074483513832092,0.004695293493568897,-0.05127020552754402
1789141106907447000,54.812447021484374,-0.1411333978176117,-0.015676822513341904,-0.02285986766219139
1789141106917419300,54.82241918945312,-0.1548134833574295,-0.03523801267147064,0.006583891808986664
1789141106927392300,54.83239233398437,-0.22043217718601227,-0.04899750277400017,-0.001824506325647235
1789141106937364200,54.8423642578125,-0.268107146024704,-0.09579812735319138,-0.0033373828046023846
1789141106947336200,54.852336181640624,-0.2623318135738373,-0.08820545673370361,-0.025920456275343895
1789141106957309200,54.86230908203125,-0.2727588415145874,-0.08232595026493073,-0.004721327684819698
1789141106967281200,54.87228125,-0.2780071198940277,-0.1360163390636444,-0.042432751506567
1789141106977253000,54.882253173828126,-0.2639354467391968,-0.1632564216852188,-0.05468973517417908
1789141106987226400,54.89222631835938,-0.3102395534515381,-0.13901285827159882,-0.058412835001945496
1789141106997198000,54.90219799804687,-0.32520538568496704,-0.17147056758403778,-0.038508784025907516
1789141107007170300,54.91217041015625,-0.3277495205402374,-0.17588981986045837,-0.07652487605810165
1789141107017143300,54.92214331054687,-0.3077235519886017,-0.15873965620994568,-0.0847369134426117
1789141107027115000,54.932114990234375,-0.2946133315563202,-0.15053871273994446,-0.05095657333731651
1789141107037087200,54.94208715820312,-0.2614488899707794,-0.16548068821430206,-0.06611466407775879
1789141107047060200,54.952060302734374,-0.23445376753807068,-0.17671923339366913,-0.035708554089069366
1789141107057032200,54.9620322265625,-0.2049807608127594,-0.12783676385879517,-0.06538750976324081
1789141107067004200,54.972004150390624,-0.24613645672798157,-0.12981389462947845,-0.012829761952161789
1789141107076977200,54.98197705078125,-0.1813874989748001,-0.14826682209968567,-0.0247770007699728
1789141107086949000,54.99194921875,-0.178330197930336,-0.12402486056089401,0.04671582579612732
1789141107096921000,55.00192114257813,-0.14018204808235168,-0.12605175375938416,-0.005848826840519905
1789141107106894300,55.01189428710938,-0.1407783329486847,-0.11955683678388596,-0.0013390297535806894
1789141107116866000,55.021865966796874,-0.0934007540345192,-0.09547801315784454,-0.006721119396388531
1789141107126838300,55.03183837890625,-0.1166917011141777,-0.08885233849287033,0.0008965865708887577
1789141107136811500,55.0418115234375,-0.12373500317335129,-0.11672083288431168,-0.051696281880140305
1789141107146783200,55.051783203125,-0.12319997698068619,-0.11819356679916382,-0.004403603263199329
1789141107156755500,55.06175537109375,-0.09911585599184036,-0.11105791479349136,-0.018562890589237213
1789141107166728400,55.071728515625,-0.10260966420173645,-0.11933209002017975,-0.012305261567234993
1789141107176700400,55.08170043945312,-0.07574950903654099,-0.12521493434906006,0.01035542692989111
1789141107186672400,55.09167236328125,-0.08080898225307465,-0.11413324624300003,-0.022070690989494324
1789141107196645400,55.10164526367188,-0.08370965719223022,-0.11601864546537399,-0.0029271156527101994
1789141107206617300,55.111617431640624,-0.05388917773962021,-0.14744633436203003,0.02218116633594036
1789141107216589600,55.12158959960937,-0.0660000592470169,-0.13302960991859436,-0.04550524055957794
1789141107226562600,55.1315625,-0.05851498246192932,-0.18045251071453094,-0.038550131022930145
1789141107236534300,55.1415341796875,-0.041621334850788116,-0.17820468544960022,-0.02306406944990158
1789141107246506500,55.151506591796874,-0.0731920376420021,-0.18464526534080505,0.017938490957021713
1789141107256479500,55.1614794921875,-0.08785852044820786,-0.20135772228240967,-0.006697788368910551
1789141107266451500,55.17145141601563,-0.09645387530326843,-0.21615372598171234,0.042240992188453674
1789141107276423400,55.18142333984375,-0.07267424464225769,-0.21784724295139313,0.04306726157665253
1789141107286396200,55.191396240234376,-0.04152112081646919,-0.22717683017253876,0.009304504841566086
1789141107296368400,55.20136840820312,-0.054201021790504456,-0.20975644886493683,-0.011646161787211895
1789141107306340400,55.21134033203125,-0.04022102430462837,-0.23831644654273987,0.03499218076467514
1789141107316313300,55.22131323242188,-0.026066115126013756,-0.22662852704524994,0.008937567472457886
1789141107326285300,55.231285400390625,-0.027857093140482903,-0.2322635054588318,0.009572464972734451
1789141107336257500,55.24125756835937,-0.013492908328771591,-0.2261241227388382,-0.0048928349278867245
1789141107346230300,55.25123022460937,0.030166687443852425,-0.23970279097557068,0.04598872363567352
1789141107356202200,55.2612021484375,0.0534127913415432,-0.1828225702047348,0.05185185372829437
1789141107366174500,55.271174560546875,0.0968681201338768,-0.17221146821975708,0.032852329313755035
1789141107376147200,55.281147216796874,0.0815255418419838,-0.16103097796440125,0.027048543095588684
1789141107386119400,55.29111938476562,0.06742570549249649,-0.1423576921224594,0.03983650729060173
1789141107396091400,55.30109130859375,0.0902639850974083,-0.12584710121154785,0.008891739882528782
1789141107406064400,55.311064453125,0.14104941487312317,-0.1147473156452179,-0.03470394387841225
1789141107416036400,55.321036376953124,0.1729520708322525,-0.10468478500843048,0.010208619758486748
1789141107426008600,55.33100854492187,0.1748162806034088,-0.0760992094874382,0.01618821546435356
1789141107435981300,55.34098120117188,0.20868872106075287,-0.07941132038831711,-0.0046998849138617516
1789141107445953300,55.350953369140626,0.17156904935836792,-0.05572276562452316,0.011474557220935822
1789141107455925500,55.360925537109374,0.23220863938331604,-0.06131182610988617,0.0379452109336853
1789141107465898200,55.37089819335937,0.2386564165353775,-0.053160689771175385,0.0403849333524704
1789141107475870500,55.38087036132813,0.2803276479244232,-0.03248216211795807,0.01238980796188116
1789141107485842400,55.390842529296876,0.25482574105262756,-0.03292078524827957,0.013565859757363796
1789141107495815200,55.400815185546875,0.25399526953697205,-0.03043968603014946,-0.01838548295199871
1789141107505787400,55.41078735351562,0.23523463308811188,0.0050362818874418736,-0.013135060667991638
1789141107515759400,55.42075927734375,0.2739083170890808,0.021638212725520134,-0.05422647297382355
1789141107525732400,55.430732421875,0.30222997069358826,0.0006317310035228729,-0.014871075749397278
1789141107535704300,55.440704345703125,0.3387337923049927,-0.008828287944197655,-0.048817798495292664
1789141107545676500,55.45067651367187,0.3186753988265991,-0.020372558385133743,-0.02994770184159279
1789141107555649300,55.46064916992187,0.27803367376327515,-0.03709114342927933,0.05117272958159447
1789141107565621500,55.47062158203125,0.24502885341644287,-0.04605507850646973,0.03362010046839714
1789141107575593500,55.480593505859375,0.2577936053276062,-0.03421502187848091,0.016459370031952858
1789141107585566200,55.490566162109374,0.2545243203639984,-0.022788729518651962,0.012037725187838078
1789141107595538400,55.50053833007812,0.21509522199630737,-0.014973798766732216,-0.01943620666861534
1789141107605510400,55.51051049804688,0.1948368102312088,0.000603030901402235,-0.020491350442171097
1789141107615483400,55.5204833984375,0.2282974123954773,-0.024319320917129517,-0.009057385846972466
1789141107625455400,55.530455322265624,0.2606590986251831,-0.013120461255311966,-0.04436291381716728
1789141107635427600,55.54042749023437,0.3147399425506592,0.0009490754455327988,-0.019800063222646713
1789141107645400300,55.550400390625,0.3247126638889313,0.03362153470516205,0.02836480364203453
1789141107655372300,55.560372314453126,0.27673813700675964,0.0457213930785656,0.020169099792838097
1789141107665344500,55.57034448242187,0.214005246758461,0.008408909663558006,-0.00790940597653389
1789141107675317200,55.58031713867187,0.26286113262176514,0.028405366465449333,-0.048824455589056015
1789141107685289500,55.59028955078125,0.25655636191368103,0.05445987358689308,-0.0032676232513040304
1789141107695261400,55.600261474609376,0.2804163694381714,0.0707656517624855,-0.01809900999069214
1789141107705234200,55.610234130859375,0.3054090738296509,0.06301212310791016,-0.04812348634004593
1789141107715206400,55.62020629882812,0.30950742959976196,0.06438077986240387,-0.03828525170683861
1789141107725178400,55.63017846679688,0.31747907400131226,0.09652912616729736,0.011688430793583393
1789141107735151400,55.6401513671875,0.345425009727478,0.11419504880905151,-0.026406897231936455
1789141107745123300,55.650123291015625,0.33349910378456116,0.11343018710613251,0.030330682173371315
1789141107755095600,55.66009545898437,0.305099219083786,0.0998074859380722,0.09464330971240997
1789141107765068300,55.670068359375,0.2965424954891205,0.13989152014255524,0.03114769421517849
1789141107775040500,55.68004052734375,0.28136733174324036,0.1516580879688263,-0.034376733005046844
1789141107785012500,55.690012451171874,0.2825724184513092,0.16077862679958344,-0.056035690009593964
1789141107794985200,55.699985107421874,0.3134821951389313,0.16619470715522766,-0.03906075283885002
1789141107804957400,55.70995751953125,0.35398831963539124,0.1654689908027649,-0.00658030528575182
1789141107814929400,55.719929443359376,0.35025250911712646,0.15659768879413605,0.02828950434923172
1789141107824902400,55.72990234375,0.336686372756958,0.16554057598114014,0.056113675236701965
1789141107834874400,55.739874267578124,0.2884027659893036,0.1827041208744049,0.03001508116722107
1789141107844846600,55.7498466796875,0.23979449272155762,0.18434329330921173,0.05922703072428703
1789141107854819300,55.7598193359375,0.20469093322753906,0.20623713731765747,0.05766436085104942
1789141107864791300,55.769791259765626,0.23528052866458893,0.2196030169725418,0.05982711538672447
1789141107874763500,55.77976342773437,0.30966487526893616,0.18691638112068176,0.08810556679964066
1789141107884736300,55.789736328125,0.35778260231018066,0.20012353360652924,0.0659017264842987
1789141107894708500,55.79970849609375,0.3415049910545349,0.2183111160993576,0.0360872820019722
1789141107904680400,55.809680419921875,0.2578530013561249,0.20853304862976074,0.043335072696208954
1789141107914653200,55.819653076171875,0.23174715042114258,0.20614750683307648,0.015050138346850872
1789141107924625400,55.82962548828125,0.20454801619052887,0.2335202693939209,-0.06351018697023392
1789141107934597400,55.83959741210938,0.17414864897727966,0.20964854955673218,-0.04871382564306259
1789141107944570400,55.8495703125,0.15561677515506744,0.18894460797309875,-0.0160331130027771
1789141107954542300,55.859542236328124,0.19983941316604614,0.17850515246391296,0.009125612676143646
1789141107964514600,55.8695146484375,0.22777783870697021,0.20192845165729523,-0.002491628285497427
1789141107974487300,55.8794873046875,0.20770569145679474,0.18333758413791656,-0.00006274250335991383
1789141107984459500,55.88945947265625,0.1774737536907196,0.16712158918380737,-0.016077395528554916
1789141107994431500,55.899431396484374,0.1224798634648323,0.19815051555633545,-0.06664356589317322
1789141108004404200,55.909404296875,0.09226044267416,0.17358338832855225,-0.044972095638513565
1789141108014376400,55.91937646484375,0.11052859574556351,0.1548650711774826,0.0019461909541860223
1789141108024348400,55.929348388671876,0.1729203462600708,0.11913744360208511,0.018735291436314583
1789141108034321400,55.9393212890625,0.14855718612670898,0.17297250032424927,0.019569789990782738
1789141108044293400,55.94929345703125,0.15518899261951447,0.10589653253555298,0.07032804191112518
1789141108054265600,55.959265625,0.10250206291675568,0.09810636192560196,0.04708557575941086
1789141108064238300,55.96923828125,0.03262124955654144,0.11831682175397873,-0.04731815680861473
1789141108074210300,55.979210205078125,0.014493463560938835,0.07790941745042801,-0.04168548062443733
1789141108084182500,55.9891826171875,0.017132390290498734,0.09674143046140671,-0.012838650494813919
1789141108094155300,55.9991552734375,0.024982649832963943,0.11849216371774673,0.03723900392651558
1789141108104127500,56.00912744140625,0.06249114125967026,0.07862011343240738,0.010158919729292393
1789141108114099500,56.019099365234375,0.04467764496803284,0.086503766477108,0.00039716821629554033
1789141108124072200,56.029072265625,0.03622690588235855,0.11040616780519485,-0.004871629644185305
1789141108134044200,56.03904418945312,0.01906568743288517,0.10653708130121231,-0.023867256939411163
1789141108144016400,56.04901635742188,0.019320284947752953,0.08088631182909012,-0.07384414225816727
1789141108153989400,56.0589892578125,0.025347333401441574,0.10630857199430466,-0.01371863391250372
1789141108163961000,56.068961181640624,0.01828356459736824,0.13165441155433655,0.02139461226761341
1789141108173933300,56.07893334960937,0.028552750125527382,0.06075755134224892,0.06063227355480194
1789141108183906300,56.08890625,0.02191801741719246,0.07142004370689392,0.027451414614915848
1789141108193878300,56.098878173828126,0.023775160312652588,0.06858488917350769,0.04137250781059265
1789141108203850200,56.108850341796874,0.001114587765187025,0.09001801162958145,-0.047729406505823135
1789141108213823200,56.1188232421875,0.012286151759326458,0.02505744993686676,-0.01746704988181591
1789141108223795200,56.12879516601563,-0.017983071506023407,0.07326279580593109,-0.07123281061649323
1789141108233767200,56.13876708984375,-0.0010009296238422394,0.07983419299125671,-0.03845806047320366
1789141108243740400,56.14874047851563,0.0089222751557827,0.055766671895980835,0.05233149975538254
1789141108253712100,56.15871215820312,-0.0035244859755039215,0.07972169667482376,0.0538240447640419
1789141108263684400,56.16868432617188,-0.027069492265582085,0.04958084225654602,0.037062909454107285
1789141108273657300,56.1786572265625,-0.014482678845524788,0.04117036610841751,0.04991310089826584
1789141108283629000,56.188629150390625,-0.024458881467580795,0.039801765233278275,0.0606301948428154
1789141108293602300,56.198602294921876,-0.03622475638985634,0.02586747519671917,0.06199786812067032
1789141108303574300,56.20857421875,-0.009677566587924957,0.009585440158843994,0.05075613036751747
1789141108313546200,56.21854614257813,-0.0182991661131382,0.020229462534189224,0.042338211089372635
1789141108323519200,56.22851928710938,0.00822778232395649,0.03218119964003563,0.015476769767701626
1789141108333491200,56.2384912109375,0.02263364940881729,0.03061194159090519,0.06421583145856857
1789141108343463200,56.24846313476562,0.041499216109514236,0.043217483907938004,0.059994716197252274
1789141108353436200,56.25843627929687,0.027142435312271118,0.01495048962533474,0.09173115342855453
1789141108363408400,56.26840844726563,0.014589626342058182,0.028116360306739807,0.06228458136320114
1789141108373380000,56.278380126953124,0.04163163900375366,0.008755608461797237,0.11995026469230652
1789141108383353300,56.288353271484375,0.03590451180934906,0.02360779047012329,0.14069709181785583
1789141108393325300,56.2983251953125,0.060762807726860046,0.02713961899280548,0.10370826721191406
1789141108403297300,56.30829736328125,0.0622299462556839,0.0392327681183815,0.09561865031719208
1789141108413270300,56.31827026367188,0.058893539011478424,0.05547512322664261,0.06790446490049362
1789141108423242200,56.3282421875,0.07748187333345413,0.07046286016702652,0.03681153059005737
1789141108433214200,56.33821411132813,0.10621654987335205,0.07467123121023178,0.011164511553943157
1789141108443187200,56.34818725585937,0.1340620219707489,0.08722271025180817,0.011369308456778526
1789141108453159400,56.35815942382813,0.11928188800811768,0.10348780453205109,0.028511743992567062
1789141108463131100,56.36813110351562,0.12144916504621506,0.10870520770549774,0.027400940656661987
1789141108473104100,56.378104248046874,0.11060766875743866,0.13164104521274567,0.06897382438182831
1789141108483076400,56.38807641601562,0.16352388262748718,0.11151953041553497,0.056979212909936905
1789141108493048000,56.398048095703125,0.1345161646604538,0.09408388286828995,0.03939157351851463
1789141108503021300,56.408021240234376,0.15235188603401184,0.1108628660440445,0.04719383642077446
1789141108512993300,56.4179931640625,0.11068320274353027,0.1016107052564621,0.05530614033341408
1789141108522965200,56.42796533203125,0.11029757559299469,0.10746006667613983,0.02968040481209755
1789141108532938200,56.43793823242188,0.1027408093214035,0.12287089973688126,0.06366834044456482
1789141108542910200,56.44791015625,0.12525516748428345,0.1454819291830063,0.00367371691390872
1789141108552882200,56.45788208007812,0.08128327131271362,0.1337362676858902,0.06449375301599503
1789141108562855200,56.46785522460937,0.08751560002565384,0.12609326839447021,0.10936668515205383
1789141108572827100,56.4778271484375,0.0897579938173294,0.14756330847740173,0.06178157776594162
1789141108582799000,56.487799072265624,0.14158576726913452,0.12115166336297989,-0.0007728785276412964
1789141108592772400,56.4977724609375,0.10721755772829056,0.12029565870761871,0.01110768597573042
1789141108602744000,56.507744140625,0.0724361389875412,0.12950433790683746,0.024970505386590958
1789141108612716300,56.51771630859375,0.07199583947658539,0.10870473086833954,-0.012310386635363102
1789141108622689300,56.52768920898438,0.08809810876846313,0.14941488206386566,-0.10162295401096344
1789141108632661000,56.53766088867187,0.06950920075178146,0.1647854894399643,-0.02157857082784176
1789141108642633200,56.54763330078125,0.08566952496767044,0.12781895697116852,-0.010064393281936646
1789141108652606200,56.55760620117187,0.12515544891357422,0.1084468811750412,-0.03166995570063591
1789141108662578200,56.567578125,0.0789346918463707,0.14154544472694397,-0.07302005589008331
1789141108672550100,56.57755004882812,0.03718596696853638,0.08691191673278809,0.016037488356232643
1789141108682523100,56.587523193359374,-0.010525627061724663,0.056573983281850815,0.06965197622776031
1789141108692495000,56.5974951171875,0.03519304096698761,0.07609447091817856,-0.0036673310678452253
1789141108702467300,56.60746728515625,0.057496748864650726,0.09091949462890625,-0.040373414754867554
1789141108712440300,56.6174404296875,-0.00037619657814502716,0.05350969359278679,0.04568720981478691
1789141108722412000,56.627412109375,-0.03209391236305237,0.019379688426852226,0.04924945533275604
1789141108732384300,56.63738427734375,-0.0605366975069046,0.06340234726667404,0.013932031579315662
1789141108742357200,56.64735717773438,-0.03461908549070358,0.0650939866900444,-0.0016780870500952005
1789141108752329200,56.6573291015625,-0.014232929795980453,0.09335671365261078,-0.03706185519695282
1789141108762301200,56.66730126953125,0.014023741707205772,0.08469371497631073,-0.016944069415330887
1789141108772274200,56.67727416992187,0.03630821406841278,0.10380786657333374,0.024131085723638535
1789141108782246100,56.68724609375,0.06104152277112007,0.1250188797712326,0.02102770283818245
1789141108792218000,56.69721801757812,0.05097036808729172,0.13324235379695892,0.03992103412747383
1789141108802191400,56.70719140625,0.05411183089017868,0.14282627403736115,0.07016841322183609
1789141108812163000,56.7171630859375,0.10151264071464539,0.1929248571395874,0.06296402961015701
1789141108822135300,56.72713525390625,0.0812145546078682,0.23456791043281555,0.045960817486047745
1789141108832108300,56.7371083984375,0.11138249933719635,0.21164804697036743,-0.03840594366192818
1789141108842080000,56.747080078125,0.10948739945888519,0.1892053186893463,-0.03240930661559105
1789141108852052200,56.75705224609375,0.10787572711706161,0.19157303869724274,-0.0446108914911747
1789141108862025200,56.76702514648437,0.08889111876487732,0.16657820343971252,-0.019728979095816612
1789141108871997200,56.7769970703125,0.006855479441583157,0.12736943364143372,-0.027967244386672974
1789141108881969200,56.78696923828125,-0.03558891639113426,0.14177073538303375,0.0026194280944764614
1789141108891942100,56.796942138671874,-0.055617447942495346,0.15156078338623047,0.03314976394176483
1789141108901914000,56.8069140625,-0.010467279702425003,0.12378668040037155,0.015148659236729145
1789141108911886300,56.81688623046875,-0.05178246274590492,0.10821784287691116,0.05807814374566078
1789141108921859300,56.826859375,-0.0584009513258934,0.09974046796560287,0.03790310025215149
1789141108931831000,56.8368310546875,-0.06743817776441574,0.10987342149019241,0.038565702736377716
1789141108941803300,56.84680322265625,-0.07522127032279968,0.11237626522779465,0.024426447227597237
1789141108951776300,56.8567763671875,-0.054963961243629456,0.06885349750518799,-0.018269864842295647
1789141108961748200,56.866748291015625,-0.012725692242383957,0.09982819110155106,-0.07622823864221573
1789141108971720200,56.87672021484375,-0.049053676426410675,0.07295498251914978,-0.053901463747024536
1789141108981693200,56.88669311523437,-0.13647620379924774,0.010952330194413662,-0.017377007752656937
1789141108991665200,56.8966650390625,-0.12211601436138153,-0.029366863891482353,-0.004293769598007202
1789141109001637000,56.90663720703125,-0.1455869823694229,0.018051251769065857,0.025720056146383286
1789141109011610400,56.9166103515625,-0.17916475236415863,-0.05588677152991295,0.07022257894277573
1789141109021582000,56.92658203125,-0.09795539081096649,-0.05192425474524498,0.026231421157717705
1789141109031554300,56.93655419921875,-0.07664390653371811,0.02732507511973381,-0.012383516877889633
1789141109041527300,56.94652734375,-0.12364203482866287,-0.04934599995613098,0.03932281956076622
1789141109051499000,56.9564990234375,-0.10072119534015656,-0.013105224817991257,-0.030533401295542717
1789141109061471200,56.96647119140625,-0.0811818391084671,-0.000019249971956014633,-0.03933221474289894
1789141109071444200,56.9764443359375,-0.08459296822547913,-0.04039366915822029,-0.006814687512814999
1789141109081416200,56.986416259765626,-0.07501570880413055,-0.03643248230218887,0.03606539964675903
1789141109091388200,56.99638818359375,-0.03925136476755142,-0.01768314838409424,0.047537531703710556
1789141109101361200,57.00636108398437,0.05759395286440849,0.02303764969110489,-0.0117670688778162
1789141109111333000,57.0163330078125,0.010571971535682678,0.021500373259186745,0.07768618315458298
1789141109121305300,57.026305419921876,0.007279505487531424,0.026599794626235962,0.002915802877396345
1789141109131278300,57.0362783203125,0.07858419418334961,-0.00641051959246397,-0.04535964876413345
1789141109141250600,57.04625048828125,0.062297895550727844,0.0459032878279686,-0.06020384281873703
1789141109151223600,57.0562236328125,0.021541200578212738,0.003046522382646799,-0.020536214113235474
1789141109161195500,57.06619555664062,0.019233305007219315,0.018473949283361435,0.031092092394828796
1789141109171167500,57.07616748046875,0.1253146380186081,-0.005180235952138901,0.017627714201807976
1789141109181140700,57.086140625,0.15079070627689362,-0.0025426410138607025,-0.008810285478830338
1789141109191112400,57.096112548828124,0.07133686542510986,-0.037293754518032074,0.06091341748833656
1789141109201084700,57.10608471679687,0.057278841733932495,-0.056082356721162796,0.06156695634126663
1789141109211056600,57.116056640625,0.04190570488572121,-0.017680324614048004,0.0015119019662961364
1789141109221029600,57.126029541015626,0.028001341968774796,-0.02674013376235962,0.009486204944550991
1789141109231001600,57.136001708984374,0.10271351039409637,-0.0526907704770565,0.019941849634051323
1789141109240974600,57.145974609375,0.1187199056148529,0.0011586123146116734,-0.005112104583531618
1789141109250946600,57.15594653320313,0.10383340716362,-0.019186079502105713,0.009306902065873146
1789141109260918500,57.16591845703125,0.10327201336622238,-0.02102632448077202,0.024776140227913857
1789141109270891800,57.17589184570313,0.14385955035686493,-0.0703483298420906,0.021158961579203606
1789141109280863500,57.18586352539062,0.1199699193239212,-0.07863076776266098,0.10060504823923111
1789141109290835700,57.19583569335938,0.12203836441040039,0.01300695538520813,0.0707305371761322
1789141109300808700,57.20580859375,0.1365390121936798,0.002310370095074177,0.07569865882396698
1789141109310780400,57.215780517578125,0.18692530691623688,0.04350963607430458,0.029429901391267776
1789141109320752600,57.22575268554687,0.23200011253356934,0.07103686779737473,0.022507814690470695
1789141109330725600,57.2357255859375,0.2664605379104614,0.06670145690441132,-0.011714399792253971
1789141109340697600,57.24569750976563,0.2681034505367279,0.012819579802453518,-0.0009645498939789832
1789141109350669600,57.255669677734375,0.18805348873138428,0.05790945142507553,0.06235002726316452
1789141109360642600,57.265642578125,0.21642440557479858,0.05502950772643089,0.06903882324695587
1789141109370614500,57.27561450195312,0.2539058327674866,0.12286607921123505,0.05918906629085541
1789141109380586800,57.28558666992188,0.24253864586353302,0.09415294229984283,0.10730572789907455
1789141109390559700,57.29555981445313,0.2420237958431244,0.12791085243225098,0.09917233139276505
1789141109400531500,57.305531494140624,0.26542097330093384,0.1763731986284256,0.034621305763721466
1789141109410503700,57.31550366210938,0.3047935962677002,0.14600341022014618,0.03299177810549736
1789141109420476700,57.3254765625,0.3412749171257019,0.1717979907989502,0.02535196952521801
1789141109430448600,57.33544873046875,0.3012949228286743,0.13322141766548157,0.02824152633547783
1789141109440420600,57.34542065429687,0.27700075507164,0.120396688580513,0.005430220626294613
1789141109450393600,57.3553935546875,0.2245844304561615,0.12547416985034943,0.017316699028015137
1789141109460365600,57.36536547851563,0.23434172570705414,0.10952183604240417,-0.0039140223525464535
1789141109470337500,57.375337646484375,0.22429867088794708,0.11383488029241562,0.013339157216250896
1789141109480310800,57.38531079101563,0.19795122742652893,0.09696801006793976,0.012407583184540272
1789141109490282500,57.39528247070312,0.1226666048169136,0.1094602569937706,0.028511973097920418
1789141109500254700,57.40525463867188,0.1578243225812912,0.11725319921970367,-0.04917563125491142
1789141109510227700,57.41522778320312,0.13611388206481934,0.08818618208169937,0.002491198480129242
1789141109520199400,57.425199462890625,0.10071222484111786,0.10047400742769241,0.02871587686240673
1789141109530171600,57.43517163085937,0.14501236379146576,0.09782826155424118,0.02025151066482067
1789141109540144600,57.44514453125,0.17385174334049225,0.09606285393238068,0.036696527153253555
1789141109550116600,57.45511669921875,0.16071759164333344,0.12833771109580994,0.06123927980661392
1789141109560088600,57.465088623046874,0.1514761596918106,0.14596331119537354,0.011266928166151047
1789141109570061600,57.4750615234375,0.13714265823364258,0.1428273767232895,0.054146260023117065
1789141109580033500,57.48503344726562,0.18156179785728455,0.18209196627140045,0.0027664252556860447
1789141109590005800,57.495005859375,0.1878477782011032,0.15306609869003296,-0.008932894095778465
1789141109599978800,57.50497875976563,0.10135602205991745,0.17386911809444427,0.05676036700606346
1789141109609950500,57.51495043945312,0.19884264469146729,0.17601872980594635,-0.010277001187205315
1789141109619923700,57.524923828125,0.16305989027023315,0.21659837663173676,-0.026241319254040718
1789141109629895700,57.53489575195312,0.1419283151626587,0.18717385828495026,0.012161288410425186
1789141109639867600,57.54486767578125,0.12409472465515137,0.22373773157596588,0.04574587941169739
1789141109649840600,57.55484057617188,0.18290549516677856,0.27522170543670654,-0.04327075555920601
1789141109659812600,57.5648125,0.19000761210918427,0.2584531009197235,0.007615862414240837
1789141109669784600,57.57478466796875,0.1178232729434967,0.23631349205970764,0.013587923720479012
1789141109679757600,57.58475756835937,0.15051572024822235,0.21839573979377747,-0.018929805606603622
1789141109689729800,57.59472973632813,0.11071395874023438,0.2654322683811188,0.008870291523635387
1789141109699701500,57.60470141601562,0.062091290950775146,0.23349778354167938,0.01369700487703085
1789141109709674500,57.614674560546874,0.07881571352481842,0.20851978659629822,-0.012586554512381554
1789141109719646700,57.62464672851563,0.07554162293672562,0.21381601691246033,-0.029339436441659927
1789141109729618400,57.634618408203124,0.03235293924808502,0.21561501920223236,0.004422627389431
1789141109739591700,57.644591796875,-0.00792630948126316,0.18414337933063507,-0.010259912349283695
1789141109749563600,57.65456372070312,-0.024173779413104057,0.17676834762096405,-0.03604806214570999
1789141109759535600,57.66453564453125,-0.03954288363456726,0.1529458463191986,-0.020114902406930923
1789141109769508600,57.67450854492188,-0.043660640716552734,0.13322795927524567,-0.004379627760499716
1789141109779480600,57.68448046875,-0.054375335574150085,0.1421559453010559,0.014339732006192207
1789141109789452500,57.69445263671875,-0.07846122980117798,0.1410808265209198,0.06526123732328415
1789141109799425500,57.70442553710937,-0.03709994629025459,0.17031514644622803,0.003031417028978467
1789141109809397800,57.71439770507813,-0.05935997515916824,0.1310947686433792,0.024978794157505035
1789141109819369500,57.72436938476562,-0.07485690712928772,0.1395479142665863,0.005265808664262295
1789141109829342700,57.7343427734375,-0.009599372744560242,0.13336831331253052,-0.012089341878890991
1789141109839314700,57.74431469726562,-0.049337197095155716,0.14675256609916687,0.0020243460312485695
1789141109849286700,57.75428662109375,-0.062207452952861786,0.12739910185337067,-0.006620008032768965
1789141109859259600,57.764259765625,-0.06980625540018082,0.1486668437719345,0.007287285290658474
1789141109869231600,57.774231689453124,-0.02375529333949089,0.1659746617078781,-0.01592700183391571
1789141109879204600,57.78420458984375,-0.06118282675743103,0.135161355137825,0.016414692625403404
1789141109889176600,57.79417651367187,-0.08896967768669128,0.13271275162696838,0.021524352952837944
1789141109899148800,57.804148681640626,-0.0744173675775528,0.12696166336536407,0.04161364212632179
1789141109909121500,57.81412158203125,-0.08787570893764496,0.1561620980501175,0.02376103587448597
1789141109919093500,57.82409350585937,-0.0730203315615654,0.15092046558856964,-0.02721080183982849
1789141109929065700,57.83406567382813,-0.09634798765182495,0.15565960109233856,-0.04563084617257118
1789141109939038500,57.84403857421875,-0.06851954758167267,0.13702386617660522,-0.0775565579533577
1789141109949010700,57.8540107421875,-0.06851062178611755,0.15395838022232056,-0.09233637154102325
1789141109958982700,57.86398266601562,-0.09116160124540329,0.13898928463459015,-0.04176932945847511
1789141109968955400,57.87395532226562,-0.09844018518924713,0.11600977182388306,-0.035627733916044235
1789141109978927600,57.883927734375,-0.05145749822258949,0.1204063892364502,-0.05744621530175209
1789141109988899600,57.893899658203125,-0.08194702118635178,0.14678293466567993,0.022184206172823906
1789141109998872600,57.90387255859375,-0.09954944998025894,0.13315632939338684,0.03961113095283508
1789141110008844500,57.91384448242187,-0.07165919989347458,0.16929297149181366,-0.0013854725984856486
1789141110018816800,57.92381665039063,-0.08253688365221024,0.14298439025878906,0.03576882183551788
1789141110028789500,57.93378955078125,-0.07549531012773514,0.14527978003025055,0.035098034888505936
1789141110038761700,57.94376171875,-0.047613874077796936,0.1549353450536728,-0.01963471993803978
1789141110048734700,57.953734619140626,-0.04822562634944916,0.15215498208999634,-0.029969781637191772
1789141110058706400,57.96370654296875,-0.10598745942115784,0.13529850542545319,0.013799003325402737
1789141110068678700,57.9736787109375,-0.09263875335454941,0.15692616999149323,-0.0910239964723587
1789141110078651600,57.98365161132813,-0.07510051131248474,0.14723625779151917,-0.07620351016521454
1789141110088623600,57.99362353515625,-0.08507867902517319,0.15317434072494507,-0.057847365736961365
1789141110098595600,58.003595703125,-0.12563887238502502,0.15441271662712097,-0.06566481292247772
1789141110108568600,58.01356860351562,-0.0892305076122284,0.09236374497413635,-0.09925471991300583
1789141110118540500,58.02354052734375,-0.12437012791633606,0.10046002268791199,-0.01597633957862854
1789141110128512500,58.03351245117187,-0.174848273396492,0.11437661945819855,-0.007724143099039793
1789141110138485200,58.0434853515625,-0.16303928196430206,0.09715501964092255,-0.028979629278182983
1789141110148457200,58.05345727539063,-0.09610297530889511,0.11183074861764908,-0.09506003558635712
1789141110158429200,58.06342919921875,-0.1994008719921112,0.04840303584933281,0.029102658852934837
1789141110168402200,58.073402099609375,-0.1648472100496292,0.06671514362096786,-0.05988750979304314
1789141110178374400,58.08337451171875,-0.14452968537807465,0.05663721263408661,-0.060411352664232254
1789141110188347400,58.093347412109374,-0.18492341041564941,0.0168598685413599,-0.0421358197927475
1789141110198319000,58.10331909179688,-0.2154775857925415,-0.004051271826028824,-0.010766444727778435
1789141110208291300,58.113291259765624,-0.221848264336586,0.009071873500943184,-0.035911694169044495
1789141110218264300,58.123264404296876,-0.25425466895103455,-0.023152107372879982,0.010049139149487019
1789141110228236300,58.133236328125,-0.26669254899024963,-0.013269912451505661,-0.015399560332298279
1789141110238208300,58.143208251953126,-0.2038251757621765,-0.01706411875784397,-0.026464195922017097
1789141110248181200,58.15318115234375,-0.1784159392118454,-0.016405627131462097,0.006153387948870659
1789141110258153200,58.1631533203125,-0.14983674883842468,-0.04458027333021164,-0.007880671881139278
1789141110268125200,58.17312524414063,-0.23501746356487274,-0.057848457247018814,0.027993202209472656
1789141110278098400,58.18309838867187,-0.1910630613565445,-0.0363524854183197,-0.000891443167347461
1789141110288070100,58.193070068359376,-0.21993854641914368,-0.016817020252346992,0.017984993755817413
1789141110298042400,58.20304248046875,-0.1621149331331253,-0.07178519666194916,-0.047110650688409805
1789141110308015400,58.213015380859375,-0.21877780556678772,-0.06506909430027008,0.015424011275172234
1789141110317987300,58.2229873046875,-0.19105643033981323,-0.06391061842441559,-0.017741665244102478
1789141110327959300,58.232959228515625,-0.2606852650642395,-0.06785021722316742,0.012814389541745186
1789141110337932300,58.24293237304688,-0.2365458607673645,-0.1340084671974182,0.026838596910238266
1789141110347904300,58.252904296875,-0.23353634774684906,-0.1143207848072052,0.06005866453051567
1789141110357877200,58.262877197265624,-0.19304324686527252,-0.12656892836093903,0.05705834552645683
1789141110367849500,58.27284936523437,-0.2165929079055786,-0.09423411637544632,0.04583568498492241
1789141110377821200,58.2828212890625,-0.21294543147087097,-0.14328154921531677,0.02900237776339054
1789141110387794200,58.292794189453126,-0.2105630338191986,-0.12740814685821533,0.07280677556991577
1789141110397766400,58.30276635742187,-0.19929653406143188,-0.11642073839902878,0.06438985466957092
1789141110407738000,58.312738037109376,-0.2125518023967743,-0.1507280170917511,0.0671890452504158
1789141110417711400,58.32271142578125,-0.1534155160188675,-0.13576610386371613,0.008064472116529942
1789141110427683300,58.332683349609376,-0.15506035089492798,-0.0990155041217804,0.016143077984452248
1789141110437655300,58.3426552734375,-0.15020620822906494,-0.1211402490735054,-0.020510807633399963
1789141110447628300,58.35262817382812,-0.14911799132823944,-0.14511168003082275,-0.009569515474140644
1789141110457600300,58.36260034179688,-0.09510855376720428,-0.09464264661073685,-0.03027798980474472
1789141110467572200,58.372572265625,-0.14957423508167267,-0.09335174411535263,0.006898317486047745
1789141110477545200,58.382545166015625,-0.1165371984243393,-0.1043788343667984,-0.07413262128829956
1789141110487517400,58.39251733398437,-0.10857199877500534,-0.1248231753706932,0.005655045621097088
1789141110497490200,58.402490234375,-0.08593033254146576,-0.07625085115432739,0.012924675829708576
1789141110507462100,58.41246215820313,-0.07549605518579483,-0.10828332602977753,0.059694331139326096
1789141110517434400,58.422434326171874,-0.052486877888441086,-0.0688866525888443,-0.0019666356965899467
1789141110527407000,58.432406982421874,-0.05055427551269531,-0.10534698516130447,0.0074706957675516605
1789141110537379300,58.44237939453125,-0.0817398950457573,-0.08479457348585129,-0.006538330111652613
1789141110547351300,58.452351318359376,-0.0633360967040062,-0.10715831816196442,-0.024981144815683365
1789141110557324300,58.46232421875,-0.046256449073553085,-0.08419974148273468,-0.04047142341732979
1789141110567296300,58.472296142578124,-0.010174578055739403,-0.13023844361305237,-0.025073165073990822
1789141110577268500,58.4822685546875,-0.041661929339170456,-0.11096327751874924,0.02819591574370861
1789141110587241200,58.4922412109375,-0.018938403576612473,-0.10607707500457764,-0.03568738326430321
1789141110597213200,58.502213134765626,-0.022418353706598282,-0.08787623047828674,-0.030783437192440033
1789141110607186400,58.5121865234375,-0.0754929780960083,-0.10887787491083145,0.01338212937116623
1789141110617158100,58.522158203125,-0.0017276778817176819,-0.10719794780015945,0.008209737949073315
1789141110627130400,58.53213037109375,0.03803878277540207,-0.06308108568191528,-0.011997326277196407
1789141110637103400,58.54210327148437,0.052273645997047424,-0.10149051994085312,0.019987769424915314
1789141110647075000,58.552074951171875,0.04427291825413704,-0.11769378930330276,0.07718543708324432
1789141110657047300,58.56204736328125,0.0627395436167717,-0.08920355141162872,0.02330702543258667
1789141110667020300,58.572020263671874,0.034562915563583374,-0.08681481331586838,0.056055698543787
1789141110676992300,58.5819921875,0.0616547167301178,-0.05680364742875099,0.018157318234443665
1789141110686964200,58.591964111328124,0.05988490954041481,-0.023542776703834534,0.04865646734833717
1789141110696937200,58.601937255859376,0.10803645849227905,-0.020913969725370407,-0.014106517657637596
1789141110706909200,58.6119091796875,0.10352671891450882,-0.03373809903860092,0.009055637754499912
1789141110716881200,58.621881103515626,0.14338251948356628,-0.012835478410124779,-0.011197702027857304
1789141110726854400,58.6318544921875,0.12857627868652344,-0.02522769197821617,0.00584167568013072
1789141110736826000,58.641826171875,0.11778701841831207,-0.025733159855008125,-0.009695738554000854
1789141110746799000,58.651799072265625,0.10832176357507706,-0.038470376282930374,0.03803054615855217
1789141110756771300,58.66177124023437,0.14491838216781616,0.004277617670595646,0.05319618433713913
1789141110766743300,58.67174340820313,0.15861089527606964,0.017991293221712112,0.07162052392959595
1789141110776716300,58.68171630859375,0.1831018477678299,0.024085670709609985,0.05985601246356964
1789141110786688300,58.691688232421875,0.22234685719013214,0.020161807537078857,0.08253253251314163
1789141110796660200,58.70166015625,0.19939148426055908,0.07275843620300293,0.05857766419649124
1789141110806633200,58.71163330078125,0.229819193482399,0.06022041290998459,0.012189758010208607
1789141110816605400,58.72160546875,0.24625515937805176,0.07576341927051544,0.029284855350852013
1789141110826578200,58.731578125,0.24729733169078827,0.12022003531455994,0.007498814724385738
1789141110836550100,58.741550048828124,0.28155916929244995,0.07292789220809937,0.04238010197877884
1789141110846522400,58.7515224609375,0.2922881841659546,0.09688883274793625,0.03193947672843933
1789141110856495000,58.7614951171875,0.30994415283203125,0.09611785411834717,0.043576959520578384
1789141110866467300,58.77146728515625,0.2974875867366791,0.0930643156170845,0.05205537751317024
1789141110876439300,58.781439208984374,0.2587977349758148,0.09235404431819916,0.037210650742053986
1789141110886412000,58.791412109375,0.2400246113538742,0.08094999939203262,0.015707049518823624
1789141110896384300,58.80138427734375,0.21414907276630402,0.07680025696754456,-0.017903374508023262
1789141110906356200,58.811356201171876,0.20733271539211273,0.04401861131191254,0.0016708594048395753
1789141110916329200,58.8213291015625,0.1921609491109848,0.04349556565284729,0.019879156723618507
1789141110926301200,58.83130126953125,0.18356193602085114,0.006591044832020998,0.0037212108727544546
1789141110936274200,58.841274169921874,0.14500336349010468,-0.0007989604491740465,0.018994972109794617
1789141110946246100,58.85124609375,0.10761898756027222,-0.007986336015164852,0.03831137344241142
1789141110956218400,58.86121826171875,0.1483781337738037,-0.025305937975645065,-0.03612477704882622
1789141110966191400,58.87119140625,0.11581896245479584,-0.01361110806465149,-0.006969090551137924
1789141110976163000,58.8811630859375,0.10558789223432541,-0.005290060769766569,-0.004910999909043312
1789141110986135300,58.89113525390625,0.09872245788574219,0.028358526527881622,-0.028317589312791824
1789141110996108300,58.9011083984375,0.15823237597942352,0.025845035910606384,-0.03911830484867096
1789141111006080300,58.911080322265626,0.13684691488742828,0.018667377531528473,-0.003373755607753992
1789141111016052200,58.92105224609375,0.1610316038131714,0.02654873952269554,-0.031352393329143524
1789141111026025200,58.93102514648437,0.15297162532806396,0.041814208030700684,0.029613200575113297
1789141111035997200,58.9409970703125,0.2104780673980713,0.03958833962678909,-0.03455113619565964
1789141111045970200,58.95097021484375,0.15459471940994263,0.02560397796332836,0.04966486245393753
1789141111055942400,58.9609423828125,0.19245660305023193,0.10227078944444656,0.013252794742584229
1789141111065914000,58.9709140625,0.09756554663181305,0.10714027285575867,0.07162526994943619
1789141111075887000,58.98088720703125,0.15109480917453766,0.07161636650562286,-0.006767005193978548
1789141111085859300,58.990859375,0.11372899264097214,0.14439819753170013,0.018052762374281883
1789141111095831000,59.0008310546875,0.12587566673755646,0.12022177129983902,0.02237240970134735
1789141111105804300,59.01080419921875,0.16681168973445892,0.15188096463680267,-0.02266738750040531
1789141111115776300,59.0207763671875,0.1896381825208664,0.15237897634506226,-0.0364399291574955
1789141111125749200,59.03074926757812,0.12089302390813828,0.124697744846344,0.019373632967472076
1789141111135720700,59.040720703125,0.13601550459861755,0.1158219650387764,-0.028124377131462097
1789141111145693000,59.05069287109375,0.1130375787615776,0.14817318320274353,-0.01781533844769001
1789141111155666000,59.060666015625,0.08179550617933273,0.12267100811004639,0.0012851199135184288
1789141111165637600,59.0706376953125,0.07086508721113205,0.08679266273975372,0.019499430432915688
1789141111175609900,59.08060986328125,0.013691546395421028,0.1076236367225647,0.0031785136088728905
1789141111185582800,59.090582763671875,0.01427774503827095,0.07964807003736496,0.014940193854272366
1789141111195554800,59.10055493164062,0.04821600019931793,0.09899380058050156,0.0058044856414198875
1789141111205527800,59.11052783203125,0.02927405573427677,0.10774102061986923,-0.019008871167898178
1789141111215499800,59.12049975585938,0.02632087655365467,0.07909073680639267,0.00032887374982237816
1789141111225471700,59.1304716796875,0.04899930953979492,0.09584537893533707,-0.0036359073128551245
1789141111235444700,59.14044482421875,0.03051351197063923,0.09085621684789658,-0.004113678354769945
1789141111245417000,59.1504169921875,-0.0031505348160862923,0.08835850656032562,0.02857295610010624
1789141111255388700,59.160388671875,0.02566646598279476,0.08754171431064606,0.02609914541244507
1789141111265361700,59.17036157226563,0.0016965284012258053,0.061854831874370575,0.06677794456481934
1789141111275334000,59.180333984375,0.013818172737956047,0.05069299042224884,0.0046967267990112305
1789141111285307000,59.190306884765626,-0.020500246435403824,0.07746227830648422,-0.008240055292844772
1789141111295278800,59.20027880859375,-0.015351557172834873,0.038776934146881104,-0.013342938385903835
1789141111305250800,59.210250732421876,-0.007284748367965221,0.068693146109581,-0.023204658180475235
1789141111315223800,59.22022387695313,-0.016557343304157257,0.07577182352542877,-0.014257236383855343
1789141111325195800,59.23019580078125,0.0027867485769093037,0.040207378566265106,-0.020363448187708855
1789141111335168000,59.24016796875,0.026744013652205467,0.08665024489164352,-0.032155390828847885
1789141111345141000,59.25014111328125,0.027979187667369843,0.06860306859016418,0.021259361878037453
1789141111355112700,59.26011279296875,0.03375398367643356,0.05068425461649895,0.00869856309145689
1789141111365086000,59.2700859375,0.04398857057094574,0.06681046634912491,0.02517765946686268
1789141111375058000,59.280057861328125,0.0020299358293414116,0.05820925533771515,0.0489351861178875
1789141111385030000,59.29002978515625,0.005215265788137913,0.03859645500779152,-0.007705550640821457
1789141111395003000,59.3000029296875,0.018270613625645638,0.026480404660105705,0.007102956064045429
1789141111404974800,59.30997485351563,0.05050373077392578,0.046806465834379196,-0.04642731323838234
1789141111414947800,59.31994775390625,-0.010925007984042168,0.04381387308239937,-0.04190792888402939
1789141111424919800,59.329919921875,0.007948298938572407,0.020774507895112038,-0.086851567029953
1789141111434892000,59.33989208984375,0.016132991760969162,0.04215303435921669,-0.04904905706644058
1789141111444864800,59.34986474609375,0.010653162375092506,0.047945309430360794,-0.07437286525964737
1789141111454836700,59.359836669921876,0.04094395413994789,0.0034822351299226284,-0.004032923839986324
1789141111464809000,59.36980908203125,0.057769596576690674,0.010279925540089607,0.06462202221155167
1789141111474781700,59.37978173828125,0.029690558090806007,0.007116890046745539,0.0954691544175148
1789141111484754000,59.38975390625,0.05260781571269035,-0.018477145582437515,0.06781527400016785
1789141111494727000,59.39972680664062,0.04706364497542381,0.03353944793343544,0.05568058416247368
1789141111504699000,59.40969897460938,0.011195598170161247,0.04230984300374985,0.05129217356443405
1789141111514670800,59.4196708984375,0.08241332322359085,0.055766794830560684,-0.08100061118602753
1789141111524643800,59.429643798828124,0.06962470710277557,0.06899130344390869,-0.10136499255895615
1789141111534615800,59.43961572265625,0.07397311925888062,0.05750828608870506,-0.08841323852539062
1789141111544587800,59.449587890625,0.1089555099606514,0.038623157888650894,-0.07888735085725784
1789141111554561000,59.45956103515625,0.1328754872083664,0.04561848193407059,-0.05568721890449524
1789141111564532700,59.46953271484375,0.13332930207252502,0.020349984988570213,0.009053329937160015
1789141111574505700,59.47950561523437,0.08470238000154495,0.02911205030977726,0.06182679533958435
1789141111584478000,59.48947802734375,0.10924413055181503,0.04348820447921753,0.07071875035762787
1789141111594449700,59.49944970703125,0.04256843775510788,0.07960706204175949,0.07361041009426117
1789141111604423000,59.5094228515625,0.023735662922263145,0.025551699101924896,0.09927500784397125
1789141111614395000,59.51939477539062,0.04555707052350044,0.014706243760883808,0.08690675348043442
1789141111624367900,59.529367919921874,0.10011503845453262,0.010728839784860611,0.03520213067531586
1789141111634339800,59.53933984375,0.0809277668595314,0.02871955744922161,-0.002909035189077258
1789141111644311800,59.549311767578125,0.11347787082195282,0.02220769226551056,-0.04625282809138298
1789141111654285000,59.55928515625,0.03950323909521103,0.014479199424386024,0.10218298435211182
1789141111664256800,59.5692568359375,0.07723593711853027,0.018661009147763252,0.10504217445850372
1789141111674229000,59.57922900390625,0.14901505410671234,0.06010512262582779,0.053194690495729446
1789141111684202000,59.58920190429688,0.10189462453126907,0.08729442209005356,0.07365470379590988
1789141111694173700,59.599173583984374,0.08366554975509644,0.08037420362234116,0.08260691910982132
1789141111704147000,59.60914697265625,0.13199752569198608,0.10884873569011688,-0.014738596975803375
1789141111714119000,59.61911889648437,0.09777696430683136,0.07740212976932526,0.03342520445585251
1789141111724091000,59.6290908203125,0.13836981356143951,0.10795043408870697,-0.009319277480244637
1789141111734063900,59.63906396484375,0.13065943121910095,0.12293577939271927,-0.025511564686894417
1789141111744035800,59.649035888671875,0.11727006733417511,0.11299066990613937,-0.01842181198298931
1789141111754008800,59.6590087890625,0.10687309503555298,0.13022877275943756,-0.020352071151137352
1789141111763980800,59.66898071289062,0.12382611632347107,0.1312399059534073,0.016230260953307152
1789141111773952800,59.67895288085938,0.14532075822353363,0.15037870407104492,0.03619677573442459
1789141111783925800,59.68892578125,0.15037186443805695,0.16068203747272491,0.024285059422254562
1789141111793898000,59.69889794921875,0.1411226987838745,0.1571967601776123,0.013571429066359997
1789141111803871000,59.70887109375,0.11067211627960205,0.13913287222385406,0.048924483358860016
1789141111813842700,59.7188427734375,0.10063040256500244,0.16870568692684174,0.02000441774725914
1789141111823815000,59.72881494140625,0.13939855992794037,0.16697941720485687,-0.028830233961343765
1789141111833788000,59.73878784179688,0.1123160868883133,0.1522553414106369,0.027207735925912857
1789141111843759900,59.748759765625,0.07137531042098999,0.18683737516403198,-0.0068655237555503845
1789141111853731800,59.75873193359375,0.05431324243545532,0.15619291365146637,-0.013958853669464588
1789141111863704800,59.76870483398437,0.044419512152671814,0.17790482938289642,-0.046387217938899994
1789141111873676800,59.7786767578125,0.03253968432545662,0.17103680968284607,-0.019512992352247238
1789141111883649800,59.78864990234375,0.06200367957353592,0.1654948592185974,-0.03785677254199982
1789141111893622000,59.7986220703125,0.028332002460956573,0.1475222408771515,-0.055053867399692535
1789141111903593700,59.80859375,-0.036827780306339264,0.1411062330007553,-0.01635109633207321
1789141111913566700,59.81856665039062,0.014529147185385227,0.14472094178199768,-0.0883062481880188
1789141111923539000,59.8285390625,0.002201830968260765,0.13202781975269318,-0.09003180265426636
1789141111933511700,59.83851171875,-0.03373539820313454,0.10570594668388367,-0.07475458085536957
1789141111943484000,59.84848388671875,-0.10762642323970795,0.11717834323644638,-0.000056208460591733456
1789141111953455900,59.85845581054687,-0.016652049496769905,0.13601860404014587,-0.07131786644458771
1789141111963428600,59.8684287109375,-0.031192492693662643,0.14454549551010132,-0.03485808148980141
1789141111973400800,59.87840087890625,-0.093093141913414,0.07639893889427185,0.015335047617554665
1789141111983372800,59.888372802734374,-0.0936313346028328,0.07087507843971252,0.0289713516831398
1789141111993345800,59.898345703125,-0.08049049228429794,0.09308211505413055,-0.005997817497700453
1789141112003317800,59.90831787109375,-0.09554987400770187,0.07450363039970398,-0.024500660598278046
1789141112013291000,59.918291015625,-0.12543559074401855,0.08570036292076111,-0.020899267867207527
1789141112023262700,59.9282626953125,-0.11548341065645218,0.0993323028087616,-0.07403039187192917
1789141112033235000,59.93823486328125,-0.1463790088891983,0.059004321694374084,-0.04225568845868111
1789141112043208000,59.9482080078125,-0.11894984543323517,0.04245353862643242,-0.09720517694950104
1789141112053179600,59.9581796875,-0.1659109741449356,0.025085734203457832,0.0021299333311617374
1789141112063153000,59.96815283203125,-0.1466529220342636,0.031071240082383156,0.005979702342301607
1789141112073124900,59.978124755859376,-0.12131135165691376,0.012761740013957024,0.04707680642604828
1789141112083096800,59.988096923828124,-0.16205529868602753,0.03011620230972767,0.05695883184671402
1789141112093069800,59.99806982421875,-0.1694255918264389,0.008031940087676048,0.05459500849246979
1789141112103041800,60.00804174804688,-0.156245619058609,0.044642798602581024,-0.007997342385351658
1789141112113015000,60.01801513671875,-0.16887646913528442,0.016901452094316483,-0.013745775446295738
1789141112122986800,60.02798681640625,-0.1334369033575058,0.024902069941163063,-0.04113335907459259
1789141112132959000,60.037958984375,-0.09616117924451828,0.02313959039747715,-0.027877742424607277
1789141112142932200,60.04793212890625,-0.09241540729999542,0.01721642166376114,0.02108030952513218
1789141112152904200,60.057904296875,-0.16837382316589355,0.05735984817147255,0.0594191737473011
1789141112162876200,60.06787622070313,-0.17055338621139526,0.049233946949243546,0.03406975790858269
1789141112172849200,60.07784912109375,-0.0921829491853714,0.08379378169775009,0.001836186507716775
1789141112182821400,60.0878212890625,-0.12484988570213318,0.07304026186466217,0.0708220824599266
1789141112192794400,60.09779443359375,-0.1367741972208023,0.0884098932147026,0.033402007073163986
1789141112202766000,60.10776611328125,-0.07294537872076035,0.05186890810728073,0.01283201389014721
1789141112212738300,60.11773828125,-0.07450386136770248,0.06662335246801376,0.023096369579434395
1789141112222711300,60.12771118164063,-0.05408869683742523,0.03784900903701782,0.03265153616666794
1789141112232683300,60.137683349609375,-0.07599905133247375,0.06101531535387039,0.02080819010734558
1789141112242656300,60.14765625,-0.060078203678131104,0.043446846306324005,-0.00786454789340496
1789141112252628200,60.15762817382812,-0.1175667941570282,0.07059404999017715,0.010587163269519806
1789141112262600200,60.16760009765625,-0.13953927159309387,0.010871291160583496,0.0681178867816925
1789141112272573200,60.1775732421875,-0.10832303762435913,0.055820923298597336,0.035243820399045944
1789141112282545400,60.18754541015625,-0.09341470897197723,0.07732224464416504,0.03906838968396187
1789141112292518100,60.19751806640625,-0.07002656161785126,0.06548156589269638,0.06425710022449493
1789141112302490000,60.20748999023437,-0.0499553382396698,0.05436372756958008,0.06278795748949051
1789141112312462300,60.21746240234375,-0.02167416363954544,0.08607345074415207,0.011599334888160229
1789141112322435000,60.22743505859375,-0.05451443791389465,0.07169276475906372,0.06545806676149368
1789141112332407300,60.2374072265625,-0.029383255168795586,0.05713459476828575,0.035132378339767456
1789141112342380300,60.24738037109375,-0.06256605684757233,0.08580810576677322,0.04364561289548874
1789141112352352300,60.25735229492187,-0.06467980891466141,0.04914649575948715,0.06362784653902054
1789141112362324200,60.26732421875,-0.07119686901569366,0.032331760972738266,0.08758711814880371
1789141112372297200,60.27729711914063,-0.06833956390619278,0.011531941592693329,0.047113459557294846
1789141112382269200,60.287269287109375,-0.10409443825483322,-0.0087362602353096,0.03931935504078865
1789141112392241200,60.2972412109375,-0.10822180658578873,-0.023265136405825615,0.017751479521393776
1789141112402214400,60.30721435546875,-0.16892148554325104,0.0009969593957066536,-0.009893003851175308
1789141112412186000,60.31718603515625,-0.17771203815937042,-0.036748290061950684,-0.03530435264110565
1789141112422159000,60.3271591796875,-0.14968280494213104,-0.06342996656894684,0.01013876125216484
1789141112432131300,60.33713134765625,-0.1547049880027771,-0.055042073130607605,0.031044308096170425
1789141112442103000,60.34710302734375,-0.1343565434217453,-0.07507804036140442,0.052337732166051865
1789141112452076300,60.357076171875,-0.12205300480127335,-0.07957238703966141,0.10052017867565155
1789141112462048300,60.36704833984375,-0.11918694525957108,-0.04383779689669609,0.08305241167545319
1789141112472021000,60.37702099609375,-0.14851582050323486,-0.049215517938137054,0.07330656796693802
1789141112481993200,60.3869931640625,-0.10496699810028076,-0.053527265787124634,-0.01845666393637657
1789141112491965200,60.39696508789063,-0.10863098502159119,-0.06065788120031357,0.002495754975825548
1789141112501938200,60.40693823242187,-0.0784708634018898,-0.036388099193573,-0.022460486739873886
1789141112511910100,60.41691015625,-0.029274027794599533,-0.021562550216913223,-0.07550293207168579
1789141112521883100,60.42688305664063,-0.04687117040157318,-0.01910797879099846,-0.0759400725364685
1789141112531855000,60.436855224609374,-0.05755443871021271,-0.003534611314535141,-0.0607728436589241
1789141112541827300,60.44682739257812,-0.12921561300754547,-0.07132091373205185,0.05315227434039116
1789141112551800300,60.45680029296875,-0.09517322480678558,-0.07542590796947479,0.03749581798911095
1789141112561772000,60.46677197265625,-0.06014595925807953,-0.04312409833073616,0.03336084634065628
1789141112571745300,60.47674536132813,-0.0488903746008873,-0.06231563538312912,0.05485202372074127
1789141112581717200,60.48671728515625,-0.06935688853263855,-0.06281019747257233,0.08468081057071686
1789141112591689200,60.49668920898438,-0.07008606195449829,-0.055167727172374725,0.02656797133386135
1789141112601662200,60.506662109375,-0.09188943356275558,-0.0747678279876709,0.00010338774882256985
1789141112611634200,60.51663427734375,-0.07952596992254257,-0.05960405617952347,-0.019582165405154228
1789141112621606100,60.52660620117187,-0.043181173503398895,-0.04140275716781616,-0.04197036847472191
