time,seconds_elapsed,z,y,x
1789997363979039700,1.567039794921875,0.628379194468246,0.8465361404588444,-0.07959142003797896
1789997363989110800,1.57711083984375,0.6334704950079116,0.8218195804708956,-0.008464617461177121
1789997363999180800,1.587180908203125,0.5508529679179822,0.7972012104169544,-0.03390877728103696
1789997364009251800,1.597251953125,0.5139715969562247,0.7674738848967797,-0.08375636672871636
1789997364019321600,1.607321533203125,0.5138012668728658,0.7673705825987244,-0.05729312841026815
1789997364029392600,1.617392578125,0.48558338388160055,0.7417116318240056,-0.040735222986309334
1789997364039463000,1.627462890625,0.49054638681933704,0.7025936839756929,-0.0074207647386270986
1789997364049534000,1.637533935546875,0.48930343477879185,0.6668271288010372,0.03592646567590572
1789997364059603700,1.647603759765625,0.47519025403086734,0.6729741781099992,0.0022843920057631587
1789997364069674800,1.6576748046875,0.4990219933675376,0.6587313158997191,0.005768458095633952
1789997364079744800,1.667744873046875,0.4684562905334327,0.6713152398631377,-0.00868244768620148
1789997364089815800,1.67781591796875,0.41810730446583766,0.6681474832636942,-0.013645431411636865
1789997364099885800,1.6878857421875,0.3931588281456665,0.6618184759135036,-0.005572475127755021
1789997364109956900,1.697956787109375,0.3515530661802874,0.6714419051636166,-0.03516237557271609
1789997364120027000,1.70802685546875,0.32670743850949685,0.6563943740035216,-0.052419190446796805
1789997364130098000,1.718097900390625,0.3552247943756267,0.6297484143649569,-0.0019610198848045678
1789997364140167700,1.728167724609375,0.32898045224026085,0.6249403157300978,-0.001188418130144285
1789997364150238700,1.73823876953125,0.3476728497791791,0.6253650065789644,0.020913773748379185
1789997364160308700,1.748308837890625,0.3467790594996226,0.6518827963396943,0.004908001482108033
1789997364170378800,1.758378662109375,0.3225252918293387,0.6646450036835349,-0.0639326609261573
1789997364180449800,1.76844970703125,0.308880296104252,0.635394799694775,0.005905200586659733
1789997364190520800,1.778520751953125,0.30435047400922766,0.6026802162280703,0.05019338845388478
1789997364200590800,1.7885908203125,0.2733258959804859,0.585699039812673,-0.0005422706555783633
1789997364210660600,1.79866064453125,0.2501411045019235,0.5753823461481248,0.00924135948554788
1789997364220731600,1.808731689453125,0.2678711301161234,0.6011003507824368,-0.009342010549866503
1789997364230802000,1.818802001953125,0.2398916061010904,0.5846867995183381,0.012903609699098796
1789997364240873000,1.828873046875,0.2090896905490902,0.5431321137761189,0.0017697647341958552
1789997364250942700,1.838942626953125,0.247787951028295,0.5405274031464817,0.06154513746546458
1789997364261013800,1.849013671875,0.29902160442603415,0.5646401051746308,0.06127430096286777
1789997364271083800,1.859083740234375,0.302626688185851,0.5945968807099384,-0.0424742406424154
1789997364281154800,1.86915478515625,0.2661840287054502,0.6106865420065426,-0.01675084844040553
1789997364291224600,1.879224609375,0.23988843951520972,0.5972775663374513,0.08408607119085122
1789997364301295400,1.88929541015625,0.23586078596142337,0.6252566215195487,0.053836103150179
1789997364311365400,1.899365478515625,0.2577325753487698,0.67214891598099,0.01465544054157587
1789997364321436400,1.9094365234375,0.23970452882178608,0.7079957714595658,-0.02533439660177342
1789997364331506400,1.91950634765625,0.19878625591839838,0.6948737692323977,0.06583348768796739
1789997364341577200,1.9295771484375,0.14623766717660766,0.6969350345749095,0.04572602096824802
1789997364351647500,1.9396474609375,0.17221425005054844,0.6808469390308602,0.10497281007512066
1789997364361718500,1.949718505859375,0.18163347839445548,0.6527459787425424,0.09169175563565252
1789997364371788300,1.959788330078125,0.10999362577467417,0.653516558079085,-0.039986033217438675
1789997364381859300,1.969859375,0.007976888691382748,0.6217730231910321,-0.059308182400732365
1789997364391929300,1.979929443359375,-0.03837591769137928,0.536989031936098,0.018147606073468287
1789997364402000400,1.99000048828125,-0.056433692606489255,0.46083461677053916,0.005413608734697388
1789997364412070400,2.0000703125,-0.041162638324991785,0.40652110508098765,0.027456539773107993
1789997364422141400,2.010141357421875,-0.0754622725573486,0.30931069443692755,0.05948136843971234
1789997364432211500,2.02021142578125,-0.1774288967457745,0.20765814036707467,0.0642079381776557
1789997364442282500,2.030282470703125,-0.19934293318851465,0.11683075769976818,0.1302953521757263
1789997364452352300,2.040352294921875,-0.20896159395489472,0.042950538771219696,0.08520709368642691
1789997364462423300,2.05042333984375,-0.2677414703194605,-0.04600468968475423,0.08617658133470313
1789997364472493300,2.060493408203125,-0.35132968167732354,-0.1418896928814208,0.13522308978603648
1789997364482564400,2.070564453125,-0.40859331331832516,-0.20072689811061642,0.13694902397194741
1789997364492634400,2.08063427734375,-0.4138044959801756,-0.24546027166583276,0.10989011038062478
1789997364502705400,2.090705322265625,-0.4179451040791803,-0.31479610096585414,0.08183206369914169
1789997364512775400,2.100775390625,-0.4329251243250818,-0.3765228890460244,0.07405720507679003
1789997364522846500,2.110846435546875,-0.4497374229600646,-0.38549165628775867,0.04545370210925121
1789997364532916200,2.120916259765625,-0.43370834909655315,-0.37681916726138515,0.04567621157541449
1789997364542987300,2.1309873046875,-0.47208056927398906,-0.43916147396925526,0.06995527162514534
1789997364553057500,2.1410576171875,-0.5212303009890299,-0.46989120886468266,0.13651361586953756
1789997364563128600,2.151128662109375,-0.5246387888204664,-0.47236667818668693,0.054572570139424584
1789997364573198300,2.1611982421875,-0.4579891862130288,-0.4480525041308404,0.04654796436408671
1789997364583269400,2.171269287109375,-0.39741254511606655,-0.45958462143995427,0.07698140768370972
1789997364593339400,2.18133935546875,-0.4029187254304948,-0.44620424795494973,0.06410434801925864
1789997364603410400,2.191410400390625,-0.34935033010471517,-0.4166947204185548,0.08853906454623817
1789997364613480400,2.20148046875,-0.3393629900157084,-0.3829252922213786,0.18665563462439508
1789997364623551500,2.211551513671875,-0.3255994250258656,-0.39241153447333765,0.14392636814490134
1789997364633621500,2.22162158203125,-0.3309782324199054,-0.3688574338117588,-0.005915251219110789
1789997364643692500,2.231692626953125,-0.3159344777515593,-0.34106154235544794,0.05921626911476211
1789997364653762300,2.24176220703125,-0.2727662404888238,-0.32310200881791806,0.022925741226533715
1789997364663833300,2.251833251953125,-0.2230339003841721,-0.26674489257379075,-0.038471837002039155
1789997364673903400,2.2619033203125,-0.20962885949262067,-0.19151705860259358,-0.0665808355574864
1789997364683974100,2.27197412109375,-0.1859504379796435,-0.1521209524889946,0.06317677966854832
1789997364694044400,2.28204443359375,-0.18296316937087562,-0.14721835748189663,0.049577391472371925
1789997364704115500,2.292115478515625,-0.1335137273037297,-0.12297750261752391,0.02638128884563526
1789997364714185500,2.302185546875,-0.14019774419499453,-0.07906994919242837,-0.09747482089245628
1789997364724256300,2.31225634765625,-0.07111244628331378,-0.040810469402853974,-0.08369932641906686
1789997364734326300,2.322326171875,-0.01043371928764481,0.01524471002245922,-0.032394755905106064
1789997364744397300,2.332397216796875,0.07304327779580044,0.04011589442955335,0.055159153583735895
1789997364754467600,2.342467529296875,0.11207352110988049,0.08009839143829484,0.10165595927012439
1789997364764538400,2.352538330078125,0.13149388111915206,0.1233538456112902,0.08225180908427847
1789997364774608400,2.3626083984375,0.10597167437260989,0.15910406988850823,0.0319761143579389
1789997364784679400,2.372679443359375,0.06196166768929558,0.1776540061337312,-0.07698200531179349
1789997364794749200,2.382749267578125,0.0692731750068245,0.19905213242615077,-0.03150332621974822
1789997364804820200,2.3928203125,0.06551830766479488,0.22539466675803072,-0.04306808964321069
1789997364814890500,2.402890380859375,0.07688163555555741,0.22279864331325422,-0.02353570136968789
1789997364824960500,2.41296044921875,0.10649802700028728,0.22352599189916253,0.026650595482272495
1789997364835031300,2.42303125,0.10613924003497509,0.21850673151232278,-0.03522520577852002
1789997364845102300,2.433102294921875,0.08151325293813698,0.2351374394550437,-0.04680282946125382
1789997364855172400,2.44317236328125,0.06344630030995269,0.2550158826264774,-0.043797371585107055
1789997364865242400,2.453242431640625,0.06714093828923104,0.22993233772279606,0.029901941373910435
1789997364875313400,2.4633134765625,0.055552798265241586,0.20066140087589449,-0.04973247037757072
1789997364885383400,2.473383544921875,0.04698396163345792,0.1794074615124059,-0.015969077472304118
1789997364895454500,2.483454345703125,0.019547638240356876,0.1845163995395718,-0.0006632980001474822
1789997364905524500,2.4935244140625,0.014445361082557624,0.13913930267014288,0.01066820533300272
1789997364915595300,2.50359521484375,-0.013786005578620366,0.09706626884331923,-0.022996298315556572
1789997364925665300,2.513665283203125,-0.05459061037966859,0.07852076584493868,0.027122441673892442
1789997364935736300,2.523736328125,-0.056974063294418356,0.07468986031969739,0.07472349342858309
1789997364945806300,2.533806396484375,-0.08673340224492118,0.0640680960811112,0.02428022114131215
1789997364955877400,2.54387744140625,-0.14365730470817467,0.029910551506382135,-0.012592418607127455
1789997364965947400,2.553947509765625,-0.14782683374932723,-0.01063265980016285,-0.04534608050374455
1789997364976018400,2.564018310546875,-0.1573837817920083,-0.032385237907478694,-0.08567995258421365
1789997364986088200,2.574088134765625,-0.1221364703841027,-0.0505124813926807,0.004322602151811257
1789997364996159200,2.5841591796875,-0.12152316330955422,-0.08278583877629499,0.0038770558427150357
1789997365006229500,2.5942294921875,-0.16280803895605286,-0.1573974797997737,0.05272731947175571
1789997365016300500,2.604300537109375,-0.19347064002040587,-0.1942820210379201,0.00874431352041008
1789997365026370300,2.614370361328125,-0.18802884453367033,-0.22265366786517646,-0.009589032730191929
1789997365036441300,2.62444140625,-0.18344417928836054,-0.264846587602677,0.025803951240365924
1789997365046511400,2.634511474609375,-0.1996396201711581,-0.31156654315182314,0.06290524665395215
1789997365056582400,2.64458251953125,-0.19042073883404614,-0.33677153650483915,-0.01780935765944428
1789997365066652400,2.65465234375,-0.1458279371173909,-0.3304599762992733,0.01462102731137423
1789997365076723500,2.664723388671875,-0.15229760049486202,-0.34863886879248485,0.1460818522536695
1789997365086793500,2.67479345703125,-0.15835232261003546,-0.3286029400608002,0.07994408041434573
1789997365096864500,2.684864501953125,-0.12044585734669035,-0.23654026864677297,0.0023877331485967854
1789997365106934300,2.694934326171875,-0.08575248292522976,-0.18058265862089298,0.0438471333056377
1789997365117005300,2.70500537109375,-0.03923838833229394,-0.1573737112557779,-0.012820944896440223
1789997365127075300,2.715075439453125,-0.02241284427182727,-0.11389801681005766,0.06009470289818572
1789997365137146400,2.725146484375,0.01783423760140162,-0.06666997525361809,0.07372884696773871
1789997365147216400,2.73521630859375,0.029288181938752697,-0.0019301413252182423,-0.026182936925771727
1789997365157287400,2.745287353515625,0.022042852635893655,0.04796599566209854,-0.0049309655045413564
1789997365167357400,2.755357421875,0.05171855052720492,0.09356164993557015,-0.0275363584656706
1789997365177428500,2.765428466796875,0.10247665611282913,0.16142928828400377,0.011061356515039013
1789997365187498200,2.775498291015625,0.14578341872482212,0.2092029574578634,0.04012951774945783
1789997365197569300,2.7855693359375,0.17417887332772372,0.22954163666312596,0.039411861902812526
1789997365207639600,2.7956396484375,0.2057708052066247,0.25193492394277545,-0.02170900678968876
1789997365217710600,2.805710693359375,0.2283534731579326,0.2923147226891027,-0.07311655753799345
1789997365227780400,2.8157802734375,0.2585830845579791,0.33635960870630577,-0.061537794956730486
1789997365237851400,2.825851318359375,0.2658304624028393,0.36115561005272867,-0.03734743898411292
1789997365247921400,2.83592138671875,0.27903990785205407,0.3772347902762865,-0.013838652181961564
1789997365257992200,2.8459921875,0.26072758270984986,0.40058044657047925,-0.11669385904804727
1789997365268062500,2.8560625,0.26298971915747554,0.44458419588332915,-0.11212797717616618
1789997365278133500,2.866133544921875,0.2988118488340327,0.4558207427335179,-0.046801002201330696
1789997365288203300,2.876203369140625,0.29560589567673917,0.43484767732420804,0.003544906861329837
1789997365298274300,2.8862744140625,0.2798646060308605,0.4169281768405505,-0.00427103558924817
1789997365308344000,2.896343994140625,0.27901877155136445,0.4449823785438454,-0.003607150240939298
1789997365318415000,2.9064150390625,0.22879591102797706,0.48133291255305005,-0.06704016271541025
1789997365328485400,2.9164853515625,0.18452052906171088,0.47149140806668827,-0.08927967280272077
1789997365338556200,2.92655615234375,0.19072430530509255,0.4686399062557163,0.0002759315711633524
1789997365348626200,2.936626220703125,0.1608712781378329,0.41580421081893587,-0.03936751359953617
1789997365358697200,2.946697265625,0.1293477719108701,0.3953803901482223,-0.1133160008824754
1789997365368767200,2.956767333984375,0.0975318695582667,0.40091330798313146,0.01749468735350421
1789997365378838000,2.966838134765625,0.07959684188682524,0.38345938098040205,0.03914285325373049
1789997365388908000,2.976907958984375,0.020392793237542093,0.2962841526105174,-0.01925736949260608
1789997365398979000,2.98697900390625,-0.013085295260798954,0.2938809166101704,-0.0569867488381668
1789997365409049300,2.99704931640625,0.005320455997927209,0.284276656539536,0.03724069786251449
1789997365419120000,3.0071201171875,-0.014853684572743575,0.22748719607467607,0.03386699666751189
1789997365429190100,3.017190185546875,-0.058316730649219314,0.17521459256504235,-0.04808038716251861
1789997365439261200,3.02726123046875,-0.05849431457154366,0.15022873526878566,0.006492987418216722
1789997365449331200,3.037331298828125,-0.03280740525176541,0.12003791646075042,0.009212244095565673
1789997365459402000,3.047402099609375,-0.07344543391376743,0.09447788716198166,0.012160905583652093
1789997365469472300,3.05747216796875,-0.11405732575160014,0.09197417529570812,-0.04675749712455188
1789997365479543300,3.067543212890625,-0.07431965861559514,0.07478331072311538,-0.018250456412985047
1789997365489613000,3.077613037109375,-0.05802257472137469,0.07339266697813136,0.04253666843049608
1789997365499684000,3.08768408203125,-0.08997195942553489,0.05439705591631506,0.038521227281212045
1789997365509754000,3.097754150390625,-0.11434555677277419,0.052488554180339604,0.06534135497048299
1789997365519825200,3.1078251953125,-0.10505209818230747,0.062761036475241,0.015716017669165073
1789997365529895200,3.117895263671875,-0.11988967276917097,0.05815635421479087,0.004480070703402448
1789997365539966200,3.12796630859375,-0.10717552253082634,0.0669768835322348,0.013627192288172628
1789997365550036200,3.1380361328125,-0.10108072823448937,0.09671839271093009,-0.025783547551411917
1789997365560106200,3.148106201171875,-0.11556896666636071,0.11327190430791777,-0.01894868953121125
1789997365570177000,3.158177001953125,-0.08197540271006197,0.13768053324816593,0.06094173110609444
1789997365580247000,3.1682470703125,-0.06661596453434984,0.13412620481129622,0.0627034811572061
1789997365590318000,3.178318115234375,-0.08461381448667685,0.11823776957331522,0.0599041880906221
1789997365600388000,3.18838818359375,-0.10479061955256,0.09328312119068966,-0.0024308728124899305
1789997365610459100,3.198459228515625,-0.10237136971935554,0.09452538859875777,-0.00829349788660556
1789997365620529200,3.208529052734375,-0.10927744091154389,0.1313023152554256,0.002064547463442831
1789997365630600200,3.21860009765625,-0.10144861641716271,0.11239481197757889,-0.03370812682575899
1789997365640670000,3.228669921875,-0.09247934724841636,0.0708222037269139,0.021767538705576465
1789997365650741000,3.238740966796875,-0.07869329557298795,0.06300079326464454,0.09807892931298261
1789997365660811300,3.248811279296875,-0.08458041496316744,0.0499490068084061,0.06283766720016923
1789997365670882300,3.25888232421875,-0.1321530926027419,0.023990995784868407,0.00028010394297986777
1789997365680952000,3.2689521484375,-0.15220720983168431,-0.024506935606618853,0.009242524723186419
1789997365691023000,3.279023193359375,-0.18091493939280773,-0.03384812609161898,0.014461626223887749
1789997365701093000,3.289093017578125,-0.16875740069309914,-0.04923471677579942,0.030824240122039364
1789997365711164200,3.2991640625,-0.17930870822729467,-0.08181384187424683,0.04370042173202745
1789997365721234200,3.309234130859375,-0.17770543219866514,-0.11460474234569891,0.03942333016000785
1789997365731305200,3.31930517578125,-0.1893099989190648,-0.14975190948530476,0.08409948860656005
1789997365741375200,3.329375244140625,-0.20797460070229612,-0.177785091085303,0.0550551908639247
1789997365751446300,3.3394462890625,-0.19900030302346125,-0.17955795008069192,-0.03227199998095105
1789997365761516000,3.34951611328125,-0.2126747037783082,-0.18056717129421898,-0.11092025936524356
1789997365771587000,3.359587158203125,-0.20926759407557055,-0.21401667335078625,-0.06939824070158794
1789997365781657300,3.3696572265625,-0.21795555151413126,-0.2719676104100381,0.07212355213722121
1789997365791728400,3.379728271484375,-0.23545743329460198,-0.30841370060676654,0.09692174974723099
1789997365801798100,3.389798095703125,-0.24434383682910257,-0.31175194026116965,0.057327619442213436
1789997365811869200,3.399869140625,-0.24503816371265374,-0.2992530387852902,0.0648715530485294
1789997365821939200,3.409939208984375,-0.2780035408187629,-0.2959166614565108,0.05071698318870913
1789997365832010200,3.42001025390625,-0.2858481390082776,-0.28729703079503505,-0.005171731506126708
1789997365842080000,3.430080078125,-0.31166402704149393,-0.2805368965645225,-0.027522437344278738
1789997365852151000,3.440151123046875,-0.2866406177392631,-0.29566552604070445,0.005724206657719854
1789997365862221300,3.45022119140625,-0.24799188374928707,-0.301139791482882,-0.013601284400502135
1789997365872292400,3.460292236328125,-0.232366820477466,-0.31880880567982794,0.005742710516167094
1789997365882362000,3.470362060546875,-0.23093896936657698,-0.33422107294345416,-4.456446226442194e-05
1789997365892433200,3.48043310546875,-0.1999495671401837,-0.2944922180912223,0.0020301776681340175
1789997365902503200,3.490503173828125,-0.19337355112921534,-0.2683963964453451,-0.028213257681094776
1789997365912574000,3.500573974609375,-0.19533592922159015,-0.26381337301062957,-0.07504207425277301
1789997365922644200,3.510644287109375,-0.14969963905486666,-0.24854553445881886,0.06637779207917638
1789997365932715300,3.52071533203125,-0.07447463508971085,-0.19929844821336462,0.032878971621970135
1789997365942785300,3.530785400390625,-0.07304604974695526,-0.13131401627397393,-0.031625418211276235
1789997365952856000,3.54085595703125,-0.0691614813792773,-0.07778703071532414,-0.01458046592033333
1789997365962926000,3.550926025390625,-0.03861531850637834,-0.021024801921956604,-0.009654604832831598
1789997365972997000,3.5609970703125,0.0028594135582181313,0.0018757528763503617,0.030916073397082574
1789997365983067400,3.5710673828125,0.03810676822043881,0.0027463284148208514,0.016473728283356512
1789997365993138200,3.58113818359375,0.05527592424290657,0.05181768840799293,0.01349240352155873
1789997366003208200,3.591208251953125,0.08752842114594327,0.07384510909716192,0.056329226060376006
1789997366013279200,3.601279296875,0.09752887283105927,0.08531709098263153,0.013119937956878285
1789997366023349200,3.611349365234375,0.07177510611800479,0.10838995739341874,-0.029628089606133404
1789997366033420000,3.621419921875,0.06750551935906339,0.1284413442596801,-0.008078200045830382
1789997366043490000,3.631489990234375,0.07877365062625799,0.1371097708191713,-0.0007343572535090114
1789997366053561000,3.64156103515625,0.07712974013593588,0.11363296650828084,0.03828374993103523
1789997366063631000,3.651631103515625,0.07138804483155754,0.13763494689780809,0.01838068592016163
1789997366073702100,3.6617021484375,0.08738710934325021,0.1660092648238078,-0.029871449524463405
1789997366083772200,3.671772216796875,0.0656383613645138,0.18125414965101305,-0.0806055955958988
1789997366093843200,3.68184326171875,0.05506521986776097,0.1905635580372544,0.005289205298400975
1789997366103913000,3.691912841796875,0.03222616430591903,0.21884930093439234,-0.049072682559532226
1789997366113984000,3.70198388671875,0.011688517766184861,0.23286825271393505,-0.06953567599844679
1789997366124054300,3.71205419921875,-0.005718816520109003,0.21952084559072954,-0.13927733806900214
1789997366134125300,3.722125244140625,-0.007198709110762241,0.20778896650920764,-0.10208599391588906
1789997366144195000,3.732195068359375,0.028958046272962546,0.20561172898836247,-0.045747913787590196
1789997366154266000,3.74226611328125,0.03711288266170627,0.15924203293405986,-0.02169803907358121
1789997366164336000,3.752336181640625,-0.005171620523889632,0.10144135962683826,-0.02371015878100363
1789997366174407200,3.7624072265625,-0.03279845060215855,0.06856045332485478,-0.0006161167828766731
1789997366184477200,3.772477294921875,-0.022094880892899224,0.05366194622672642,0.0672458890610981
1789997366194548200,3.78254833984375,-0.022417473627433435,-0.027927555690574143,0.02663876993751272
1789997366204618200,3.7926181640625,-0.10319098794252052,-0.10016656871465303,0.05091699281076827
1789997366214689300,3.802689208984375,-0.15414070805997224,-0.13263514328484732,0.02846550736568561
1789997366224759000,3.812759033203125,-0.176719108590656,-0.16749881799378738,-0.09234219705947859
1789997366234830000,3.822830078125,-0.19601942930502508,-0.18456469806421755,-0.10108162669615077
1789997366244900400,3.832900390625,-0.21743314772662187,-0.20877956559808444,0.005369507190301734
1789997366254971400,3.842971435546875,-0.21194211913955555,-0.26241046820541053,0.12813056273118795
1789997366265041200,3.853041259765625,-0.2538947717354222,-0.3010947652665333,0.09682606149267824
1789997366275112200,3.8631123046875,-0.2875399350381522,-0.31923380456007083,0.057644840233402016
1789997366285182700,3.8731826171875,-0.2909868563891797,-0.34163611861886223,0.08497415984895604
1789997366295253800,3.883253662109375,-0.33199429263247293,-0.368926346630464,0.0342791601724595
1789997366305323800,3.89332373046875,-0.3488842268275995,-0.3941295743907923,-0.012688940529118854
1789997366315394600,3.90339453125,-0.3427802668698561,-0.431996530699654,0.06845154168088542
1789997366325464800,3.91346484375,-0.34034985760248837,-0.4537630298577778,-0.042987523743071056
1789997366335535900,3.923535888671875,-0.36712762290123097,-0.4380338510700158,-0.0835729544184355
1789997366345606000,3.93360595703125,-0.3538860867985771,-0.45091037334096695,0.02666055490602673
1789997366355676700,3.9436767578125,-0.34951930080071075,-0.4697266123178642,-0.010112760330281797
1789997366365746700,3.95374658203125,-0.37938006017331644,-0.5209398776136337,0.01584264668127992
1789997366375817700,3.963817626953125,-0.3683989053618129,-0.5305104535890514,0.06896070880455633
1789997366385887700,3.9738876953125,-0.3668295311420631,-0.5158762671698388,0.1328480685960123
1789997366395958800,3.983958740234375,-0.34468015828678866,-0.5552318817223122,0.148580846835728
1789997366406028800,3.99402880859375,-0.2995190143839348,-0.5328227454686522,0.019483548137999546
1789997366416099800,4.004099853515625,-0.2861194804488292,-0.5478193225690613,-0.01697485760988062
1789997366426169600,4.014169677734375,-0.2650359585472202,-0.5658026691004387,-0.011490091072009682
1789997366436240600,4.02424072265625,-0.23035195263779404,-0.5266308928664987,0.07183413575923955
1789997366446310700,4.034310546875,-0.23251379185658377,-0.5065770172583224,-0.0032395888008669074
1789997366456381700,4.044381591796875,-0.23542200226089838,-0.5346768871007278,0.04927602311097993
1789997366466451700,4.05445166015625,-0.24010374854040462,-0.5614783301883908,-0.007267462342465072
1789997366476522800,4.064522705078125,-0.22595566737464892,-0.5653279691903241,0.02140813120285383
1789997366486592800,4.0745927734375,-0.16341040494492162,-0.5631318135160182,0.0742104782662787
1789997366496662800,4.084662841796875,-0.154636977786401,-0.5285035506331686,-0.021966506256402434
1789997366506733600,4.094733642578125,-0.16588937689864744,-0.5358585948527227,0.015288351965740635
1789997366516804600,4.1048046875,-0.12918672099007283,-0.547689752492842,0.06030851439579237
1789997366526875000,4.114875,-0.04338612168285069,-0.46166667596543043,0.10662835898509883
1789997366536946000,4.12494580078125,0.042740054876141166,-0.3845066753667842,0.12360559123743257
1789997366547015700,4.135015625,0.04902613367599527,-0.33423606925261345,0.08338096784490746
1789997366557086700,4.145086669921875,0.03666233537101847,-0.2868654406000844,0.0072868834916842255
1789997366567156700,4.15515673828125,0.1099736372192402,-0.21754093618936488,0.09895789956289029
1789997366577227800,4.165227783203125,0.22712505584177117,-0.08802521715375204,0.1451105125721278
1789997366587297800,4.1752978515625,0.2367914232463628,0.006857394329857759,0.0539385004336124
1789997366597367800,4.185367919921875,0.21474704679270293,0.06967005793608301,0.016305941906331136
1789997366607438800,4.19543896484375,0.2587239681810534,0.1214311921814514,-0.0004227614478637406
1789997366617510000,4.205510009765625,0.33875297702976953,0.19769384058427578,-0.09679631856447271
1789997366627579600,4.21557958984375,0.3876635031993044,0.23787684355066002,-0.054644417196456976
1789997366637649700,4.225649658203125,0.3845713912046079,0.22458242920747498,0.05945314387712588
1789997366647720700,4.235720703125,0.38198120842448446,0.2616139313789523,-0.043311134218095515
1789997366657790700,4.245790771484375,0.4113134971969288,0.29016390955661775,-0.04550406445221214
1789997366667861800,4.25586181640625,0.4610395918822489,0.2898751798387291,0.05671486786729307
1789997366677931800,4.265931884765625,0.45653877677468263,0.29670105209005065,0.011884264558034785
1789997366688002800,4.2760029296875,0.4012887645924547,0.33609149931014365,-0.12796990754242804
1789997366698072600,4.286072509765625,0.4289020072568432,0.35671299256256966,-0.14000489332671492
1789997366708143600,4.2961435546875,0.4775085201483933,0.3637612036635603,0.00781940990667836
1789997366718214000,4.3062138671875,0.44142883559811386,0.38057011160395593,0.011598904469760954
1789997366728285000,4.316284912109375,0.4166606908408211,0.3858948371743044,-0.020840313370690432
1789997366738354700,4.326354736328125,0.35535686142953576,0.4155845790118213,0.005009252051092944
1789997366748425700,4.33642578125,0.33299291976847567,0.4225358017612549,-0.02664404890557806
1789997366758495700,4.346495849609375,0.3297393193951991,0.43543171704654904,-0.04804079966720207
1789997366768566800,4.35656689453125,0.30987207766493813,0.4661730155072349,-0.0028760925187750856
1789997366778636800,4.36663671875,0.26449035376852464,0.4623007729373368,-0.05510308171357303
1789997366788707800,4.376707763671875,0.257423789516349,0.44668682692088235,-0.021504821358887625
1789997366798777900,4.38677783203125,0.2519918599117544,0.4443895512470973,0.03066629851738194
1789997366808849000,4.396848876953125,0.21313573969190552,0.4321603263906595,0.03242647765725237
1789997366818918700,4.406918701171875,0.16151370226011819,0.4057272263492717,0.0182692677400601
1789997366828989700,4.41698974609375,0.1192716426211772,0.3738273612875813,0.0643933606989653
1789997366839059700,4.427059814453125,0.07710315310101959,0.3386308029697412,0.049374328431103405
1789997366849130800,4.437130859375,0.07121100640690124,0.2743453720777551,0.07057162043890843
1789997366859200800,4.44720068359375,0.02920512263426817,0.22245159447314453,0.13286020018066624
1789997366869271800,4.457271728515625,0.019636630697712237,0.17127708203713957,0.17512449678785544
1789997366879341800,4.467341796875,-0.0005582211483124045,0.1214942796286226,0.09898668548164416
1789997366889412600,4.47741259765625,-0.08707525062342099,0.08846501466343688,-0.019474581634474464
1789997366899482600,4.487482666015625,-0.14461271775454387,0.04208136738034749,-0.05197930058445733
1789997366909553700,4.4975537109375,-0.15754104043312156,0.014132018934204914,0.07660165596248929
1789997366919624000,4.5076240234375,-0.17521189348910593,-0.06066746240235094,0.061984617125061384
1789997366929694700,4.51769482421875,-0.23538358815932545,-0.12522408266768076,0.09271934521345776
1789997366939764700,4.5277646484375,-0.28852551914268404,-0.16886838100387075,0.0953325850254785
1789997366949835800,4.537835693359375,-0.3133476241653368,-0.2227585353548407,0.04145267890261386
1789997366959905800,4.54790576171875,-0.31527519044213886,-0.27421663479317,-0.004608692669563223
1789997366969976600,4.5579765625,-0.3163653021225038,-0.3349823809531056,0.04811123027141879
1789997366980046800,4.568046875,-0.3560887409845224,-0.40014408651048866,0.07045913160189687
1789997366990118000,4.578117919921875,-0.38813166928060533,-0.43923913623564803,0.030413662796953924
1789997367000187600,4.588187744140625,-0.3607385747067092,-0.4827850297187537,0.1458762139700012
1789997367010258700,4.5982587890625,-0.4055680443110463,-0.541898912527459,0.11058270097154163
1789997367020328700,4.60832861328125,-0.40440930262131003,-0.556224526238791,0.006151276429749291
1789997367030399700,4.618399658203125,-0.38168957465483394,-0.5463833367171732,0.006042529339446903
1789997367040469800,4.6284697265625,-0.37702311090009993,-0.5453319406818534,0.0014523871175541794
1789997367050540800,4.638540771484375,-0.3862674933191491,-0.5335077265017936,0.03188677919997963
1789997367060610800,4.64861083984375,-0.38396121119090415,-0.5500860777743375,0.04213874710765205
1789997367070681900,4.658681884765625,-0.37104752967041854,-0.5608387908479201,-0.049324941909942306
1789997367080751600,4.668751708984375,-0.3279020713260678,-0.573378677542538,-0.016232035930453484
1789997367090822700,4.67882275390625,-0.32228168293036197,-0.5895379029965873,0.09365108678446518
1789997367100892700,4.688892578125,-0.31038633699022994,-0.601695149025463,0.1169433563218231
1789997367110963700,4.698963623046875,-0.2521962497766827,-0.5246235794678117,0.007749719736279723
1789997367121033700,4.70903369140625,-0.21176062261125883,-0.5230483108410803,0.03466697616470217
1789997367131104800,4.719104736328125,-0.2014391820778568,-0.5549741556042922,0.015188042828592643
1789997367141174800,4.7291748046875,-0.16563940510671438,-0.49609866779693335,0.0779370608560378
1789997367151245800,4.739245849609375,-0.138113966496581,-0.46494779393450675,0.14740462039076252
1789997367161315600,4.749315673828125,-0.1457245654492864,-0.4553485726199678,0.031231644427625417
1789997367171386600,4.75938671875,-0.11180512462237598,-0.4012444275896216,-0.11796862132133497
1789997367181457000,4.769456787109375,-0.10290725992498893,-0.35290720051254293,-0.0006188576066554808
1789997367191528000,4.77952783203125,-0.07037227914962792,-0.3203076326912829,0.029930204405150217
1789997367201597700,4.78959765625,-0.04131310730195541,-0.2537159305303042,0.03503259415763332
1789997367211668700,4.799668701171875,-0.026758948255608147,-0.2019973944782001,0.04705459472983562
1789997367221738800,4.80973876953125,-0.008901486715356186,-0.18304240259375362,0.030822613237978653
1789997367231809800,4.819809814453125,-0.0007028460912579429,-0.1613092201592069,-0.0912789182997038
1789997367241879800,4.8298798828125,-0.02859893323104753,-0.11846162645413373,-0.1463847198860291
1789997367251950800,4.839950927734375,0.022239195088489323,-0.11201420234331202,-0.0369583777262077
1789997367262020900,4.850020751953125,0.08437038664634251,-0.08065098945854077,0.031002163839944412
1789997367272092000,4.860091796875,0.10489252769854393,-0.04225103339325859,0.039868980929121174
1789997367282161700,4.87016162109375,0.09526468634604807,-0.042946150977988054,-0.0035082400256159518
1789997367292232400,4.880232421875,0.07786931085605224,-0.0280400489179246,-0.08805591289498449
1789997367302302700,4.890302734375,0.09151912726595202,-0.033566093167441656,-0.008585280565439751
1789997367312373800,4.900373779296875,0.08565439149364391,-0.033233966734506876,-0.04227380362694181
1789997367322443800,4.91044384765625,0.06555421303875025,-0.016718842051971876,-0.053694958009784084
1789997367332514600,4.9205146484375,0.06070433983208704,-0.019917892388931446,0.029605851027579518
1789997367342584600,4.93058447265625,0.032189717199493595,-0.0464464726136235,0.03726779488943907
1789997367352655600,4.940655517578125,0.016788205600560154,-0.11453273134630791,-0.01965355543654781
1789997367362725600,4.9507255859375,-0.032290545180030564,-0.1590704502451533,-0.09018758202403132
1789997367372796400,4.96079638671875,-0.04611348793669614,-0.19883714186817242,-0.13659157991593301
1789997367382866700,4.97086669921875,-0.04385590753158794,-0.2081918495675809,-0.12024128317064398
1789997367392937700,4.980937744140625,-0.0777189465277199,-0.21821351908798312,-0.02907073185652263
1789997367403007700,4.9910078125,-0.112456084689479,-0.30830555359114153,0.07409801697615293
1789997367413078500,5.00107861328125,-0.13247735781536754,-0.3803607895739328,0.0905640740621055
1789997367423148500,5.0111484375,-0.14140050212075905,-0.42222416840332283,0.03340243938006486
1789997367433219600,5.021219482421875,-0.19125604203055815,-0.44402179858142193,-0.005560274536960437
1789997367443289600,5.03128955078125,-0.17529556148418685,-0.45880721325456925,0.0872075973516235
1789997367453360600,5.041360595703125,-0.211541232368879,-0.46921707102809745,0.038889266205393146
1789997367463430700,5.0514306640625,-0.21662925182753054,-0.48650315030015295,0.01612280188911507
1789997367473501700,5.061501708984375,-0.192311238157339,-0.4976198534176485,0.037988592304487874
1789997367483571500,5.071571533203125,-0.14686842564041258,-0.5078528982048744,0.10215136299642745
1789997367493642500,5.081642578125,-0.12498208915312783,-0.48661896162615614,0.11189724598350782
1789997367503712800,5.091712646484375,-0.13186798837921643,-0.4924618770054567,0.06786324021757457
1789997367513783800,5.10178369140625,-0.12920960444235863,-0.4808589284572203,0.008395028850193461
1789997367523853600,5.111853515625,-0.07660142390105817,-0.4561129447767917,0.07445493517809901
1789997367533924600,5.121924560546875,-0.067747361448261,-0.4326330882755525,0.09003368942588592
1789997367543994600,5.13199462890625,-0.07672101026365026,-0.432156619030929,0.01642256543343594
1789997367554065700,5.142065673828125,-0.07298810616634209,-0.3819191769979764,0.019591618335992537
1789997367564135400,5.152135498046875,-0.022975453921648355,-0.3491285162848947,-0.016008910763324797
1789997367574206500,5.16220654296875,0.029159047542371558,-0.3156363609411313,-0.04959028749947031
1789997367584276700,5.17227685546875,0.044714601828397024,-0.2701827812488697,-0.025071290798109436
1789997367594347800,5.18234765625,0.06271536691171518,-0.24696121497597556,-0.03208370336730473
1789997367604417500,5.19241748046875,0.09225399964908697,-0.2482355779050996,-0.006407438608304036
1789997367614488600,5.202488525390625,0.14104458338080952,-0.24123048371715167,-0.037387127377008555
1789997367624558600,5.21255859375,0.18666943757496626,-0.20664894845999568,0.007298530578983001
1789997367634629600,5.222629638671875,0.20295196472104451,-0.19727300483492874,0.06150331763612228
1789997367644699600,5.23269970703125,0.14930144094866,-0.17675417372826488,-0.01707429290935512
1789997367654770700,5.242770751953125,0.14109759817361103,-0.1701966467723122,-0.021196958232797585
1789997367664840700,5.2528408203125,0.15290049900229524,-0.16591128196516255,0.03935652995965635
1789997367674911700,5.262911865234375,0.1729034718984921,-0.17190753916707058,0.07284868614659851
1789997367684981500,5.2729814453125,0.15099128806704729,-0.19418732556778223,0.016112657399450312
1789997367695052500,5.283052490234375,0.12226554852819134,-0.22154381079150415,0.011218269081963907
1789997367705122800,5.293122802734375,0.10629111625427297,-0.2055832410564375,-0.009449752528419588
1789997367715193600,5.303193603515625,0.11570449197343508,-0.2077899163985352,-0.013506694200398546
1789997367725263600,5.313263671875,0.10081948116904511,-0.19308603095755206,0.06838781150735557
1789997367735334700,5.323334716796875,0.07832279113797296,-0.20706176084776928,0.0768325716985919
1789997367745404700,5.33340478515625,0.016549956414172194,-0.20660654819944738,-0.15579283651479595
1789997367755475500,5.343475341796875,0.03551691468638775,-0.2030531313400929,-0.17887159766168917
1789997367765545700,5.353545654296875,0.10671162279333885,-0.15862726578064376,-0.018621852441904722
1789997367775616800,5.36361669921875,0.16538890755750477,-0.1483222879458765,0.09625921640731913
1789997367785686800,5.373686767578125,0.12198553672195264,-0.15501596386000727,0.04059684814173538
1789997367795757600,5.383757568359375,0.11091177426547628,-0.14780238726991302,0.022257145640645796
1789997367805827600,5.39382763671875,0.1866937046903594,-0.1197337083153205,-0.02399732627391255
1789997367815898600,5.403898681640625,0.2560935088609158,-0.04984585242624939,0.02207725085153515
1789997367825968600,5.41396875,0.2555847578431555,-0.03305295384334822,0.026047459627512485
1789997367836039400,5.424039306640625,0.23244186577894702,-0.018158579709667267,0.007850820260674084
1789997367846109700,5.434109619140625,0.2447024705252345,0.028884902002777,-0.05312857450139292
1789997367856180700,5.4441806640625,0.3063921439766515,0.07798318150368008,-0.02943001919567418
1789997367866250500,5.45425048828125,0.33581765021812543,0.12400367478666163,0.009252388481204228
1789997367876321500,5.464321533203125,0.33287135804377693,0.182752683370326,0.006178910182482224
1789997367886391600,5.4743916015625,0.3249773095732036,0.22448520419641887,0.02392177612465625
1789997367896462600,5.484462646484375,0.33580755917691335,0.25317078171681007,0.01711589019319285
1789997367906532600,5.49453271484375,0.37245705499533976,0.3103134511407145,-0.001852286609839405
1789997367916603600,5.504603759765625,0.39418066551810843,0.3340423793961785,0.014654290302517758
1789997367926673700,5.514673583984375,0.37784545697464306,0.3238356676027404,0.02498910576113058
1789997367936744700,5.52474462890625,0.32652646605123964,0.3076890726951719,-0.024907930245338838
1789997367946814500,5.534814453125,0.3434906388344308,0.30859018253175297,-0.013848161794225697
1789997367956885500,5.544885498046875,0.3672588499803749,0.3138049315302855,0.0469338768417706
1789997367966955800,5.554955810546875,0.3245865090097337,0.28798507948572993,0.019279290435646777
1789997367977026800,5.56502685546875,0.301538665484477,0.2700369396991545,0.04565644625270471
1789997367987096600,5.5750966796875,0.27818455788576363,0.2473203715443204,-0.011927875154511181
1789997367997167600,5.585167724609375,0.3185342272789881,0.24853397401261001,-0.005222281121439435
1789997368007237600,5.595237548828125,0.33242085324032106,0.2523990642138117,-0.07095296095660926
1789997368017308700,5.60530859375,0.33143707940752926,0.23033138281247276,-0.005958245345762443
1789997368027378400,5.61537841796875,0.31645309404065614,0.22021558727256033,0.017348652440621573
1789997368037449500,5.625449462890625,0.2503052828537215,0.2258929825701814,-0.0038917490174200106
1789997368047519700,5.635519775390625,0.29284421360379537,0.18340331124651232,0.007679744275571168
1789997368057590800,5.6455908203125,0.2956875799030264,0.18715711451431546,0.05892902420609723
1789997368067660500,5.65566064453125,0.2971576058837878,0.18524353666591392,0.071261383274056
1789997368077731600,5.665731689453125,0.26163269684453183,0.2178431319505907,-0.02129806461119835
1789997368087801600,5.675801513671875,0.2672087557827566,0.22192928202091866,-0.017518757478478926
1789997368097872600,5.68587255859375,0.2852974186320728,0.2068792439617822,0.01400556661090793
1789997368107942700,5.695942626953125,0.2488654300838414,0.2073689490708065,-0.05923330622224419
1789997368118013700,5.706013671875,0.2136219413201721,0.22804118684709485,-0.047327824975409445
1789997368128083700,5.716083740234375,0.2041210265163543,0.26509700426957244,0.012000406683920979
1789997368138154800,5.72615478515625,0.19331327735680678,0.2726449076754469,-0.030301220354619792
1789997368148224500,5.736224609375,0.15805981021333368,0.28617965161287373,-0.09733732662154908
1789997368158295600,5.746295654296875,0.1535877363722225,0.2867877797645785,-0.03961550793120797
1789997368168365800,5.75636572265625,0.14910410665528867,0.28501714810258133,-0.07198501414579885
1789997368178436600,5.7664365234375,0.16813082705774451,0.27055496634849646,-0.11305155929714575
1789997368188506600,5.776506591796875,0.15907702998223205,0.29121275233431854,-0.1303509605835427
1789997368198577700,5.78657763671875,0.19076322313328786,0.351414130600003,-0.10274766750498085
1789997368208647700,5.796647705078125,0.18965125842008293,0.3736696890903043,-0.052313136060478924
1789997368218718500,5.806718505859375,0.14762990605912882,0.3429960593157879,-0.0593652888196745
1789997368228789500,5.81678955078125,0.15806054600389532,0.30363778172762257,0.02169907050957739
1789997368238859800,5.82685986328125,0.11867818007258675,0.291603202050479,0.006527743678600476
1789997368248929800,5.8369296875,0.05825217014574039,0.2874858237821574,-0.1444412902756196
1789997368259000600,5.84700048828125,0.08980432639596726,0.26092697338971094,-0.05600094420547975
1789997368269071600,5.857071533203125,0.13688490388371596,0.22667371764458158,0.10278056840942269
1789997368279141600,5.8671416015625,0.1281266816754162,0.16650939820251515,0.03874857477973205
1789997368289212400,5.87721240234375,0.07578799279743738,0.1406332503452687,0.02609801626802831
1789997368299282400,5.887282470703125,0.10814104587368151,0.18073462928192233,0.01866451216282011
1789997368309353500,5.897353515625,0.10427051488096106,0.20875136639486458,-0.010746955127605894
1789997368319423500,5.907423583984375,0.052150017538663496,0.1964906168066128,-0.00795136516467154
1789997368329494500,5.91749462890625,0.014296752316402485,0.1738312641354498,0.057502744722250775
1789997368339564500,5.927564453125,0.008613410123977873,0.16861918532510264,0.02477060717113364
1789997368349635600,5.937635498046875,0.009597073830822828,0.18048080993260474,-0.08918149780981312
1789997368359705300,5.947705322265625,0.012898904054122324,0.1482366922963371,-0.022407784774276882
1789997368369776400,5.9577763671875,0.017487933576393083,0.15680886749148973,-0.004942021648995945
1789997368379846700,5.9678466796875,0.0185784744447941,0.17591565297739553,-0.04467263699614958
1789997368389917700,5.977917724609375,-0.006376894997438386,0.18913732063929015,-0.08774799218982293
1789997368399987500,5.987987548828125,0.0013578900030785817,0.1726662537150251,0.010135732687789164
1789997368410058500,5.99805859375,0.0014498988651797068,0.1298515920922201,0.05872419508332179
1789997368420128500,6.00812841796875,-0.013679771702970366,0.0950144005508562,0.01365460422887652
1789997368430199600,6.018199462890625,0.0022973070951157583,0.09687930199408389,0.02547356995676732
1789997368440269600,6.02826953125,0.018008349655068975,0.11844323336056098,0.015443410355821405
1789997368450340600,6.038340576171875,0.0033866823719984236,0.11806263031993545,-0.0038446037492340865
1789997368460410600,6.04841064453125,-0.018789790632183206,0.07957469461647451,-0.02803667666087107
1789997368470481700,6.058481689453125,-0.03866771265741875,0.058347795031350645,0.07824807395163082
1789997368480551400,6.068551513671875,-0.01580648999169131,0.03028424216335738,0.08420521222247923
1789997368490622500,6.07862255859375,-0.00922990365560839,0.011749600133508262,0.03616071076054118
1789997368500692500,6.0886923828125,-0.01628198174740891,0.07437542455667076,0.05976617149364478
1789997368510763500,6.098763427734375,-0.0025825021579857737,0.13159481180110794,0.07955757140220829
1789997368520833500,6.10883349609375,-0.03290883221015834,0.1812219962880046,0.0017560527596253513
1789997368530904600,6.118904541015625,-0.015046591035770157,0.20061886656887853,0.05434590195843786
1789997368540974600,6.128974609375,-0.016748868189343697,0.24020967969006957,0.06153144354486076
1789997368551045600,6.139045654296875,-0.020068484671329635,0.2582617339659201,-0.06383901233764064
1789997368561115400,6.149115478515625,-0.00461472699981507,0.2695535426170836,0.061441552596380296
1789997368571186400,6.1591865234375,0.04278007553266747,0.27709814629111695,0.09584914534105156
1789997368581256700,6.169256591796875,0.03103231290033122,0.24072460113517222,0.03418669048079203
1789997368591327500,6.179327392578125,-0.010146014528534733,0.21501912234745169,0.031220769103410057
1789997368601397500,6.1893974609375,-0.046124281161606995,0.23527781008948934,0.03867872263599842
1789997368611468500,6.199468505859375,-0.044033269528277914,0.20646535083558232,0.021310991473815703
1789997368621538600,6.20953857421875,-0.06937152374238428,0.1790298719130518,0.002662845975907688
1789997368631609300,6.219609375,-0.05953734223926257,0.1600927531656227,0.021055175941892816
1789997368641679600,6.2296796875,-0.0940119520668077,0.1292906203503884,-0.008826278444771782
1789997368651750700,6.239750732421875,-0.09742923752499498,0.08345047915488088,-0.04918146498552942
1789997368661820700,6.249820556640625,-0.09912309983157752,0.0713699500374278,-0.011025453719154294
1789997368671891500,6.259891357421875,-0.11908779730177385,0.03740818835838914,-0.0030205727578400056
1789997368681961500,6.26996142578125,-0.13716157158761672,0.0038655262903357947,0.0496355591337293
1789997368692032500,6.280032470703125,-0.1227905307983938,0.01566752636909725,0.06030515557771546
1789997368702102800,6.290102783203125,-0.13254342013368564,0.0647224039994349,0.01378065289578068
1789997368712173600,6.300173583984375,-0.18256612923700535,0.08145176148154236,-0.014297967734501602
1789997368722243600,6.31024365234375,-0.15410608135205092,0.07558358847076206,0.07902533544708258
1789997368732314600,6.320314697265625,-0.12541528872629673,0.07644421516968662,0.07375250522586277
1789997368742384400,6.33038427734375,-0.11466864929812691,0.07928134597309601,-0.043221237780064994
1789997368752455400,6.340455322265625,-0.12424525166867574,0.13286050986286183,-0.05296896275196846
1789997368762525400,6.350525390625,-0.13742980399509128,0.16265103803647202,0.048023887262683904
1789997368772596500,6.360596435546875,-0.09410991593995174,0.14657868705894386,0.07794557572904562
1789997368782666500,6.37066650390625,-0.07767262628915256,0.16018357355157561,0.0862304839559901
1789997368792737500,6.380737548828125,-0.10107338782804165,0.15984787686783006,0.06386344406975966
1789997368802807600,6.3908076171875,-0.11981431426744128,0.15238105945729116,0.022589860289218132
1789997368812878600,6.400878662109375,-0.1024034010173464,0.13697981427229286,0.04526865347292989
1789997368822948400,6.4109482421875,-0.11641440993633784,0.1510557613896101,-0.005932514416041886
1789997368833019400,6.421019287109375,-0.16811196323268135,0.16565766372374108,-0.09076396269181894
1789997368843089700,6.431089599609375,-0.19303319015676476,0.15742409875207805,-0.09471384370791128
1789997368853160700,6.44116064453125,-0.18210777555622076,0.1140988417995932,-0.02824232828423284
1789997368863230500,6.45123046875,-0.19371147501381236,0.025752128932379756,0.057461042061093225
1789997368873301500,6.461301513671875,-0.21381973418523975,-0.017155013215861412,0.07515119369686502
1789997368883371500,6.47137158203125,-0.2666690429601536,-0.038490564490870266,0.08503427485956133
1789997368893442600,6.481442626953125,-0.3178411652583737,-0.08551483292867643,0.015544382066447817
1789997368903512600,6.4915126953125,-0.3480474678598768,-0.148332918387781,-0.009253716613503537
1789997368913583600,6.50158349609375,-0.352609260949163,-0.20973152189678343,0.025730084084427868
1789997368923653600,6.511653564453125,-0.33332433791103677,-0.2216351316559989,0.08576732336531816
1789997368933724700,6.521724609375,-0.3219164380992769,-0.2626099631398233,0.11476711552492816
1789997368943794400,6.53179443359375,-0.4024831115682755,-0.3396972762013256,-0.018907141225276397
1789997368953865500,6.541865478515625,-0.4945792861826418,-0.3792582616312897,-0.022518072380872032
1789997368963935500,6.551935546875,-0.48144904337294275,-0.42019787210306675,0.05313833278509082
1789997368974006500,6.562006591796875,-0.5234042829811175,-0.4900092372435611,-0.03345566810865103
1789997368984076500,6.57207666015625,-0.5486199008425686,-0.5256848800048001,-0.04981700901238636
1789997368994147600,6.582147705078125,-0.562315978103416,-0.5241769041319102,0.024934788847761253
1789997369004217600,6.592217529296875,-0.5911285741825189,-0.574043308724875,-0.02075487638610034
1789997369014288400,6.602288330078125,-0.6261641538703955,-0.6501064153144563,-0.11719617158282335
1789997369024358400,6.6123583984375,-0.6631090774780731,-0.6960032313287169,0.08235567261831402
1789997369034429400,6.622429443359375,-0.743003481224252,-0.7277907120815768,0.0586752267229756
1789997369044499700,6.632499755859375,-0.724606136530157,-0.7883423379071367,0.02423275515289299
1789997369054570500,6.642570556640625,-0.6052708948639837,-0.8239791363553287,0.06809517447768357
1789997369064640500,6.652640625,-0.5599459476010453,-0.9092545984378375,0.12365001631768253
1789997369074711600,6.662711669921875,-0.531377296976919,-0.9374024015098725,0.01818068989488905
1789997369084781600,6.672781494140625,-0.5091712338351779,-0.9224410251718166,0.05706068975039203
1789997369094852400,6.682852294921875,-0.43346055408683243,-0.9541612101513879,0.27865989400355085
1789997369104922600,6.692922607421875,-0.39177619968945376,-0.9367385264249767,0.20763147813921307
1789997369114993700,6.70299365234375,-0.3519365008132009,-0.8814550344736473,0.17871175347735063
1789997369125063700,6.713063720703125,-0.37755558475700385,-0.8342986023929699,0.1716703804906094
1789997369135134500,6.723134521484375,-0.3513114338471446,-0.8020714012316612,0.06537451812604612
1789997369145204500,6.73320458984375,-0.27548721018582495,-0.7123072696347115,0.019684101236351285
1789997369155275500,6.743275634765625,-0.18839446333046975,-0.6546664582899802,0.13796373794130756
1789997369165345500,6.753345458984375,-0.10573394090214207,-0.5808902160141941,0.06586381997010712
1789997369175416600,6.76341650390625,-0.07193395252722606,-0.4595133574443117,0.010789081820285311
1789997369185486600,6.773486572265625,-0.0560082614892924,-0.37873480492505684,0.10730570944374643
1789997369195557600,6.7835576171875,-0.04001495398766327,-0.3152228865111462,0.06857591168899305
1789997369205627400,6.79362744140625,0.010475337743931369,-0.24803816647990098,-0.07911748947051486
1789997369215698400,6.803698486328125,0.06402889936968541,-0.19449339989341094,0.026122966696715082
1789997369225768400,6.8137685546875,0.09794629316370196,-0.12039852615733718,0.052107007680846244
1789997369235839500,6.823839599609375,0.15192523843103578,-0.011707699108961722,-0.024831729917868636
1789997369245909500,6.833909423828125,0.1862369849791845,0.049594082983808095,0.030662483794765688
1789997369255980500,6.84398046875,0.1976733558668576,0.06298300689247914,0.015273802438828251
1789997369266050600,6.854050537109375,0.20688154153323848,0.11116383054637409,-0.06575039021215057
1789997369276121600,6.86412158203125,0.23368948185458607,0.1770451672683908,-0.03260019656430262
1789997369286191400,6.87419140625,0.2949811687658536,0.18306789297104073,0.06980344734065888
1789997369296263200,6.88426318359375,0.2828022236702116,0.19213246218442637,0.02179370197886497
1789997369306333200,6.894333251953125,0.2479400081906403,0.18919177655188335,-0.060646231754477864
1789997369316404200,6.904404296875,0.26399567296604437,0.14389065823386546,0.041077751063158766
1789997369326474200,6.91447412109375,0.23825067619620852,0.12743153541122976,0.04754805885424566
1789997369336545300,6.924545166015625,0.21132083699578103,0.11630570836930601,0.015261057366750139
1789997369346615000,6.934614990234375,0.23688996119282252,0.09587459678679973,0.02680245959067247
1789997369356686000,6.94468603515625,0.20130770585135077,0.09957978796936602,-0.04043821694939455
1789997369366756000,6.954756103515625,0.11488964381188019,0.034908190808514504,-0.11174412514508351
1789997369376827100,6.9648271484375,0.0483846956269639,-0.0654088629032019,-0.0988761992877869
1789997369386897200,6.974897216796875,0.008374542383712715,-0.11923952930156546,-0.11696225248229636
1789997369396968200,6.98496826171875,-0.02026884866690922,-0.16166655162375626,-0.08310099607728183
1789997369407038200,6.9950380859375,-0.04498911433924383,-0.2279300228342372,-0.003005889916398282
1789997369417109000,7.00510888671875,-0.1093743070258565,-0.2603019905795174,-0.040416240971913826
1789997369427180000,7.015179931640625,-0.09586416016354406,-0.3205727498332365,0.06726688688235659
1789997369437250000,7.02525,-0.08204676771925055,-0.4034390944222639,0.17903257412875523
1789997369447321000,7.035321044921875,-0.09243949562166114,-0.4464196234564872,0.08471117503046478
1789997369457391000,7.04539111328125,-0.15866087432489462,-0.43596979505903716,0.07520529193352311
1789997369467462100,7.055462158203125,-0.19035865845371175,-0.4041587855592279,0.044779511307184314
1789997369477532200,7.0655322265625,-0.16560031192366811,-0.40051459736842787,0.01183680229671222
1789997369487603200,7.075603271484375,-0.18423376470045486,-0.44297426702778153,0.024467581707842277
1789997369497673000,7.0856728515625,-0.17641176935971506,-0.4870210627024796,0.14721831496387633
1789997369507744000,7.095743896484375,-0.19210941203648535,-0.46353028471169455,0.0989584971633517
1789997369517814300,7.105814208984375,-0.1797547069246397,-0.462000858902604,-0.08789190981973545
1789997369527885300,7.11588525390625,-0.15402823284244913,-0.5006274532923987,-0.02421756053161437
1789997369537955000,7.125955078125,-0.12394767897104142,-0.495906672226508,-0.034927664056043264
1789997369548026000,7.136026123046875,-0.09857859995653066,-0.4473614921618646,-0.023055056650033597
1789997369558096100,7.14609619140625,-0.1303102968522371,-0.4689742028585584,0.07018467733408938
1789997369568167200,7.156167236328125,-0.13221798112868105,-0.5285069118948448,0.11565063653738884
1789997369578237200,7.1662373046875,-0.09310704666874255,-0.5299212829103142,0.018705933646700514
1789997369588308000,7.176307861328125,-0.03626721987322374,-0.5174415458456461,0.0589305237491388
1789997369598378200,7.186378173828125,0.03758501043557872,-0.5427982170694575,0.06382307621571015
1789997369608449300,7.19644921875,0.04972086562296743,-0.5041142747613553,0.05206925535702095
1789997369618519000,7.20651904296875,0.05704474460088089,-0.4430469049369783,-0.027520304137348114
1789997369628590000,7.216590087890625,0.05951255887234326,-0.4111804027392111,0.044120093316162755
1789997369638660000,7.22666015625,0.11002860026063717,-0.40893575152842376,0.06136436002962806
1789997369648731100,7.236731201171875,0.2070958222201534,-0.34818699322759766,0.0661161973048552
1789997369658801200,7.24680126953125,0.2701880768249227,-0.3035021356177016,0.12328024299074015
1789997369668872200,7.2568720703125,0.22304954055111945,-0.283825765463065,0.07188952111022434
1789997369678942200,7.266942138671875,0.20680532559133732,-0.24619749407706557,-0.014251270309829448
1789997369689013200,7.27701318359375,0.27925364225585636,-0.2181727448479414,0.07971596972180336
1789997369699083000,7.2870830078125,0.32265315092796204,-0.17887732298140244,0.18470489466213091
1789997369709154000,7.297154052734375,0.337791944526883,-0.15044583734816128,0.10962580738548977
1789997369719224300,7.307224365234375,0.33756510194408673,-0.06755668984398061,0.009143387597408233
1789997369729295000,7.317295166015625,0.3468016755496578,-0.030352596452041126,0.02981133749430369
1789997369739365000,7.327365234375,0.3917198655697473,-0.027736274965078474,0.04325677950323261
1789997369749436200,7.337436279296875,0.4040325736031495,-0.034362828841137234,0.203381226866734
1789997369759506200,7.347506103515625,0.4143676433999233,0.03570408036030156,0.12212050292307591
1789997369769577000,7.357576904296875,0.42353646817598634,0.0893030202482941,0.09393692173977632
1789997369779647200,7.367647216796875,0.45469261266247546,0.1328177589124038,0.06922649811617258
1789997369789718300,7.37771826171875,0.4904516155282852,0.1675006555887453,0.0739382650981695
1789997369799788300,7.387788330078125,0.4922811219522861,0.2072281267074521,0.05019793447968459
1789997369809859000,7.397859130859375,0.4446449307357949,0.23412160502588056,0.03378092378140257
1789997369819929000,7.40792919921875,0.43571645067121323,0.260473050186187,-0.06317851637018049
1789997369830000000,7.418000244140625,0.48236517152322483,0.3059743546368921,-0.023023046029008412
1789997369840070000,7.42806982421875,0.5418705644817158,0.33554242820645663,0.0065347290408581515
1789997369850141000,7.438140869140625,0.5694770263006731,0.366954108865452,0.0038177455099801527
1789997369860211200,7.448211181640625,0.5630100709441784,0.4200283142892995,0.02138943838438252
1789997369870282200,7.4582822265625,0.555025448930968,0.4954731450200162,-0.021889757266925578
1789997369880352000,7.46835205078125,0.5604987262604595,0.5301405614885342,-0.05652953310055621
1789997369890423000,7.478423095703125,0.5776250392899677,0.55438852612181,-0.023757083152492173
1789997369900493000,7.4884931640625,0.5240877037742648,0.5944082826527798,-0.036887200778583276
1789997369910564000,7.498564208984375,0.49181044460278206,0.6386329488901775,-0.14376178604394707
1789997369920634000,7.508634033203125,0.44831501094997295,0.6450924040842609,-0.1444077603583356
1789997369930705200,7.518705078125,0.4918613074818022,0.5913042982066111,-0.02185224487527371
1789997369940775200,7.528775146484375,0.49388428481213975,0.5750970739510849,0.09270615597694792
1789997369950846200,7.53884619140625,0.42452018309952777,0.5273352220606139,0.01723815436087276
1789997369960916000,7.548916015625,0.40313115260227794,0.4756578129728408,0.013729223589592505
1789997369970987000,7.558987060546875,0.32198876742297283,0.45723455593038115,-0.07779145723049241
1789997369981057300,7.569057373046875,0.23697171590860777,0.425137373993492,-0.10555904059107225
1789997369991128300,7.57912841796875,0.2180620654040104,0.3372531714206405,-0.07924263702168695
1789997370001198000,7.589197998046875,0.2114248759183346,0.26518997165134317,-0.06324486883380048
1789997370011269000,7.59926904296875,0.1683244453866509,0.19542701192012904,-0.04621638771118685
1789997370021339100,7.609339111328125,0.15697176696812412,0.15429057276748875,-0.03450266832588411
1789997370031410200,7.61941015625,0.11457396542250206,0.10553577624177116,-0.07840145691719905
1789997370041480200,7.629480224609375,0.019827488378712333,0.05513434718118494,-0.1235968638757365
1789997370051551000,7.639551025390625,-0.0002706097928999852,0.023663219952529974,-0.12336981365541412
1789997370061621200,7.649621337890625,0.023433609563294572,-0.022594358544498823,-0.11072886663651728
1789997370071692300,7.6596923828125,0.01685780602366337,-0.06565014076676454,-0.11513289126320052
1789997370081762000,7.669761962890625,0.004853535858223678,-0.08483698227357055,-0.07066153257799243
1789997370091833000,7.6798330078125,-0.009212629355105058,-0.04476459985014987,-0.08338596984171556
1789997370101903000,7.689903076171875,0.028745450027551564,-0.023059821555887566,-0.10136709326328222
1789997370111974100,7.69997412109375,0.02199794014421187,-0.04941559438055255,0.0008685910164469487
1789997370122044200,7.710044189453125,0.05369472320647878,-0.07075511898739878,0.10679430856240958
1789997370132115200,7.720115234375,0.03391911337840185,-0.04800674514672061,-0.06374764947256499
1789997370142185200,7.730185302734375,0.0349029302847592,0.011759465766061952,-0.1756724309890213
1789997370152256000,7.740256103515625,0.04476152553163769,0.08159224007962149,-0.17603913216747133
1789997370162326000,7.750325927734375,0.06463029961409515,0.12790411991918996,-0.10117972675191658
1789997370172397000,7.76039697265625,0.13540161553859598,0.157783965210323,-0.06454896868516125
1789997370182467300,7.77046728515625,0.21434260492294593,0.19562077828187027,-0.017457231934001158
1789997370192538000,7.7805380859375,0.2192461833687928,0.21690999055186203,0.025281961570476276
1789997370202609200,7.790609130859375,0.22934262277403936,0.23234706666069257,0.0034309899162186155
1789997370212679200,7.80067919921875,0.27143972400508215,0.2518443957839598,-0.0363254312933958
1789997370222750200,7.810750244140625,0.3097364570507515,0.26474126245929486,0.044657530229735856
1789997370232820000,7.820820068359375,0.33727393664454886,0.2994190724752103,0.005264066086422588
1789997370242891000,7.83089111328125,0.3648297838682024,0.39303199823636864,-0.004503736335766168
1789997370252961300,7.840961181640625,0.384891456849539,0.4836148102495853,0.018977255175168777
1789997370263032300,7.8510322265625,0.39690096845357264,0.5460396380491169,-0.11019534565345852
1789997370273102000,7.86110205078125,0.4698092614584709,0.5723210922442734,-0.025272931988654716
1789997370283173000,7.871173095703125,0.48435492988501766,0.6027590435525921,0.026559653450409487
1789997370293243000,7.881242919921875,0.48513781914703485,0.6677589717596959,0.0018698930238037457
1789997370303314000,7.89131396484375,0.508613351292286,0.7552151729301891,-0.09195347785634443
1789997370313384000,7.901384033203125,0.4894775085670282,0.7774876257780905,-0.05655361190235961
1789997370323455000,7.911455078125,0.4653268475748908,0.7541606091753493,-0.0721073010138228
1789997370333525000,7.92152490234375,0.420080085772079,0.7721979176674397,-0.11731732120013097
1789997370343596000,7.931595947265625,0.4072272055787259,0.837797178873029,-0.11632468921391789
1789997370353666000,7.941666015625,0.4199921408326515,0.793044233207531,-0.041861268548417346
1789997370363737000,7.951737060546875,0.40530961695581613,0.7798175183189517,0.04965795259222707
1789997370373806800,7.961806884765625,0.3000910385691093,0.7567198160079367,0.06666202634695706
1789997370383878000,7.9718779296875,0.24176798029509305,0.707959753596823,0.14274431226796017
1789997370393948200,7.9819482421875,0.21528876680458872,0.6530932655071972,0.12905037655249602
1789997370404019200,7.992019287109375,0.16672220863181217,0.6038191192349853,0.06695785948273188
1789997370414089000,8.0020888671875,0.12346081895901079,0.5866188214136143,-0.013620168957460004
1789997370424160000,8.012159912109375,0.0853785277472589,0.5547289555569248,0.008527872649598587
1789997370434230000,8.02222998046875,0.09140554716790586,0.541553257020435,0.07252448587509366
1789997370444300800,8.03230078125,0.05002072546318418,0.4781523644078387,0.1307108573595462
1789997370454371000,8.04237109375,-0.02283423919118808,0.36570123314477926,0.15194691754884626
1789997370464442000,8.052442138671875,-0.09136777418814662,0.3165875446758209,-0.0310566198180017
1789997370474512100,8.06251220703125,-0.1543902477989253,0.3074274748544051,-0.0970332888173755
1789997370484583000,8.0725830078125,-0.1641231981031071,0.29344476842818307,-0.006541368553886211
1789997370494653000,8.08265283203125,-0.1566459852925755,0.16391420767422854,0.13786426970795326
1789997370504724000,8.092723876953125,-0.12346837949334413,0.08732928402997742,0.1194094181624043
1789997370514794000,8.1027939453125,-0.14816516469320853,0.13884969586905158,0.020898307038674957
1789997370524865000,8.112864990234375,-0.17351124786297192,0.14210830290350948,-0.02524595139566461
1789997370534935000,8.12293505859375,-0.2057343691233427,0.12010449079680037,0.04117269711765064
1789997370545006000,8.133006103515624,-0.21526128826128071,0.06080742066134937,0.06308331450252817
1789997370555075800,8.143075927734374,-0.16593607536643265,0.02733076373159909,0.07546337069719619
1789997370565147000,8.15314697265625,-0.1744961654628808,-0.007761623840989752,0.0973031798572567
1789997370575217000,8.163216796875,-0.17919797366256376,-0.05596879246807953,0.1142792355835932
1789997370585288000,8.173287841796874,-0.20749035704367289,-0.03583347281448193,0.21554854840447749
1789997370595358000,8.18335791015625,-0.2371614063121557,0.041202961028891684,0.12800506878580628
1789997370605429000,8.193428955078126,-0.24495170446275075,0.07304277913528744,-0.0331065362663002
1789997370615499000,8.2034990234375,-0.241070997375751,0.11947526231744716,0.026405723189019546
1789997370625570000,8.213570068359376,-0.1895575440300247,0.18028030169067438,0.07059980758684879
1789997370635639800,8.223639892578126,-0.2704052610641631,0.11022609254125829,0.10319813906973402
1789997370645710800,8.2337109375,-0.2853964479479035,-0.014837964692967165,0.2093715589493633
1789997370655781000,8.243781005859375,-0.25986175082890606,-0.03310689287379571,0.09959057711289436
1789997370665852200,8.25385205078125,-0.2404346370873877,0.03475020821440664,0.02925524632763921
1789997370675922000,8.263921875,-0.24254626271736668,0.06752048608227165,0.012770821664943685
1789997370685993000,8.273992919921875,-0.27919548024841484,0.016052603414292144,0.06239958984871934
1789997370696063000,8.28406298828125,-0.30145332062905156,-0.006097511896245942,0.07741187683614846
1789997370706134000,8.294134033203125,-0.278062312228235,-0.037334336480757006,0.15153400233178516
1789997370716204000,8.3042041015625,-0.2870236952160955,-0.05842046531734499,0.05783135820984028
1789997370726275000,8.314275146484375,-0.278347696177527,-0.050308199192768986,0.09654423527569464
1789997370736345000,8.324344970703125,-0.2952213471377094,-0.09138395172619876,0.1499166727867775
1789997370746416000,8.334416015625,-0.29502253153627195,-0.10283114702208095,0.04905082182639424
1789997370756486000,8.34448583984375,-0.3220699737800982,-0.1353102157079818,0.015585296097444233
1789997370766557000,8.354556884765625,-0.3234326631248257,-0.15773981965195055,0.08736411722956777
1789997370776627000,8.364626953125,-0.3059003132821665,-0.21239651745531446,0.12906867445099565
1789997370786698000,8.374697998046875,-0.30156423922459014,-0.24533326765888586,0.10095367345059393
1789997370796768000,8.38476806640625,-0.2873444048426887,-0.21718346469311972,-0.0019052472620905894
1789997370806839000,8.394839111328125,-0.24094614052784047,-0.18720061183958642,0.016795328824946467
1789997370816909000,8.404908935546874,-0.21294639050652678,-0.1837194926599352,0.09826064290255923
1789997370826980000,8.41497998046875,-0.2796090870841404,-0.23827975730346626,0.008662091467880184
1789997370837049900,8.4250498046875,-0.28116954893450774,-0.21043222629628222,-0.010133222843003312
1789997370847121000,8.435120849609374,-0.24616340872744405,-0.18307474770092944,0.07294004881933205
1789997370857191200,8.445191162109374,-0.2499728969829762,-0.16510042284722048,0.019320747790624936
1789997370867262000,8.455261962890624,-0.25860792952295586,-0.1776686911139816,0.007638653375599544
1789997370877333000,8.4653330078125,-0.245482439315702,-0.17752799601909344,0.12129424607112096
1789997370887403000,8.475403076171874,-0.1940924962118871,-0.16351697315309902,0.06676550558760845
1789997370897474000,8.48547412109375,-0.22723074268566962,-0.13642531440471886,-0.15460417405099344
1789997370907543800,8.495543701171876,-0.2126138779185564,-0.12561668393146413,-0.06768528645469786
1789997370917614800,8.50561474609375,-0.22658279904703474,-0.09579594870651523,-0.002353411025744869
1789997370927685000,8.51568505859375,-0.24767070852847534,-0.09504460578113201,-0.05528261038559682
1789997370937756200,8.525756103515626,-0.24202891968649534,-0.10071576547103295,0.009400115067426386
1789997370947826000,8.535825927734376,-0.2085801372425839,-0.07306675250881885,0.10893848391646035
1789997370957897000,8.54589697265625,-0.19794884311820568,-0.05596083827182749,0.01720728756441823
1789997370967967000,8.555967041015625,-0.21875536023322217,-0.07531801603315529,-0.03777140326150076
1789997370978038000,8.5660380859375,-0.21519237616254522,-0.08139913569452112,0.004875206417510734
1789997370988108000,8.57610791015625,-0.19522916265912674,-0.04475854568552359,0.04153833068941641
1789997370998179000,8.586178955078125,-0.1936080006169515,-0.03540005841483194,0.05844749109319378
1789997371008249000,8.5962490234375,-0.21709737522419573,-0.0691121982045865,0.07059109290417143
1789997371018320100,8.606320068359375,-0.24470295852387297,-0.09900523705241782,0.06089643042342259
1789997371028390000,8.616389892578125,-0.2334288589764267,-0.14888557627104826,0.1109461594131212
1789997371038461000,8.6264609375,-0.21565114604930868,-0.1830275988895757,0.1362196074510988
1789997371048531000,8.636531005859375,-0.24798198187715995,-0.22059591785991292,0.05199619184996927
1789997371058602000,8.64660205078125,-0.30359604635849946,-0.27616432404313856,-0.004556728154356352
1789997371068672000,8.656672119140625,-0.28602100495369165,-0.30922687107670743,0.004996416111986288
1789997371078743000,8.666742919921875,-0.27073141917675586,-0.34741765865968743,0.09733535844173986
1789997371088813000,8.67681298828125,-0.25463328288327824,-0.40586001452472203,0.13219618257978735
1789997371098884000,8.686884033203125,-0.28502272944915247,-0.4150862420478389,0.10634639628470248
1789997371108953900,8.696953857421875,-0.2895889515350198,-0.4015871947048872,-0.022932050199510598
1789997371119025000,8.70702490234375,-0.2665351426687992,-0.4423902977948574,0.003657226620057972
1789997371129095200,8.71709521484375,-0.25403967865177735,-0.4766616677499735,0.05896556150892247
1789997371139166200,8.727166259765625,-0.27106533798988836,-0.5028139422276512,-0.008722430453813181
1789997371149236000,8.737236083984374,-0.24561841127172068,-0.5034953998698825,-0.06786774525873729
1789997371159307000,8.74730712890625,-0.21272402759572578,-0.432687349275961,-0.037162930432202625
1789997371169377000,8.757376953125,-0.19357452945610196,-0.3960237882685847,0.01807433310883765
1789997371179447800,8.76744775390625,-0.13455258469914755,-0.3955937630572122,0.12139211165222297
1789997371189518000,8.77751806640625,-0.09884352581983623,-0.3403263313306996,0.02796203099511774
1789997371199589000,8.787589111328124,-0.09081329658744687,-0.3004818022959498,0.004983954247843959
1789997371209659100,8.7976591796875,-0.059423874846730215,-0.2817677621713535,0.034654431134513226
1789997371219730000,8.80772998046875,-0.013755468583878619,-0.25301732099242913,0.008463542020787739
1789997371229800000,8.817800048828126,0.03622786838123625,-0.22901082307129397,0.021338917504344898
1789997371239871000,8.82787109375,0.07575815434052365,-0.2040546066327603,0.049948594010211865
1789997371249941000,8.83794091796875,0.10447240726102748,-0.14781450842761057,0.04102527005791746
1789997371260012000,8.848011962890626,0.15397759615725332,-0.07828688978257206,0.02018528927084549
1789997371270082000,8.85808203125,0.1379087482106573,-0.02519234533564022,0.027011769542026637
1789997371280153000,8.868153076171875,0.12174696474902799,-0.0031366320097321347,-0.07893176872224589
1789997371290222300,8.878222412109375,0.11126689050173486,0.02723768033152268,-0.09895403702002695
1789997371300293000,8.888293212890625,0.13175872329771438,0.11958283005632367,-0.01613644515314114
1789997371310363400,8.89836328125,0.16813533328071742,0.19838804375821156,-0.017825871591865605
1789997371320434400,8.908434326171875,0.15174280228208076,0.2135701575423021,-0.019493589786331405
1789997371330504200,8.918504150390625,0.17919632988769313,0.24078116457031046,-0.0849115644491356
1789997371340575200,8.9285751953125,0.21912735524693924,0.2653020702576606,-0.0021458959526837007
1789997371350645200,8.938645263671875,0.23223802572549018,0.24899826696094113,0.03354318045637744
1789997371360716300,8.94871630859375,0.19398227784687536,0.2298583895772303,-0.08122111375355014
1789997371370786300,8.958786376953125,0.16264876397789307,0.2590660538847329,-0.1854004665755799
1789997371380857300,8.968857421875,0.17867986596783603,0.2351055477928765,0.019347433132425075
1789997371390927400,8.97892724609375,0.1478570864334571,0.22753436882435601,0.024073452281434555
1789997371400998400,8.988998291015625,0.15383348982722264,0.16932405332451436,-0.00467433273825748
1789997371411068200,8.999068115234374,0.10681410162237244,0.11657101944343497,0.05181651532782064
1789997371421139200,9.00913916015625,0.016593038901506003,0.07056515548131341,-0.01575039365984141
1789997371431209200,9.019209228515624,-0.03113853881503422,0.05628354109956745,-0.10175875801630455
1789997371441280300,9.0292802734375,0.022153801214578862,0.05344369433152275,0.06733447764006155
1789997371451350300,9.039350341796874,0.050049623896694026,0.03971430584994966,0.09993125180997528
1789997371461421300,9.04942138671875,0.030739662188323212,0.005228214120059612,-0.02405247601936617
1789997371471492400,9.059492431640624,-0.007186468803392483,0.004740086630486965,-0.07308150534535343
1789997371481562400,9.069562255859376,0.032393550099396796,-0.001075213333647002,-0.020698787779569915
1789997371491633200,9.079633056640626,0.05959195548083454,-0.03588420815884508,0.034294353264664436
1789997371501703200,9.089703125,0.02177994832960115,-0.08630374585729125,0.0921925936981182
1789997371511774200,9.099774169921876,-0.07664994272989221,-0.0833995751371853,-0.050176698842282826
1789997371521844500,9.109844482421876,-0.07784943741965666,-0.10530610852203558,-0.08084302136301244
1789997371531915300,9.119915283203126,-0.031151047478321644,-0.09084785936123886,-0.09063677802762068
1789997371541985300,9.1299853515625,0.01892014212699286,-0.11741023470606346,0.06467899779243814
1789997371552056300,9.140056396484376,0.011292454284349248,-0.10175465975090298,0.09602780063726168
1789997371562126300,9.150126220703124,0.005276684503415801,-0.08027220783501046,0.04886752559061532
1789997371572197000,9.160197021484375,-0.0037135409062352878,-0.052036232230035895,-0.02186729005502193
1789997371582267400,9.170267333984375,-0.015733554536491542,-0.07710427438261085,0.030519143669765613
1789997371592338400,9.18033837890625,-0.04901188749127141,-0.06119516628706299,0.013683160190338899
1789997371602408400,9.190408447265623,-0.08748875014508165,-0.03121052013755515,-0.03711604600085529
1789997371612479200,9.200479248046875,-0.04324290008947287,-0.03356304901215444,0.015509851140409276
1789997371622549200,9.21054931640625,0.002274245182975981,-0.0006122375453439697,0.0453175830900357
1789997371632620300,9.220620361328123,-0.0025289405124169586,0.00478772448389444,-0.04252317593671871
1789997371642690300,9.230690185546877,-0.0016833097930882392,-0.014863732873839202,-0.02592290022893822
1789997371652761300,9.24076123046875,-0.02543688468385916,-0.047107037248285785,0.027553159905597705
1789997371662831400,9.250831298828125,-0.003424354203556792,-0.05152254060459876,0.02867929472357612
1789997371672902400,9.26090234375,0.026242958522689888,-0.03973738534880905,-0.058233546047930754
1789997371682972200,9.27097216796875,0.007937077365909073,-0.04751835513617638,-0.018473164939483838
1789997371693043200,9.281043212890625,-0.012265175584234799,-0.08466864520550771,-0.008207722458082307
1789997371703113200,9.29111328125,-0.048749846418658496,-0.06132270341750549,-0.09565652569198321
1789997371713184300,9.301184326171876,-0.0045264065354312715,-0.07249068584790853,-0.037640044481562565
1789997371723254300,9.311254150390624,0.023727477208597487,-0.10502074006626201,-0.10873291638352386
1789997371733325300,9.3213251953125,-0.001943085460635255,-0.1428438383567242,-0.11294648208443213
1789997371743395300,9.331395263671874,0.006497357189369324,-0.16007442225121502,-0.035667640123463934
1789997371753466400,9.34146630859375,0.007322644863004051,-0.10368218871357973,0.01124850883611796
1789997371763536100,9.3515361328125,0.086610008770213,-0.13497079447774948,0.1555985860022422
1789997371773607200,9.361607177734374,0.005356708302650943,-0.17615315680114885,0.05414619872787269
1789997371783677400,9.371677490234376,-0.05743403072530071,-0.18842196580367732,-0.15330734151103886
1789997371793748500,9.38174853515625,-0.027795039877851785,-0.19183653463766698,-0.023229883890227832
1789997371803818200,9.391818359375,0.02904323781232155,-0.09234212477073146,0.03196671932803748
1789997371813889300,9.40188916015625,0.07135313529126892,-0.09318599097845418,0.00637434436481577
1789997371823959300,9.411959228515624,-0.011834291901575937,-0.10028499028718482,0.04171823579998668
1789997371834030300,9.4220302734375,-0.019554426707077653,-0.06607011945454494,0.07797328949940555
1789997371844100400,9.432100341796875,0.04530476227728123,0.023188830555499886,0.03754634066587161
1789997371854171400,9.44217138671875,0.11383117702502304,0.10512276401071755,0.03796838526148935
1789997371864241400,9.452241455078124,0.09113285924562506,0.09581531431514452,0.03030900000068016
1789997371874312400,9.4623125,0.020413870491164308,0.11721110131603599,-0.04605218939983075
1789997371884382200,9.47238232421875,0.09669166553413544,0.21335061308947226,-0.024027652560359603
1789997371894453200,9.482453369140623,0.16348466716138543,0.2727391380800882,0.09723851115758533
1789997371904523300,9.492523193359377,0.13786826027113028,0.2449824315406526,0.041308050710464575
1789997371914594300,9.50259423828125,0.11064348027527494,0.22555856263736823,-0.06467323950993976
1789997371924664300,9.512664306640623,0.1398051610656774,0.29392909091115776,-0.13970109642261577
1789997371934735400,9.5227353515625,0.17646353225645725,0.31696912904967456,0.04167663470734091
1789997371944805400,9.532805419921877,0.20581911022704022,0.2825872598913359,0.014380982371611405
1789997371954876200,9.542876220703125,0.13878175200287682,0.19997129681688697,-0.011293496669409604
1789997371964946200,9.5529462890625,0.13667394911805616,0.15273936249057402,0.10681924849700086
1789997371975017200,9.563017333984376,0.12195574435963469,0.20326671807409907,0.10089885110414706
1789997371985087500,9.57308740234375,0.15087696668583717,0.20970851378421954,-0.010339232783374614
1789997371995158300,9.583158203125,0.1156497218600586,0.16180897623970456,0.10735380432255646
1789997372005228300,9.593228271484374,0.11693173599600253,0.11928902321401248,0.09640537586550915
1789997372015299300,9.60329931640625,0.041066652061971284,0.10450415591504847,-0.06900842700872901
1789997372025370400,9.613370361328125,0.0310387651302886,0.09907202093629668,-0.09649215947370199
1789997372035440000,9.623440185546874,0.017375166879045372,0.10536459440371365,0.050323384453419356
1789997372045511200,9.63351123046875,0.015550993450538455,0.09080682424907717,0.02259384185671985
1789997372055581400,9.64358154296875,0.0027286293461685814,0.046772211866851654,0.01260991230496201
1789997372065652500,9.653652587890624,-0.01447937636211866,0.08451447145468338,0.0005580505372973095
1789997372075722200,9.66372216796875,-0.02599912979997668,0.08884926493183787,0.13537732357965454
1789997372085793300,9.673793212890626,-0.035902304310145954,0.005714445887500411,0.07412138943938369
1789997372095863300,9.68386328125,-0.11344934814470103,-0.07620708936650356,0.006788788844587919
1789997372105934300,9.693934326171876,-0.18664865762935656,-0.054280936261589814,0.016101778243666053
1789997372116004400,9.70400439453125,-0.15183597458765044,-0.03112651310286705,0.03977003091164728
1789997372126075400,9.714075439453126,-0.1229125445937121,-0.0785903695593814,0.06482445768535143
1789997372136145400,9.7241455078125,-0.12818248785070635,-0.13811042701109535,0.12045482552220875
1789997372146216400,9.734216552734376,-0.239741116343288,-0.20297797228294492,-0.030641513722369847
1789997372156286200,9.7442861328125,-0.311383512392827,-0.2145921942705289,-0.15180394091224375
1789997372166357200,9.754357177734375,-0.2892424837655557,-0.2086093828848369,0.00979775608380752
1789997372176427300,9.76442724609375,-0.18107418485729415,-0.1980817796213365,0.031053872576385335
1789997372186498300,9.774498291015624,-0.09919461501466598,-0.2105529512211083,0.03038085952131904
1789997372196568300,9.784568359375,-0.0844175173637616,-0.20956155062305107,0.005100107774939667
1789997372206639400,9.794639404296875,-0.08992261400853184,-0.165382187550745,-0.11248565462816755
1789997372216709400,9.80470947265625,-0.11629431201834499,-0.16688319094059417,-0.04050444241951353
1789997372226780200,9.8147802734375,-0.11108142447915652,-0.1549627794743091,0.00401070622718242
1789997372236850200,9.82485009765625,-0.14540619354507636,-0.14718102032838495,-0.032432786421823005
1789997372246921200,9.834921142578125,-0.17373147609203773,-0.18474213882778923,-0.034359101252490566
1789997372256991500,9.844991455078125,-0.15779286013459665,-0.1877406703723378,-0.06910578986325533
1789997372267062300,9.855062255859377,-0.1487289677599079,-0.16301787297923864,-0.05306302943460882
1789997372277132300,9.86513232421875,-0.13808803057932312,-0.16666521967534603,-0.08494367297716626
1789997372287203300,9.875203369140625,-0.14651550400955246,-0.14837495054390548,0.003754604179200592
1789997372297273900,9.88527392578125,-0.13919117455967372,-0.10604479292753241,0.015837404748650134
1789997372307345000,9.895344970703125,-0.10317302520715665,-0.1051639833272355,0.10107865794004593
1789997372317415000,9.905414794921874,-0.11727876517570548,-0.1454896643626211,0.1282409945130164
1789997372327486000,9.91548583984375,-0.12149573688621873,-0.1971481663851672,0.07114338306083244
1789997372337556000,9.925555908203124,-0.13415509742529338,-0.19609070820261887,-0.03275423016960391
1789997372347627000,9.935626953125,-0.11366389784658347,-0.2125913057849058,-0.046626580066890105
1789997372357697000,9.945697021484374,-0.09359600278825236,-0.208931528649746,0.004161123483952821
1789997372367767800,9.955767822265624,-0.11724127499896672,-0.19559634627292927,-0.009983582322886432
1789997372377837800,9.965837890625,-0.12080333059103737,-0.15825021590483868,-0.061011631510403994
1789997372387908900,9.975908935546874,-0.1577348330542623,-0.13376057079891995,-0.004191931544903877
1789997372397979100,9.985979248046876,-0.12278614142350641,-0.1683941434269179,-0.018264854865842665
1789997372408050000,9.9960498046875,-0.024674368067445412,-0.17152829159967492,0.010516751969136356
1789997372418120000,10.006119873046876,-0.009058273311062428,-0.19531376115467952,0.061496867751959464
1789997372428191000,10.01619091796875,-0.03168585390009006,-0.2111852745218127,-0.045119160216618805
1789997372438261000,10.026260986328126,-0.03307131398351224,-0.16857994351954955,-0.0712915699488842
1789997372448331800,10.036331787109376,-0.010723478681916861,-0.1682122044392661,0.05569727383067639
1789997372458401800,10.04640185546875,0.01688627293888435,-0.14914544505459282,0.06992077313112449
1789997372468472800,10.056472900390624,-0.0031539474446769305,-0.16110997651620632,0.008105835083296733
1789997372478544000,10.0665439453125,0.024473308550533663,-0.0948175516249773,-0.08918493013517985
1789997372488614000,10.07661376953125,0.0692706016048268,-0.040915831434467156,-0.0032782629881567995
1789997372498685000,10.086684814453124,0.05586292584275991,0.03554570645169197,0.009134673803922206
1789997372508755000,10.0967548828125,0.05721845272175321,0.03703030689278707,0.035241787751702246
1789997372518824700,10.10682470703125,0.0493783786539984,0.017022927374191296,0.04809854096579011
1789997372528895700,10.116895751953123,0.07408139598524587,0.025582586805458912,-0.031032427311583816
1789997372538966800,10.126966796875,0.07664894089121631,0.07463386477211095,0.009963132847517651
1789997372549037000,10.137037109375,0.0700186392752541,0.10834299236351494,0.006063869813932382
1789997372559108000,10.147108154296877,0.056046624071465836,0.12114064071716832,-0.003412708322684985
1789997372569177900,10.157177734375,0.054464248342565726,0.10605468697179596,0.030819730859549324
1789997372579249000,10.167248779296877,0.05575201251540292,0.05616320271917813,0.06896430038628862
1789997372589319000,10.17731884765625,0.05654457292369057,0.02445895915704896,0.02204902969023302
1789997372599390000,10.187389892578125,0.01889366851946061,0.016560659076650056,0.056263805575660734
1789997372609460000,10.1974599609375,0.03691682602170091,0.0192212643829613,0.012516022323630036
1789997372619531000,10.207531005859376,0.023433700594469434,0.01807517159787519,4.1008503147091805e-05
1789997372629601000,10.21760107421875,0.012294982313928825,-0.01362223078357074,0.047582106781683835
1789997372639671800,10.227671875,0.029180429531697333,-0.07931976365353838,0.11370228512971955
1789997372649741800,10.237741943359374,-0.015592356209776297,-0.11977287205053269,0.019127505783944232
1789997372659812900,10.247812744140624,-0.05722289968459022,-0.11970895843047136,-0.06187000019586408
1789997372669883100,10.257883056640624,-0.004016780179071244,-0.12749499529391972,-0.028652776713007665
1789997372679954000,10.267953857421874,-0.03442337756657186,-0.16294996062844458,-0.03416002825270299
1789997372690024000,10.27802392578125,-0.09783106221557675,-0.17476181735257504,-0.09162768097048929
1789997372700095000,10.288094970703124,-0.057955087767320126,-0.2220318801172417,-0.011859687055151733
1789997372710165000,10.2981650390625,-0.06445266754224023,-0.18376511834961268,-0.07014936295748567
1789997372720235800,10.30823583984375,-0.03113036495924865,-0.19376297733945352,-0.06233725694799499
1789997372730305800,10.318305908203126,-0.018332346040044946,-0.16532615566263195,-0.12327578236773214
1789997372740376800,10.328376953125,-0.024365662209271177,-0.13454607441931762,-0.08169122722392436
1789997372750447000,10.338447021484376,-0.02654326566952836,-0.10181792583177462,0.02135701925094727
1789997372760518000,10.348517822265626,0.039261326659379085,-0.0697612008193713,0.017825380106130394
1789997372770588000,10.358587890625,0.04781386915115437,-0.05156210880013028,0.03549067574162011
1789997372780659000,10.368658935546875,0.04663239955055119,-0.020777656287283678,-0.020772949964553155
1789997372790728700,10.378728759765623,0.03725004247628458,0.021596680299075688,-0.0893358979666092
1789997372800799700,10.3887998046875,0.037869809103302406,0.06672052867488272,-0.15801709197290445
1789997372810870000,10.3988701171875,0.09399743487711737,0.07777995964675806,-0.061080545690424634
1789997372820941000,10.408941162109375,0.13780755327842545,0.06377418008806056,0.011605582429167968
1789997372831010800,10.4190107421875,0.13424231821210758,0.051761310604564355,0.05069586881586047
1789997372841081900,10.429081787109377,0.0701182848840255,0.05115294406361205,0.05772881762851478
1789997372851152000,10.43915185546875,0.044063107832965964,0.012684404581200535,0.05593460749962703
1789997372861223000,10.449222900390623,0.08034574197064388,0.018393931073395004,0.06759679919742863
1789997372871293000,10.45929296875,0.08337151041773931,0.019342524635989018,0.0321620261352586
1789997372881364000,10.469364013671877,0.033341074989962485,0.021939162639334722,-0.03718517391314606
1789997372891434000,10.47943408203125,-0.008454659201308116,-0.03528989727626206,0.0009915056995143776
1789997372901505000,10.489505126953125,0.03147341033486204,-0.05929661801533674,0.026853379491475305
1789997372911574800,10.49957470703125,0.061622705687837835,-0.0961515959839369,0.05351874938475424
1789997372921645800,10.509645751953125,-0.000529051964809696,-0.12742452175433744,0.08102434102151529
1789997372931715800,10.5197158203125,-0.0424975312306747,-0.14560307416273757,0.10441721050511642
1789997372941787000,10.529786865234374,-0.044824322891235176,-0.1555216076863633,0.03033540099469634
1789997372951858000,10.53985791015625,-0.05160677882750362,-0.15689797460619254,0.0025632948945209823
1789997372961928000,10.549927978515624,-0.11844216496030605,-0.1853773325443466,0.015205085577844038
1789997372971999000,10.5599990234375,-0.1723160644434046,-0.2141892082623115,-0.060502804738973036
1789997372982069000,10.570069091796874,-0.1535573552747765,-0.22645443586134417,-0.08792014328644164
1789997372992139800,10.580139892578124,-0.11317696846105083,-0.21013722923994854,-0.029039239073476403
1789997373002209800,10.590209716796876,-0.08647766912170407,-0.21589259497626875,0.05788700594859555
1789997373012280800,10.60028076171875,-0.10438780937192282,-0.2391212274810262,0.028452153790348506
1789997373022351000,10.61035107421875,-0.19045244297012906,-0.28422288050719313,0.0045922944470166835
1789997373032422000,10.620421875,-0.17776235944525054,-0.33168748111580143,-0.0365335162284775
1789997373042492000,10.630491943359376,-0.15896336663441382,-0.2999369724931795,-0.02920789506473212
1789997373052563000,10.64056298828125,-0.15434661427522084,-0.34320492076904513,0.03380782377644442
1789997373062633000,10.650633056640626,-0.13227792190521118,-0.41478495085394906,-0.02442678848265724
1789997373072703700,10.660703857421876,-0.15213795347272022,-0.4383971623979361,0.03138626088549269
1789997373082774000,10.67077392578125,-0.14430431445970004,-0.4871000039965927,0.07141128868170202
1789997373092845000,10.680844970703124,-0.13294006673474754,-0.47282008945858883,0.07457238179205768
1789997373102914800,10.690914794921875,-0.10061310707370835,-0.4503387723604485,0.04605480456866808
1789997373112985900,10.70098583984375,-0.1143607342143157,-0.4396639929909237,0.011205612229857418
1789997373123055900,10.711055908203123,-0.0809812681496499,-0.4605197293642836,0.03522826155643743
1789997373133127000,10.721126953125,-0.02084990939733775,-0.44482959794181537,0.06108474854284192
1789997373143197000,10.731197021484377,-0.007597963518402634,-0.395858237282058,0.06817238240120509
1789997373153268000,10.74126806640625,-0.03972791402355626,-0.33816556698079914,-0.0003606481785016423
1789997373163338000,10.751337890625,-0.006254703935142631,-0.31069535006281773,-0.04262098347851747
1789997373173409000,10.761408935546877,0.03887228738292661,-0.2886710704715329,-0.009185744850878213
1789997373183478800,10.771478759765625,0.0773908970351954,-0.22584367704654498,0.008533231568010238
1789997373193549800,10.7815498046875,0.11290316458037065,-0.1409270981970762,-0.046528990572100574
1789997373203619800,10.791619873046876,0.13165456437116121,-0.1336379867214416,-0.020384711404152767
1789997373213691000,10.80169091796875,0.1758379730019547,-0.13450308590154905,-0.06333796711531914
1789997373223761000,10.811760986328125,0.28749003859940464,-0.10863477030028972,-0.0641651272188703
1789997373233832000,10.82183203125,0.35614998804181747,-0.07887716925753119,-0.06019524484351798
1789997373243902000,10.83190185546875,0.32613333208003875,-0.0648746574109194,-0.025893646205033042
1789997373253973000,10.841972900390624,0.3038554901830086,-0.03206190621122531,-0.03615724741382545
1789997373264042800,10.852042724609374,0.3012308606274519,0.03597533789454856,-0.0113954604687682
1789997373274113800,10.86211376953125,0.39703645232764706,0.10659974399028135,-0.002080181510351858
1789997373284184000,10.87218408203125,0.45861060657542563,0.18775028295534196,-0.022711518273463443
1789997373294254300,10.88225439453125,0.4169881705167859,0.286176695283617,-0.14477975218496109
1789997373304324400,10.892324462890626,0.40289973194180356,0.2935662487183507,-0.07947354928227632
1789997373314395400,10.9023955078125,0.4367105921126112,0.33218804755075726,0.027741833530738835
1789997373324465200,10.912465087890626,0.4534056885794081,0.3887417521200448,0.030724779484658526
1789997373334536200,10.9225361328125,0.41194656999381846,0.39406776015012707,0.026193406295151062
1789997373344606500,10.9326064453125,0.34590131749457687,0.4330201153311078,-0.07288902864991535
1789997373354677500,10.942677490234376,0.29582973401658946,0.44008753183811306,-0.1007517083958524
1789997373364747300,10.952747314453124,0.31390374751373734,0.41077596322537974,-0.08798170977329077
1789997373374818300,10.962818359375,0.28378475426178723,0.37936174496546876,0.015371010541482134
1789997373384888300,10.972888427734375,0.2165794419480718,0.36421402367395067,-0.02261758137775049
1789997373394959400,10.98295947265625,0.1967787302946455,0.33037192933266923,-0.09566735345822991
1789997373405030400,10.993030517578124,0.17973479624331312,0.3269277775708694,-0.07647699754415532
1789997373415100400,11.003100341796875,0.1784745788670313,0.2974734503788342,-0.043075642280636484
1789997373425171500,11.01317138671875,0.19572577466947733,0.29503311897936424,-0.03381895524518104
1789997373435241500,11.023241455078123,0.1566946340073,0.22378168581858804,0.10837070696956606
1789997373445312300,11.033312255859377,0.1292285567387936,0.19857531715276494,0.08219705527313138
1789997373455382300,11.04338232421875,0.19616045741310595,0.2274577283429205,0.04031614223540332
1789997373465453300,11.053453369140623,0.2031071852609974,0.19775164921178404,0.03944273811016282
1789997373475523600,11.063523681640625,0.16306607059798697,0.1728522052433959,-0.00196576690097407
1789997373485594400,11.073594482421877,0.15692390315034332,0.13873314739649392,0.022972918980417596
1789997373495664400,11.083664306640625,0.142396141562195,0.07882015373277489,-0.0401385427250709
1789997373505735400,11.0937353515625,0.12365287660793504,0.07288675336581166,-0.1922475839756038
1789997373515805400,11.103805419921876,0.13420040402192027,0.07289412056514152,-0.08527272764225974
1789997373525876200,11.113876220703125,0.06482539292466534,0.06028573518376278,-0.06672010214111744
1789997373535946500,11.123946533203124,0.07028558060953172,0.027100380440890633,-0.07561825178999744
1789997373546017500,11.134017578125,0.0855599069159927,0.008852748686814854,0.0039950603378644135
1789997373556087600,11.144087646484374,0.06050727774669108,-0.053220186051702104,0.010198468991197075
1789997373566158300,11.154158447265624,0.04122963232934158,-0.10530802679718848,-0.08238688182101686
1789997373576228400,11.164228271484374,-0.0076430656138273155,-0.10813111107346658,-0.05816404032778299
1789997373586299400,11.17429931640625,0.026689929087689548,-0.09678059925827277,-0.07264652823481556
1789997373596369200,11.184369140625,0.023025075285032313,-0.10543688492202893,-0.10348384624675255
1789997373606440200,11.194440185546876,0.05086330147867271,-0.11127119317706965,-0.013568811229942562
1789997373616510500,11.204510498046876,0.04505327004783446,-0.08860989600610494,0.039477236811091033
1789997373626581500,11.21458154296875,0.030004705718907402,-0.08728010291146596,0.0703568797253826
1789997373636651300,11.2246513671875,0.062409983369508405,-0.0574620182083182,-0.04410110937143443
1789997373646722300,11.234722412109376,0.0798564178259288,-0.014745670786633911,-0.06050819386637372
1789997373656792300,11.244792236328124,0.08520150710620143,0.04820149300532914,-0.005771741713318645
1789997373666863400,11.25486328125,0.1468788879786717,0.11903751071506229,0.06378994482107814
1789997373676933400,11.264933349609375,0.1563622048546583,0.1355302394502643,0.10631722514265328
1789997373687004400,11.27500439453125,0.18646389448504253,0.14830791825797918,0.07552289741351775
1789997373697074400,11.285074462890623,0.1637027321870601,0.22071889110381304,-0.0382496587334038
1789997373707145500,11.2951455078125,0.17717238477083233,0.2932636938042678,-0.11450570020684803
1789997373717215200,11.30521533203125,0.20781684409106785,0.33475272452770594,-0.137585093100307
1789997373727286300,11.315286376953123,0.24226085747870424,0.3259813079827224,0.019922950425553535
1789997373737356500,11.3253564453125,0.26543173531948105,0.3175373341557726,-0.001119485211164856
1789997373747427600,11.335427490234377,0.2792917854337136,0.380921085838689,-0.0954519823630202
1789997373757497300,11.345497314453125,0.3144643494563013,0.3930322121461957,-0.11795239980583987
1789997373767568400,11.355568359375,0.3255794988351086,0.3608410663973199,-0.03500126888293637
1789997373777638400,11.365638427734376,0.3178034484500025,0.3664880059239135,0.03776654281176606
1789997373787709400,11.37570947265625,0.31063387886194177,0.4058028236510431,0.02549859186944492
1789997373797780200,11.3857802734375,0.3493860695532672,0.44347253128794534,0.03285146476280413
1789997373807850200,11.395850341796876,0.3588841900430401,0.5013044828219665,-0.142879491537829
1789997373817921300,11.40592138671875,0.3088737536033565,0.4877651083365087,-0.18326537443561636
1789997373827991600,11.415991455078125,0.3060723182795163,0.44075957134221766,0.01557513647406916
1789997373838062300,11.426062255859376,0.2960072180497136,0.46514575911590683,0.030582199377466923
1789997373848132400,11.43613232421875,0.3028917028491031,0.5023840578389871,0.0033684796752088404
1789997373858203400,11.446203369140624,0.31289918172649794,0.4793951103966391,0.053976083855396505
1789997373868273200,11.456273193359374,0.2358111113049749,0.46317378435578155,0.053823377004475995
1789997373878344200,11.46634423828125,0.18956656788145013,0.4781891303991806,0.06544243778745151
1789997373888414500,11.47641455078125,0.21151026499226633,0.4566131357675632,0.09623024964451284
1789997373898485500,11.486485595703124,0.23211144643243864,0.41254854909158317,0.09953603400456515
1789997373908555300,11.49655517578125,0.17507567658201997,0.3882111285655468,0.14296375339175568
1789997373918626300,11.506626220703126,0.08546572353504996,0.35263650525106477,0.08437934259164048
1789997373928696300,11.5166962890625,0.07558376860118243,0.30459171540047897,0.008488669365302147
1789997373938767400,11.526767333984376,0.07020080236633176,0.3044557420133259,0.004309892529162551
1789997373948837400,11.53683740234375,0.07311390363748552,0.30797259731737603,0.07240110796051508
1789997373958908400,11.546908447265626,0.07259114248006915,0.25479608708395746,0.09465430576642753
1789997373968978400,11.556978515625,0.006008833712218481,0.18515219754031828,0.06699570101096214
1789997373979049500,11.567049560546875,-0.08340728017368927,0.1463485955857669,0.033765876427984745
1789997373989119200,11.577119140625,-0.06916541452865774,0.13478378064138752,-0.005591161305495744
1789997373999190300,11.587190185546875,-0.06058486034744129,0.1023641449455519,-0.027104310675417374
1789997374009260500,11.597260498046875,-0.035166010868960915,0.1024718295915885,0.02787367575924171
1789997374019331300,11.607331298828123,-0.028279940150657108,0.07405864784562836,0.06819597290071533
1789997374029401300,11.6174013671875,-0.06580292213149501,0.015420163634649035,0.05976471580191485
1789997374039472400,11.627472412109377,-0.08262001871641163,-0.006469980284565001,0.10124060738536696
1789997374049542400,11.63754248046875,-0.12442425188013562,0.017883354789332583,0.150083504015321
1789997374059613400,11.647613525390623,-0.14235163818344793,0.0014180052991594478,0.16033142011619023
1789997374069683200,11.65768310546875,-0.12655338293607332,0.006800038240308663,0.09000002718177637
1789997374079754200,11.667754150390625,-0.12729477907769965,0.04263463353819615,0.029342331772477675
1789997374089824500,11.677824462890625,-0.10191088503864623,0.04087720345793188,0.05225082310286793
1789997374099895600,11.6878955078125,-0.07607057046699406,0.048954719431681684,0.034060260803155294
1789997374109965300,11.69796533203125,-0.08931934872663556,0.09074586372408981,-0.054101145989903995
1789997374120036400,11.708036376953125,-0.11938685696241169,0.11668416505623702,-0.02356892749891204
1789997374130107400,11.718107421875,-0.09560085949643339,0.13840352997808927,-0.027772496307714004
1789997374140177400,11.728177490234376,-0.07063601578293649,0.12795592893295332,0.012001403014430704
1789997374150247400,11.738247314453124,-0.08141921388764076,0.1417263542615503,-0.018493164711087532
1789997374160318500,11.748318359375,-0.06282655253621859,0.17466018555895182,-0.027779124940921922
1789997374170388500,11.758388427734374,-0.07285523324486141,0.23907713172704936,-0.11871577528321191
1789997374180459300,11.768459228515624,-0.01282288658204135,0.2524331977955788,-0.11217895349544059
1789997374190530300,11.7785302734375,-0.02315962569701911,0.2072818844637671,-0.027683415268703552
1789997374200600300,11.788600341796876,-0.03253331500027436,0.2525678400767579,-0.09030985732940852
1789997374210671400,11.79867138671875,-0.04145144872397248,0.26057309681366964,-0.025770539086296316
1789997374220741400,11.808741455078126,-0.006624404387676086,0.20626905604243403,-0.0029349750047165286
1789997374230812400,11.8188125,-0.005558500577363387,0.1678008829970104,-0.013156860420106132
1789997374240882400,11.82888232421875,-0.02126706111067504,0.2253928572282346,-0.10968769996970189
1789997374250953500,11.838953369140626,-0.023576477666469385,0.2543777205348985,-0.1323299994440717
1789997374261023200,11.849023193359375,0.00774449857220532,0.21743772814927181,-0.014557034968225132
1789997374271094300,11.85909423828125,0.027767914751126378,0.17332166113277225,0.0686094407069101
1789997374281164300,11.869164306640624,0.0009830093538739171,0.18227007973803167,0.010536806140643019
1789997374291235300,11.8792353515625,0.03875854733579715,0.2115112168233969,-0.023209181353789653
1789997374301305600,11.8893056640625,0.015589700522050155,0.22103130760145143,-0.03913819317941071
1789997374311376600,11.899376708984375,0.01493359476513416,0.2316204219201018,-0.03546686853757816
1789997374321446700,11.90944677734375,0.003976620530826749,0.22782901776591882,0.02380364268766908
1789997374331517700,11.919517578125,-0.003069668646534637,0.21251635318577466,-0.01541445074003346
1789997374341587500,11.92958740234375,-0.035875246313150005,0.1954643207715355,-0.027149423778853755
1789997374351658500,11.939658447265623,-0.019577697983937544,0.20377854043950933,0.05699173472483275
1789997374361728800,11.949728759765623,-0.03632978650792828,0.2677116469237181,0.002983623404428641
1789997374371799800,11.9597998046875,-0.08289221383022527,0.24996183357968813,0.01780624352422607
1789997374381869600,11.96986962890625,-0.11176785210591225,0.24204921441640684,0.07126768399919411
1789997374391940600,11.979940673828125,-0.1025369022400336,0.22902331479124835,0.045546106928907
1789997374402010600,11.9900107421875,-0.11324004020848102,0.1946134562447607,0.021883695462220607
1789997374412081700,12.00008154296875,-0.12684172177781278,0.16507680473661568,0.10879830523821227
1789997374422151700,12.010151611328125,-0.1586008059048998,0.16899490740230713,0.1617166608656055
1789997374432222700,12.02022265625,-0.18700438811829137,0.17752258064637633,0.002380120521620348
1789997374442292700,12.030292724609374,-0.1774241051854007,0.1431155277708306,-0.0037712014785814874
1789997374452363800,12.04036376953125,-0.1712067758562292,0.10519899779616369,0.09269350889725196
1789997374462433500,12.05043359375,-0.1732025101806105,0.08463315988817158,0.09465856519330706
1789997374472504600,12.060504638671874,-0.2064705004223463,0.030659954954760222,0.04552276620705976
1789997374482574600,12.07057470703125,-0.22412358678580815,0.005496209641036302,0.04221882266018961
1789997374492645600,12.080645751953124,-0.1971122526531228,-0.01221159314154597,0.05147829313470702
1789997374502716400,12.09071630859375,-0.1812258386654489,-0.023685870503180256,0.03055065475795246
1789997374512786700,12.10078662109375,-0.19766417927234042,-0.04422122050249872,0.09768992465272891
1789997374522857700,12.110857666015624,-0.14490073009505017,-0.06853553872622264,0.128958622737071
1789997374532927500,12.120927490234376,-0.19083735250715733,-0.05598642987582515,0.04642206251939234
1789997374542998500,12.13099853515625,-0.23108073505634882,-0.0453128866932884,0.026538585567610695
1789997374553068500,12.141068603515626,-0.2245854163427314,-0.058841525850207174,0.051107369605731964
1789997374563139600,12.1511396484375,-0.23901686477471376,-0.0925905982835575,0.08407208597933176
1789997374573209600,12.161209716796876,-0.2357958173334626,-0.0852117448176987,0.035228475641292896
1789997374583280600,12.17128076171875,-0.20780953874586938,-0.06272401230706329,0.03415624528182737
1789997374593350700,12.1813505859375,-0.2219552937309305,-0.057230939483984104,0.016619610208311052
1789997374603421700,12.191421630859375,-0.23923825744260355,-0.029059268500116333,0.02851974461828937
1789997374613491500,12.201491455078123,-0.26322733512778235,-0.0074001358894337154,0.015731575687475255
1789997374623562500,12.2115625,-0.24779799451500162,-0.04349989499839002,0.0186586834826863
1789997374633632800,12.2216328125,-0.23836331431774496,-0.0812283785608749,-0.013515070534236291
1789997374643703800,12.231703857421875,-0.2526931224492912,-0.10057862961309381,0.024667489130615738
1789997374653773600,12.241773681640623,-0.23364710030824928,-0.11878550651102872,0.03644923270327206
1789997374663844600,12.2518447265625,-0.23738457552932107,-0.13729073175413292,0.0468569843819076
1789997374673914600,12.26191455078125,-0.24966354948509484,-0.15147077457660263,0.08091433006887835
1789997374683985700,12.271985595703123,-0.2625751486309328,-0.1478186766119391,-0.00981642410918821
1789997374694055700,12.2820556640625,-0.290109239799067,-0.1643218735510297,0.043653601951127566
1789997374704126700,12.292126708984377,-0.2915379241114025,-0.20510470363574396,0.047466541251437414
1789997374714196700,12.30219677734375,-0.27305251242086154,-0.2569382547681939,0.06178779984049641
1789997374724267800,12.312267822265625,-0.27053219542685564,-0.2678966842737181,0.06749744264993549
1789997374734337500,12.322337646484376,-0.2201680830570892,-0.28422256408537905,0.006923490923256658
1789997374744408600,12.33240869140625,-0.2063095444722631,-0.3189357269644629,0.05958045724087316
1789997374754478600,12.342478515625,-0.23573713697163307,-0.3241160976299138,0.111611681704579
1789997374764549600,12.352549560546874,-0.2675019886212227,-0.33304632373565296,-0.02167305066389087
1789997374774619600,12.36261962890625,-0.25292868526362383,-0.3306588119848138,-0.1225536920493493
1789997374784690700,12.372690673828124,-0.2590042030418598,-0.3737727415755211,0.009153671662826166
1789997374794760700,12.3827607421875,-0.22102435150747943,-0.4408272389765094,0.07837323931970899
1789997374804831700,12.392831787109374,-0.26120027669201507,-0.4287539855764285,0.06572403134600024
1789997374814901500,12.402901611328126,-0.30604830657848564,-0.3547972275922946,0.02332598571417802
1789997374824972500,12.41297265625,-0.27261288224295516,-0.32702116649184626,-0.09660151339175653
1789997374835042800,12.423042724609376,-0.2176900560956828,-0.3019536858124185,-0.13414488297579816
1789997374845113600,12.433113525390626,-0.13283581521842716,-0.2799665021398862,-0.05173783238743414
1789997374855183600,12.44318359375,-0.07618989393544898,-0.2977102430461197,0.020717015828293987
1789997374865254700,12.453254638671876,-0.057611493913048484,-0.2754413783895811,-0.05746690573062169
1789997374875325700,12.46332568359375,-0.05426947641323551,-0.22487714869611225,-0.06861009809512193
1789997374885395500,12.4733955078125,-0.06038719497649472,-0.18652374719348913,-0.044120748700379596
1789997374895466500,12.483466552734376,-0.017556898099099487,-0.13654119401978262,0.027495814319607667
1789997374905536800,12.493536865234375,0.0268253606476231,-0.06285479989267617,0.0188813232057634
1789997374915607800,12.50360791015625,0.09144827007056222,-0.01210983022107844,-0.03326151707611776
1789997374925677600,12.513677490234375,0.16844462542739372,0.017784762924154308,0.01354717918189561
1789997374935748600,12.52374853515625,0.23393867333522195,0.06879113062838559,0.08882518296047857
1789997374945818600,12.533818603515623,0.23425382990231067,0.1386305533131502,0.05938261260468289
1789997374955889700,12.5438896484375,0.18266956154136255,0.22417562975328093,-0.042348284889041084
1789997374965959400,12.55395947265625,0.1615824682961862,0.2569584315172755,-0.009927265157031233
1789997374976030500,12.564030517578123,0.1827688803095955,0.2821283948933984,-0.013386459061408729
1789997374986100700,12.574100830078123,0.1664627297042627,0.3177948867494175,0.0032513412745960725
1789997374996171800,12.584171875,0.15603268849407256,0.35056663883762906,-0.057404868235812125
1789997375006241500,12.594241455078125,0.16933340181442935,0.36427471934348177,-0.1004675022682491
1789997375016312600,12.6043125,0.19855127404668768,0.3649349632033198,-0.048934774114642136
1789997375026382600,12.614382568359376,0.20877357405810176,0.34112516853803526,-0.016702255646266432
1789997375036453600,12.62445361328125,0.1730490023266829,0.32459824642599316,0.0681075912703923
1789997375046523600,12.634523681640625,0.115422031966254,0.28933835358229365,0.1009735291339899
1789997375056594700,12.6445947265625,0.0707050176864083,0.26333295527829137,0.003149010181269238
1789997375066664700,12.654664794921874,0.05420011646771218,0.2238829994816104,-0.07253286284277492
1789997375076735700,12.66473583984375,0.025037480165041866,0.20059340821124155,-0.0671333762926751
1789997375086805500,12.674805419921874,0.002440169229337935,0.16573160512961616,-0.09415043194586065
1789997375096876500,12.68487646484375,-0.03211870956943577,0.1165633738588235,-0.053066616299140244
1789997375106946800,12.69494677734375,-0.03815881640182785,0.04139220948024598,-0.038686822322178176
1789997375117017900,12.705017822265624,-0.06264143950549692,0.025318515489039645,-0.0019087653691728782
1789997375127087600,12.715087646484376,-0.08133530447363052,-0.017886223880381018,0.07559415182063144
1789997375137158700,12.72515869140625,-0.12984820912369263,-0.0663748541129,0.0052271713649039075
1789997375147228700,12.735228759765626,-0.17605865151064817,-0.09503092550754408,-0.0005757659284316077
1789997375157299500,12.745299560546876,-0.13172509197581006,-0.149377696153228,0.0785050481043494
1789997375167369700,12.75536962890625,-0.12466654680260732,-0.1722772828519352,0.09965867862903544
1789997375177440800,12.765440673828126,-0.20038078378238966,-0.20204758309770507,0.06625365913090063
1789997375187510800,12.7755107421875,-0.24436716734989744,-0.22318569792890156,0.03126151456701151
1789997375197581600,12.78558154296875,-0.21813692146511696,-0.23323051749086596,0.06978200603933157
1789997375207652600,12.795652587890626,-0.18426668062995186,-0.22783256009666705,0.06005570837500318
1789997375217722600,12.80572265625,-0.18782832297629357,-0.21594302321780806,0.0898074418602304
1789997375227793700,12.815793701171875,-0.24191466560585564,-0.17176440559567932,0.029284831997186272
1789997375237863400,12.825863525390623,-0.24140848062156994,-0.16846265330030766,-0.044290916797913804
1789997375247934500,12.8359345703125,-0.20408270643402623,-0.15227716801700483,-0.05126538832931234
1789997375258004700,12.846004638671875,-0.18996923219535125,-0.16050014425573922,-0.07299199100562043
1789997375268075800,12.85607568359375,-0.20323998096072132,-0.17664650200724044,-0.06750969656846191
1789997375278145500,12.8661455078125,-0.1926564208818492,-0.14113866238665962,-0.09976420167341776
1789997375288216600,12.876216552734377,-0.17293363603803658,-0.11086929515999365,-0.08804592427889356
1789997375298286600,12.88628662109375,-0.15149298845333653,-0.12022883551457476,0.026682862570859067
1789997375308357600,12.896357666015623,-0.12797801072214243,-0.16544226980752444,0.06366441832526608
1789997375318427600,12.906427734375,-0.10836138746386362,-0.19753982615611274,0.07307200064191965
1789997375328498700,12.916498779296877,-0.1123039613257125,-0.2206095326945509,0.035545312531760034
1789997375338568700,12.926568603515625,-0.08119011016076973,-0.22939700239155944,0.0098500882172748
1789997375348639700,12.9366396484375,-0.09083042018243827,-0.2330237344229324,0.06526835732344202
1789997375358709500,12.94670947265625,-0.14199325335326818,-0.2728237817331127,0.09877625135476084
1789997375368780500,12.956780517578125,-0.16120775327325557,-0.29095813267724097,0.07714881503454513
1789997375378850800,12.966850830078124,-0.17849307764588998,-0.2664602318398982,0.04318987928960215
1789997375388921900,12.976921875,-0.17679528542715994,-0.24992941878335484,0.03516558334043944
1789997375398991600,12.98699169921875,-0.11577857937260308,-0.26816017068714443,0.02025852004909682
1789997375409062700,12.997062744140624,-0.09108027575775206,-0.28931309449953607,0.07086705875502067
1789997375419132700,13.007132568359374,-0.07912280926057198,-0.35352029283047554,0.07621025076976905
1789997375429203500,13.017203369140624,-0.05974578444339986,-0.33643449154813065,-0.020198369318756276
1789997375439273500,13.0272734375,-0.04687241986833817,-0.30028319380433927,0.01065618158836252
1789997375449344500,13.037344482421876,-0.08712174593549887,-0.26431779783432774,-0.011434446752567202
1789997375459414800,13.047414794921876,-0.09444280677925619,-0.26379161563421677,-0.007512980116619265
1789997375469485600,13.057485595703126,-0.06329852609862721,-0.22291713917820663,-0.08973086582364438
1789997375479555600,13.0675556640625,-0.054722730138157746,-0.1776541105732446,-0.09645344468586442
1789997375489626600,13.077626708984376,-0.024339083983569657,-0.17389291052344952,-0.022784929669726405
1789997375499696600,13.087696533203124,0.018780104259248347,-0.13559568827503357,0.0003645750503151385
1789997375509767400,13.097767333984375,0.0358693028419917,-0.06302463998393917,-0.047977246969391846
1789997375519837700,13.107837646484375,0.05594244614766674,-0.030536045399726437,-0.056488598945032234
1789997375529908700,13.11790869140625,0.061651979512652694,-0.02986743321510177,-0.022839389667545566
1789997375539979800,13.127979736328124,0.08353566903246469,0.01418805512761371,0.0045441761256341025
1789997375550049500,13.138049560546875,0.11074974538875587,0.0827945830196574,-0.028065279249342125
1789997375560120600,13.14812060546875,0.09836133699777296,0.14252308790878446,-0.00948199846787234
1789997375570190600,13.158190673828123,0.13395429167966005,0.15162600797395395,0.041670041704401646
1789997375580261600,13.16826171875,0.17608897274233834,0.1617842465667247,0.08878244231145402
1789997375590331600,13.17833154296875,0.1429281868570933,0.19767091219501365,0.05098271315737218
1789997375600402700,13.188402587890623,0.10032597466102962,0.2395675231031751,0.019294474482583243
1789997375610472700,13.19847265625,0.11898018038668784,0.22333807726259566,0.006014309491213675
1789997375620543700,13.208543701171877,0.12853705145882274,0.177430383222337,-0.016053977327420692
1789997375630613500,13.218613525390625,0.08200264894755378,0.09779251355859855,0.012534628722027538
1789997375640684500,13.2286845703125,0.06917178364599558,0.013329067867339417,-0.029620025602436102
1789997375650754800,13.2387548828125,0.07048411493190307,-0.049666803787095204,0.01877831352037594
1789997375660825900,13.248825927734377,0.050205854092702534,-0.12302993587952807,0.031126303843559057
1789997375670895600,13.2588955078125,0.000481505629722893,-0.1919674588736004,0.019018515613951605
1789997375680966700,13.268966552734376,-0.045236344240722266,-0.21053398228034567,0.01985881988693726
1789997375691036700,13.27903662109375,-0.07023845777732451,-0.25222978815855096,0.093025188900309
1789997375701107700,13.289107666015624,-0.13365860793242068,-0.2850635768489211,0.08616606825691958
1789997375711177500,13.299177490234374,-0.14518286071566996,-0.3202650587239037,0.12127735508447099
1789997375721248500,13.30924853515625,-0.14243676486999024,-0.3503592264021534,0.12599026398691943
1789997375731318800,13.31931884765625,-0.15090718966140654,-0.40358777788577654,0.05695656420209206
1789997375741389600,13.3293896484375,-0.1806842389799419,-0.39243564879883525,-0.02507144071075476
1789997375751459600,13.33945947265625,-0.19653607974032367,-0.31726698843669565,-0.09083454030531089
1789997375761530600,13.349530517578126,-0.15142453334130793,-0.31005849575618016,-0.027324821820990577
1789997375771600600,13.3596005859375,-0.12985150716662583,-0.3329734765773586,0.07903692611380506
1789997375781671400,13.36967138671875,-0.09867727481781188,-0.37655183516794966,0.03567269919667166
1789997375791741700,13.37974169921875,-0.06493123224019746,-0.35885330143337435,0.09509223420174263
1789997375801812700,13.389812744140626,-0.03917603050999596,-0.321895969688133,0.12503534268954306
1789997375811883800,13.3998837890625,-0.07148944870148687,-0.2939940115169642,0.05738069708851612
1789997375821953500,13.40995361328125,-0.04792643837328601,-0.2918014184424792,0.054280857041997296
1789997375832024600,13.420024658203126,0.014311906550291952,-0.2775702072690795,0.04808518010234372
1789997375842094600,13.430094482421875,0.004076952666892294,-0.24901076821105397,-0.04788355238578468
1789997375852165600,13.44016552734375,0.011786976412395374,-0.2207529522797606,0.02003393967579536
1789997375862235600,13.450235595703123,0.043255015530870175,-0.19003381096205943,0.06531166360864542
1789997375872306700,13.460306640625,0.08042593997055228,-0.14012290695742646,-0.09179195706629537
1789997375882376700,13.470376708984375,0.11832543726491142,-0.07343809543540168,-0.015727266151533612
1789997375892447700,13.48044775390625,0.11228980751390986,-0.06633280164673644,0.054180830705720946
1789997375902517500,13.490517578125,0.09221629433615185,-0.020990713482118437,-0.010557418172604506
1789997375912588500,13.500588623046877,0.14610534963525154,0.052246163517653745,0.029488101634709794
1789997375922658600,13.510658447265625,0.2150414104279475,0.05786962067713527,0.09396114341397352
1789997375932729600,13.5207294921875,0.20927807880122345,0.06695432063299325,0.028882941527966007
1789997375942799600,13.530799560546876,0.2709930292126728,0.09098753584773644,-0.08649149602199141
1789997375952870700,13.54087060546875,0.27157304533752324,0.146152046367224,-0.09372903171419243
1789997375962940700,13.550940673828125,0.2634219528993074,0.17777005955712083,0.009909258477111577
1789997375973011700,13.56101171875,0.2655208243527827,0.21122913395484275,0.03316798479705197
1789997375983081500,13.57108154296875,0.2702188222803501,0.25216436207236403,-0.00513267695064722
1789997375993152500,13.581152587890625,0.2923511254516495,0.2754455826007928,0.0005340315704601204
1789997376003222800,13.591222900390624,0.3051959496989659,0.2680948992197626,-9.818087249822799e-05
1789997376013293800,13.6012939453125,0.273595219423348,0.2351686293887212,0.0019436920659226483
1789997376023363600,13.611363525390624,0.24850181926083037,0.2170363382729477,0.03707927150695277
1789997376033434600,13.6214345703125,0.2486660221817971,0.2295893293834137,-0.10141628371139479
1789997376043504600,13.631504638671874,0.2578229866135348,0.21041638421844697,-0.07033631761741839
1789997376053575400,13.641575439453124,0.24479301844743737,0.21100181769745827,-0.0018954385372007502
1789997376063645700,13.651645751953126,0.21037533616635862,0.18095154735461091,0.02801874989717698
1789997376073716700,13.661716796875,0.17750802252570744,0.12789576719763818,0.03295374194511494
1789997376083786800,13.671786865234376,0.16996734466593946,0.0926866957326407,0.0001624984502675767
1789997376093857500,13.681857421875,0.11236689331139835,0.08482890318111706,-0.1239451221069551
1789997376103928600,13.691928466796876,0.089030053713971,0.047523277041813396,-0.11503355421935389
1789997376113998600,13.70199853515625,0.12356900334993667,-0.024040035254251815,0.03582135305304021
1789997376124069600,13.712069580078126,0.11239193122414902,-0.038997986227593456,0.04227062144440368
1789997376134139600,13.7221396484375,0.08357998026475655,-0.038336893482281725,0.03505158661535927
1789997376144210700,13.732210693359375,0.10945393541749095,-0.014868392233223105,0.009391865209186081
1789997376154280700,13.74228076171875,0.12187391836219039,-0.021461823520118505,0.040202646461137394
1789997376164351700,13.752351806640624,0.08882403931878714,-0.04201787765688014,-0.001085408787468023
1789997376174421500,13.76242138671875,0.0993479175952187,0.001956637019231206,-0.05759664452102575
1789997376184492500,13.772492431640623,0.1112447308132696,0.05960937458876914,-0.073548948182056
1789997376194562600,13.7825625,0.09906458083864267,0.09994071980234374,-0.05504978227401501
1789997376204633600,13.792633544921877,0.13551731533639663,0.07374867519410469,0.10720221359759718
1789997376214703600,13.80270361328125,0.16707156992600683,0.07989046951621642,0.15271272707753675
1789997376224774700,13.812774658203123,0.1404509068061148,0.11021523960140134,-0.016169471825436748
1789997376234844700,13.8228447265625,0.13136673460179588,0.15188380007242616,-0.15647862892924583
1789997376244915700,13.832915771484377,0.1533289279606099,0.1480683743369807,-0.058839676399416445
1789997376254985500,13.8429853515625,0.18097617783708453,0.17129001296285817,-0.05146999982810734
1789997376265056500,13.853056396484376,0.21012671239714178,0.17435434985595055,0.038463946769582466
1789997376275126800,13.863126708984376,0.1891279444435935,0.17558588227649147,0.0058552889552146116
1789997376285197800,13.87319775390625,0.1544609657821493,0.20936183559385202,-0.0345702569892771
1789997376295267800,13.883267822265625,0.18056443359310062,0.2544574715063399,-0.0053565565914277065
1789997376305339000,13.8933388671875,0.1559068751038291,0.2582390903713024,-0.0028304929415776947
1789997376315409000,13.903408935546874,0.13429337725332574,0.2355967628827184,-0.01748964677178254
1789997376325480000,13.91347998046875,0.15964620407817526,0.22592768112689296,-0.05609439373007558
1789997376335550000,13.923550048828124,0.15827474520261242,0.25707836476432033,-0.1163841015101916
1789997376345621000,13.93362109375,0.13509968203614386,0.2881985115553981,-0.1391544213724319
1789997376355691000,13.94369091796875,0.12208241062693606,0.2654050699910787,0.013892732376985214
1789997376365762000,13.953761962890624,0.1082667286742562,0.2576385924946967,0.058144953211002645
1789997376375833000,13.9638330078125,0.09875628491435275,0.2768998741556604,-0.0005632373816649714
1789997376385902800,13.97390283203125,0.084601170704187,0.32510048751422116,-0.041144926219597366
1789997376395974000,13.983973876953126,0.1336291395069599,0.2975463505616168,-0.019841608565801278
1789997376406044000,13.9940439453125,0.14581175944261934,0.2523193001309592,0.018681899164842333
1789997376416114700,14.00411474609375,0.10707282136814206,0.2849664366852881,0.029708121101585966
1789997376426185000,14.01418505859375,0.08998601975562776,0.2717080196692313,0.004914150282923473
1789997376436256000,14.024256103515626,0.04278947174770245,0.28421902454513903,-0.023438219925839117
1789997376446326000,14.034325927734375,0.061040508411807096,0.26792905093655645,-0.07231290798053502
1789997376456396800,14.044396728515624,-0.021735387792735743,0.23240031246765935,-0.0660674465571137
1789997376466466800,14.054466796875,-0.004802964896389669,0.17046840397159468,0.012780958654049625
1789997376476537900,14.064537841796875,0.01717054884775028,0.1396448154699284,-0.03156337864164357
1789997376486608100,14.074608154296875,0.002598049769404378,0.14132134471860563,-0.06628425748756027
1789997376496679000,14.084678955078124,-0.006036314238992356,0.07913759725560496,0.07314415432343668
1789997376506749000,14.0947490234375,-0.0684761305399334,-0.004518411669157426,0.11424436836268986
1789997376516820000,14.104820068359375,-0.11890231076270665,-0.01300791894262591,-0.00395547219271666
1789997376526889700,14.1148896484375,-0.06957672684344085,-0.05243192343258903,-0.03374332921596607
1789997376536960800,14.124960693359377,-0.07251626668683157,-0.10600951855419813,0.03150880912601035
1789997376547031000,14.135031005859377,-0.1853452044307822,-0.1259754468538178,-0.013064754697434556
1789997376557102000,14.14510205078125,-0.21366750035674367,-0.16541462983702876,0.06300036897215519
1789997376567171800,14.155171875,-0.2160321696316976,-0.17591641326654825,0.0914273893317894
1789997376577243000,14.165242919921877,-0.2006519928817413,-0.17184082281216181,0.0127751969459923
1789997376587313000,14.17531298828125,-0.20168402431942478,-0.2216025983836834,0.07690192225554283
1789997376597384000,14.185384033203125,-0.2270665927036017,-0.27585888126585323,0.1286601809732012
1789997376607453700,14.19545361328125,-0.2249538297031167,-0.2805979895530112,0.07819528105403911
1789997376617524700,14.205524658203124,-0.15867226096943846,-0.2812861045868915,0.04563667307482722
1789997376627595000,14.215594970703124,-0.18841631273745577,-0.2554940270864838,0.02722930251556631
1789997376637666000,14.225666015625,-0.21549694600329325,-0.20457913615810028,0.0325075747834085
1789997376647735800,14.23573583984375,-0.1893603766038384,-0.1847366861340853,0.06096565698329751
1789997376657806800,14.245806884765624,-0.17122358130048212,-0.21862571385278848,0.12917585813226623
1789997376667878000,14.2558779296875,-0.20016080885090848,-0.23094516357662748,0.016768759585854387
1789997376677948000,14.265947998046874,-0.1745654243365574,-0.19853127529316364,-0.004098059007456358
1789997376688019000,14.27601904296875,-0.142212955416287,-0.1478661766047387,-0.03507156801525124
1789997376698089000,14.2860888671875,-0.10404432329766539,-0.13333847667707074,-0.051058608687542334
1789997376708160000,14.296159912109376,-0.0613375243881427,-0.12036117488549308,-0.01200870734139854
1789997376718230000,14.30622998046875,-0.0109060690774281,-0.07500313032467791,-0.0009936968140017031
1789997376728300800,14.31630078125,-0.028849574747763156,-0.00378426712661204,0.031547327731433046
1789997376738370800,14.326370849609376,-0.032174455768196664,0.004931234508275338,0.08545290804283594
1789997376748441900,14.33644189453125,-0.02825602748868955,0.0355503412237789,-0.08032410830071833
1789997376758512000,14.34651220703125,0.02521373263083146,0.027086043873975618,-0.0742153654519427
1789997376768583000,14.3565830078125,0.06262261010939675,0.013832024949999683,0.07906195711545437
1789997376778653000,14.36665283203125,0.0706046950788935,0.0665309300762921,0.10181402547974028
1789997376788724000,14.376723876953124,0.05660077622680087,0.11726561535242085,0.07937412617829553
1789997376798794000,14.3867939453125,0.06226332384000223,0.10130819110436845,0.02905860629506469
1789997376808864800,14.39686474609375,0.04708351829888165,0.08201372532813454,-0.08608919599199409
1789997376818935000,14.40693505859375,0.07227977401470748,0.10807159214531561,-0.12011990255831081
1789997376829006000,14.417006103515623,0.07560170266014012,0.13499005604056408,-0.08456475243894417
1789997376839075800,14.427075927734377,0.06157963511140914,0.08728834396249567,0.028870239257214134
1789997376849147000,14.43714697265625,0.006475182595769312,0.09117898287678511,0.05180481787591084
1789997376859217000,14.447216796875,0.0010947787716829045,0.1337637599376621,-0.07170718106658866
1789997376869288000,14.457287841796877,0.026622311078914447,0.14387785268018272,-0.1098982114505913
1789997376879357700,14.467357666015625,0.03557168193143901,0.08336133763181029,-0.030451437886413944
1789997376889428700,14.4774287109375,0.019990277586870293,0.06990682011256383,0.003724765074096433
1789997376899499000,14.4874990234375,-0.014001675515974412,0.03761725707589059,-0.04887941092263392
1789997376909570000,14.497570068359376,-0.02448213987538492,0.04096139904330387,-0.08727832577623627
1789997376919639800,14.507639892578124,-0.023318862458659325,0.028084668848670738,-0.05304537168743557
1789997376929710800,14.5177109375,-0.020038319516345045,0.0044366527255427675,0.04040598686430752
1789997376939780900,14.52778076171875,-0.004225365676297678,-0.0573588325903465,0.14440068841521156
1789997376949852000,14.537851806640624,-0.05013219052556276,-0.0616491498068354,-0.03866091870847768
1789997376959922000,14.547921875,-0.03941198032232789,-0.037974523362574106,-0.15904013919513318
1789997376969993000,14.557992919921874,-0.05593737367589017,-0.06153470486516641,-0.08597389164864531
1789997376980064000,14.56806396484375,-0.026841102728904238,-0.08531815625831504,0.04699351926412181
1789997376990134000,14.578134033203124,-0.05793343035738801,-0.160491969851112,0.16722397504475534
1789997377000204800,14.588204833984374,-0.1210930082885229,-0.16573080564248988,0.11282719257866476
1789997377010274800,14.59827490234375,-0.10729521805552186,-0.104448704807845,0.00670968581677895
1789997377020345900,14.608345947265626,-0.11101559449885083,-0.11401997128520455,-0.058729076738363535
1789997377030416100,14.618416015625,-0.1073046118508484,-0.15089856751199124,-0.12276654870648472
1789997377040487000,14.62848681640625,-0.09214828033830783,-0.091042448435226,-0.042324887308308544
1789997377050557000,14.638556884765626,-0.07931473259494334,-0.04110767784507992,0.03422793973626093
1789997377060628000,14.6486279296875,-0.06234054065221494,-0.08473082688109608,0.05743877063977406
1789997377070698000,14.658697998046875,-0.042443186717219035,-0.04493417090685718,0.02606310425013314
1789997377080768800,14.668768798828124,-0.013783668962628962,-0.029847088911833897,-0.01156590916305799
1789997377090838800,14.6788388671875,-0.024097146482868252,-0.01322982985632974,-0.09476274285486422
1789997377100909800,14.688909912109375,-0.0037612617063563104,0.05400252590893442,-0.07471126033627765
1789997377110980000,14.69897998046875,0.07183425571721122,0.07536391251198803,0.05527271034947928
1789997377121051000,14.70905078125,0.1406958944743731,0.059139052394912246,0.07074216294880935
1789997377131121000,14.719120849609377,0.13854666113317443,0.11155424415853289,-0.02028958983463866
1789997377141192000,14.72919189453125,0.16368474012888348,0.15611337475839476,-0.024582938170331962
1789997377151261700,14.73926171875,0.1576203114430489,0.1651012264219819,-0.03814557435667723
1789997377161332700,14.749332763671877,0.17179562029926362,0.168684238056561,0.020456155503380848
1789997377171403000,14.759403076171877,0.20001165298755663,0.18306362094957726,0.06575550599473408
1789997377181474000,14.76947412109375,0.17892627784899406,0.2352721834975048,-0.07700822977098885
1789997377191543800,14.779543701171876,0.12236664241142944,0.2668445329409418,-0.11822842828941106
1789997377201614800,14.78961474609375,0.16257705668827724,0.2886658436403541,-0.09061345243030822
1789997377211686000,14.799685791015625,0.16773660749582855,0.31184429103671646,-0.06161107159887846
1789997377221756000,14.809755859375,0.16591307295396976,0.3247292527021156,-0.009803200971836267
1789997377231827000,14.819826904296876,0.1459197934821715,0.2825258098477332,-0.02681893057298124
1789997377241897000,14.82989697265625,0.17638045154410828,0.27427613873596496,0.015662208584867703
1789997377251968000,14.839968017578125,0.1880039263310638,0.2862046788240031,0.053700940445365414
1789997377262038000,14.8500380859375,0.15050509547918395,0.2388287978938168,-0.0016035644678621614
1789997377272109000,14.860109130859374,0.10867387223627449,0.23118199218857496,0.0034054552289621703
1789997377282178800,14.8701787109375,0.09917981382619723,0.2056376865719011,0.0023016861270335996
1789997377292249900,14.880249755859374,0.07319506336960654,0.18598537493464998,0.04547365003406652
1789997377302319400,14.8903193359375,0.07183644709977141,0.16025836976604435,0.09880693453049204
1789997377312390400,14.900390380859376,0.025988840638757834,0.16396719696429018,0.08708539318004793
1789997377322460400,14.91046044921875,-0.006670996085601397,0.127499496639452,0.01881453561211865
1789997377332531500,14.920531494140626,-0.023042374369984513,0.10413530487144139,-0.019516815217158902
1789997377342601200,14.930601318359376,-0.0588163083264989,0.1337669875603835,-0.06179470193881475
1789997377352672300,14.94067236328125,-0.030535965412970677,0.0799742025245157,-0.003085138727893834
1789997377362742500,14.950742431640624,0.003745791936964348,0.04738232339014835,0.11613341224903392
1789997377372813600,14.9608134765625,-0.08197327387507239,0.01241899887626382,0.14733097992872168
1789997377382883300,14.97088330078125,-0.13090652314367154,0.02278773837348293,0.007747991763236328
1789997377392954400,14.980954345703124,-0.1092645929912528,0.03952502875820432,0.0475455578485941
1789997377403024400,14.9910244140625,-0.13729411445102097,0.06517590111122394,-0.024574552752005815
1789997377413095400,15.001095458984375,-0.1363230807783472,0.05196417318646777,-0.024789113721910814
1789997377423165400,15.01116552734375,-0.16138797919947007,0.07886018575786335,-0.01732942352326094
1789997377433236500,15.021236572265623,-0.1553934486277375,0.06688677951469642,-0.00855850457405559
1789997377443306500,15.031306396484377,-0.18238463223423726,0.07573977479242061,0.013588341918140909
1789997377453377500,15.04137744140625,-0.1733929015576269,0.06067330726352003,0.0614957159011328
1789997377463447300,15.051447265625,-0.1984143420545971,0.052082637344472056,-0.003284409627552922
1789997377473518300,15.061518310546877,-0.19498776926142572,0.02002606412878555,0.008369420145777315
1789997377483589400,15.07158935546875,-0.19524549747538203,-0.018631864417442173,0.06172056875646256
1789997377493659400,15.081659423828125,-0.20448318642194113,-0.034513185297336546,0.05922977960315287
1789997377503730200,15.091730224609377,-0.1787415457357192,-0.11315716943582307,0.08852222906197212
1789997377513800400,15.101800537109376,-0.1709604458150469,-0.12345009829526694,-0.005524710423415246
1789997377523871500,15.11187158203125,-0.132853190218276,-0.15713206829535595,0.058051506316104076
1789997377533941200,15.121941162109374,-0.1307159081617389,-0.1648702769561683,0.0330161763773757
1789997377544012300,15.13201220703125,-0.17982707784616936,-0.1781496250655142,0.02627576433026022
1789997377554082300,15.142082275390624,-0.20671312204123432,-0.21405911750360757,-0.007412688034869629
1789997377564153300,15.1521533203125,-0.18960395929239332,-0.20906248451207898,-0.05410770449544713
1789997377574223400,15.162223388671874,-0.1290245650686062,-0.2713255677211327,-0.006442409544120059
1789997377584294400,15.17229443359375,-0.12009531622059412,-0.29870008802043885,0.06487722199661566
1789997377594364400,15.182364501953124,-0.16672207226174535,-0.24706019376845234,0.022750701434910515
1789997377604435500,15.192435546875,-0.1634564902408039,-0.23542015294111204,0.04348101013807295
1789997377614505200,15.202505126953126,-0.17450682181912447,-0.27106480661437793,0.0347114039051757
1789997377624576300,15.212576171875,-0.14168021158126792,-0.28173294269717525,0.04831098828549923
1789997377634646500,15.222646484375,-0.13645759895996976,-0.24162773619119213,0.09987173928646984
1789997377644717600,15.232717529296876,-0.18092888850238936,-0.1978488976544316,0.031500501688097884
1789997377654787300,15.242787353515626,-0.1454853920338646,-0.20710156357808074,0.013101377397387894
1789997377664858400,15.2528583984375,-0.1371819527395266,-0.17431398368886827,-0.02975915363953395
1789997377674928400,15.262928466796875,-0.1942054274499923,-0.11010178633010316,-0.1330009288373679
1789997377684999400,15.27299951171875,-0.17389867219712016,-0.08995023322357984,-0.08148296889426858
1789997377695069400,15.2830693359375,-0.1606497986873212,-0.13326428526120562,0.09391011616939235
1789997377705140500,15.293140380859375,-0.1096888802839372,-0.1840569015881533,0.03960570718564743
1789997377715210500,15.30321044921875,-0.07091881918193182,-0.13723253937949906,-0.04408459571750952
1789997377725281500,15.313281494140623,-0.07156522108701119,-0.05478036171638508,-0.0247286356440434
1789997377735352300,15.323352294921875,-0.07949757430070152,-0.07277350517096018,0.019645822234318152
1789997377745422300,15.33342236328125,-0.05391629359049175,-0.12647415315183314,0.08056135642285435
1789997377755493400,15.343493408203123,-0.037959816636766265,-0.11970994616577903,0.05983664007154478
1789997377765563400,15.3535634765625,-0.04483200048076366,-0.08613124123293908,-0.04483160125615282
1789997377775634200,15.36363427734375,-0.053107727002707446,-0.05752058817521996,-0.05717188903541102
1789997377785704400,15.373704345703125,-0.04340429847247916,-0.0686656935289461,-0.027541203957378566
1789997377795775500,15.383775390625,-0.03960640660344272,-0.05956376148152874,-0.02512152620270824
1789997377805845200,15.39384521484375,-0.021225080646217673,-0.0781802439564959,0.055684989189216105
1789997377815916300,15.403916259765625,-0.047055063466147996,-0.06526232455916749,0.014050766203566285
1789997377825986300,15.413986328125,-0.054863230915396126,-0.03715193653211131,-0.051453367537727064
1789997377836057300,15.424057373046876,-0.045053418405548024,-0.06009131349410705,-0.0028641518612957137
1789997377846127400,15.43412744140625,-0.03055070782404606,-0.051752139319289146,0.039081511386577096
1789997377856198400,15.444198486328125,-0.02591389962509484,-0.052991535833885,0.025088492684100516
1789997377866268400,15.454268310546874,-0.0022693183617939964,-0.08169325882544436,0.08361524250339647
1789997377876339500,15.46433935546875,0.012240823975703998,-0.10037284730298592,0.11507145067590567
1789997377886409200,15.4744091796875,-0.03621194231861089,-0.10798032722476152,0.0692131957487375
1789997377896480300,15.484480224609374,-0.06210367270624129,-0.09024113890245382,0.029228231448890918
1789997377906550500,15.494550537109374,-0.012433690514274164,-0.08989049132332719,0.040005078174568734
1789997377916621600,15.50462158203125,-0.005060308606233003,-0.06586385798606596,0.016902821192876002
1789997377926691300,15.51469140625,-0.024733705978822514,-0.05433381191435196,0.023017956532397636
1789997377936762400,15.524762451171876,-0.04153939180989431,-0.034159852188997565,0.008541276601738973
1789997377946832400,15.534832275390626,-0.02710334051454263,-0.05875791785494739,0.008479521348611619
1789997377956903400,15.5449033203125,-0.024975438800428795,-0.0950318698466377,0.024797457791941688
1789997377966973200,15.55497314453125,-0.015385807079627927,-0.11565726758403362,0.03189169075389411
1789997377977044200,15.565044189453126,-0.03863058937000383,-0.10568288836059908,0.06260349279545349
1789997377987114500,15.575114501953124,-0.07943031920875439,-0.11129793164754948,-0.0403981459128589
1789997377997185500,15.585185546875,-0.05512843420712715,-0.10982395588446928,-0.006870528140115433
1789997378007256300,15.59525634765625,-0.0783077988122392,-0.07518241927062004,0.0530512272146939
1789997378017326300,15.605326416015624,-0.06076236662083133,-0.09793987468949855,-0.01848197152786589
1789997378027397400,15.6153974609375,-0.032318347011012494,-0.12564689206235244,-0.051148137434419066
1789997378037467400,15.62546728515625,-0.06489822438037836,-0.15514905851205046,0.010781058879116808
1789997378047538200,15.6355380859375,-0.01318301700474933,-0.16000888202451705,-0.06563351822345248
1789997378057608400,15.6456083984375,-0.0038138925258547132,-0.157530540268044,-0.013240377842192175
1789997378067679500,15.655679443359375,-0.03205032567130774,-0.19192887056069838,0.09979953609995033
1789997378077749500,15.66574951171875,-0.08233258308893872,-0.2452780205049101,0.043871096568971604
1789997378087820300,15.6758203125,-0.07725131516785072,-0.23130461441753553,0.03792390675354506
1789997378097890300,15.685890380859377,-0.09867547465989483,-0.230028979492029,-0.03826495393648096
1789997378107961300,15.69596142578125,-0.057284946091838734,-0.2486695824682585,0.026962476477983943
1789997378118031400,15.70603125,0.018542701485960225,-0.23523051699145003,0.0694141328897376
1789997378128102400,15.716102294921876,-0.054450515634753956,-0.18305197132442844,-0.05595110438639658
1789997378138172400,15.72617236328125,-0.042965556635782845,-0.18679837029777746,-0.058040067976931245
1789997378148243500,15.736243408203125,-0.02692013851942255,-0.16921418120781986,-0.05727128155109874
1789997378158313200,15.746313232421874,0.015010100849464454,-0.2088749370490478,-0.05688406231189568
1789997378168384300,15.75638427734375,0.050274901821412844,-0.2738820836811387,0.02254372733822874
1789997378178454300,15.766454345703124,0.04091611636840152,-0.21705228977534885,-0.010222680300401214
1789997378188525300,15.776525390625,0.04950932426930203,-0.15224036519541517,-0.09320040855423728
1789997378198595300,15.78659521484375,0.07486650018180435,-0.13239954691429798,-0.08653898571208611
1789997378208666400,15.796666259765624,0.08395866723755342,-0.17323106932619456,0.0014921553285360393
1789997378218736400,15.806736328125,0.08969815241330292,-0.14914008987486033,-0.04501090299689533
1789997378228807400,15.816807373046874,0.08386994471027007,-0.059028968837031334,-0.09284039412456059
1789997378238877200,15.826877197265626,0.08700278614402372,-0.053401067374142484,-0.02379342233326558
1789997378248948200,15.8369482421875,0.11879256210873089,-0.07008928635921713,-0.022638521670017724
1789997378259018500,15.8470185546875,0.12421566500945724,-0.08524978473646559,-0.003990140591880368
1789997378269089500,15.857089599609376,0.1562229702168171,-0.031963302197360044,-0.004470645083319389
1789997378279160300,15.867160400390626,0.16363054188938686,0.02574439150550844,-0.04597131176846075
1789997378289230300,15.877230224609375,0.17492470164244325,0.07359053506261702,0.0007885167087279155
1789997378299301400,15.88730126953125,0.186461312938009,0.0314567123585981,0.038583643542763064
1789997378309371400,15.897371337890624,0.16580541052481582,0.02333190238897511,0.003676783795037587
1789997378319442400,15.9074423828125,0.12329680512315844,0.05989989725814719,0.024044802492441543
1789997378329512700,15.9175126953125,0.11683450169349986,0.05592765717916206,-0.04570447441269633
1789997378339583500,15.92758349609375,0.19294919219377638,0.057397353531893465,0.006038981675380629
1789997378349653500,15.937653564453123,0.20865512355230242,0.05395097870277041,0.011988264567033861
1789997378359724500,15.947724609375,0.17171842013087565,0.06834498953638003,-0.06724376114540247
1789997378369794600,15.957794677734377,0.19677138682375095,0.1003485138807044,-0.0475911578437737
1789997378379865300,15.967865234375,0.19924525010095545,0.09490559963343949,-0.03325706011097679
1789997378389935600,15.977935546875,0.15965004698757387,0.10655888650488018,-0.06262145758032171
1789997378400006700,15.988006591796877,0.18162002442847563,0.08632835344304345,0.015786506321346483
1789997378410076700,15.99807666015625,0.22343680394044566,0.06226222757110572,0.07676680013875957
1789997378420147500,16.0081474609375,0.24852279803742264,0.06702482374413725,0.06553464422287004
1789997378430217500,16.018217529296876,0.19133079778928894,0.14108943749664096,-0.032750983280150116
1789997378440288500,16.02828857421875,0.13526536116753993,0.16063245477856083,-0.07983337153876466
1789997378450358300,16.038358154296876,0.14851937986994873,0.14063678266530785,-0.038147126755193134
1789997378460429300,16.04842919921875,0.1826014427812501,0.154395860579949,-0.018042856972202675
1789997378470499600,16.05849951171875,0.1625894091407474,0.13642300612363745,0.04351098173501287
1789997378480570600,16.068570556640626,0.11842351937393865,0.1490540098668515,-0.007871814433023951
1789997378490640400,16.078640380859376,0.15002712495951193,0.12623797687008403,0.06796069337670316
1789997378500711400,16.08871142578125,0.1392636075963914,0.13647821518226286,0.04464775025819425
1789997378510781400,16.098781494140624,0.1646471613545779,0.13113953843214454,-0.0029711649947868337
1789997378520852500,16.1088525390625,0.13234724012309748,0.14988428442252616,-0.09393409167025944
1789997378530922500,16.118922607421876,0.08704814805153561,0.22328095875489468,-0.10489743319500439
1789997378540993500,16.12899365234375,0.10031622289575809,0.2119632047254482,-0.09254320357311034
1789997378551064600,16.139064697265624,0.10175163950417106,0.18756460530449298,-0.031007453403041514
1789997378561134600,16.149134521484374,0.10620763789383515,0.19153230768007934,0.01207170051079003
1789997378571205600,16.15920556640625,0.14348889452011568,0.17584922169522585,-0.0202745407870983
1789997378581275400,16.169275390625,0.15172685126326715,0.14338817507295062,-0.05093845274674601
1789997378591346400,16.179346435546876,0.1351925001213405,0.10547289517481513,0.00478344366268009
1789997378601416700,16.189416748046874,0.1519705983458664,0.1442649581705161,0.06706126823053632
1789997378611487500,16.199487548828124,0.12941237688556537,0.1967377971655178,0.004157476143012831
1789997378621557500,16.2095576171875,0.10128784123984651,0.22175856392840287,-0.09228710432732329
1789997378631628500,16.219628662109375,0.1444135831181943,0.20657654201241196,-0.10632432709721876
1789997378641698600,16.229698486328125,0.17125165551041838,0.21857472983436155,-0.07676912621700754
1789997378651769300,16.239769287109375,0.13035778978196574,0.2162239091256159,-0.09207301458133454
1789997378661839400,16.24983935546875,0.10067536910412027,0.20767023498976714,-0.06373915210090862
1789997378671910400,16.259910400390623,0.1243575730069475,0.1757647062037748,0.07847448203407778
1789997378681980700,16.269980712890625,0.11595205490906563,0.1666829786250723,0.03596008377961844
1789997378692051500,16.280051513671875,0.11683025579021422,0.1799208456878564,-0.0460580987347263
1789997378702121500,16.29012158203125,0.1372417906783048,0.17109806810306846,0.030481543423478336
1789997378712192500,16.300192626953127,0.10195514771486779,0.15957316874441557,0.05969811368860699
1789997378722262500,16.310262451171877,0.07935524501314542,0.13393538610214795,0.07965592314986233
1789997378732333300,16.320333251953127,0.0290054842153158,0.1303429287601203,0.0015291600254039401
1789997378742403600,16.330403564453125,0.015242205235988229,0.05886450277997067,-0.06646232209974189
1789997378752474600,16.340474609375,0.03703444206069367,-0.0017685331336603507,-0.0010394071088573162
1789997378762545700,16.350545654296877,0.03424993101771865,0.012729840236030524,0.0849014229097018
1789997378772615400,16.360615478515626,0.0007509997144692987,0.016684333715672715,0.11234472305558457
1789997378782685400,16.370685546875,-0.055617868251159,0.030672455509422276,0.06368794310541075
1789997378792756500,16.380756591796874,-0.08761466653181642,0.06715265465344523,0.0006407804536710651
1789997378802827500,16.39082763671875,-0.07204420605543471,0.06543147639215639,-0.0328752185881891
1789997378812897500,16.4008974609375,-0.06035535137212843,0.05033189798517285,0.03126008520170633
1789997378822968600,16.410968505859376,-0.10170593094083345,0.028609272917026498,0.12062085680916498
1789997378833038600,16.42103857421875,-0.1253918584515818,-0.0029753220949595488,0.07089048811568831
1789997378843109600,16.431109619140624,-0.07829067943216783,-0.010456533789096377,0.10283822228643358
1789997378853179400,16.441179443359374,-0.1033073647868565,0.00698617315084097,-0.007584931837012882
1789997378863250400,16.45125048828125,-0.1070527796034179,-0.009611020933298887,-0.050145534399205806
1789997378873320700,16.46132080078125,-0.11320365729657633,-0.008776816074861277,0.04465013160689175
1789997378883391700,16.471391845703124,-0.055995023383329415,0.00648376374646225,0.021818735664933975
1789997378893461500,16.48146142578125,-0.02133192620990214,0.01581094099772679,0.10516327943681261
1789997378903532500,16.491532470703124,-0.06370647598004599,0.016700297620649056,0.08752942332396979
1789997378913602600,16.5016025390625,-0.11433631737610134,0.03455796377696759,0.04394527559013992
1789997378923673300,16.51167333984375,-0.07657953360044523,0.019696198616486152,0.020661722783242728
1789997378933743400,16.521743408203125,-0.03705926045103642,0.011511612630082053,-0.04645880137792875
1789997378943814400,16.531814453125,-0.015093897526206521,0.03622734474431667,-0.05778158657448343
1789997378953884700,16.541884765625,0.009144727026860054,0.04744625782964489,-0.030520299121186787
1789997378963955500,16.55195556640625,-0.006184252458523767,0.07745177894824097,-0.018612359895674394
1789997378974025500,16.562025390625,0.028094326595347396,0.09486234234723585,0.02677002297442327
1789997378984096500,16.572096435546875,0.052553661292870875,0.11884074714962604,-0.011464936881701644
1789997378994166500,16.58216650390625,0.040480666092214394,0.14433403066410566,-0.02418983006169378
1789997379004237300,16.5922373046875,0.05241473636217509,0.1621556308035464,0.00828804822798677
1789997379014307600,16.6023076171875,-0.030433780990830064,0.16941781819239282,-0.04277070044891764
1789997379024378600,16.612378662109375,-0.06121855158509187,0.18215118242587486,-0.1271966829126773
1789997379034448400,16.622448486328125,0.0010782685766377153,0.20959568119872432,-0.10083214913085144
1789997379044519400,16.63251953125,0.023472687993901824,0.1838728210716901,-0.013718373328347928
1789997379054590500,16.642590576171877,-0.07069709832923698,0.15113496151590672,-0.027892286004995704
1789997379064660500,16.652660400390626,-0.13297007109883893,0.142898890570669,-0.16656982913356952
1789997379074731500,16.6627314453125,-0.09853631685391503,0.16878711054189097,-0.09713201065879074
1789997379084801500,16.672801513671875,-0.08488857724696927,0.1575364399562946,-0.03284721712616674
1789997379094872600,16.68287255859375,-0.12667781981307003,0.08512260827260339,-0.08438128636147574
1789997379104942600,16.692942626953126,-0.18348958557092052,0.06016794932795556,-0.023308272850830848
1789997379115013600,16.703013671875,-0.13866704132165522,0.021936376369795063,-0.04713260138456296
1789997379125083400,16.71308349609375,-0.11016276626874147,-0.04052938797847222,-0.08111808069871236
1789997379135154400,16.723154541015624,-0.16950483219044865,-0.08961055812605591,-0.02870750880750099
1789997379145224400,16.733224365234374,-0.19183180117787546,-0.10549044371055773,-0.0427047803276038
1789997379155295500,16.74329541015625,-0.19886578762058565,-0.12078141348021515,-0.05489454830977681
1789997379165365500,16.753365478515626,-0.16399733943621417,-0.19358574674088297,-0.033267549161901055
1789997379175436500,16.7634365234375,-0.17817161329043177,-0.2959382099418319,0.12410945721604445
1789997379185506600,16.773506591796874,-0.201756785467516,-0.3400117551608556,0.17735509486711606
1789997379195577600,16.78357763671875,-0.2545446153436124,-0.30389987202721885,0.13824435732074727
1789997379205647400,16.7936474609375,-0.21458396232432764,-0.19973596436805227,-0.014343239792333665
1789997379215718400,16.803718505859376,-0.18423505053656086,-0.18920823797611688,-0.060881815740206395
1789997379225788700,16.81378857421875,-0.19755970061284706,-0.21824087559062272,-0.10307356532465824
1789997379235859500,16.823859375,-0.21001479674535153,-0.22810510133296288,0.07128376845040221
1789997379245929500,16.833929443359374,-0.22633734868847907,-0.21903890734856415,0.08985639985064593
1789997379256000500,16.84400048828125,-0.2014510375319351,-0.1949456182041176,-0.051139143981281
1789997379266070500,16.854070556640625,-0.19143179295965765,-0.17196656754024378,-0.11850537631089077
1789997379276141300,16.864141357421875,-0.22132305534543797,-0.15653985476676874,-0.03570302021293434
1789997379286212400,16.87421240234375,-0.1531257294938822,-0.15993395387348575,0.0954061980785403
1789997379296282600,16.88428271484375,-0.10870145196948572,-0.14417779968237251,0.11427777698446914
1789997379306353700,16.894353759765625,-0.10814593899437182,-0.11949447323197425,0.06378668765135052
1789997379316423700,16.904423583984375,-0.11994008637053151,-0.08772718842422855,0.016719520616098275
1789997379326494700,16.91449462890625,-0.1197643411863291,-0.057850120991536205,0.02772688802632411
1789997379336564700,16.924564697265627,-0.11232325895302825,-0.10079153195631542,0.11974292584009193
1789997379346635500,16.934635498046877,-0.10881107963754007,-0.13742069196892914,0.0661545831742398
1789997379356705800,16.944705810546875,-0.08012070710718361,-0.1309698999701527,0.025509087988543514
1789997379366776800,16.95477685546875,-0.0428673440076988,-0.15782382618702798,0.08305407725116144
1789997379376846600,16.9648466796875,-0.046356403151827826,-0.16000204649045174,0.06150805170757723
1789997379386917600,16.974917724609377,-0.027865151240245568,-0.2121188836276428,0.19853031527039863
1789997379396987600,16.984987548828126,-0.009442264955194518,-0.2085303676700981,0.11651413530346946
1789997379407058700,16.99505859375,-0.03119468832073477,-0.17278612929388804,-0.018402705091213015
1789997379417128400,17.00512841796875,-0.06453762388939487,-0.19851741369726586,0.015536589782925261
1789997379427199500,17.015199462890624,-0.05800535827520491,-0.19226409968305525,0.06465431803069252
1789997379437269800,17.025269775390626,-0.02162865352851973,-0.1792345149146617,0.11064240981955567
1789997379447340800,17.0353408203125,-0.007063667312560708,-0.20345254772253532,0.10574436231966386
1789997379457410600,17.04541064453125,0.001247263094629195,-0.20237261145443813,0.0028795884001982268
1789997379467481600,17.055481689453124,-0.026985876181792358,-0.1278203873988351,-0.010624158334169648
1789997379477551600,17.065551513671874,0.0010232878730093119,-0.09149778908470955,0.00035647238559913545
1789997379487622700,17.07562255859375,0.040793236507731326,-0.110510176658583,0.02641122128220654
1789997379497692700,17.085692626953126,0.010365706736442193,-0.1460903369317496,0.05602851325563484
1789997379507763700,17.095763671875,0.030598540124430446,-0.14423888062148738,-0.05874157012488737
1789997379517833700,17.105833740234374,0.04269958055139804,-0.12335419368903654,-0.03262788976432509
1789997379527904800,17.11590478515625,0.01664126094261726,-0.07189559551200637,-0.055565033454944394
1789997379537974500,17.125974609375,0.03121941358992044,-0.029420445809662066,-0.09211665614244408
1789997379548045600,17.136045654296876,0.04806496952299321,-0.009618109931562228,-0.024219612045341204
1789997379558116600,17.14611669921875,0.029814829351373417,0.009717228674975603,-0.039925505767576065
1789997379568187000,17.156186767578124,0.02270949261572284,0.009016545755844728,-0.0782370024111096
1789997379578257700,17.166257568359374,0.06191935635087483,0.04767325317243658,-0.012608767104804087
1789997379588327700,17.17632763671875,0.08714819618328462,0.049689748183701386,0.06419669796964367
1789997379598398700,17.186398681640625,0.10266224542776614,0.05455747073628933,-0.02064398577278531
1789997379608468700,17.19646875,0.049842252301318946,0.12289145066728632,-0.09733290505188592
1789997379618539500,17.20653955078125,0.05482391650483666,0.17968680966244435,-0.11738709243441947
1789997379628609500,17.216609619140623,0.07057729034444322,0.12670181105819533,-0.06928326161509502
1789997379638680600,17.2266806640625,0.07518659977755833,0.09594787410393141,0.005791489071203461
1789997379648750800,17.236750732421875,0.0927335628273324,0.08197685622263486,0.03762201016196934
1789997379658821600,17.246821533203125,0.11243978075356227,0.07324166251849652,0.031010268325750285
1789997379668891600,17.2568916015625,0.09152776298205977,0.09714662745925363,0.005716966744295973
1789997379678962700,17.266962646484377,0.03261552309468216,0.09963703720502685,-0.018849561686017008
1789997379689032400,17.277032470703126,0.021950427258602852,0.035273345256286295,-0.04187951906559614
1789997379699103500,17.287103515625,0.00023779474224352168,-0.00311041126409967,-0.05817547320258126
1789997379709173800,17.297173828125,0.020909802584745688,-0.06282671338585376,-0.007279127861355461
1789997379719244800,17.307244873046876,0.014781003121901715,-0.0795870385971269,-0.04560559686362041
1789997379729314600,17.317314453125,-0.02087962084152544,-0.08200485161968984,-0.11748284172932821
1789997379739385600,17.327385498046876,-0.04189511980626041,-0.04926933993340445,-0.2069136481219423
1789997379749455600,17.33745556640625,-0.03472081588944294,-0.08388469847847481,0.03611513527453668
1789997379759526700,17.347526611328124,-0.05206439244849423,-0.13916761166151959,0.0996543227868955
1789997379769596700,17.3575966796875,-0.08557357386460714,-0.13698489757568216,0.1212926110242662
1789997379779667700,17.367667724609376,-0.040279598106793345,-0.12158022123439916,0.009275652589509117
1789997379789737700,17.37773779296875,-0.03596515350325239,-0.15052802559440737,-0.07512448434682165
1789997379799808800,17.387808837890624,-0.09145206786058378,-0.1650349871186506,0.004678468811985997
1789997379809878500,17.39787841796875,-0.08105645031230664,-0.14054798179477834,0.07463076902723327
1789997379819949600,17.407949462890624,-0.08721837947181356,-0.1613290784120831,0.053519865358144014
1789997379830020600,17.4180205078125,-0.08993591556729998,-0.16223455735730216,0.0048732593519588245
1789997379840090600,17.428090576171876,-0.05518728186908854,-0.2117845739875177,0.01875140402805686
1789997379850161700,17.43816162109375,-0.08923676774637909,-0.24639885650235724,0.06074613935581639
1789997379860231700,17.448231689453124,-0.06373590277906174,-0.25660074698257923,0.06408056526949418
1789997379870302700,17.458302734375,-0.0406060779755939,-0.2687243759999476,0.13690215144379653
1789997379880372700,17.468372802734375,-0.050801240429942725,-0.24712764686190594,0.04408915664213064
1789997379890443500,17.478443603515625,-0.07266767422073626,-0.20323398281653857,-0.04019943874427339
1789997379900513500,17.488513427734375,-0.044061297938416434,-0.22295809080426077,-0.0018184879476917544
1789997379910584600,17.49858447265625,-0.01937532950171107,-0.237429199813743,0.01709754915516459
1789997379920654800,17.50865478515625,-0.01617207137561157,-0.2219552827809534,-0.06708631810440666
1789997379930725600,17.5187255859375,0.03430138020015073,-0.180629712949306,-0.04273406466364921
1789997379940795600,17.528795654296875,0.03429261058823878,-0.16330729467358956,0.06145574168092095
1789997379950866700,17.53886669921875,0.03050408642416552,-0.14479098713738064,0.03442150338524924
1789997379960936700,17.548936767578127,0.053316949483700506,-0.07377407898416169,-0.003222883576310364
1789997379971007500,17.559007568359377,0.08614105483625703,-0.05084422535866337,-0.002871392219185837
1789997379981077800,17.569077880859375,0.1211807492579928,-0.07372413998697291,0.03837637793934867
1789997379991148800,17.579148681640625,0.11667390226679988,-0.06879485724096338,0.003436528300005871
1789997380001218600,17.589218505859375,0.11039874846425234,-0.03982217261050275,0.05533827659106143
1789997380011289600,17.59928955078125,0.16287526209173714,-0.023980314205081062,0.020565180504822367
1789997380021359600,17.609359619140626,0.20673905224352537,0.02938279742050623,0.0026348403041865213
1789997380031430700,17.6194306640625,0.21127912814759156,0.04931511754847953,0.06486028673125115
1789997380041500700,17.629500732421874,0.21758506970710725,0.06667668160759925,0.02204462018681186
1789997380051571700,17.63957177734375,0.23277151225856035,0.07020762869218197,-0.001625884940316194
1789997380061641700,17.649641845703126,0.20840756073028766,0.06312044188051331,-0.03381731972523102
1789997380071712800,17.659712646484376,0.17864104420267848,0.08587730686793668,-0.07620747427273195
1789997380081783800,17.66978369140625,0.17663214349333117,0.1044636679851893,-0.07374827661215184
1789997380091853600,17.679853515625,0.21855318256010065,0.11492766962030394,-0.0573663114166097
1789997380101924600,17.689924560546874,0.2380386274297645,0.10449780564582124,-0.036594977646060185
1789997380111994600,17.69999462890625,0.20235970180579574,0.09643971003271322,-0.0649545650294034
1789997380122065700,17.710065673828126,0.18030201184756667,0.1393607608825804,-0.09147870513862019
1789997380132135700,17.7201357421875,0.18886550129035293,0.15596070458781072,-0.04974219078846092
1789997380142206700,17.730206787109374,0.18400783834082937,0.1484696172090602,-0.02688150221188021
1789997380152276700,17.74027685546875,0.21644588430534584,0.1568626023682462,-0.03457094939053866
1789997380162347500,17.750347412109374,0.2405898523570388,0.19510367767668355,-0.0390012299360246
1789997380172417500,17.76041748046875,0.21903215659951925,0.20245791202271293,-0.023539805729018634
1789997380182488600,17.770488525390626,0.19325427242825136,0.23101227872664185,-0.05407724676059505
1789997380192558800,17.780558837890624,0.19892913365012746,0.2375493946116792,-0.035531973447319294
1789997380202629600,17.790629638671874,0.22172342891345126,0.2628285840925856,-0.07537351869719659
1789997380212699600,17.80069970703125,0.23560361500820345,0.2662132855435504,0.010790924047731833
1789997380222770700,17.810770751953125,0.2408513553167853,0.2526090894209822,0.09428124474538757
1789997380232840700,17.8208408203125,0.2340972596075888,0.2675692056092391,0.09126272313812496
1789997380242911500,17.830911376953125,0.29020596086815403,0.28650847716825506,0.048986980900131115
1789997380252981800,17.840981689453123,0.30920970930636205,0.30900836147501315,0.040150239232590666
1789997380263052800,17.851052734375,0.3002486649778035,0.3333520956745182,0.009064319525940865
1789997380273122800,17.861122802734375,0.27331692389777024,0.3332307261154592,-0.018904679692943283
1789997380283193600,17.871193603515625,0.2562066162726219,0.3209765258161699,-0.023907953667694243
1789997380293263600,17.881263671875,0.22053670456381383,0.3414947164834478,-0.05366506782631128
1789997380303334100,17.891334228515625,0.26060212746777933,0.3147341638205708,-0.007112016559664554
1789997380313404200,17.901404052734375,0.26181640231186326,0.2960355667608084,0.05700583434345244
1789997380323475200,17.91147509765625,0.23349697150331225,0.27690649962481473,-0.0050437130838226485
1789997380333545200,17.921545166015626,0.22176797898045358,0.2938526927504418,-0.03316185616378032
1789997380343616300,17.9316162109375,0.19749430652685054,0.2990810413323426,0.016694376125340315
1789997380353687300,17.941687255859375,0.1628099402052491,0.25514098279995434,0.02039202365807569
1789997380363757000,17.951757080078124,0.15125021774416736,0.25886867385744955,0.017060563721871633
1789997380373828000,17.961828125,0.09207842920521364,0.2589188599241049,-0.027824040215680516
1789997380383898400,17.9718984375,0.09598946197331422,0.2167622928929086,-0.004467416731972748
1789997380393969200,17.98196923828125,0.10934777568816045,0.21684289529680822,0.019778065891296225
1789997380404039200,17.9920390625,0.08164293774178567,0.2506211963731449,-0.017973585550091323
1789997380414110200,18.002110107421874,0.09618333689618859,0.22055393981875848,-0.017814302754776707
1789997380424180200,18.01218017578125,0.06669576598471316,0.19855766486109958,-0.001293373816181553
1789997380434251000,18.0222509765625,0.03386988874317643,0.22412013704590805,0.008092775958015566
1789997380444321300,18.0323212890625,0.02502855519525017,0.19824477193424384,0.04072321169096105
1789997380454392300,18.04239233398437,0.0019427899986451233,0.18667266162630358,-0.033657348701550814
1789997380464462300,18.05246240234375,-0.004564017264167156,0.177267799378192,0.0038445778560387486
1789997380474533000,18.062533203125,-0.03137836704210482,0.15136832430368885,-0.014685937814663532
1789997380484603100,18.07260302734375,-0.030280168624656524,0.10510422901924187,-0.069737535423453
1789997380494674200,18.082674072265625,-0.06390046578434071,0.08611814205065572,-0.02929759677561765
1789997380504744000,18.09274389648437,-0.06857464959641885,0.08332225277412028,-0.020347257367906116
1789997380514815000,18.10281494140625,-0.09154740570916683,0.05503766860656427,-0.0556788141665804
1789997380524885200,18.11288525390625,-0.10549488722638713,0.028861730483696807,0.034251323359494476
1789997380534956300,18.122956298828125,-0.09521940170178803,0.03703447571296101,0.10198086237033728
1789997380545026000,18.133026123046875,-0.07922768609515299,0.026353191449697565,0.03932218442002342
1789997380555097000,18.14309716796875,-0.10557877187778393,0.007701182375797449,0.0052532300140473095
1789997380565167000,18.1531669921875,-0.06943190605423485,0.025077876068591975,0.03888660663989839
1789997380575238100,18.163238037109377,-0.04885786685325893,0.029913573134472543,0.0031560910838583814
1789997380585308200,18.17330810546875,-0.07645966157823515,0.029782806183914042,-0.010060601300761628
1789997380595379200,18.183379150390625,-0.054228290302267716,0.049276983912059036,0.04646759867752855
1789997380605449200,18.19344921875,-0.08008295168268764,0.09885450206888735,-0.040359396147863685
1789997380615520300,18.20352026367188,-0.08661184632340416,0.1184543839844389,0.004309034194900288
1789997380625590000,18.213590087890623,-0.08658390350646084,0.11629952277103993,-0.013607141116723476
1789997380635661000,18.2236611328125,-0.07579661566051768,0.13665542394158323,-0.0014424000953667758
1789997380645732000,18.23373217773437,-0.059050320894439644,0.12390500418543975,0.04808126301014166
1789997380655802400,18.24380224609375,-0.0686995238000812,0.12931580136907458,-0.013188705402564126
1789997380665873200,18.253873046875,-0.10635879551122597,0.13111532998453485,-0.05089106342198226
1789997380675943200,18.263943115234376,-0.09116387331972091,0.1116512854304516,0.07992496504484142
1789997380686014200,18.27401416015625,-0.06633847003870427,0.08083868014898543,0.10048709781750956
1789997380696084200,18.284084228515624,-0.05262649531882088,0.07104930592676165,0.10776086089654953
1789997380706155000,18.29415502929688,-0.03185811443803685,0.08970913764081972,0.06688628923946806
1789997380716225000,18.30422509765625,-0.056335236780617116,0.09684893284464886,0.04626756353326135
1789997380726296000,18.31429614257813,-0.07246421487136834,0.0751504980491182,0.012104098302111295
1789997380736366300,18.324366455078124,-0.12470507624495843,0.08658280250721326,-0.040821671988809864
1789997380746437000,18.33443701171875,-0.14621244828033564,0.049318093453787584,0.005890304022936508
1789997380756507100,18.344507080078124,-0.09405260375566635,-0.0260596277581685,0.06552984356846867
1789997380766578200,18.354578125,-0.0727644674391688,-0.034674528801636295,0.09385129128625216
1789997380776648200,18.36464819335937,-0.07807994135821286,-0.06514999329994073,0.04374045269308879
1789997380786719000,18.374718994140625,-0.08738862192341423,-0.09734476147451408,0.0624448093420407
1789997380796789200,18.384789306640624,-0.08505364201637654,-0.08112004207478339,0.010160588875532811
1789997380806860300,18.3948603515625,-0.10458884270966262,-0.05796089922195064,-0.011223166252489137
1789997380816930000,18.404929931640623,-0.1222228976040245,-0.045066810911114655,-0.05497111832218163
1789997380827001000,18.4150009765625,-0.11143979107043445,-0.035412732283505326,0.012402045373339755
1789997380837071000,18.425071044921875,-0.07629251707346714,-0.02571032713324121,0.03211433281003057
1789997380847142100,18.43514208984375,-0.1088919894663045,-0.00412122026763131,-0.07317626977434057
1789997380857212200,18.445212158203127,-0.12471687917738083,0.06506174735858736,-0.11198631841027097
1789997380867283200,18.455283203125,-0.12775533948796167,0.09863344912667203,-0.08135997636735232
1789997380877353200,18.46535327148437,-0.06540918886608543,0.05361176222671226,-0.03937387786161356
1789997380887424300,18.47542431640625,-0.03954798525733472,0.07159586228701052,0.029742854400573192
1789997380897494000,18.48549389648437,-0.04208610905114385,0.07072211395972494,0.09764355727917548
1789997380907565000,18.49556494140625,-0.07361181796121516,0.08358848933599401,0.035885305584769496
1789997380917635300,18.50563525390625,-0.07028475890284397,0.10233800439147968,-0.04102188606970534
1789997380927706400,18.515706298828125,-0.05734745357714319,0.08343357711775642,0.020823046264846386
1789997380937777400,18.52577734375,-0.025365182876025037,0.07447760018059234,-0.01210335962456774
1789997380947847200,18.53584716796875,-0.08826058686734405,0.07258970212699517,0.03219985663488052
1789997380957918200,18.545918212890623,-0.07755455067798044,0.06626041392974533,0.07144082279638567
1789997380967988200,18.55598828125,-0.033762108812073394,0.0538745379146838,0.07647984175082093
1789997380978059000,18.56605908203125,-0.11448357064607895,0.04889232973256999,-0.05619100863107075
1789997380988129000,18.57612890625,-0.09612430762463937,0.02173689902519875,-0.06982921677130205
1789997380998200000,18.586199951171874,-0.08687846152784247,0.014900270484383995,-0.035130901746899486
1789997381008270300,18.59627026367188,-0.06539314927262356,-0.03234255000245329,-0.03212743999448173
1789997381018341000,18.60634106445313,-0.1065705776946309,-0.028680555785878373,-0.020065575067613133
1789997381028411100,18.6164111328125,-0.12263924348052938,-0.013078111460741696,-0.06693444241019374
1789997381038482200,18.62648217773437,-0.15812980161998727,-0.04171605504183208,-0.005455221880142099
1789997381048552200,18.63655224609375,-0.15825183353327027,-0.08768397933604395,-0.03441371099851266
1789997381058623000,18.646623046875,-0.12120614923126659,-0.11972204576579436,-0.10224039885997167
1789997381068693200,18.656693359375,-0.14346710347790867,-0.1508957515682192,-0.0754936703065808
1789997381078764300,18.66676440429688,-0.1692044423110774,-0.17109592299517798,-0.0398265941214807
1789997381088834300,18.676834228515624,-0.19658344499523916,-0.1734053904981877,0.021099876582498626
1789997381098905000,18.68690502929688,-0.1464303958438987,-0.21426310070084992,0.044421708879615086
1789997381108975000,18.69697509765625,-0.11705653987163873,-0.22429715874558045,0.02615601894583719
1789997381119046100,18.707046142578125,-0.14154322900813085,-0.19681912265136645,0.05121371067253231
1789997381129116200,18.7171162109375,-0.17237559499894967,-0.19019289670989423,0.0397033174458722
1789997381139187200,18.727187255859373,-0.1975760903098315,-0.16526489493469024,-0.07271944218250516
1789997381149257200,18.73725732421875,-0.12777562210131468,-0.18943591535013057,-0.11271837342744663
1789997381159328300,18.747328369140625,-0.1442373041434185,-0.21206742446867455,-0.012995341730161177
1789997381169398000,18.75739794921875,-0.15699640255060748,-0.17735712711330656,0.008059917574143495
1789997381179469000,18.767468994140625,-0.15744108915341518,-0.1230888474862212,-0.027774585569753128
1789997381189539000,18.7775390625,-0.11155268752536339,-0.10516690922240376,-0.028038049034443877
1789997381199610000,18.78761010742188,-0.05056812989077173,-0.15247428387302076,-0.004396018654045732
1789997381209681200,18.79768115234375,-0.03703943754192806,-0.12941063057652066,-0.0027996217865653597
1789997381219751200,18.807751220703125,-0.029138264237948405,-0.07026126741257192,0.028885438590707375
1789997381229822200,18.817822265625,-0.05021562734774933,-0.047564608937695124,0.012284467957185413
1789997381239892200,18.827892333984376,-0.01853467767484,-0.039072297243672255,-0.04450364269457457
1789997381249963300,18.83796337890625,0.015071477164366428,-0.04899720975229193,0.0057238519845170975
1789997381260033000,18.848032958984376,0.0673308153486098,-0.019307109986024338,0.026295212904339234
1789997381270104000,18.85810400390625,0.08352987511837685,0.024450588098656755,0.050372441592909774
1789997381280174300,18.86817431640625,0.05606633774610268,0.0795207860059779,-0.02783130848255959
1789997381290245000,18.8782451171875,0.07885281795788214,0.09133919829248083,-0.15855054811677816
1789997381300315400,18.8883154296875,0.12415093256660854,0.06358371303994402,-0.03638650660243199
1789997381310386400,18.89838647460937,0.1185827621626616,0.09409670712785541,-0.00121200337267854
1789997381320456200,18.908456298828124,0.09114495663693448,0.14081333075263677,0.030160963419051678
1789997381330527200,18.91852734375,0.11628024804472718,0.17521759042350585,0.053962211604839
1789997381340597500,18.928597412109376,0.11475808606321133,0.1933613539364207,-0.007605361131880859
1789997381350668500,18.93866845703125,0.10526074861968014,0.13346634118951567,-0.03904936440579059
1789997381360738300,18.94873828125,0.10582006322887241,0.11339140471697418,0.008642951184226724
1789997381370809300,18.95880932617188,0.0958179472329405,0.1541601903191752,0.01729948555593103
1789997381380879400,18.96887939453125,0.126830878587517,0.16849972652352727,-0.020431881476406503
1789997381390950400,18.97895043945313,0.09898819056047137,0.18130334502116774,0.022979216978683853
1789997381401020400,18.9890205078125,0.056081994588759496,0.19341412896975727,-0.04196250358781944
1789997381411091200,18.99909130859375,0.03113319299724163,0.17042876292273884,0.015076166229202511
1789997381421161500,19.009161376953124,0.02857339681730523,0.13953538147979663,-0.01957792643918308
1789997381431232500,19.019232421875,0.02957253796271563,0.12799398373022275,-0.017001945726244652
1789997381441302300,19.02930224609375,0.02593157907396455,0.1486289492848851,-0.08693208890776294
1789997381451373300,19.039373291015625,0.028395555891047985,0.17338890754932523,-0.13738151967879686
1789997381461443300,19.049443359375,0.0035811152669661494,0.15377811941580108,-0.091393221975939
1789997381471514400,19.05951440429688,0.0028755101030369075,0.10247777185749142,-0.06584455122552184
1789997381481585200,19.069585205078123,0.0068042541790274335,0.007284849419943008,-0.0008177683848002999
1789997381491655400,19.079655517578125,0.0027932267421117516,-0.06366342893081176,0.011775823702211932
1789997381501726500,19.0897265625,-0.018562989536237584,-0.059343281500238695,-0.009653217534053158
1789997381511796500,19.09979638671875,-0.05676207231296868,-0.023508198099448877,-0.0670914955408818
1789997381521867300,19.1098671875,-0.04931021600825163,-0.026616424050852627,-0.0415921105221382
1789997381531937300,19.119937255859377,-0.026767133389695916,-0.06785903696064134,-0.057659945108133756
1789997381542008300,19.13000830078125,-0.024481371831885323,-0.06466839412218954,-0.1311708484574754
1789997381552078600,19.14007861328125,-0.026893282690838318,-0.09729687816016545,-0.1035691221218932
1789997381562149400,19.1501494140625,-0.08775168918060877,-0.10360456535557061,-0.032818786576552045
1789997381572219400,19.16021948242188,-0.11767697114310759,-0.14923532505180578,0.005436088733747497
1789997381582290400,19.17029052734375,-0.08791221576745625,-0.17849561402241437,0.08102725688950696
1789997381592360400,19.1803603515625,-0.09353947260618428,-0.185989454795007,-0.035386991586419156
1789997381602431200,19.19043115234375,-0.12358223925236475,-0.20369875910324955,-0.03698632441218262
1789997381612501500,19.20050146484375,-0.1343177242323791,-0.20580286922088425,0.07014695296733914
1789997381622572500,19.210572509765623,-0.13502041741547763,-0.18507042969894077,0.08482579719806758
1789997381632642300,19.220642333984376,-0.12531909930131793,-0.14277315132074864,-0.026232322725306213
1789997381642713300,19.23071337890625,-0.1541371362701966,-0.1599956520400631,-0.10449661937665332
1789997381652783400,19.240783447265624,-0.15916991954667314,-0.22631320132482022,-0.017580822002327974
1789997381662854400,19.2508544921875,-0.11449712976857002,-0.15437183320884404,0.050270230895327915
1789997381672924200,19.260924072265624,-0.041806490689545846,-0.13751796388478502,0.14343204005196117
1789997381682995200,19.2709951171875,-0.046645853670609236,-0.08147201358810731,0.03960196542981226
1789997381693065500,19.2810654296875,-0.024600212350513854,-0.02707322419441519,-0.000357676463763493
1789997381703136500,19.29113647460937,-0.009501326763327324,-0.014408560449826873,0.02909466085046404
1789997381713206300,19.301206298828124,0.015263000143501198,0.05393667447377918,-0.006278592277280274
1789997381723277300,19.31127734375,0.03431815816392072,0.11977977509465298,-0.00030153372256819786
1789997381733347300,19.32134741210937,0.004763905742072485,0.15340768521329698,-0.07486828366489452
1789997381743418400,19.33141845703125,0.06582843991728293,0.20955594081484483,-0.07148369959560794
1789997381753488400,19.34148828125,0.15047504711417356,0.2525403143587569,-0.04490478413340872
1789997381763559400,19.35155932617188,0.17897284858224766,0.2622828967514398,0.003828351531506562
1789997381773629400,19.36162939453125,0.15003443818493678,0.2379502423711513,0.04633196086991321
1789997381783700500,19.371700439453125,0.11239045586831758,0.277610611474358,0.00020206321309252222
1789997381793771300,19.38177124023437,0.14398525004177426,0.281859320724454,0.03177758813392036
1789997381803841300,19.39184130859375,0.16950076218861984,0.25094898011498146,0.06896491150086756
1789997381813912300,19.401912353515623,0.08547969952524141,0.23554736712677554,0.032017918392715165
1789997381823982600,19.411982666015625,0.04233987826479329,0.2217051749618121,-0.08428573938368682
1789997381834053400,19.422053466796875,0.04696239454729329,0.20971404115826395,-0.11865159046486891
1789997381844123400,19.432123291015625,0.06167983989034476,0.2061702865752278,-0.0897575896750131
1789997381854194400,19.4421943359375,0.0051542247265063046,0.17885113082881304,-0.034575734612842836
1789997381864264400,19.45226440429688,-0.028071356176007332,0.1959982494959732,-0.05796268430037398
1789997381874335200,19.462335205078126,-0.024159447335905092,0.2024066617924438,-0.01588622925652045
1789997381884405200,19.4724052734375,0.018290544226379095,0.20826293565529164,0.03648556465588929
1789997381894476300,19.48247631835937,0.031006293969275765,0.2364006798851708,0.07152469163646356
1789997381904546300,19.49254638671875,0.0407673693833408,0.24211670303522756,0.1102644006822681
1789997381914617300,19.502617431640623,0.025089002436335862,0.25543248066328483,0.02477409793707363
1789997381924687400,19.512687255859376,0.017595655425668048,0.29542276153100017,-0.06320015120812529
1789997381934758400,19.52275830078125,0.050192535178909516,0.3333202448311516,0.05927842128429901
1789997381944828200,19.532828125,0.04732447905571969,0.357931244525112,0.018457622561257502
1789997381954899200,19.54289916992188,0.011987810961957496,0.3565122955523627,0.10478081909743509
1789997381964969500,19.55296948242188,0.020903885205579675,0.3907755040312055,0.015778662148223176
1789997381975040500,19.56304052734375,0.025972431583940164,0.4141277054660712,-0.091749657070215
1789997381985110300,19.5731103515625,0.04290715367032317,0.3869336149649835,-0.08604460154680911
1789997381995181300,19.58318139648437,0.014079059659045386,0.38720663168231895,-0.09820547701232929
1789997382005251300,19.593251220703124,-0.02225234183593491,0.3549433155669824,-0.03995251730472461
1789997382015322400,19.603322265625,-0.07539626704158454,0.3115218884904074,-0.10873257099443195
1789997382025392400,19.61339233398437,-0.07733715349394764,0.18198925192069074,0.011306361679096487
1789997382035463400,19.62346337890625,-0.12462715427833501,0.06665981101441676,-0.0005966936948105963
1789997382045534500,19.633534423828124,-0.23525156271627512,-0.039316823359440756,-0.0319231381533543
1789997382055604500,19.6436044921875,-0.3022154620197361,-0.10666504537775673,-0.0431404025599957
1789997382065674200,19.65367431640625,-0.2602636185336114,-0.20573165739333427,0.05788267204853202
1789997382075745300,19.663745361328125,-0.27809794064660887,-0.27487121714576945,0.07125002911549583
1789997382085816300,19.67381640625,-0.33961136587614343,-0.2577905743619771,0.059751243571397855
1789997382095886600,19.683886474609373,-0.40814718517089044,-0.22353437907837062,0.09086823338551915
1789997382105957400,19.693957275390623,-0.4277706507044976,-0.24408626219742685,0.07167217160958225
1789997382116027400,19.70402734375,-0.37910805486207444,-0.301010353856558,0.05453678589294791
1789997382126098400,19.714098388671875,-0.40585911997467644,-0.35747896310490995,0.10117363149139161
1789997382136168400,19.72416845703125,-0.47517791675496723,-0.33955348703122384,0.0649825505444994
1789997382146239200,19.7342392578125,-0.4607339279705826,-0.2663315338383467,0.019582394131527434
1789997382156309200,19.74430932617188,-0.3637172904479989,-0.2667735138893305,0.06618468815981368
1789997382166380300,19.75438037109375,-0.38730360107866457,-0.24242370605577782,0.03485376909575005
1789997382176450600,19.764450439453125,-0.426604008023868,-0.1926588043148798,-0.0032512405872677543
1789997382186521300,19.77452124023437,-0.40425872873324437,-0.15435130423716772,0.0764920530512397
1789997382196591400,19.78459130859375,-0.42862785543290804,-0.16722052282886288,0.10158772023017296
1789997382206662400,19.794662353515623,-0.4154020604226156,-0.20444612247255528,0.000423640949619267
1789997382216732200,19.804732177734376,-0.3367873049899533,-0.18870346207698,0.025613100122504312
1789997382226803200,19.81480322265625,-0.3159522018309202,-0.22805536780979244,0.20015311180301745
1789997382236873500,19.82487353515625,-0.2980875632585692,-0.27958854025478946,0.20593149110971332
1789997382246944500,19.83494458007813,-0.24693998959774788,-0.2815495066521018,0.3055345898259583
1789997382257014300,19.84501416015625,-0.24494685364034618,-0.26934386821447986,0.22742344264223682
1789997382267085300,19.85508520507813,-0.2825265881743004,-0.26405174112282914,0.1247188617132906
1789997382277155300,19.8651552734375,-0.29357308386049324,-0.2533516375055732,0.14505690108103406
1789997382287226400,19.87522631835937,-0.31313040072220966,-0.2598585859275199,0.11093324425722455
1789997382297296400,19.88529638671875,-0.295344524570815,-0.31537212644710355,0.10593516750935632
1789997382307367700,19.89536767578125,-0.30310703462524435,-0.360347747296746,0.133123707750871
1789997382317437700,19.905437744140624,-0.3377929149873984,-0.35044879351981684,0.11209393536003613
1789997382327508700,19.9155087890625,-0.34422372106992527,-0.36647502955319494,0.1201943322395583
1789997382337578500,19.92557861328125,-0.3527258127321026,-0.3743579046914949,0.12224316014198763
1789997382347649500,19.9356494140625,-0.35290011242853875,-0.36321159725439794,0.033896632025379236
1789997382357719600,19.945719482421875,-0.37462104129770946,-0.3735926605630099,0.049795259261140576
1789997382367790600,19.95579052734375,-0.3507390635399117,-0.3771353841661864,0.021840014989572182
1789997382377860600,19.965860595703123,-0.32401976034770547,-0.3566442023127255,0.05080854165073256
1789997382387931600,19.975931640625,-0.31993604224906935,-0.36621732042360844,0.09858914260387308
1789997382398002700,19.986002685546875,-0.32178167975884586,-0.37017668773620066,0.08877069832238735
1789997382408072700,19.99607275390625,-0.3082931195219084,-0.3963548477238713,0.07564763373197118
1789997382418143500,20.0061435546875,-0.3039316659805743,-0.38583637121868153,0.07558089169964569
1789997382428213500,20.01621362304688,-0.36622652005604095,-0.37432091157126884,-0.014849436624113307
1789997382438284500,20.026284423828123,-0.35576721338632294,-0.37592485945774384,-0.028344014111625595
1789997382448354800,20.036354736328125,-0.28518904457494054,-0.40685256762939975,-0.025371986104234533
1789997382458425600,20.04642553710937,-0.247112899267961,-0.4113469018640892,-0.005753228451194159
1789997382468495600,20.05649560546875,-0.20772330165659839,-0.3931194425282871,-0.03413008526554627
1789997382478566700,20.066566650390627,-0.2028329214170088,-0.3924479988804796,-0.009899351121603507
1789997382488636700,20.07663671875,-0.21743353610368488,-0.39316712759224653,0.06294529253316361
1789997382498707500,20.08670751953125,-0.23081155279777063,-0.3708128197093814,0.039681447440928976
1789997382508777700,20.09677783203125,-0.22599774856145938,-0.385383508021228,-0.052125611631201586
1789997382518848800,20.106848876953126,-0.242727579894776,-0.3719641027731236,-0.02260278947572264
1789997382528918800,20.11691870117188,-0.24265689658362577,-0.3553758013736913,0.009708830733046419
1789997382538989600,20.12698950195313,-0.22973815895921768,-0.35677474168274925,-0.011843454601699378
1789997382549059600,20.1370595703125,-0.29373216006263814,-0.33711233725472206,-0.05277877537921229
1789997382559130600,20.14713061523437,-0.32424942596612916,-0.3582487213375356,0.0051101961435982834
1789997382569200600,20.15720068359375,-0.27674285127252896,-0.3609885403392454,0.04579364450494758
1789997382579271700,20.167271728515622,-0.30067572750559096,-0.384955862588704,0.050517126353948
1789997382589341700,20.177341796875,-0.3497705220683314,-0.4571071328754732,0.12507772092110284
1789997382599412700,20.18741284179688,-0.3297454238215198,-0.5341716098973014,0.06855289225566687
1789997382609482500,20.197482421875,-0.3598201667290533,-0.549427953852351,0.05533077492325977
1789997382619553500,20.20755346679688,-0.373450771942445,-0.5655349127893017,0.0753090201222078
1789997382629623600,20.21762353515625,-0.3452025346455033,-0.5457147344502844,0.035212691536036456
1789997382639694600,20.22769458007813,-0.3683198569188389,-0.574586473110392,0.09422923542917999
1789997382649764600,20.2377646484375,-0.35299453330563674,-0.6667055137708641,0.13909893984297703
1789997382659835600,20.247835693359374,-0.32203126017755546,-0.70208936870753,0.10158084450435008
1789997382669905700,20.25790576171875,-0.3673694891090815,-0.728835071322028,0.12571938381602923
1789997382679976700,20.267976806640625,-0.41507619778800964,-0.7543575979295147,0.06466565349378808
1789997382690046500,20.27804638671875,-0.3731152071254822,-0.7467266013227203,0.017164874564200322
1789997382700117500,20.288117431640625,-0.36583079608414903,-0.7870772943958935,0.10726905569448908
1789997382710187800,20.298187744140623,-0.35312854217105316,-0.8850426541471881,0.0790810842233116
1789997382720258800,20.3082587890625,-0.3263989218577041,-0.8898712916460443,0.07276389263425746
1789997382730328600,20.31832861328125,-0.35458598599298863,-0.9016206609767429,0.22042870557487537
1789997382740399600,20.328399658203125,-0.3340765513859645,-0.9080697851440842,0.13047612857144172
1789997382750470700,20.338470703125,-0.3139926883914717,-0.8652615587073827,0.11870355239670818
1789997382760540700,20.348540771484377,-0.3346674850777294,-0.8896907798287835,0.13070397956735452
1789997382770611500,20.358611572265627,-0.37698569340163973,-0.8686526267760839,0.06973591507773552
1789997382780681700,20.368681640625,-0.32872286111844234,-0.8690836305642328,0.12856964316863526
1789997382790752800,20.378752685546875,-0.32524715712661134,-0.8848257374176707,0.05150168832396041
1789997382800822800,20.38882275390625,-0.37338162118429086,-0.8849098863263363,0.007423115034238954
1789997382810893600,20.3988935546875,-0.3230777938244423,-0.8948336932565596,0.10246083967717443
1789997382820963600,20.40896362304688,-0.2546964489610607,-0.8800362645756133,0.1033678644038679
1789997382831034600,20.41903466796875,-0.19390354737578122,-0.9139226779498418,0.21880192416026034
1789997382841104600,20.429104736328124,-0.2589744619534978,-0.9133459099613981,0.19431174410932875
1789997382851175400,20.43917553710937,-0.2562857958101233,-0.8886195822328765,0.11079147886804928
1789997382861245700,20.44924560546875,-0.12034664708487232,-0.8586771619954706,0.1851838983560006
1789997382871316700,20.459316650390623,-0.07448682701868398,-0.8504436694755619,0.15873195084094976
1789997382881386500,20.469386474609376,-0.0803351873766148,-0.8772138333222642,0.21250679867261363
1789997382891457500,20.47945751953125,-0.10371557021979905,-0.8579092466636842,0.21422031214109716
1789997382901527600,20.489527587890624,-0.05885432678834447,-0.8421952108579679,0.1809705302512718
1789997382911598600,20.4995986328125,-0.004555186749410902,-0.8137112423356088,0.2061713034034769
1789997382921668600,20.50966870117188,0.003095740007072987,-0.7906575892310361,0.22794665597075275
1789997382931739600,20.51973974609375,0.030743426140190003,-0.7447171917965076,0.15720042512519208
1789997382941809700,20.5298095703125,0.056072763043602224,-0.7115227567478112,0.1280747894765168
1789997382951880700,20.53988061523437,0.0960219689979816,-0.7235845964553171,0.2046991952067467
1789997382961950500,20.549950439453124,0.13219107070512712,-0.6869832803164226,0.18026970375311563
1789997382972021500,20.560021484375,0.1417375422777475,-0.6193443909082779,0.22818688100462683
1789997382982091800,20.570091796875,0.1538883137518461,-0.6174184354745218,0.26677728762658165
1789997382992162800,20.58016284179688,0.22211672932615348,-0.5961427558667348,0.2875996205893325
1789997383002232600,20.590232666015623,0.2677225453107523,-0.5181682791029412,0.24693392668376127
1789997383012303600,20.6003037109375,0.3471962106592216,-0.5079832358326252,0.23923916722573674
1789997383022373600,20.61037353515625,0.4166513626342923,-0.47053539682274037,0.22291209296995507
1789997383032444700,20.620444580078125,0.43854918843871304,-0.4579966288995041,0.30690338159922276
1789997383042514700,20.6305146484375,0.43996092052757535,-0.3747793696900411,0.20435780816241517
1789997383052585700,20.640585693359377,0.4655061913121859,-0.30451881909767614,0.1673327110583838
1789997383062655700,20.65065576171875,0.4560229166597025,-0.3143442586242744,0.1678784060192173
1789997383072726800,20.660726806640625,0.4558267120089842,-0.31173194832294654,0.10346704218307119
1789997383082797600,20.670797607421875,0.4681801676049315,-0.2602501655656403,0.03147527365336671
1789997383092867600,20.68086767578125,0.5175108343231856,-0.24412172015764633,0.14700688967393355
1789997383102937600,20.6909375,0.5468675880081082,-0.240212749943966,0.1764064165210737
1789997383113008600,20.70100854492188,0.5719451263504295,-0.15549974625942156,0.11620735111285141
1789997383123079400,20.711079345703126,0.5434476127346146,-0.11035054535006418,0.10615592236501814
1789997383133149700,20.721149658203124,0.5488837639823132,-0.13497746190579818,0.054552110526048594
1789997383143220700,20.731220703125,0.5706148274912901,-0.10984744945266833,0.0684226429478998
1789997383153290500,20.74129052734375,0.5987359169368679,-0.07784504889920857,0.04032465182156824
1789997383163361500,20.751361572265623,0.5649270266955594,-0.048673582956593915,-0.00485169157509727
1789997383173431600,20.761431640625,0.5215382258578074,-0.018750379415413822,0.01247829869907508
1789997383183502600,20.771502685546874,0.5268870154669062,-0.019640694070081493,-0.022563561506612023
1789997383193572600,20.781572509765624,0.5606132703816294,-0.04773732056579949,0.043785411761575924
1789997383203643600,20.7916435546875,0.5996103363752464,-0.03419327203897881,0.07968247811081285
1789997383213713700,20.80171362304688,0.5649451738817276,-0.03643564972519462,0.10233505777880504
1789997383223784700,20.81178466796875,0.5627485449232599,-0.013094533928564881,0.0015217973490579033
1789997383233854500,20.8218544921875,0.574557846953406,-0.012861308059273487,0.023561433483592815
1789997383243925500,20.83192553710937,0.5942538090442318,-0.013858747838543711,-0.05292143731610534
1789997383253995800,20.841995849609376,0.6129774742957809,0.04282461029018399,-0.04351111585018994
1789997383264066800,20.85206689453125,0.5928309850820008,0.054358286319693395,-0.04381872157840229
1789997383274136600,20.86213647460937,0.5456264144215989,0.057300227683337646,-0.11533397093313935
1789997383284207600,20.87220751953125,0.5040565646235892,0.07931936201946455,-0.14287003190855171
1789997383294277600,20.882277587890623,0.49518296828026936,0.09066624269875609,-0.10307187591980421
1789997383304349400,20.892349365234374,0.5297841224340429,0.11734106410873034,-0.09170438952155588
1789997383314419200,20.902419189453123,0.5466285443660197,0.10540062894114738,-0.0041628839272473414
1789997383324490200,20.912490234375,0.5526221964452162,0.130385753286402,-0.05652894024505494
1789997383334560500,20.922560546875,0.5742372568817339,0.17216445554055698,0.012993535827870975
1789997383344631600,20.93263159179688,0.6123145521315593,0.21854668255697945,-0.011381282726202528
1789997383354701300,20.942701416015623,0.6037594800842604,0.27006174894779733,0.015280265171210379
1789997383364772400,20.9527724609375,0.6089083895114543,0.2638889972027899,-0.04159782770683448
1789997383374842400,20.96284228515625,0.6564341303643745,0.2902544117622431,-0.09520570556919516
1789997383384913400,20.972913330078125,0.6697305320751797,0.34671739684086444,-0.02053077125913322
1789997383394983200,20.982983154296875,0.6765975347010228,0.40735775871607444,-0.021207474207738226
1789997383405054200,20.99305419921875,0.6979452674491695,0.42257453844656107,0.03675619297086652
1789997383415124500,21.00312451171875,0.6981608442275327,0.4658638700556529,0.016664035520508158
1789997383425195500,21.013195556640625,0.7152095803900177,0.5559887470686223,-0.1130310386677356
1789997383435265300,21.02326538085937,0.7457794613188342,0.5800791001394515,-0.02698425565842297
1789997383445336300,21.03333642578125,0.7697095757169243,0.6172300181012264,0.037832610633811756
1789997383455406300,21.04340625,0.7687451327439191,0.6703298740156414,0.11172773056835172
1789997383465477400,21.05347729492188,0.7946490372127728,0.7159037892095537,0.06604897300208311
1789997383475548200,21.063548095703126,0.7653933775851651,0.7495082230384803,-0.09093373922403285
1789997383485618400,21.073618408203124,0.7258543305931738,0.7590822198813175,-0.1860684582221603
1789997383495689500,21.083689453125,0.7165378607515355,0.7746344771344782,-0.12199754224792313
1789997383505759500,21.093759521484376,0.7094694228495168,0.7831298035008208,-0.018357878085234543
1789997383515830300,21.103830322265622,0.7238635472599642,0.7730633755635241,0.04732855093894206
1789997383525900300,21.113900390625,0.7636758549376486,0.7788126458879407,0.06812994612947564
1789997383535971300,21.12397143554688,0.7340318528226838,0.7880979783086889,0.05696227779557823
1789997383546041600,21.13404150390625,0.686874851705953,0.7618017512931566,0.004456018009061023
1789997383556112400,21.1441123046875,0.6223511688353311,0.7375242675974727,0.027190333406879024
1789997383566182400,21.15418237304688,0.5856778044200655,0.7731299010801418,-0.043474478612650524
1789997383576253400,21.16425341796875,0.5609885178059064,0.7671571780634696,0.024148808951351682
1789997383586323200,21.1743232421875,0.5182183876514965,0.7842708208733524,-0.07746420558548865
1789997383596394200,21.18439428710937,0.4923734180000048,0.7845913609909045,-0.059543593920297816
1789997383606464500,21.19446459960937,0.45717200254511026,0.7788483031575439,-0.01653124944893398
1789997383616535600,21.20453564453125,0.44957033043724354,0.7910142895117409,0.05756720048356064
1789997383626605300,21.21460522460937,0.36910144967578234,0.7472782966551177,0.12181630646139338
1789997383636676400,21.22467626953125,0.3152657470042681,0.7207992420099325,0.08342140664385427
1789997383646746400,21.234746337890623,0.31698421182891134,0.705960843023484,0.019683408667276824
1789997383656817400,21.2448173828125,0.22639949440131585,0.6535292146222025,0.0575748546904684
1789997383666887200,21.25488720703125,0.20277740683628315,0.6205536007277392,0.09812408994414572
1789997383676958200,21.264958251953125,0.2133857837111138,0.5797419915599523,0.11022216060735238
1789997383687028500,21.275028564453127,0.17278207458038194,0.539008423759943,0.038433156136628316
1789997383697099500,21.285099609375,0.10920674376317917,0.47735408046272515,-0.044089386346394324
1789997383707169300,21.295169189453127,0.02575358679188859,0.4333511550358449,-0.09149847664808525
1789997383717240300,21.305240234375,-0.017622447480207682,0.38789181113709803,-0.07667170892330578
1789997383727310300,21.31531030273437,0.012841074703165822,0.3225194209916776,0.028991951116786256
1789997383737381400,21.32538134765625,0.02629041321917212,0.20952671387912414,0.1038351687403068
1789997383747451400,21.335451416015623,-0.01691873259788046,0.13667381177137364,0.11000025600990786
1789997383757522400,21.3455224609375,-0.06883325632201902,0.10246146578378698,0.19023448220650008
1789997383767592400,21.355592529296874,-0.10706887834956651,0.07377346279943549,0.08404702413353936
1789997383777663500,21.36566357421875,-0.13290960489195128,0.06814609143656629,-0.06362572451243437
1789997383787733200,21.375733154296874,-0.11849076478864828,0.12245713417335106,-0.05137558136500795
1789997383797804300,21.38580419921875,-0.11266157906659412,0.1554443820124674,0.008555094202438536
1789997383807874600,21.39587451171875,-0.15434189452493632,0.10376593325392798,0.07326970305679288
1789997383817945600,21.405945556640624,-0.15472433787949602,0.09393630674062388,0.12765673678929887
1789997383828015400,21.41601538085937,-0.13147970526591993,0.17425159331532736,0.09294195337134727
1789997383838086400,21.42608642578125,-0.11853502319077842,0.21708455639193688,0.03488146477954006
1789997383848157400,21.43615747070313,-0.1045427439372381,0.1831770739324948,0.015331883676649043
1789997383858227500,21.4462275390625,-0.1059729000392699,0.15959637165807145,0.12191991078493547
1789997383868298200,21.45629833984375,-0.0967502295532277,0.15959704845919087,0.09976591244533782
1789997383878368300,21.4663681640625,-0.12365598631597795,0.22203966578316361,0.000934976555299913
1789997383888439300,21.47643920898437,-0.12866166617144603,0.31731635135441444,-0.03873902781718095
1789997383898509300,21.48650927734375,-0.0892165795063952,0.3338731863141598,-0.06054831463578109
1789997383908580400,21.496580322265626,-0.053142522948757334,0.2967364183593592,-0.028780352502486926
1789997383918650400,21.506650390625,-0.07193280306533142,0.3472262586144123,-0.07928068217758863
1789997383928721400,21.51672143554688,-0.0885889104766977,0.3951503910850001,-0.07189580865538966
1789997383938791200,21.526791259765623,-0.08746061005714881,0.3739241907500888,-0.02521712233172612
1789997383948862200,21.5368623046875,-0.1003176863271999,0.354711541331023,0.005662697007206845
1789997383958932500,21.546932373046875,-0.08304343395898423,0.34980237339782905,0.010178395243092076
1789997383969003500,21.55700341796875,-0.05983654855003842,0.3287096720404265,-0.0664970358408896
1789997383979073300,21.5670732421875,-0.08021473130015427,0.29699922875945906,-0.11687379628958285
1789997383989144300,21.577144287109373,-0.11870224370466143,0.3081681468700688,-0.125715577140458
1789997383999214300,21.58721435546875,-0.15035640387837537,0.2169504233502635,0.01993652036554263
1789997384009285400,21.597285400390625,-0.15331077323972853,0.12115522822542855,-0.012012600574865402
1789997384019355400,21.60735546875,-0.1570727622718946,0.08927906335618695,-0.26566990402910573
1789997384029426400,21.61742651367188,-0.2008650927788406,0.18961665063364772,-0.3472545469070288
1789997384039496400,21.627496337890623,-0.09719218866985423,0.042688509717571495,0.05699923992030219
1789997384049567500,21.6375673828125,-0.44484507997934064,-0.21225256671427428,0.422109997301502
1789997384059637200,21.64763720703125,-0.28420758986733125,-0.21330411946313196,0.8785067451967455
1789997384069708300,21.657708251953125,-0.0771629049458669,-0.07819088664091364,0.235437503886696
1789997384079778600,21.66777856445313,-0.22746539901274473,0.0029544284441472505,-0.3887180017720491
1789997384089849600,21.677849609375,-0.3113200139854652,-0.4201395297339162,0.17049372037673724
1789997384099919400,21.68791943359375,-0.29243333842097047,-0.1978649088322961,0.18479545808223818
1789997384109990400,21.697990478515624,-0.33874146155931933,-0.10378106572819565,0.12925144560548646
1789997384120060400,21.70806030273437,-0.32683244820688545,-0.15627735409319005,0.0572465834939589
1789997384130131500,21.71813134765625,-0.29526098278965,-0.04124039224792003,-0.12401400567527873
1789997384140201200,21.728201171875,-0.4515683631637127,-0.02655178941778557,-0.1567187118662267
1789997384150272300,21.73827221679688,-0.4591878570448778,-0.12476992909771027,0.031249523609006263
1789997384160342500,21.74834252929688,-0.3777969024562857,-0.19231573279915454,0.06368541693672722
1789997384170413600,21.75841357421875,-0.23512154505543742,-0.2162085654100598,-0.18642320656879918
1789997384180483300,21.7684833984375,-0.17472573186164497,-0.25104606826814346,-0.07780199096893424
1789997384190554400,21.778554443359376,-0.3040544445886457,-0.2682461884098294,-0.031605710247317675
1789997384200624400,21.788624267578125,-0.3767060189783611,-0.20477084414639965,-0.10393027701048024
1789997384210695200,21.79869506835937,-0.2555746519836964,-0.1606495853351923,0.08952856740188235
1789997384220765400,21.808765380859374,-0.19054530914982862,-0.16658914428743102,0.21694488290282538
1789997384230836500,21.81883642578125,-0.31296516007216885,-0.24940946101295983,0.32086523018918617
1789997384240906500,21.828906494140625,-0.29546324481656827,-0.2970457826936046,0.6249475389684687
1789997384250977300,21.838977294921875,-0.2028972547700126,-0.18526817073082905,0.5503889298920757
1789997384261048300,21.84904833984375,-0.14764158100257382,-0.1281063565146732,-0.046642271285041746
1789997384271118300,21.859118408203123,-0.084233343531992,-0.15247504994898645,0.12603361719309647
1789997384281189400,21.869189453125,-0.033513904232367484,-0.18320132074536477,0.5080282610031416
1789997384291259400,21.87925927734375,-0.21817216471053524,-0.2754626140449394,0.36296828461598923
1789997384301330400,21.889330322265625,-0.20803098872762235,-0.13397747333503604,-0.14267763061293587
1789997384311399400,21.8993994140625,-0.0482178679744793,-0.22105216467938757,0.011546451276553682
1789997384321470200,21.90947021484375,-0.08287214403459363,-0.09487752814954845,0.03709052001462955
1789997384331540200,21.919540283203126,-0.13361170415533047,-0.04003724119595103,-0.15353160177183997
1789997384341611300,21.929611328125,-0.250040463368057,-0.144034327906298,0.05975813293775863
1789997384351681500,21.939681640625,-0.26297095516162766,-0.15133571398011467,0.17980648444320702
1789997384361752300,21.94975244140625,-0.08298874028445315,-0.05534755736014733,-0.13614892597996459
1789997384371822300,21.959822265625,0.03642580600667866,-0.014965228510492102,-0.07327588870927887
1789997384381893400,21.96989331054688,0.0023016069102607035,-0.11240628124376266,0.23222304970195692
1789997384391963400,21.97996337890625,0.042692405940917035,-0.15443527701857696,0.2398317028614252
1789997384402034200,21.9900341796875,-0.002989235856706455,-0.1612650007620118,0.06692015370815806
1789997384412104400,22.0001044921875,-0.13095041938007745,-0.2034958516123609,0.03810146355843735
1789997384422175500,22.010175537109376,-0.1500137249831408,-0.17206983888190228,0.015714139604940426
1789997384432245500,22.02024560546875,-0.07699102578776146,-0.1428663476107544,0.0871807734167995
1789997384442316300,22.03031640625,-4.291909633701977e-06,-0.09288138124236807,0.13929918611098216
1789997384452386300,22.04038623046875,0.13234409756195634,-0.12012503892414608,0.25858575562277036
1789997384462457300,22.050457275390624,0.14759905238613874,-0.027983605536421402,-0.08832637933876576
1789997384472527400,22.06052734375,0.08857418900355966,-0.01793469686983628,-0.2646374741894126
1789997384482598400,22.07059838867188,0.04865951245938804,-0.007144133054453682,-0.44987336203364586
1789997384492668400,22.08066845703125,0.061659636572321035,0.057775463997671674,-0.30208407655990177
1789997384502739500,22.090739501953124,0.0150370835030829,-0.0069986333775732545,-0.14807156659894485
1789997384512809200,22.10080932617188,-0.023432993646272774,0.027044000540514226,-0.22285282054392477
1789997384522880300,22.11088037109375,-0.025002358992748733,0.026970434613360107,0.04272211252375021
1789997384532950500,22.120950439453125,0.039497940472601835,0.09946946631281567,-0.08434768825668303
1789997384543021600,22.131021484375,0.1271561731045905,0.17088707585432988,-0.2395373514548306
1789997384553091300,22.14109130859375,0.20336432763813767,0.1883582721058995,-0.19036045225426865
1789997384563162400,22.151162353515623,0.21505370359582018,0.10066866501213206,0.008807039796134158
1789997384573232400,22.161232421875,0.15416913628528592,0.08529639578365879,0.04383984044731075
1789997384583303400,22.171303466796875,0.10801472693231715,0.13628007128531777,-0.01581268844126795
1789997384593373200,22.181373291015625,0.09020387786317578,0.12623773539351224,-0.037141861114469606
1789997384603444200,22.1914443359375,0.10937288402899983,0.09816441729826395,-0.18930509875107684
1789997384613514500,22.20151440429688,0.10870081169514108,0.07392452423940332,-0.13185729404699081
1789997384623585500,22.21158544921875,0.16265966230386414,0.08437170175354129,-0.06365287917672041
1789997384633655300,22.2216552734375,0.19634228770387413,0.11126922339118415,-0.0487155728745056
1789997384643726300,22.23172631835937,0.17994098620858737,0.12910005164526941,-0.10058285852350554
1789997384653796400,22.24179638671875,0.16681490869193707,0.1592585508659576,-0.1387087308893838
1789997384663867400,22.251867431640623,0.1602485237223054,0.16107517098027913,-0.015463756614583653
1789997384673937400,22.2619375,0.16242898581106868,0.14772184860990112,0.05446031443993532
1789997384684008400,22.272008544921874,0.17311671942017923,0.17195057938875014,-0.01583233141516613
1789997384694078500,22.282078369140624,0.14010051837483956,0.1922559373817786,-0.03308863020951718
1789997384704149500,22.2921494140625,0.14831104385256993,0.19017927214758823,0.0034900752499697524
1789997384714220300,22.30222021484375,0.16268825815926732,0.20172426751502187,0.04038343056157457
1789997384724290300,22.31229028320313,0.18123320381066838,0.20083113280780138,0.07561902921730028
1789997384734361300,22.322361328125,0.1509940005641951,0.1679412300718682,0.07077655231358744
1789997384744431600,22.332431640625,0.09577782791785269,0.17554882494647742,0.006483259991521695
1789997384754502400,22.34250244140625,0.11044352630317594,0.1504708575473718,0.026983297409264223
1789997384764572400,22.352572509765626,0.1203537414350182,0.1047464260716476,0.03446825183974352
1789997384774643500,22.3626435546875,0.14579269572207823,0.08274532902568006,-0.01805456896317874
1789997384784713200,22.372713134765625,0.15665047833115142,0.08356389178113174,-0.03334132870868427
1789997384794784300,22.3827841796875,0.1532785072240098,0.06417530460130294,-0.088542829541314
1789997384804854300,22.39285424804688,0.13783467071886185,0.06252404865418257,-0.004222935006646721
1789997384814925300,22.40292529296875,0.16066342178327925,0.04531583831383353,0.05880790970796776
1789997384824995300,22.412995361328125,0.20761527950576772,0.014569788158647652,0.047197142032532786
1789997384835066400,22.42306640625,0.20478225320346244,-0.03603317407536464,0.11577811298630936
1789997384845136400,22.433136474609373,0.2062356744261453,-0.02903096258596738,0.03834578127421337
1789997384855207400,22.44320751953125,0.23439987176515456,0.009445762109730676,0.03478073182491396
1789997384865277200,22.453277099609377,0.24348113990237266,0.09709072450356471,-0.05141084566601684
1789997384875348200,22.46334814453125,0.25615470211334695,0.16093314139541212,-0.11481447322242971
1789997384885418500,22.47341845703125,0.26674111399208433,0.1867325295439368,-0.09752290603415383
1789997384895489500,22.483489501953127,0.2513512287468408,0.2412454898652932,-0.13236979131966312
1789997384905559300,22.49355932617188,0.24690612381711638,0.2937179362975758,-0.1358868025591765
1789997384915630300,22.50363037109375,0.283672024602706,0.3427688147792441,-0.04167930019977157
1789997384925700400,22.513700439453125,0.30400480678131275,0.3738999611940011,-0.033083139909414375
1789997384935771400,22.523771484375,0.30163626511027347,0.4318819502847837,-0.07989295647827827
1789997384945841400,22.53384130859375,0.32442252041297087,0.44737900314857537,0.036087464259370906
1789997384955912400,22.543912353515623,0.329223272180492,0.5124649251167903,-0.07924472038591453
1789997384965982500,22.553982421875,0.28007941696577293,0.5293806590592306,-0.142333729402969
1789997384976053500,22.564053466796874,0.29481424897229425,0.5516536194942093,-0.0494190894707567
1789997384986123300,22.574123291015624,0.2741995318074463,0.6266246335053652,-0.12097842973937414
1789997384996194300,22.5841943359375,0.232443199934543,0.6319709699882781,-0.17223961695837103
1789997385006264600,22.5942646484375,0.26390639611661854,0.5993235624694394,-0.08182227063003933
1789997385016335400,22.60433544921875,0.266960412406017,0.6039042116805817,-0.11556331847215003
1789997385026405400,22.6144052734375,0.268377219095449,0.5718402711279104,-0.09831334377504665
1789997385036476400,22.62447631835937,0.25644992387696924,0.5335446127639305,-2.4164260576169515e-06
1789997385046546400,22.63454638671875,0.24350905095484485,0.5351887491678032,-0.005765800517775393
1789997385056617200,22.6446171875,0.20570924047692596,0.5299380496518875,-0.0485230680232111
1789997385066687200,22.65468725585937,0.2181492325725869,0.5208563405330239,0.05229177767878036
1789997385076758300,22.66475830078125,0.2395401418872187,0.46877532684220063,0.08280104075914567
1789997385086828500,22.67482861328125,0.24299842257440757,0.4305217567711832,0.13133523087412544
1789997385096899300,22.6848994140625,0.2525740086071602,0.44162686664583944,0.08326783920988022
1789997385106969300,22.69496923828125,0.25296686495185194,0.4151550526072372,0.0810931293807866
1789997385117040400,22.705040283203125,0.23650587197600478,0.3792486496646148,0.037623365757008274
1789997385127110400,22.7151103515625,0.214955487751038,0.4567583937028648,-5.109754253827737e-05
1789997385137181200,22.72518115234375,0.2529098089345293,0.46365465117469556,0.1659163354087642
1789997385147251500,22.73525146484375,0.2662313686968888,0.42103623042995836,0.23796321515598579
1789997385157322500,22.745322509765625,0.28107437298667937,0.43778203237182106,0.25251441523390444
1789997385167392500,22.755392578125,0.2542298894966368,0.5167306992260239,0.2075885935615449
1789997385177463300,22.76546337890625,0.20803617478967404,0.6394142144222564,0.002980374703221529
1789997385187533300,22.775533203125,0.13023811146627554,0.6500714397314964,-0.031549338436963774
1789997385197604400,22.78560424804688,0.1571187783228458,0.6470583857039368,0.02472776583672743
1789997385207674400,22.79567431640625,0.14236204289236534,0.6975504793531553,0.027785071804591537
1789997385217745400,22.805745361328125,0.12495950536812474,0.6602068657710156,0.12145999157138065
1789997385227815400,22.8158154296875,0.1255982374746739,0.6845688476269733,0.06936974821985284
1789997385237886500,22.825886474609376,0.09766620129547608,0.6729263477577907,0.04663317364174813
1789997385247956200,22.83595629882813,0.05857504344222068,0.6312116231025899,0.07658799284133411
1789997385258027300,22.84602734375,0.029030701511394943,0.5871150712639402,0.10974342057516887
1789997385268097300,22.85609716796875,0.029187275011314306,0.5282331605449394,0.21476374152666802
1789997385278168300,22.866168212890624,0.001167185874748599,0.48090353708047245,0.30967675803019445
1789997385288238300,22.87623828125,-0.0448316413282993,0.47865767636506307,0.24153194693099353
1789997385298309400,22.88630932617188,-0.14268808166886254,0.4221882412490942,0.24196365553832092
1789997385308380000,22.8963798828125,-0.15722821825647826,0.34744412799789565,0.19985830430859478
1789997385318451000,22.906450927734376,-0.1354077326304692,0.3622056061078427,0.1522148926083116
1789997385328522000,22.91652197265625,-0.17460117751757728,0.3320941848286264,0.1244135991592056
1789997385338591700,22.926591796875,-0.1740321298711481,0.3260403960098004,0.08668446372551972
1789997385348662800,22.93666284179688,-0.21884506978345156,0.28715400443574335,0.14444256073180087
1789997385358733000,22.94673315429688,-0.2306732174329873,0.19434352016753922,0.2885881684442557
1789997385368804000,22.95680419921875,-0.2198700851008283,0.17239104032532557,0.08270765891622756
1789997385378873900,22.96687377929688,-0.30258970165293614,0.08193006918435923,-0.01071794101789162
1789997385388945000,22.97694482421875,-0.43751504393742796,-0.0029991294045893634,0.08783530827406733
1789997385399015000,22.987014892578124,-0.4298050583525437,-0.07340712524830625,0.15704620911832284
1789997385409086000,22.9970859375,-0.498871788786706,-0.1810843352805276,0.13985477551231448
1789997385419155700,23.00715576171875,-0.5455587276283799,-0.29713392856068616,0.10908300570803808
1789997385429226800,23.017226806640625,-0.5070025588450782,-0.30882466463547187,0.06580091619914288
1789997385439297000,23.027297119140623,-0.5135826870052906,-0.2600014317402846,-0.056670000125950026
1789997385449368000,23.0373681640625,-0.5385711238223245,-0.2752812111736764,0.006293467442264594
1789997385459437800,23.047437744140623,-0.5298684030556471,-0.35496082620728275,0.06006667021931535
1789997385469508900,23.0575087890625,-0.49618507417655205,-0.37629328772699167,0.05603598910549316
1789997385479579000,23.067578857421875,-0.4975431716386005,-0.3265994727719697,0.004479256967940382
1789997385489650000,23.07764990234375,-0.5009409990847231,-0.3734180493773877,0.04014235869858052
1789997385499720000,23.087719970703127,-0.4668269047401556,-0.4477455693624399,0.09665036961568053
1789997385509791000,23.097791015625,-0.4656832962032166,-0.4674096196757343,0.021190963284526135
1789997385519861000,23.10786108398437,-0.4131640084421407,-0.3706567013881581,-0.0787468791161592
1789997385529932000,23.11793212890625,-0.3703282742756845,-0.2724301544712456,-0.21509958570712465
1789997385540001800,23.12800170898437,-0.3384352520831945,-0.3391251503179997,0.02435970342707811
1789997385550072800,23.13807275390625,-0.28944071655623027,-0.3395166559335228,0.16846278267365505
1789997385560143000,23.14814306640625,-0.30754197114098186,-0.18558106921866607,-0.0380360484515301
1789997385570214100,23.158214111328125,-0.26750366685625815,-0.08608090862560759,-0.17265661277090172
1789997385580284000,23.168283935546874,-0.22984435225608318,-0.08796935616252213,-0.05057338991103247
1789997385590355000,23.17835498046875,-0.15403567174017813,-0.11950713054441489,0.09056917829365792
1789997385600425000,23.18842504882813,-0.12130057701231732,-0.07870261018176393,0.0702162857393557
1789997385610495700,23.198495849609376,-0.09044630579918973,-0.06118273509417481,0.03654991688808024
1789997385620566000,23.20856591796875,-0.06272244374343129,0.01627115160878621,-0.18850905394038722
1789997385630637000,23.218636962890624,-0.012015302136233651,0.11623354868197136,-0.14011581552765845
1789997385640707000,23.22870703125,0.0004683065399697787,0.10511184971451049,0.015342929877575419
1789997385650777900,23.23877783203125,0.0379285355145456,0.09095215332695374,0.03949689613628215
1789997385660847900,23.248847900390626,0.032017978404887626,0.16414125822876294,0.03484513988407507
1789997385670919000,23.2589189453125,0.0807193529117949,0.15976640027918024,0.10431857934314369
1789997385680989000,23.26898901367188,0.0627911754297443,0.15493631697012322,0.04667980194472912
1789997385691059700,23.279059814453124,0.06828943496316231,0.19711630683035145,0.08426558854023955
1789997385701130000,23.2891298828125,0.07195731066551093,0.2294079342863891,0.02651616154413758
1789997385711201000,23.29920092773437,0.09977427393420855,0.2708827332883061,0.0004067183436311505
1789997385721271000,23.30927099609375,0.145930559874771,0.2959633525104914,0.04510717166713174
1789997385731341800,23.319341796875,0.16746580722389864,0.24586400228862806,0.06719977114303446
1789997385741411800,23.329411865234373,0.07552766575765968,0.20961687433629983,0.10979292299908172
1789997385751483000,23.33948291015625,0.05323390973348667,0.2310073332316872,0.10028315015342822
1789997385761553000,23.349552978515625,0.06385173526479375,0.21521064742418847,0.09543543315304352
1789997385771624000,23.3596240234375,0.07366647923399838,0.24122248243828034,0.037189933395298885
1789997385781694000,23.36969384765625,0.012942167188798995,0.26422887190590916,0.04051583758902657
1789997385791765000,23.379764892578127,-0.02460796601604489,0.24164673988121413,0.009370188062812672
1789997385801834800,23.38983471679688,-0.0337657849215551,0.18798632167506643,0.07531290623917744
1789997385811905800,23.39990576171875,-0.06780318549021445,0.15268858567059165,0.0790076036562557
1789997385821976000,23.40997607421875,-0.18393999773713013,0.13553661678485063,-0.14791516652139006
1789997385832047000,23.420047119140627,-0.15327553700719224,0.08046254486087445,-0.1906808641004642
1789997385842116900,23.430116943359376,-0.11676731527553513,0.07037020815725711,-0.1487301760109276
1789997385852188000,23.44018798828125,-0.10988736885105266,0.0545388366480688,-0.1340546160582105
1789997385862258000,23.4502578125,-0.12346023979201083,-0.09374653118959685,0.08660351436410448
1789997385872329000,23.460328857421874,-0.15296425129306518,-0.22529040125623873,0.16445847525403862
1789997385882398700,23.470398681640624,-0.23739922856535778,-0.24682973696594793,0.12324671124749888
1789997385892469800,23.4804697265625,-0.25932540942323906,-0.3250340741036162,0.02654256516152414
1789997385902540000,23.4905400390625,-0.21180729098204348,-0.34757965834729015,-0.0534367531439718
1789997385912611000,23.50061108398437,-0.1972081626582763,-0.3148102182366677,0.039751080932222016
1789997385922680800,23.510680908203124,-0.1601926373423902,-0.25362708768707476,-0.028546175525784603
1789997385932752000,23.520751953125,-0.21074891321528189,-0.27420937866791717,-0.09482291522931711
1789997385942822000,23.53082177734375,-0.2312219659670213,-0.28273398494500485,-0.07178236203292661
1789997385952893000,23.540892822265626,-0.2131476704616506,-0.2630951644805054,-0.04785177395447117
1789997385962963000,23.550962890625,-0.1707156549643908,-0.22229333095911674,-0.048432092091335
1789997385973034000,23.56103393554688,-0.13516154152677642,-0.2120591533411504,-0.016708995913985832
1789997385983104000,23.57110400390625,-0.12140156023025303,-0.19824992078727666,-0.061047986341240965
1789997385993175000,23.58117504882813,-0.07194161474976536,-0.16649126343979426,-0.061253421640050716
1789997386003244800,23.591244873046875,-0.05936196819281763,-0.12397740870635712,-0.0558400970227561
1789997386013315800,23.60131591796875,-0.042608164812114616,-0.03194269181831609,-0.060963505305676624
1789997386023386000,23.61138623046875,-0.061726929157242684,0.06249397735395349,-0.08353325313186341
1789997386033457000,23.621456787109373,-0.013610873474501477,0.13889468859160808,-0.1332146527666728
1789997386043527000,23.63152685546875,0.00508356303434465,0.18349564912468075,-0.0011236885932287988
1789997386053598000,23.641597900390625,0.06964974084324603,0.15784926031544616,0.07450954062377736
1789997386063668000,23.65166796875,0.08663006267101482,0.16097469622366217,0.08289803425035502
1789997386073738800,23.66173876953125,0.13908379560843664,0.19191975022855723,0.12643365086774916
1789997386083809000,23.67180908203125,0.1663670190818145,0.23236251915444237,0.12995515926495335
1789997386093880000,23.681880126953125,0.09421440399115294,0.3188731738335464,-0.001974860158459685
1789997386103950000,23.6919501953125,0.08559525760222683,0.34125249616992825,-0.009903681053957529
1789997386114020900,23.702020751953125,0.09521285034111228,0.3429941983896415,0.07102804167233256
1789997386124091000,23.7120908203125,0.07165574131734345,0.308243231530663,0.12326065962410507
1789997386134162000,23.722161865234376,0.10634869978571754,0.2490711451514736,0.1100308276519224
1789997386144232000,23.73223193359375,0.08430589179493062,0.22376007059021666,0.117779213723385
1789997386154302700,23.742302734375,0.0549035107962171,0.2891007223810867,-0.007066515456672228
1789997386164373800,23.752373779296875,-0.01345146207966028,0.2627097989496174,-0.03220050689550643
1789997386174444000,23.76244409179688,-0.05951289133796041,0.1954698706127978,0.01556274591861818
1789997386184515000,23.77251513671875,-0.029400064591542863,0.11073616153000676,0.09686936957837627
1789997386194584800,23.78258471679688,-0.04762703660434022,0.05193342327457126,0.049398419435101745
1789997386204655900,23.79265576171875,-0.0457641716109969,0.0008431297679342385,0.02742268969746816
1789997386214726000,23.802725830078124,-0.07681234848828196,-0.022818235264835274,0.015004050105314864
1789997386224797000,23.812796875,-0.11895752215365972,-0.00044970899002135157,-0.029024878773610208
1789997386234867000,23.822866943359376,-0.15422558251110005,-0.03338729869541732,0.03498356215649462
1789997386244938000,23.83293798828125,-0.16807009121627137,-0.06215559601532601,-0.017069800856270374
1789997386255008000,23.843008056640624,-0.13967340895268607,-0.07132129676975281,-0.046224720104327675
1789997386265079000,23.8530791015625,-0.10248541666299635,-0.1354594331527686,0.06410765626921922
1789997386275148800,23.863148681640624,-0.09462497891957497,-0.13991395585617658,-0.015315116216149796
1789997386285219800,23.8732197265625,-0.0984990531049018,-0.15610128048744068,0.030789864053977965
1789997386295290000,23.8832900390625,-0.1179442343475276,-0.1845046830787847,0.03980270613674729
1789997386305360400,23.8933603515625,-0.09885464289180859,-0.18538978801740194,-0.002742101025983032
1789997386315430100,23.90343017578125,-0.11207016265346838,-0.15405973921353086,-0.017774891246175133
1789997386325501200,23.913501220703125,-0.1019746274989418,-0.11290422062879517,-0.0329523814079386
1789997386335571200,23.9235712890625,-0.10255149405419202,-0.07900068963093912,-0.06933263271526757
1789997386345642200,23.933642333984373,-0.11421624973595797,-0.08893526252656508,0.08547912227490473
1789997386355712300,23.943712158203127,-0.12869986408506898,-0.06864184297422439,0.1126978961227584
1789997386365783300,23.953783203125,-0.08826672051010888,0.05261538930721841,-0.04790217792747337
1789997386375853300,23.96385327148437,-0.04486236338630455,0.08129444943870323,-0.0967703936623657
1789997386385924400,23.97392431640625,-0.03349868151922783,0.03812979900558261,-0.0972423203024836
1789997386395994000,23.983994140625,0.015336234145472779,0.04685163502113313,0.016117159696490344
1789997386406065200,23.99406518554688,0.01342551902046961,0.09974760868513549,0.03418424738216931
1789997386416135400,24.004135498046875,-0.04793444749289197,0.15542140256041512,-0.040886367789060414
1789997386426206500,24.01420654296875,-0.033098930721989744,0.21740657327322008,-0.0457046587200838
1789997386436276200,24.024276123046874,-0.0043365603642987124,0.1806918332482159,-0.06870059421346124
1789997386446347300,24.03434716796875,-0.010590818574430191,0.13611882298337433,-0.014944599859305746
1789997386456417300,24.04441723632813,-0.024263607302887742,0.13792073939445668,-0.04267552184697525
1789997386466488300,24.05448828125,-0.006619248073122862,0.0963539938471794,-0.06347193141247938
1789997386476558300,24.06455834960937,0.008231056243515807,0.026737021686891137,-0.011490015280530883
1789997386486629000,24.074629150390624,-0.01012077346953116,0.027944974698114092,-0.0330482766589471
1789997386496699400,24.084699462890622,-0.017540411261340053,0.029535471351409884,-0.020862718325742446
1789997386506770200,24.09477026367188,0.0075571872475347695,0.06675599328694252,-0.11382683567778558
1789997386516840200,24.104840087890626,-0.02747981759675351,-0.002821394184326579,0.009211960231820035
1789997386526911200,24.1149111328125,-0.06184053047007535,-0.07937322945911392,0.037549464936680085
1789997386536981200,24.12498120117188,-0.096200441894956,-0.08284332800898253,0.07702596151059622
1789997386547052000,24.135052001953124,-0.03719463902826555,-0.05679348395376812,0.029094248444220875
1789997386557122300,24.14512231445313,-0.053748626209694624,-0.06022947815842692,-0.11699453370043046
1789997386567193300,24.155193359375,-0.08588665452903645,-0.1628163744635206,0.03726830512508418
1789997386577263400,24.165263427734374,-0.12977771427247944,-0.1775151399656922,0.06529792726110245
1789997386587334100,24.175334228515624,-0.1529864232618087,-0.1467704949890672,0.08446510720239502
1789997386597404200,24.185404052734373,-0.18402255975486032,-0.08280184776399079,0.0010237605355099667
1789997386607475200,24.19547509765625,-0.16839877148448554,-0.14159755442429298,0.012329884225506071
1789997386617545500,24.20554541015625,-0.15640918670970919,-0.12441044359743529,0.01349291993218946
1789997386627616300,24.2156162109375,-0.1691749309232757,-0.122150707418794,0.00391584922302467
1789997386637686300,24.22568627929688,-0.18587972661930274,-0.15888946126962025,0.053363411578862006
1789997386647757300,24.23575732421875,-0.15701550229984856,-0.1271013196290444,-0.10003373851101846
1789997386657827000,24.2458271484375,-0.1724202174579271,-0.1669710007755277,-0.019096556961484115
1789997386667898000,24.25589819335937,-0.2532269470906954,-0.17323079139612035,-0.03365177623430272
1789997386677968400,24.265968505859377,-0.2404629535796953,-0.20268194679850388,-0.03740795370826246
1789997386688039400,24.276039306640627,-0.18030414702840797,-0.19011543879320444,0.019982184995897472
1789997386698109200,24.286109130859376,-0.16329511872620464,-0.17117318580538426,-0.025157117762086064
1789997386708180200,24.29618017578125,-0.19769547438963617,-0.18065728405176895,-0.03191549737630326
1789997386718250200,24.306250244140625,-0.14588573145263403,-0.16764489654953144,-0.10700995700900445
1789997386728321300,24.3163212890625,-0.06961336867960972,-0.18157236699413107,-0.1163613473810806
1789997386738391000,24.32639111328125,-0.07065525936680057,-0.2155034857534426,0.015012089050226326
1789997386748462000,24.33646215820313,-0.10197178022285011,-0.26650598716291735,0.10349938955545686
1789997386758532400,24.346532470703124,-0.11288880783688818,-0.25763873270613225,0.09592939762211386
1789997386768603400,24.35660327148437,-0.011582783165813968,-0.19066382130933895,0.04501033871559256
1789997386778673200,24.366673095703124,0.03530583413017547,-0.2220887922984659,0.011603266985991302
1789997386788744200,24.376744140625,0.04242818597622265,-0.1949925641290096,-0.05115348301380086
1789997386798814200,24.386814208984376,0.054262787903586934,-0.18594534207671012,0.06383394673067407
1789997386808885200,24.39688525390625,-0.012915291428210783,-0.20925102894506428,0.17917207294602414
1789997386818955300,24.406955322265624,0.007506821139962933,-0.10066735530409725,0.11626378451385982
1789997386829026300,24.4170263671875,0.08741487988782522,-0.01144325441217579,0.038230183608786966
1789997386839096300,24.42709643554688,0.08829205212851493,-0.07770549891777946,0.019783429456393747
1789997386849167400,24.43716748046875,0.04383374183453381,-0.05874368817517252,-0.10840339168768377
1789997386859237000,24.447237060546875,0.009698372016551188,-0.050736240134868944,0.012943138260105009
1789997386869308200,24.45730810546875,-0.008183085232096095,0.023288258010856176,-0.0496098754534062
1789997386879378400,24.46737841796875,-0.005997833585413721,-0.01118327674962439,-0.013679300681511346
1789997386889449500,24.477449462890625,0.01775061220105716,0.011794388654796938,-0.07786024676877104
1789997386899519200,24.48751928710937,0.03523409263249219,0.02151765082666345,-0.09311113954354813
1789997386909590300,24.49759033203125,0.0029798088510680602,-0.021781184467613526,-0.049837846034815156
1789997386919660300,24.507660400390623,-0.04657864296084821,-0.07622959701302158,0.09529785044950917
1789997386929731300,24.5177314453125,-0.031826822393723427,-0.03346931280489243,0.04763114411211426
1789997386939801300,24.52780126953125,0.02430706732399485,0.057714285241896236,-0.07011668625992568
1789997386949872000,24.5378720703125,0.05611277516256946,0.05052813277249956,-0.03002258102972704
1789997386959942400,24.5479423828125,0.07926810866390431,0.017280202304582055,0.02397967590640243
1789997386970013200,24.55801318359375,0.07638313738299773,0.0826822524710821,-0.06627125904826783
1789997386980083200,24.568083251953126,0.09525624552301915,0.12659441744055264,-0.042593112837668916
1789997386990154200,24.578154296875,0.10501166388822601,0.12652456776276436,0.04892346625304871
1789997387000224300,24.58822436523437,0.10550804377651392,0.12007187951748662,0.01311972143170828
1789997387010295000,24.598294921875,0.1471469550989517,0.13394171593796575,0.06192905785358503
1789997387020365300,24.608365234375,0.18660409190553698,0.15488125944025316,0.01873613379668422
1789997387030436400,24.61843627929688,0.18589644231598518,0.18121857378682807,-0.010685109282157173
1789997387040506400,24.62850634765625,0.20126326811808926,0.1963577418561909,0.008456093148722048
1789997387050577200,24.6385771484375,0.18358203409281978,0.1674058837268173,0.0015280811097170912
1789997387060647200,24.64864721679688,0.1696260093064835,0.1849790054456384,-0.13112116053012204
1789997387070718200,24.65871826171875,0.20580576522916016,0.23814207456070774,-0.13947812013668515
1789997387080788200,24.66878833007813,0.1961399539626391,0.17953826092793873,0.08026454059009874
1789997387090859300,24.678859375,0.15819237477703688,0.19118978312645676,0.07679369848888908
1789997387100929300,24.68892919921875,0.12013456626577045,0.20597586412759367,0.13607419445828436
1789997387111000300,24.699000244140624,0.08667069718260115,0.2939689245102935,-0.06012270572934176
1789997387121070000,24.70907006835937,0.0796327377840703,0.29077656434116006,-0.15091184983054748
1789997387131141000,24.71914111328125,0.09209699631726567,0.21441208472010045,-0.09674612909567262
1789997387141211400,24.72921142578125,0.0653440652441038,0.12533837948542914,0.06607007085269899
1789997387151282400,24.739282470703124,0.012269542136165788,0.14495863984497348,0.07313135300559344
1789997387161352200,24.74935229492188,-0.0551302870848376,0.1811864518455314,0.035176271276808176
1789997387171423200,24.75942333984375,-0.0470666106191472,0.1814667087842306,-0.033176569404825974
1789997387181493200,24.7694931640625,-0.05738206366830067,0.1383343508983513,-0.07708203332358524
1789997387191564300,24.77956420898437,-0.05968563505752612,0.12450825581050318,-0.09516734001727781
1789997387201634000,24.789634033203125,-0.034777756867174145,0.07287879702165224,0.07638487363374322
1789997387211705000,24.799705078125,-0.08158713574563761,0.06533271248298925,0.08885687158405732
1789997387221775400,24.809775390625,-0.08667969202176917,0.07738014311896559,0.05862109967434403
1789997387231846400,24.819846435546875,-0.06859654998351253,0.07871649101977216,0.013504124462624032
1789997387241916200,24.829916259765625,-0.09296200522392285,0.04391958987607725,0.04621288640030206
1789997387251987200,24.8399873046875,-0.0781801563959092,0.047911609536118956,-0.0002788388812620536
1789997387262057200,24.85005712890625,-0.08405228768783872,0.008258752372349385,0.045667304129150474
1789997387272128300,24.860128173828127,-0.12844983610979221,-0.006828611904479225,0.058970971479933604
1789997387282198300,24.8701982421875,-0.1211578633673035,0.011281890534898593,0.0644712064210938
1789997387292269300,24.88026928710937,-0.09204013907974815,0.03131640691143008,0.03933650100308514
1789997387302339300,24.89033935546875,-0.11589830581481045,-0.035016546827353376,0.07480494527287752
1789997387312410000,24.90041015625,-0.10275843859336724,-0.03285789763453236,0.003350783898536522
1789997387322480000,24.910480224609376,-0.14025109546767325,-0.060230670217933095,0.017688900935824405
1789997387332551200,24.92055126953125,-0.1510701232699433,-0.13190474096049262,0.08522358421770576
1789997387342621200,24.93062109375,-0.17188300268351492,-0.19158646558001502,0.12694306509369857
1789997387352692200,24.940692138671874,-0.2286041335590756,-0.21197872842529472,0.09664824787769861
1789997387362762200,24.95076220703125,-0.24207017313144938,-0.18325387865315654,0.0033090313885484226
1789997387372833300,24.96083325195313,-0.19225757706859978,-0.24085459772625717,0.06657057861818076
1789997387382903000,24.97090307617188,-0.24210392646968162,-0.27385388820558443,-0.010824294174684813
1789997387392974000,24.98097412109375,-0.23706070494007764,-0.2950425653664464,0.004508140774317973
1789997387403044000,24.991044189453124,-0.26338085079972834,-0.2881810594421055,-0.007099623042051916
1789997387413115100,25.001115234375,-0.2918198884532442,-0.32430095360616173,-0.025275808753555302
1789997387423185200,25.01118505859375,-0.34170496161864317,-0.34686505508438803,0.03607429236898579
1789997387433256200,25.021256103515626,-0.34604426886349227,-0.32902395519699745,0.07138193589430328
1789997387443326200,25.031326171875,-0.300647083587229,-0.34232398732925023,0.12130119311413898
1789997387453397200,25.04139721679688,-0.27303137405976236,-0.31566650505184723,-0.014067569995707784
1789997387463467000,25.051467041015623,-0.20984509297838616,-0.4037035120178486,-0.014857502576886946
1789997387473538000,25.0615380859375,-0.2170815291607991,-0.4037176700926585,-0.04394027633187661
1789997387483608300,25.0716083984375,-0.20680232073363436,-0.3942998327758465,0.016800750621486317
1789997387493679400,25.081679443359373,-0.25305742405088893,-0.4157117445511336,0.11886337198323972
1789997387503749000,25.0917490234375,-0.27812114131774585,-0.3934290819503099,-0.029956903321606096
1789997387513820200,25.101820068359373,-0.244756482085755,-0.4308073829425379,0.02639593492878591
1789997387523890200,25.11189013671875,-0.20532914015075368,-0.4226209397688342,-0.03260878904248475
1789997387533961000,25.1219609375,-0.19148748909064045,-0.48929244802605854,0.05745643197504013
1789997387544031200,25.13203125,-0.20740659455084695,-0.4720704069175267,-0.024285161984306594
1789997387554102300,25.14210229492188,-0.133910113753941,-0.41028437425389835,-0.16111303744824526
1789997387564172300,25.15217236328125,-0.12092085052263898,-0.45405585292073564,0.011725712610889338
1789997387574243000,25.1622431640625,-0.15417233252267276,-0.4943205977918805,0.07586650743642545
1789997387584313000,25.17231298828125,-0.16950589865055163,-0.4900525230987177,0.07649048585726342
1789997387594384100,25.182384033203125,-0.12188917136078352,-0.47021150421113733,0.12627584665461714
1789997387604454400,25.192454345703126,-0.08305572731326243,-0.47213050556028024,0.1405065800962955
1789997387614525200,25.202525146484376,-0.08572147369464249,-0.4550067259569978,0.0085201520862515
1789997387624595200,25.21259521484375,-0.06450221282843234,-0.442123392354205,0.005106021945823995
1789997387634666200,25.222666259765624,-0.05701741506290012,-0.4034886060514569,0.02354559619528322
1789997387644736000,25.23273608398437,-0.07615377754416239,-0.37430994369868076,-0.008517818807536461
1789997387654807000,25.24280712890625,-0.10926194423021679,-0.35728778770369046,0.005788147631819286
1789997387664877000,25.252876953125,-0.057346539968613046,-0.3378191158979477,0.06147920063501763
1789997387674948000,25.26294799804688,-0.035620961239340804,-0.27362940946488823,-0.027225101200474607
1789997387685018000,25.27301806640625,0.03038592624181314,-0.27488541340040423,0.005035401600026256
1789997387695089200,25.283089111328124,0.05819357730323623,-0.28756176845582265,0.06083237428294673
1789997387705159200,25.2931591796875,0.07687192636551039,-0.24227512001951285,0.04436526954914888
1789997387715230200,25.303230224609376,0.09542718402406386,-0.1660072214921443,0.08278491723249484
1789997387725300000,25.313300048828125,0.11743980743593456,-0.08915688643530191,-0.026166908091359062
1789997387735371000,25.32337109375,0.13605925805810332,-0.10424805988279129,0.04191692067762881
1789997387745441300,25.333441162109374,0.1689342719862288,-0.02936168232233161,-0.032482257891325216
1789997387755512300,25.34351220703125,0.22088165248590302,-0.030764057576745375,-0.004750425129837976
1789997387765582000,25.35358203125,0.30382799171191155,-0.043619547617597086,0.060850177516544555
1789997387775653000,25.363653076171875,0.3274961775310099,-0.020344080611769615,-0.015719576921522507
1789997387785723100,25.37372314453125,0.27059172661134206,0.025570342227648906,-0.07658635719769563
1789997387795794200,25.383794189453123,0.3313043451484611,0.07337458950295259,-0.06948134987658222
1789997387805864200,25.3938642578125,0.37068182428778207,0.13070906659736173,-0.052653627240614564
1789997387815935200,25.40393530273437,0.38095861218906124,0.23408748642713484,-0.1217297346246914
1789997387826005200,25.414005126953125,0.3416985550799626,0.29880246821394385,-0.08529974563372017
1789997387836076300,25.424076171875,0.33542351856221814,0.31785414272144963,-0.139697322220505
1789997387846146000,25.43414599609375,0.35420115066617774,0.2827542136201995,-0.12900063854691812
1789997387856217000,25.444217041015627,0.3974277131275781,0.3107828030075242,-0.08510516344194993
1789997387866287000,25.454287109375,0.40705841019684225,0.2805723047387448,0.04698741492864524
1789997387876358100,25.464358154296875,0.36215604867277806,0.33551798021409657,-0.1170300614487214
1789997387886428200,25.47442822265625,0.30800888480625627,0.3511388485791816,-0.07548275061376435
1789997387896499200,25.484499267578126,0.3002525340430348,0.3874432982375339,-0.034015955794108425
1789997387906569200,25.4945693359375,0.34335524279566587,0.4551220365481995,-0.10868528913590134
1789997387916640300,25.50464013671875,0.36169717355101194,0.43797190844614614,-0.002870433581286416
1789997387926710000,25.5147099609375,0.3584426965869062,0.42626896356497884,-0.04576907788463589
1789997387936781000,25.52478100585937,0.31464304773753626,0.380094796096213,-0.044103906101926396
1789997387946851300,25.534851318359376,0.2942754232502148,0.3444559460166417,-0.034757789113266636
1789997387956922000,25.544922119140622,0.240522888725173,0.31078504643844873,-0.0712613038450645
1789997387966992100,25.5549921875,0.23773227706336866,0.3346585924640328,-0.077660433428073
1789997387977063200,25.56506323242188,0.23072381453366458,0.35743222904961663,-0.09335182166624
1789997387987133200,25.57513330078125,0.18222327000242747,0.27760975399169163,-0.10945957119536963
1789997387997204000,25.58520385742188,0.1978808968656569,0.2106540284459515,-0.050714561852113225
1789997388007274200,25.59527416992188,0.1815955573959114,0.18943310520227338,0.022562857907401684
1789997388017345300,25.60534521484375,0.10872891143273294,0.16212692753202773,0.005505128582695681
1789997388027415300,25.615415283203124,0.09918316260789968,0.09229631457552143,-0.006305462950806021
1789997388037486000,25.625486083984374,0.09826495088154437,0.03872475188900958,0.01797169689417359
1789997388047556000,25.63555615234375,0.051122896015438686,0.028472272128876083,0.008158442052266514
1789997388057627100,25.645627197265625,0.016795390697389,0.07214345625975364,0.02845914373384229
1789997388067697400,25.655697509765623,-0.018139354668588795,0.09742993635324435,-0.02104285595546168
1789997388077768200,25.66576831054688,-0.030299278747814375,0.09441855332379907,-0.0638819333829595
1789997388087838200,25.675838134765623,-0.003885869967684194,0.08402824062826318,0.0001034630497514907
1789997388097909200,25.6859091796875,-0.007418835892077372,0.08261820378085598,0.027544468456780012
1789997388107979000,25.69597900390625,-0.02087587997644651,0.08153435804400012,0.0891796641434336
1789997388118050000,25.706050048828125,-0.01742118552911313,0.10742848872031076,0.009498781485742474
1789997388128120000,25.7161201171875,-0.027458787190851857,0.1230604458487704,0.049737141119019335
1789997388138191000,25.726191162109377,-0.0364265675892896,0.13796286053917525,0.013798229831910971
1789997388148261000,25.73626123046875,-0.04060471811826494,0.11659912340136801,0.05601786581629185
1789997388158332200,25.746332275390625,-0.004277937580688008,0.1317821355686148,0.11005007224863608
1789997388168402200,25.75640209960937,0.006645936247646411,0.16470061684586834,0.019464299627955456
1789997388178473200,25.76647314453125,0.04338499761943057,0.20099060943382208,-0.09330681272236256
1789997388188543000,25.77654296875,0.047525130288135674,0.17839713303784693,-0.05394633164612019
1789997388198614000,25.78661401367188,0.021829935741079252,0.15967840812792902,0.007968235079661523
1789997388208684300,25.796684326171874,0.019802309667039913,0.2219637203794309,-0.10915280848665151
1789997388218755300,25.80675537109375,0.05287940865145144,0.23040294069872774,-0.07831229533737623
1789997388228825000,25.8168251953125,0.08580734013151836,0.16523947297290062,0.07037881957890363
1789997388238896000,25.826896240234376,0.07804523230129322,0.10704643307151808,0.05292815979357411
1789997388248966100,25.83696606445313,0.06074547982938156,0.11351072676082422,-0.01597806824617399
1789997388259037200,25.847037109375,0.050847915746668124,0.12322738639026687,0.09724033484530337
1789997388269107200,25.85710717773437,0.03727509680653678,0.08953919853778079,0.07401402127989402
1789997388279178200,25.86717822265625,0.023335313178400863,0.14657441925133963,-0.060537757691990296
1789997388289248300,25.877248291015626,0.021343734021663473,0.18586783300414725,-0.12683011425607843
1789997388299319300,25.8873193359375,-0.020719199205985733,0.13239998595521763,-0.0317827956535685
1789997388309389600,25.8973896484375,-0.04192357524971365,0.09922322238505217,-0.06980013653373371
1789997388319460600,25.907460693359376,-0.0774358158339919,0.07141984507205872,-0.042215285416155164
1789997388329530600,25.917530517578125,-0.08401994102388272,0.0341742353592323,0.08541607576367448
1789997388339601400,25.92760131835937,-0.11476525994146788,0.038247524784846686,-0.08179056377292462
1789997388349671700,25.937671630859374,-0.12879657634653163,0.023467434079737524,-0.09594434596536727
1789997388359742700,25.94774267578125,-0.1638813617609073,-0.02587350741873215,0.04836324023612755
1789997388369812700,25.957812744140625,-0.18052680188275536,-0.047820940744719535,-0.020095524739750018
1789997388379883500,25.967883544921875,-0.15470431006047736,-0.0040876555335139075,-0.06628822889649658
1789997388389953500,25.97795361328125,-0.12499762088973024,-0.07599010940955861,-0.06984163468547742
1789997388400024600,25.988024658203123,-0.17112677506997376,-0.1898372412709728,-0.040710669161252606
1789997388410094800,25.9980947265625,-0.2379283859878702,-0.26337973131145787,-0.042237909340544964
1789997388420165600,26.00816552734375,-0.2625893673299332,-0.2964383178447887,0.0065314253968912165
1789997388430235600,26.018235595703125,-0.2634144128818426,-0.36271964464421963,0.07435867279470801
1789997388440306700,26.028306640625,-0.25265319916203177,-0.3824003905444305,0.03784456563822966
1789997388450376400,26.03837646484375,-0.30138523410008705,-0.36184389751038304,-0.06875111725823828
1789997388460447500,26.048447509765627,-0.35387933860814147,-0.403100437521867,-0.025385450166834897
1789997388470517800,26.058517822265625,-0.28557122051818046,-0.4263081524613707,0.04810433735386904
1789997388480588800,26.0685888671875,-0.21680828003157845,-0.4573612821765686,0.12159902577750031
1789997388490658600,26.078658447265624,-0.23722819184974933,-0.4772568633611238,0.07411977678630627
1789997388500729600,26.0887294921875,-0.2451669941388994,-0.35593351789104744,-0.14242286825154754
1789997388510799600,26.09879956054688,-0.2523446880766518,-0.3255168374519743,-0.04583789805872187
1789997388520870700,26.10887060546875,-0.24638672968584877,-0.2926356790738708,-0.06799365959515802
1789997388530940400,26.1189404296875,-0.2280256198838077,-0.22338175693360285,-0.11552330235879224
1789997388541011500,26.12901147460937,-0.18957019202496414,-0.19499568367004072,-0.06644860506456313
1789997388551081700,26.139081787109376,-0.13230948920010713,-0.21966746383553293,-0.003332722741966833
1789997388561152800,26.14915283203125,-0.11565176696814829,-0.22283352143924118,0.007809143257517758
1789997388571222500,26.159222412109376,-0.12398052263458112,-0.24567708577349065,0.08385036372465156
1789997388581293600,26.16929345703125,-0.020485283933639232,-0.21304591998183317,0.11000683709568446
1789997388591363600,26.179363525390624,0.057251722252314084,-0.2048016925790983,0.08130193900564658
1789997388601434600,26.1894345703125,0.013355911330154187,-0.20458748363944496,0.03807540146341295
1789997388611504600,26.19950463867188,-0.02616723987797318,-0.15414401462033928,-0.04069529158352897
1789997388621575700,26.20957568359375,-0.042711348712647625,-0.15134013357953968,0.024935205099438792
1789997388631645700,26.219645751953124,0.015011133800100999,-0.16969374183590408,0.07172207655692672
1789997388641716700,26.229716796875,0.07050854465862316,-0.18250637384523866,0.15096285604681897
1789997388651786500,26.239786376953123,0.046322752721054496,-0.13342887058079636,-0.007700069190561589
1789997388661857500,26.249857421875,0.02783449728802825,-0.13769582650613604,-0.024073313659056676
1789997388671927800,26.259927734375,0.06158598200963321,-0.1897732557827843,0.11348678649690266
1789997388681998800,26.26999877929688,0.07284124113916583,-0.1991328455609479,0.14716343461922482
1789997388692068600,26.280068603515623,0.0802281511062186,-0.1849043411611874,0.2524579023827911
1789997388702139600,26.2901396484375,0.11352194482286326,-0.11212620719329197,0.16254119741191775
1789997388712209700,26.300209716796875,0.06991065473098085,-0.07358773826987357,0.032916779740595266
1789997388722280700,26.31028076171875,0.051890767127231965,-0.05961352854643139,0.010799018748879537
1789997388732350500,26.3203505859375,0.10549984689271061,-0.07300387739590085,0.10502015467961005
1789997388742421500,26.33042138671875,0.11611173322015535,-0.056631338510140336,0.11105569226100355
1789997388752491800,26.34049169921875,0.08305537239930494,0.03708504405186627,0.010405889603284669
1789997388762562600,26.3505625,0.1082348427351175,0.08411110066636227,-0.016456139009444305
1789997388772632600,26.36063256835937,0.11585333891974149,0.041432891402037826,-0.036392777457601874
1789997388782703600,26.37070361328125,0.11795294993776434,0.007930913860368214,-0.07682239696466242
1789997388792773600,26.380773681640623,0.11024673626788271,0.005998668669971185,-0.05828696202413953
1789997388802844400,26.39084448242188,0.13173506871213048,-0.004752750295568242,0.01907470067181916
1789997388812914700,26.400914794921874,0.11843782468051671,0.046258906047060205,-0.0560885249554684
1789997388822985700,26.41098583984375,0.1291783435815244,0.09376303191710209,-0.05050121830172892
1789997388833055700,26.4210556640625,0.12011576167642096,0.08512938479153596,-0.07657937498596039
1789997388843126500,26.43112646484375,0.1035560414197535,0.06889347778736599,-0.08213984241701497
1789997388853196500,26.44119653320313,0.1628634814280437,0.04390336499467343,-0.009978801216391862
1789997388863267600,26.451267578125,0.1374462655181566,0.014193135811491743,0.025717020978826798
1789997388873337900,26.461337890625,0.10706649074274144,0.018199187229871665,0.007604440544453115
1789997388883408600,26.47140869140625,0.12462300534092027,0.035120653015068996,-0.0007041483164707127
1789997388893478700,26.481478759765626,0.11940154364623466,0.022810436372158047,0.024258053042567135
1789997388903549700,26.4915498046875,0.13185590846535428,0.030379280268705778,0.0020155860191127042
1789997388913619500,26.501619384765625,0.1767643602188503,0.05132319451171432,-0.035524230555859675
1789997388923690500,26.5116904296875,0.18107463622836803,0.05579295925031797,-0.02944297027069071
1789997388933760800,26.5217607421875,0.1511399738875341,0.04540966600472432,-0.031248475269330785
1789997388943831800,26.53183178710937,0.1595803980511187,0.10222562937940502,-0.13487699568407954
1789997388953901600,26.541901611328125,0.19975331384806308,0.12012676820309605,-0.04121027935880683
1789997388963972600,26.55197265625,0.19773689520423113,0.14580544262189457,-0.021788244277359828
1789997388974042600,26.562042724609373,0.1800908965597823,0.14676487492293247,-0.047938382941775284
1789997388984113700,26.57211376953125,0.20279544680849912,0.14791799571219105,-0.06934004200203649
1789997388994183400,26.582183349609377,0.21089751975912902,0.18125394107304377,-0.14227164500331735
1789997389004254500,26.59225439453125,0.2485203086822572,0.20325875998282936,-0.10066505939357659
1789997389014324700,26.60232470703125,0.29702471735460206,0.24240409191417406,-0.1401684252653942
1789997389024395800,26.612395751953127,0.24607471489957583,0.2710872335552378,-0.13688566034381044
1789997389034465500,26.62246557617188,0.273596141867285,0.32482459909440214,-0.06106743455427722
1789997389044536600,26.63253662109375,0.2902050048960727,0.34012684107598884,0.014397849501210374
1789997389054606600,26.642606689453125,0.2673362170784953,0.3692933241014763,0.00739894256996011
1789997389064677600,26.652677734375,0.26857151890625147,0.41080076909345514,0.05349271884392628
1789997389074747600,26.66274755859375,0.2967229615492224,0.43575021249629303,0.004028946701579665
1789997389084818700,26.672818603515623,0.33015328375162956,0.4315843466948373,0.0016200971228973037
1789997389094888700,26.682888671875,0.29769510196865095,0.42564436563790276,0.04288843601679305
1789997389104959700,26.692959716796874,0.26091467373476285,0.4499489521987319,0.03788215828668514
1789997389115029500,26.703029541015624,0.20779909191874313,0.46642601202304657,0.06994700927783236
1789997389125100500,26.7131005859375,0.2367868317400839,0.48554115292120775,0.10093478213849957
1789997389135170800,26.7231708984375,0.2040489361274685,0.4337575678761176,0.09830890903710321
1789997389145241900,26.73324194335937,0.16796463410154008,0.4166861838862864,-0.005590178973097132
1789997389155311600,26.7433115234375,0.14227109892136916,0.4133982786569533,-0.0345543150289317
1789997389165382700,26.75338256835937,0.07340075344820937,0.3807506853291041,-0.09625428913675747
1789997389175452700,26.76345263671875,0.041894923673880424,0.3657559189238203,-0.12548865319007116
1789997389185523500,26.7735234375,0.013705117932247381,0.32118225185689114,-0.06904025869302054
1789997389195593500,26.78359350585937,-0.011641370462409012,0.2831077717325854,-0.06680383744026491
1789997389205664500,26.79366455078125,0.01100991376217899,0.28017973128701373,-0.04369580417039683
1789997389215734800,26.80373486328125,0.035315706288721944,0.21917262141271285,-0.011791643288837458
1789997389225805600,26.8138056640625,-0.045311574044923905,0.15623692219656884,-0.09527971224294986
1789997389235875600,26.82387548828125,-0.048881287547598455,0.05287996196582259,0.015680770136135204
1789997389245946600,26.833946533203125,-0.10882059128891056,0.06502168826966455,-0.029884518838371125
1789997389256016600,26.8440166015625,-0.14860587340892834,0.0643380076745738,0.041525819625110504
1789997389266087400,26.85408740234375,-0.1869011970373966,0.026348743291311195,0.058295543705427985
1789997389276157700,26.86415771484375,-0.1605142813572918,-0.03243276357526551,0.035523987244404795
1789997389286228700,26.874228759765625,-0.15839794060445028,-0.04690502935437401,-0.010655940972133229
1789997389296298800,26.884298828125,-0.17413562341517222,-0.13469454081447674,0.06920477766242926
1789997389306369500,26.89436962890625,-0.15877967874962043,-0.16085028182628694,0.0058720825449449865
1789997389316439600,26.904439453125,-0.18302816574146458,-0.17413243500641,-7.760452771176614e-05
1789997389326510600,26.91451049804688,-0.23516125129381932,-0.20107042889663646,0.007309961315743392
1789997389336580600,26.92458056640625,-0.28315572987299087,-0.16611716236719148,-0.06540824139750487
1789997389346651600,26.934651611328125,-0.26775055164972994,-0.16744357329571843,-0.09224376551423265
1789997389356721700,26.9447216796875,-0.31563676490934595,-0.26937081843140714,0.015546013053158874
1789997389366792700,26.954792724609376,-0.28258326933860856,-0.2797034102521543,-0.05727065047558031
1789997389376862500,26.96486254882813,-0.26338589734073053,-0.24580328343244964,-0.043741047496692595
1789997389386933500,26.97493359375,-0.2476288290875032,-0.2579527386056095,0.004982427774520985
1789997389397003800,26.98500366210937,-0.24249972229210498,-0.25104474026352647,-0.07260131311539207
1789997389407074800,26.99507470703125,-0.26397224089256416,-0.31619489879097024,0.051949379334006944
1789997389417144600,27.00514453125,-0.2846278002737388,-0.34761340179883665,0.06974747747229376
1789997389427215600,27.01521557617188,-0.2627209284352047,-0.36149933128299416,0.1672270630413623
1789997389437285600,27.02528564453125,-0.21604058401573056,-0.3455683559901909,0.12679104223035373
1789997389447356700,27.035356689453124,-0.20950604374383944,-0.36960425000512936,0.14546656244366712
1789997389457426400,27.04542651367188,-0.22224738724723747,-0.3925294452683913,0.1475196579847877
1789997389467497500,27.05549755859375,-0.2151034292442766,-0.34688388379679447,0.13419642076674057
1789997389477567700,27.06556762695313,-0.21785511933860063,-0.27371239071512876,0.06028137121376372
1789997389487638800,27.075638671875,-0.24793635887930615,-0.2385917048429924,-0.015073746359494664
1789997389497708500,27.08570849609375,-0.26076587542350643,-0.26847623875937576,0.00026293808459653447
1789997389507779600,27.095779541015624,-0.21221917315976452,-0.2947298479474474,0.11671392537577593
1789997389517849600,27.105849609375,-0.13437400468639632,-0.2546277791009722,0.21743172386173995
1789997389527920600,27.115920654296875,-0.0840976330227096,-0.15844226469600922,0.10111823875074533
1789997389537990700,27.12599072265625,-0.13974035216007213,-0.12966016087987978,-0.03937995772771216
1789997389548061700,27.136061767578123,-0.12905993971510968,-0.15307073118561337,-0.02548163050564315
1789997389558131700,27.14613159179688,-0.06461691010914726,-0.15311100611226608,0.051516554298269956
1789997389568202800,27.15620263671875,-0.03669992588562978,-0.13018077347318302,0.12779108317302662
1789997389578272500,27.1662724609375,0.017460924777890838,-0.05193726640679613,0.17717465175467562
1789997389588343600,27.17634350585937,0.09291388613881663,0.018295209127417514,0.08801717484849195
1789997389598413800,27.186413818359377,0.08490698672723854,0.04231959125669336,-0.028661384878468976
1789997389608484900,27.19648486328125,0.10095613641838133,0.03861667427089361,0.02095042831220912
1789997389618554600,27.2065546875,0.14103343283424505,0.05605679585533828,0.07184528894162413
1789997389628625700,27.216625732421875,0.12906127764829997,0.11144570352427312,-0.006763943664334989
1789997389638695700,27.22669580078125,0.16695467687616036,0.14020924278624036,-0.00858105647945111
1789997389648766500,27.236766357421875,0.16720066578163145,0.1861494458409879,0.017676340394682577
1789997389658836500,27.24683642578125,0.2124969072807232,0.2313491047300546,-0.14836714018924507
1789997389668907500,27.256907470703126,0.2286187414400413,0.2293342347620824,-0.0662603847225505
1789997389678977800,27.266977783203124,0.26169048197852185,0.2864185718164589,-0.05758919236114867
1789997389689048600,27.27704858398437,0.24594451097650513,0.32967815610819867,-0.0043718553687669606
1789997389699118600,27.28711865234375,0.3193560647099339,0.3496546729006702,0.002482423030782867
1789997389709188600,27.29718872070313,0.3134579698385482,0.40514005075580684,0.024889267927041894
1789997389719259600,27.307259765625,0.24397982757638909,0.3960032532538161,-0.0022931352878908765
1789997389729329700,27.31732958984375,0.22458309899464793,0.38822077920909037,-0.028610577085118286
1789997389739400700,27.327400634765624,0.18442060988699133,0.3771454404203756,-0.06767195590788985
1789997389749470700,27.337470703125,0.14907166001932678,0.3441537875662786,-0.039412214087908806
1789997389759541500,27.34754150390625,0.11018792085571401,0.2902985112817693,0.04391124179808601
1789997389769611500,27.357611572265625,0.06472929980076363,0.27599516940668867,-0.0027716027571935797
1789997389779682600,27.3676826171875,0.03246744098579664,0.2600968185825378,0.015832305793881337
1789997389789752800,27.3777529296875,0.012215595959854261,0.251180695564903,-0.08204130452539306
1789997389799823600,27.38782373046875,-0.021799727987840828,0.20341482384981566,-0.05991870057150059
1789997389809893600,27.3978935546875,-0.10901336932844888,0.058053551179073605,0.07593872360244512
1789997389819964700,27.40796459960937,-0.13617746984465767,-0.0023324993640198867,0.1007419083382636
1789997389830034700,27.41803466796875,-0.10539175846726093,-0.0016852704748572978,0.1280376575926925
1789997389840105500,27.42810546875,-0.08851115895519947,-0.019506032769810857,0.10791357716546324
1789997389850175700,27.43817578125,-0.10881150379661739,0.0031972860824304268,-0.07678461766470299
1789997389860246800,27.448246826171875,-0.19469592209447548,-0.06064517165960116,-0.0231109098317913
1789997389870316800,27.45831689453125,-0.23576098196219725,-0.12144395809786587,0.042733815753556816
1789997389880387600,27.4683876953125,-0.25257432898407917,-0.12944256925224967,0.016139641258431904
1789997389890457600,27.47845751953125,-0.20686608254734148,-0.12488065282199512,0.07823949999195541
1789997389900528600,27.488528564453127,-0.2207478493956906,-0.16865665915616415,0.028555571521630102
1789997389910598400,27.49859838867188,-0.22667848255668785,-0.18340363374029378,-0.058645585654762564
1789997389920669400,27.50866943359375,-0.21053468935938188,-0.2113149601154015,0.0019325786516996462
1789997389930739700,27.51873974609375,-0.22402286866305768,-0.262658079372702,0.07426885944493737
1789997389940810800,27.528810791015623,-0.20459742803719688,-0.2186140831139731,0.02926831293152978
1789997389950880500,27.538880615234376,-0.22889163120219413,-0.2931800376957805,0.15629521000639496
1789997389960951600,27.54895166015625,-0.22499442672335346,-0.25489874915896676,0.014213902550892705
1789997389971021600,27.559021484375,-0.161788423517323,-0.19549522197251487,0.06062747346207493
1789997389981092600,27.569092529296874,-0.16729388916633367,-0.22232620990303975,0.09871071405687923
1789997389991162600,27.57916259765625,-0.179774204953377,-0.2527206195394032,-0.01603970222961151
1789997390001233700,27.58923364257813,-0.17802187391915217,-0.2449320220148282,-0.04552163052741145
1789997390011303700,27.5993037109375,-0.19432513557444284,-0.24558949377158468,0.0845854141344263
1789997390021374700,27.60937475585937,-0.2224314871809608,-0.225622467767229,0.03851120556034707
1789997390031444500,27.619444580078124,-0.20652287151419474,-0.14959192935154267,-0.07606905103396791
1789997390041515500,27.629515625,-0.19891875148962354,-0.19387506676718436,0.032738332058355475
1789997390051585800,27.639585693359376,-0.23675791851333508,-0.29992311476645467,0.08715105441811932
1789997390061656800,27.64965673828125,-0.22305149756752823,-0.295004734458483,0.1267079082165933
1789997390071726600,27.6597265625,-0.15604899744990314,-0.29989747515743065,0.22416204984264335
1789997390081797600,27.66979760742188,-0.1486357326202232,-0.2669240259610744,0.12212202192805181
1789997390091867600,27.67986767578125,-0.13795807362922022,-0.2380694636516557,0.0003189619579734919
1789997390101938700,27.689938720703125,-0.16148128283147342,-0.24492862382888675,-0.07191526856900891
1789997390112008400,27.700008544921875,-0.19738937174511886,-0.25408376604468164,-0.06343222224832998
1789997390122079500,27.71007958984375,-0.2635499102689982,-0.25673858966151086,-0.03951951087993139
1789997390132149800,27.720149658203123,-0.2388408674946696,-0.24330863621415827,-0.05612094083143678
1789997390142220800,27.730220703125,-0.21138040759481186,-0.24037593870189872,-0.035793439449828074
1789997390152290600,27.74029052734375,-0.16509205071594918,-0.19033951440669455,-0.11867468372838162
1789997390162361600,27.750361572265625,-0.14478635898776335,-0.19925871379303423,-0.06006022664651908
1789997390172431600,27.760431640625,-0.12421990457766245,-0.21935718167593773,-0.05549235817303501
1789997390182502700,27.77050268554688,-0.11697600755812262,-0.24482020695660422,-0.009450183555604666
1789997390192572700,27.78057275390625,-0.08466757239011082,-0.253022893557832,-0.01375835358993964
1789997390202643700,27.790643798828125,-0.07430254065345716,-0.25969229329751475,0.03905379075962726
1789997390212713700,27.800713623046875,-0.07868337840774076,-0.2834541202954348,0.06815478344972173
1789997390222784500,27.810784423828125,-0.05412549667654214,-0.29731128873426826,0.10776271389508005
1789997390232854500,27.8208544921875,-0.05120103232627376,-0.29821761831900395,0.054735917810711396
1789997390242925600,27.830925537109376,-0.0618574383695192,-0.29054727435282557,0.0006455281371459211
1789997390252995800,27.84099584960937,-0.06837116532846381,-0.30877406827987214,0.03590655386316676
1789997390263066600,27.851066650390624,-0.05418992215955481,-0.28698543147086836,-0.06912250822866482
1789997390273136600,27.86113671875,-0.01710561256496899,-0.26792737021048296,-0.17437248119321913
1789997390283207700,27.87120776367188,-0.06526164094743674,-0.33393400368942044,-0.058272079538728615
1789997390293277700,27.881277587890622,-0.07003892915085831,-0.34987029954823956,-0.07147918049565591
1789997390303348500,27.89134838867188,-0.0736016576932829,-0.33169915666748856,-0.020052423663862513
1789997390313418800,27.90141870117188,-0.024811705930544735,-0.3297579037595313,0.011710591385548304
1789997390323489800,27.91148974609375,-0.034706691827301066,-0.3342632893824025,-0.030467077106437174
1789997390333559600,27.9215595703125,-0.02887295109468472,-0.29415763335553036,-0.12861091061067353
1789997390343630600,27.931630615234376,-0.0005996916565912685,-0.25857778964862915,-0.10566170722997446
1789997390353700600,27.94170068359375,-0.03375340530964022,-0.23785918349224455,-0.10666071472383214
1789997390363771600,27.951771728515624,-0.04816077749350874,-0.22840928430675125,-0.12881521615975877
1789997390373841400,27.96184130859375,-0.04107123279888158,-0.20581389895761137,-0.12130655247249891
1789997390383912400,27.971912353515624,0.03956518223323804,-0.21525075177787328,-0.04469066818707157
1789997390393982700,27.981982666015625,0.06595454170120722,-0.19723572069140385,-0.041629816731118305
1789997390404053800,27.9920537109375,0.07184678417820779,-0.16360795563538563,-0.07187593005395719
1789997390414123500,28.00212353515625,0.045126945322064994,-0.1789849938158225,-0.037393183918800664
1789997390424194600,28.012194580078123,0.03421250286338585,-0.19655362572680277,-0.010317441578909623
1789997390434264600,28.0222646484375,0.05370246363559185,-0.14827448568173257,-0.016895968382487598
1789997390444335600,28.03233569335937,0.03336172406405996,-0.1654958276080275,0.10314006232875428
1789997390454405600,28.042405517578125,0.033976504096115565,-0.12195921505882515,0.02006005248286769
1789997390464475600,28.0524755859375,0.04295305502450552,-0.16521187175086016,0.072714103778514
1789997390474546700,28.062546630859377,0.0988113622303039,-0.1613571800670584,-0.021189336614880382
1789997390484616400,28.072616455078126,0.111398267722619,-0.20606007828313647,0.09058992201437764
1789997390494687500,28.0826875,0.10909857971742967,-0.19367785673970223,0.025781500318318575
1789997390504757800,28.0927578125,0.10991746459984349,-0.17067528784745223,-0.05938247717545643
1789997390514828800,28.10282885742188,0.0935134924355298,-0.1879583630894335,-0.05750463732404178
1789997390524898600,28.112898681640623,0.11010725687230927,-0.20542672226532552,0.0022985998806918212
1789997390534969600,28.12296948242188,0.1361635518612686,-0.20095937130220667,0.06057549226392076
1789997390545039600,28.13303955078125,0.18470274204698173,-0.19587617754201703,0.2092232163878885
1789997390555110700,28.143110595703124,0.1703027745702952,-0.2165342827993559,0.19757698646764027
1789997390565180400,28.15318041992188,0.14766421826434348,-0.16845646793444155,-0.01760809902597361
1789997390575251500,28.16325146484375,0.13767674082999237,-0.10423061614786623,-0.130606100587531
1789997390585321700,28.17332177734375,0.18356204943545695,-0.06824720201270976,-0.07700477624019525
1789997390595392800,28.183392822265624,0.18809822118947886,-0.0919017005224669,-0.015401842099462987
1789997390605462500,28.19346264648437,0.18587893351035734,-0.09517287841144081,0.021998838341793336
1789997390615533600,28.203533447265624,0.18670212989896232,-0.01854365683630808,-0.04585577450652116
1789997390625603600,28.213603515625,0.24118406902311415,0.01443077662474012,0.046764247330236416
1789997390635674600,28.22367456054688,0.3059137335934266,0.06557982530781734,0.06985227926656992
1789997390645744600,28.23374462890625,0.2954706510137412,0.11289976935918741,0.012374873890848417
1789997390655815700,28.243815673828124,0.2759941333320286,0.18297980386305537,-0.03838560727222306
1789997390665885700,28.2538857421875,0.30889116539399347,0.2747248760433138,-0.19203188566676063
1789997390675956700,28.26395678710937,0.36509286581215783,0.3357629669637322,-0.10288147995811782
1789997390686026500,28.274026611328125,0.4111990896579599,0.3550603212446827,0.009717021463480705
1789997390696097500,28.28409765625,0.35378451930074334,0.3647700836022264,0.0050363442258394555
1789997390706167800,28.294167724609373,0.3556144789924111,0.4176741392931135,-0.06215281130889504
1789997390716238800,28.30423876953125,0.38442674476206934,0.4654405832905416,0.02340470558531724
1789997390726308600,28.31430859375,0.4285232309989914,0.5015841907508166,-0.029245264877308684
1789997390736379600,28.324379638671875,0.4182739674690912,0.5065143277264944,-0.0019939115422486827
1789997390746449700,28.33444970703125,0.37514100127330385,0.5603989300664244,-0.05451227567283713
1789997390756520400,28.3445205078125,0.3962263823055317,0.6141568597829768,-0.1438477727523642
1789997390766590700,28.3545908203125,0.39678810231046974,0.6330335606240719,-0.10989747874460007
1789997390776661800,28.36466186523437,0.4050154869849927,0.6411246239263954,-0.034151272191409864
1789997390786731800,28.374731689453125,0.42941936569448846,0.6689257384342137,-0.06270429762614581
1789997390796802600,28.38480249023437,0.3847850223432849,0.6602266880431342,-0.06640349997826973
1789997390806872600,28.39487255859375,0.3804372381145754,0.6886417851441893,-0.08833646779269931
1789997390816943600,28.404943603515623,0.4157037391141328,0.6626337240391132,0.03452558552620974
1789997390827013600,28.415013671875,0.4088858329392051,0.5867277910989503,0.06203783707852775
1789997390837084400,28.42508447265625,0.33383392642284093,0.570028865472167,-0.02041533574115749
1789997390847154700,28.43515478515625,0.31682345496929976,0.5569023206723421,-0.05980130966928774
1789997390857225700,28.44522583007813,0.2779031436449664,0.5295535386444485,-0.07308048883117146
1789997390867295700,28.45529565429688,0.21786426473595097,0.48755338210046467,-0.035593278301342075
1789997390877366500,28.46536645507813,0.17142489829125016,0.478075197952609,0.018044196497454628
1789997390887436500,28.4754365234375,0.13530248669993622,0.447375412850525,-0.07859140073073557
1789997390897507600,28.48550756835937,0.13337030237211775,0.34317597720529036,-0.01819717945756639
1789997390907577600,28.49557763671875,0.06087970944204315,0.2737269011623824,0.09351200256654402
1789997390917648600,28.505648681640626,0.0011523309234120623,0.2721353192991567,0.04480060641773799
1789997390927718700,28.51571875,0.010665172159107164,0.2296078413935044,-0.0005395105043044721
1789997390937789700,28.52578979492188,-0.006883669373264166,0.20458907660735612,-0.09362987647254227
1789997390947859500,28.535859375,-0.07925880925778131,0.16037650256048025,-0.10194798287151802
1789997390957930500,28.54593041992188,-0.11832927428856876,0.08434917507097162,-0.005876903579162418
1789997390968000800,28.556000732421875,-0.09108063035498977,0.05346341145218981,0.030283298861618232
1789997390978071800,28.56607177734375,-0.12381561385089355,0.002050935236384386,0.03599266051505933
1789997390988141600,28.5761416015625,-0.16302358720457508,-0.031561355472244985,0.02310973232357995
1789997390998212600,28.586212646484373,-0.20135750352357934,-0.0879664913345633,0.08898300652897334
1789997391008282600,28.59628271484375,-0.213909011311349,-0.1516199478222686,0.11566118640335162
1789997391018353700,28.606353759765625,-0.19980911196322684,-0.19636765902372053,0.06953779969527167
1789997391028423400,28.61642333984375,-0.2276802417970808,-0.20863579563034712,-0.04451039630672155
1789997391038493700,28.62649365234375,-0.26340589844843143,-0.24349913306621476,-0.05619945119026959
1789997391048564700,28.636564697265623,-0.25955400222822855,-0.3026809367845365,0.01544075724834303
1789997391058634500,28.646634521484376,-0.28940752270439063,-0.3523022910010447,0.04559444315472096
1789997391068705500,28.65670556640625,-0.3191459736277604,-0.3673539592146231,0.03911352793316654
1789997391078775600,28.666775634765624,-0.3078199917128793,-0.4217092663964789,0.09640524887477221
1789997391088846600,28.6768466796875,-0.28491147249285154,-0.4333050442139518,0.045050044539446006
1789997391098916600,28.68691650390625,-0.2841323957117034,-0.4709721479047441,0.04849689430537142
1789997391108987600,28.69698754882813,-0.2903277677998984,-0.5164967055906395,0.03488333927721528
1789997391119057700,28.7070576171875,-0.28014922394160496,-0.5058581579742637,0.05903345076810205
1789997391129128700,28.71712866210937,-0.26128144895125466,-0.46954448554416106,0.08357933760488515
1789997391139198500,28.727198486328124,-0.22636847694019382,-0.44016663404327094,0.10627649122216375
1789997391149269500,28.73726953125,-0.18402502250027913,-0.4200178209832658,0.08125962292901087
1789997391159339800,28.74733984375,-0.15671633966823223,-0.41526855127379336,0.034227121346348345
1789997391169410800,28.75741088867188,-0.142369986426084,-0.36668542311699315,-0.015045292305275007
1789997391179480600,28.76748046875,-0.11792315686280833,-0.3193644509618012,0.008653665792101093
1789997391189551600,28.77755151367188,-0.08572944072713838,-0.28642131884282396,0.04294714588729564
1789997391199621600,28.78762158203125,-0.0402874692729293,-0.2660838506387938,0.08252539491415713
1789997391209692700,28.797692626953125,-0.030979331039699774,-0.241368101130229,0.09836733354507997
1789997391219762700,28.8077626953125,-0.040361166218980477,-0.14428881867410967,0.0325636072449902
1789997391229833700,28.817833740234374,0.02785318271876531,-0.07391684105513102,-0.02417365792448081
1789997391239903700,28.82790380859375,0.07154502278093575,-0.0295435960582412,0.007819612803314576
1789997391249974800,28.837974853515625,0.06895995639583523,0.02843553398341932,-0.028249713182815057
1789997391260044500,28.84804443359375,0.07913327630279715,0.08023877173525693,-0.048665233118858564
1789997391270115600,28.858115478515625,0.12228082277231331,0.12616248017977735,-0.1265976907603552
1789997391280185600,28.868185546875,0.16279247799398133,0.1419126402716767,-0.09282136095901043
1789997391290256600,28.87825659179688,0.22370253573042412,0.1750318219311547,-0.05009551895279582
1789997391300326700,28.88832666015625,0.24706400154550887,0.2091166230338768,-0.0115910181283827
1789997391310397400,28.8983974609375,0.2500698515584731,0.257721623788477,-0.041481215189869504
1789997391320467500,28.908467529296875,0.2686085967632104,0.2986298409038723,0.03738592760460067
1789997391330538200,28.918538330078125,0.3409734124136423,0.3625446804160036,-0.0025593215797178152
1789997391340608300,28.928608154296874,0.363435760684724,0.41692977665583136,0.02453450944153357
1789997391350679300,28.93867919921875,0.354228608588306,0.4180190663058745,0.049109558051622704
1789997391360749600,28.94874951171875,0.3542140317875882,0.4398498959160033,0.0578272121187886
1789997391370820400,28.9588203125,0.372920346194867,0.4958582769041865,-0.025836519550119744
1789997391380890400,28.96889038085937,0.39956515033180356,0.5121388720980973,0.013407056844809027
1789997391390961400,28.97896142578125,0.3614773331467467,0.5010715533370831,0.0055603183169992566
1789997391401031400,28.989031494140622,0.3455717315965665,0.5324746004111506,-0.04894375861627067
1789997391411102200,28.99910229492188,0.3675622080448353,0.572722831090028,-0.04355163160001478
1789997391421172500,29.00917236328125,0.3488888494266348,0.5483036554538184,0.03944136799133237
1789997391431243500,29.019243408203124,0.319551753700822,0.5832967858231283,-0.009146057989382146
1789997391441313300,29.02931323242188,0.2848247045664459,0.638360868208946,-0.06810805551065167
1789997391451384300,29.03938427734375,0.28108487033373986,0.6993077739390794,-0.15338005703723856
1789997391461454300,29.04945434570313,0.24139676689889256,0.7107550457331724,-0.11227217631436252
1789997391471525400,29.059525390625,0.25321618462805123,0.6953229515698763,-0.07345139972019162
1789997391481595400,29.069595458984374,0.25704872013901287,0.6835998711499667,-0.007089345288204401
1789997391491665400,29.07966552734375,0.24294161396458527,0.6558263139663791,0.005004890973551361
1789997391501736400,29.089736328125,0.22831853332843136,0.6392034806555851,-0.034674311349505896
1789997391511806500,29.09980639648437,0.19248059160807338,0.6014408658884015,0.003959068960210713
1789997391521877200,29.109877197265625,0.16478146043492822,0.555182357078627,0.062365634609843255
1789997391531947300,29.119947265625,0.13730004093884773,0.5161651512403286,0.01109155397010155
1789997391542018300,29.13001831054688,0.12506335163521493,0.4639116121098224,0.024113116090434913
1789997391552088300,29.14008837890625,0.08775471656220415,0.5002193076728122,-0.042136028441094264
1789997391562159400,29.150159423828125,0.0738209341687621,0.43150575443618217,0.06537711749898831
1789997391572229400,29.1602294921875,0.06448330026106582,0.3832005185992128,0.13259781932113074
1789997391582300400,29.170300537109377,0.054936332191043116,0.4198302672978363,0.011230263195776526
1789997391592370200,29.1803701171875,0.031165682677031223,0.3853118542370631,0.09040252077739133
1789997391602441200,29.190441162109376,-0.04480217581413866,0.361568660472134,0.05450413782245047
1789997391612511500,29.20051147460937,-0.059828848166790245,0.2848121782988103,0.1676653767650502
1789997391622582500,29.21058251953125,-0.059808442964605996,0.27973562745012764,0.025207593459324
1789997391632652300,29.22065234375,-0.1150207293283251,0.2367694279827323,0.0037559963219383776
1789997391642723300,29.23072338867188,-0.1509777992239518,0.20645451401849388,-0.07641414619947029
1789997391652793300,29.24079345703125,-0.19661860777716758,0.1425700536821774,-0.01890291378956665
1789997391662864400,29.250864501953124,-0.2213251654680145,0.14179065198502577,-0.0628029200070207
1789997391672934400,29.26093432617188,-0.22981006148628333,0.09059908262332168,0.08327171420897972
1789997391683005400,29.27100537109375,-0.2379982025393725,0.06375949265309871,0.02616699506374982
1789997391693075500,29.28107543945313,-0.23657850735415398,-0.00035928961537181437,0.10869495104866647
1789997391703146500,29.291146484375,-0.2246211506576273,-0.030419127572172678,0.08048684040839107
1789997391713216300,29.30121630859375,-0.25636491133769507,-0.13177939486285084,0.12622481600068722
1789997391723287300,29.311287353515624,-0.27682372192745863,-0.18016944874976756,0.05548673723541589
1789997391733357300,29.321357421875,-0.30648667470785174,-0.24483977956049272,0.1516245099527716
1789997391743428400,29.33142846679688,-0.331809182190612,-0.2549282381000283,0.12002306922484374
1789997391753498400,29.341498291015625,-0.329402594367056,-0.2817316525703521,0.11521322108982615
1789997391763569400,29.3515693359375,-0.3521411734885836,-0.30570822327005615,0.03941176706959413
1789997391773639400,29.36163940429688,-0.3536816817142576,-0.31848517425284817,-0.04654364284484163
1789997391783710500,29.37171044921875,-0.3367540402136104,-0.3518124165956409,-0.021490863739101883
1789997391793780200,29.3817802734375,-0.3397057410602897,-0.3934232877895196,0.016268886423295745
1789997391803851300,29.39185131835937,-0.35938961613580245,-0.4203499275949762,0.09356801967075776
1789997391813921500,29.401921630859373,-0.3562406755730903,-0.4152065999304888,0.04001632399988153
1789997391823992600,29.41199267578125,-0.348971474025656,-0.4453606798013154,0.05449087742548354
1789997391834062300,29.422062255859377,-0.38136700655063555,-0.4303461176111499,-0.06561986406188333
1789997391844133400,29.43213330078125,-0.3647229518540642,-0.43353732996029715,0.020091412468589902
1789997391854203400,29.442203369140625,-0.3522691569708269,-0.4527303222061854,0.04529597878662143
1789997391864274200,29.452274169921875,-0.3231136926843884,-0.41259303999258345,-0.005564690246905082
1789997391874344400,29.46234448242188,-0.31974934682447664,-0.35403410322939055,-0.01769658991909477
1789997391884414500,29.47241455078125,-0.35882837098840825,-0.3835827266711135,0.06721355953043676
1789997391894485500,29.482485595703125,-0.3338579373027581,-0.3240976616189479,-0.03394967820433058
1789997391904555300,29.49255517578125,-0.2872147863646656,-0.3169211873452239,-0.07781858943358719
1789997391914626300,29.502626220703124,-0.28006327307871715,-0.35274805521208286,-0.06467984971730857
1789997391924696300,29.5126962890625,-0.24507466712292536,-0.36248583467103823,-0.009423823923879963
1789997391934767400,29.522767333984376,-0.27522215786198045,-0.3009419210055117,-0.06034660775799259
1789997391944837400,29.53283740234375,-0.28260727483431736,-0.34707548153429696,0.05041942392558224
1789997391954908400,29.542908447265624,-0.256607196987617,-0.35469145284089354,0.04014382894540116
1789997391964978400,29.552978515625,-0.21764599837979953,-0.326077024750875,0.0737600042371648
1789997391975049500,29.56304956054688,-0.19281592008321635,-0.3308846346881932,0.07498858797742547
1789997391985119200,29.573119140625,-0.17879070285143192,-0.3149390320310265,0.05503119461584784
1789997391995190300,29.58319018554688,-0.1774202255971316,-0.29382830054622316,0.05798408935091089
1789997392005260500,29.59326049804688,-0.127539949540517,-0.2722937695212976,0.11706880038314024
1789997392015331300,29.603331298828124,-0.06626893481248439,-0.21612156360624488,0.09823651911712554
1789997392025401300,29.6134013671875,-0.0556855809367713,-0.16611611080736943,0.07284425204051458
1789997392035472400,29.623472412109376,-0.04180194485701961,-0.11297493713856474,-0.045838208353574994
1789997392045542400,29.63354248046875,-0.010636152402331487,-0.09392617134324407,-0.03255404520852728
1789997392055613200,29.64361328125,0.018988890296955104,-0.08335469174460497,-0.0014187566765831198
1789997392065683500,29.653683349609373,0.03958120575365035,-0.028788512175653366,-0.038510672502250494
1789997392075754500,29.66375439453125,0.03897801583280761,0.010262930406505777,-0.08375669687844134
1789997392085824500,29.673824462890625,0.012830921160559387,-0.014354411708989871,-0.02306028863835657
1789997392095895300,29.683895263671875,0.024411518823317515,-0.0016741746335492325,-0.07871414287716502
1789997392105965300,29.69396533203125,0.08166573342582555,-0.008893839886216618,0.02974769312332496
1789997392116036400,29.704036376953123,0.0993569983663505,0.011126515455919181,0.029904404731681836
1789997392126106400,29.7141064453125,0.08488450126469418,0.036465889636743694,-0.00767372683861216
1789997392136177400,29.72417749023437,0.0742715595330899,0.03792852044680425,-0.09503874243005388
1789997392146247400,29.734247314453125,0.08600146228977242,-0.004224165429798182,-0.04286082116830185
1789997392156318500,29.744318359375,0.0722632530405433,-0.02977275570819448,0.012594674360890509
1789997392166388200,29.75438818359375,0.03834889031186667,-0.018487835580528723,-0.024433484875103252
1789997392176459300,29.764459228515623,0.026570605118947113,-0.01566146927663376,0.02384296031375654
1789997392186529300,29.774529296875,0.0019931175726879955,-0.02354549749850649,0.014029208836588238
1789997392196600300,29.784600341796875,0.03749722925686093,-0.0032654163642742914,-0.028441291302271514
1789997392206670300,29.79467041015625,0.05746009643933295,0.019789502837467127,-0.030611674940221593
1789997392216741400,29.80474145507813,0.035491908081173355,0.020036844867181214,-0.052436386754345664
1789997392226811400,29.81481127929688,0.005654265174826088,0.03248336447804472,-0.07057164832489216
1789997392236882400,29.82488232421875,0.025134658812665907,0.019536927031495198,0.033604792041739884
1789997392246952200,29.8349521484375,0.03290476477682065,0.006371393212438352,0.03796045435778197
1789997392257022500,29.8450224609375,0.018429819129345052,0.002796894190109752,0.03377219424458211
1789997392267093500,29.855093505859376,0.030359397798498677,0.019666245501356167,-0.012430722279265812
1789997392277163300,29.86516333007813,0.033845164977635206,0.017859604875400087,-0.04971818751061505
1789997392287234300,29.875234375,0.03918268871986095,0.017909557827118915,-0.057370863750498886
1789997392297304300,29.88530419921875,0.04498368371447816,0.00919444846581744,-0.024319505084343256
1789997392307375400,29.895375244140624,0.008984905395246209,-0.01390642818234551,0.03907465779109386
1789997392317446000,29.90544580078125,0.015516033663266466,-0.007980501802943204,0.034776303768844934
1789997392327517000,29.915516845703124,0.018059075251813574,0.0027587994016299833,0.004690057611641393
1789997392337587000,29.9255869140625,-0.004554217981313073,-0.017782665763902836,0.0010961727144002589
1789997392347658000,29.93565795898437,-0.0017091817947222914,-0.004203172429420146,-0.027399154338069064
1789997392357728000,29.94572802734375,0.011775222981037756,-0.016338837372023823,0.010292377112024027
1789997392367798800,29.955798828125,0.022281087272063724,-0.024839928606359103,-0.034313120365900555
1789997392377868800,29.965868896484373,0.01622112769808756,-0.05333206719063926,0.10012580437315834
1789997392387939800,29.97593994140625,4.18503626530229e-05,-0.02807682896006803,0.04266124665058325
1789997392398010000,29.986010009765625,0.000992883138675829,-0.017767340810455813,0.07476932997947065
1789997392408081000,29.996080810546875,0.002116664075583807,-0.007670792556668863,0.05819637768518494
1789997392418151000,30.00615087890625,0.006516028665047295,-0.014509999137273542,0.031156645240166446
1789997392428222000,30.016221923828127,0.010024755146886765,-0.01716990722442708,0.04637346368886784
1789997392438292000,30.0262919921875,0.0013173279765824467,0.021225120419958908,-0.05522889422771965
1789997392448362800,30.03636279296875,0.005003488229636673,0.0570385402978582,0.027291585940726393
1789997392458433000,30.04643310546875,-0.010704799238434435,0.10317659273088858,-0.010722001555306027
1789997392468504000,30.056504150390627,-0.009998535283809019,0.11912628400600288,-0.016852242360924995
1789997392478574000,30.066573974609376,0.0029107620951704157,0.12828531783082717,0.05416865171881194
1789997392488644900,30.076644775390623,0.03638797445129521,0.11761535281815344,0.0493706298559621
1789997392498715000,30.08671484375,0.05487590837950082,0.09538694906043571,0.06953694988531697
1789997392508786000,30.096785888671874,0.04535482847195655,0.10657838673788352,0.03626685182631883
1789997392518856000,30.10685595703125,0.04211989325111688,0.12410960725661326,-0.019538769361799265
1789997392528927000,30.11692700195313,0.04782436966723617,0.10407600035437357,0.007901811872567553
1789997392538997000,30.1269970703125,0.06180601660545473,0.061891141743594974,0.10439918682309156
1789997392549068000,30.13706811523437,0.09171323920340596,0.029363841134430736,0.002240517770023008
1789997392559137800,30.1471376953125,0.06499076355724438,-0.020085678251514333,0.05377170335250502
1789997392569207800,30.15720776367188,0.07366929219764302,-0.038416453436296676,0.017143727899462193
1789997392579278800,30.16727880859375,0.02258900315631703,-0.06908105842918726,0.022518520513071946
1789997392589349000,30.17734912109375,-0.0001718772506204951,-0.03947989979247642,-0.08371644502305717
1789997392599420000,30.187419921875,-0.05975736199015873,-0.08119086294475528,-0.040527112557099225
1789997392609490000,30.197489990234374,-0.09098683072634996,-0.18322718134587423,-0.007918118975724791
1789997392619561000,30.20756103515625,-0.06583699847958002,-0.2389843545833834,0.02704824980694273
1789997392629630700,30.217630615234373,-0.07561820333226682,-0.2828158186792528,0.03750518729998377
1789997392639701800,30.22770166015625,-0.13669381107770762,-0.2836824736167222,-0.0492451734238278
1789997392649772000,30.23777197265625,-0.17807400461584616,-0.32887693365591225,-0.004943748971220496
1789997392659843000,30.247843017578123,-0.18251255780169703,-0.36237918343997955,-0.015024923986298257
1789997392669912800,30.25791284179688,-0.18839232599119707,-0.4454996499361611,0.11505964956466673
1789997392679983900,30.26798388671875,-0.20424641139644337,-0.4578172780391741,0.046894100630327125
1789997392690054000,30.278053955078125,-0.20171374377613446,-0.4970614494833203,0.10400864738762547
1789997392700125000,30.288125,-0.24930750277593017,-0.5024565321976989,0.06386389909216189
1789997392710195000,30.29819482421875,-0.21829189811497057,-0.4734115107269682,0.01447742710876587
1789997392720266000,30.308265869140627,-0.17730029263884914,-0.44866472276993424,0.015409088002652581
1789997392730336000,30.3183359375,-0.17808992016906258,-0.4311892102234461,0.027121470487550117
1789997392740407000,30.328406982421875,-0.1428839782975139,-0.3459863056200348,-0.08196138334329386
1789997392750476800,30.338476806640625,-0.11351453629051877,-0.3070121737035325,0.01748435294903184
1789997392760547800,30.3485478515625,-0.08556705305501038,-0.24844941357851846,0.038253365343644694
1789997392770617900,30.35861791992188,-0.06798091991754586,-0.14126286595106846,-0.033825937081646794
1789997392780689000,30.36868896484375,0.02185150214336723,-0.08425679988153559,0.02722285007957453
1789997392790759000,30.378759033203124,0.07036100169144438,-0.035038973614736645,-0.029216241651787107
1789997392800830000,30.38882983398437,0.09340329978342167,0.0014140905206901089,-0.08312777548534905
1789997392810900000,30.39889990234375,0.1601861043014681,0.04731384135620366,-0.05350053811831759
1789997392820971000,30.408970947265622,0.17961363071213834,0.09435321413611715,0.026174999215365036
1789997392831040800,30.419040771484376,0.20209276710718083,0.138425421345932,-0.013279123912658368
1789997392841111800,30.42911181640625,0.22467977528264782,0.21662065749194,-0.08988770546181218
1789997392851182000,30.43918212890625,0.2675226907272066,0.22622642946495403,-0.02405814368619433
1789997392861253000,30.44925317382813,0.296025485649172,0.26555552708199465,-0.030484193762325886
1789997392871323000,30.45932299804688,0.31923838796990234,0.29762284260954824,-0.05233724133716905
1789997392881393000,30.469392822265625,0.3123881172596047,0.3281552580266808,-0.06748269111874211
1789997392891464000,30.4794638671875,0.32590280337219507,0.34756401843552404,-0.03658103909756721
1789997392901534000,30.48953393554688,0.3409672189559525,0.3881400317532171,-0.07296974552965586
1789997392911605000,30.49960498046875,0.32944021913376925,0.3583566774017921,0.07225540050178461
1789997392921675000,30.509675048828125,0.3247830046092051,0.35972203208804837,-0.0073226273903414674
1789997392931746000,30.51974609375,0.30439405471360514,0.3627543895730594,-0.06639888102576175
1789997392941815800,30.52981591796875,0.27239893184960445,0.34724295369710745,-0.04285545311361684
1789997392951886800,30.539886962890623,0.2250078299457136,0.3452655440734405,0.005629290124974044
1789997392961956900,30.549956787109377,0.24730524027904463,0.3651943162556107,-0.024173632002012068
1789997392972028000,30.56002783203125,0.2488429593101783,0.391678093168177,-0.11496738758257587
1789997392982098000,30.570097900390625,0.2401994721450476,0.34447924765820204,-0.043785397763501606
1789997392992169000,30.5801689453125,0.18125458402323588,0.3345806677536895,-0.0021814855295645363
1789997393002239000,30.59023901367188,0.1265630121891597,0.3017995245188978,-0.03553026665703919
1789997393012310000,30.60031005859375,0.13476145045762464,0.2431980205761031,-0.014901771426736843
1789997393022379800,30.6103798828125,0.10549876702066502,0.19013674319754095,0.006378201270984695
1789997393032450800,30.62045092773437,0.08603521456104421,0.138760124842494,0.034962233385880497
1789997393042521000,30.63052099609375,0.07382593049983018,0.13965306660505264,-0.018201922476966656
1789997393052591900,30.640591796875,0.056261521282199,0.11384581065947764,-0.011517012444295828
1789997393062662000,30.650661865234376,0.038810390623447044,0.03856923100479805,0.15003317874878289
1789997393072733000,30.66073291015625,0.038443696432367974,0.04368811322075478,0.06884880559795428
1789997393082803000,30.670802978515624,0.008409228434788845,0.021700155990728567,-0.01286048572649435
1789997393092873700,30.68087377929688,-0.011523674700977699,-0.025026477111883588,0.013049491421264511
1789997393102944000,30.69094409179688,-0.02239187550593594,-0.06171039553454882,0.007826958772552812
1789997393113014000,30.701013916015626,-0.04580609625493243,-0.07885131838546265,-0.094705772261952
1789997393123085000,30.7110849609375,-0.04992360079939565,-0.10720239260276306,-0.015373949509461771
1789997393133154800,30.72115478515625,-0.029680511588418616,-0.12983307258483967,0.1292689815498743
1789997393143225900,30.731225830078124,-0.04253259998575571,-0.1092799523109643,0.15139378604089296
1789997393153296000,30.7412958984375,-0.07022052106360727,-0.10632015105090707,0.14167646841244713
1789997393163367000,30.75136694335937,-0.08878719132568752,-0.0925582480256043,-0.005794026935391316
1789997393173437000,30.76143701171875,-0.12918841772924586,-0.08934054328401245,-0.018592378457361926
1789997393183508000,30.771508056640624,-0.12500354867689584,-0.0992847153052305,0.11749076414297491
1789997393193578000,30.781577880859373,-0.0998431748108759,-0.10714885976279899,0.10010340116766592
1789997393203648800,30.791648681640623,-0.10339351694870752,-0.13800606355163061,0.14762492397459534
1789997393213718800,30.80171875,-0.07803577243623792,-0.11482409989659538,0.0177668137183188
1789997393223789800,30.811789794921875,-0.09358211137799734,-0.12821299932099,-0.0359931846971878
1789997393233860000,30.82186010742188,-0.07985109291859592,-0.12447823906990994,-0.03374608414195362
1789997393243931000,30.831930908203127,-0.06100230232508086,-0.11569422411343114,0.05605008499377523
1789997393254001000,30.8420009765625,-0.0790637939853723,-0.10551417311827575,0.04690284539995288
1789997393264072000,30.85207202148437,-0.08649380739656029,-0.07780945978019688,0.046278516976698575
1789997393274142000,30.862141845703125,-0.07162696296467698,-0.080446938085867,0.16606193649301657
1789997393284212700,30.87221264648437,-0.06326515473573154,-0.034262554014405845,0.01925423124348402
1789997393294283000,30.882282958984376,-0.03739889612228174,-0.03337322645985414,0.06574701187695728
1789997393304354000,30.89235400390625,0.011274824870783344,-0.003336652254134644,0.17898860960688215
1789997393314424000,30.902424072265624,0.035657373556183466,0.03706184278891123,0.04714225826070218
1789997393324495000,30.9124951171875,0.0937053192741519,0.07910822289364719,-0.011929988335811057
1789997393334565000,30.92256518554688,0.10418338656478877,0.11540384460807691,0.0461076028215487
1789997393344636200,30.93263623046875,0.08889828453894942,0.14919770695301193,-0.02914898345744777
1789997393354706200,30.9427060546875,0.08670318510013497,0.1667587714804572,-0.07981020700649602
1789997393364777200,30.95277709960937,0.06591682710381548,0.16079548305037644,0.08975682630207828
1789997393374847200,30.96284716796875,0.07643381182895244,0.17935395788057193,-0.02690118364135268
1789997393384917000,30.9729169921875,0.06910914891832583,0.16986433954332156,-0.012282065491912238
1789997393394988000,30.982988037109376,0.06798280653615388,0.19600168568817455,0.07331294477842679
1789997393405058000,30.99305810546875,0.05740918472913813,0.2002542250700975,0.09270931974734378
1789997393415129000,31.003129150390624,0.055658790862986224,0.23341910536962468,-0.08711891823471506
1789997393425199000,31.01319921875,0.04208360554827267,0.2268364176157066,-0.03950848036838355
1789997393435270100,31.02327026367188,0.04130777122804915,0.21674451339352105,-0.05915039786337173
1789997393445340200,31.033340087890625,0.03665467233225967,0.20698257603388606,-0.1013171289265972
1789997393455411200,31.0434111328125,0.05251712065740209,0.2255658087269179,-0.1361746034169011
1789997393465481000,31.05348095703125,0.05395797220479256,0.20111997824549036,-0.1019973943872539
1789997393475552000,31.063552001953123,0.07157526570098045,0.2098182502986577,-0.13488673750999236
1789997393485622300,31.073622314453125,0.06697317644104475,0.11711528320337196,0.11848082770847133
1789997393495693300,31.083693359375,0.039310170669264156,0.0856932764660169,0.02649025200291241
1789997393505763000,31.09376318359375,-0.0063145504433111945,0.05176040299945753,-0.03313755771660717
1789997393515834000,31.103834228515623,-0.045092983460510605,0.05687975074755961,-0.021779999860427272
1789997393525904100,31.113904052734377,-0.04997278614860659,0.03477183958809388,0.00019254609470950622
1789997393535975200,31.12397509765625,-0.02591472474584109,0.02008144034489651,-0.08391328003482106
1789997393546045200,31.134045166015625,-0.00822274595571126,-0.011108376826106728,-0.11150355750768014
1789997393556116200,31.1441162109375,-0.01263336864515931,-0.05038107188756859,-0.05367016146939888
1789997393566186200,31.15418627929688,-0.002495167479945022,-0.07245354558005504,-0.04247152991556416
1789997393576257300,31.16425732421875,-0.03256982425286966,-0.07060238845631778,-0.16916034875935584
1789997393586327000,31.1743271484375,-0.05428073660668583,-0.09413455822521516,-0.10170516328904185
1789997393596398000,31.18439819335937,-0.04713930305616647,-0.11377191745500512,-0.0665247135530156
1789997393606468000,31.194468017578124,-0.08320392007760712,-0.08920871068968647,-0.24118047716195903
1789997393616539100,31.2045390625,-0.12475218071121445,-0.05413917638382465,-0.29393017473718464
1789997393626609200,31.214609130859376,-0.10249571749754795,-0.09492386338359506,0.10139964580307914
1789997393636680200,31.22468017578125,0.0201046707650207,-0.06902300712282673,0.0971785453007642
1789997393646750200,31.234750244140624,0.036693123059461236,-0.09177732966302285,0.10194141631103076
1789997393656820000,31.24482006835937,-0.002361776693140683,-0.05715322287671867,0.02853619308460654
1789997393666891000,31.25489111328125,-0.08685376104742601,-0.05250950782773351,-0.11449375199721802
1789997393676961300,31.264961181640626,-0.1301401160025211,-0.04122870205458499,-0.1530294735393431
1789997393687032300,31.2750322265625,-0.1111302172627114,-0.00851327072401177,-0.12936389113764454
1789997393697102000,31.28510205078125,-0.038918949765545933,0.02231247516741613,-0.11846967294104457
1789997393707173000,31.295173095703124,0.0037290246087450527,0.03903854665100621,-0.09994505398272506
1789997393717243100,31.3052431640625,0.041957887282347776,0.027552485383517112,-0.02324792852508458
1789997393727314200,31.31531420898437,0.0430514255980016,0.03166584827593651,-0.110945397279358
1789997393737384200,31.32538427734375,0.012372169159042474,0.05180110594587369,-0.18071096619215873
1789997393747455200,31.335455322265624,0.03132356782113365,0.07486442570695417,-0.0788929969724631
1789997393757525200,31.345525146484373,0.05608361156113496,0.1298386246823548,-0.09559590350279541
1789997393767596300,31.35559619140625,0.08909037686753357,0.1770812452285154,-0.06832684328763003
1789997393777666000,31.365666015625,0.11397172984236963,0.21059742830810094,0.023741382902105423
1789997393787737000,31.375737060546875,0.11938710517378869,0.2620136064544552,-0.06271192517458693
1789997393797807000,31.38580712890625,0.11980885475584274,0.30216396500690773,-0.07828441718514212
1789997393807878100,31.395878173828127,0.15464459728425745,0.34544266214856667,-0.07850308478529505
1789997393817948200,31.4059482421875,0.1730085994514438,0.35732510830182335,-0.06743754813314512
1789997393828019200,31.41601928710937,0.16290784587972973,0.4135020046679111,-0.16022789678739102
1789997393838089200,31.426089111328125,0.1566541637658129,0.381899579428317,-0.12210579302910145
1789997393848160000,31.43615991210937,0.15287853532181978,0.37491281510208,-0.15904289261517876
1789997393858230000,31.44622998046875,0.15213215691306667,0.3592462793500253,-0.14596658932922457
1789997393868300300,31.45630029296875,0.14413250127911675,0.32514355316532306,-0.10350681141865856
1789997393878371300,31.466371337890624,0.15287149952731777,0.2801674631616774,-0.028844421985334625
1789997393888441000,31.47644116210937,0.125811869834966,0.23017444971596826,-0.044480518204475746
1789997393898512100,31.48651220703125,0.06016982384623627,0.2266471872544296,-0.06190814920202257
1789997393908582100,31.49658203125,0.07650193402625931,0.18993400914536784,0.09339518574994889
1789997393918653000,31.50665283203125,0.1091757200628416,0.16101486752215843,0.06520286124206626
1789997393928723200,31.51672314453125,0.0816271677960917,0.12232944978122016,0.04482515911728882
1789997393938794200,31.526794189453124,0.04254885983571173,0.13422037169462805,0.008527972165853524
1789997393948864300,31.5368642578125,-0.02116654644016756,0.1543595652042938,-0.020695126786747536
1789997393958935000,31.54693505859375,-0.07807852490821865,0.18000765697388077,-0.1339650311582184
1789997393969005000,31.55700512695313,-0.13052697556553342,0.15908944945621561,-0.08925981976805557
1789997393979076000,31.567076171875,-0.1197765563250515,0.13694505948629707,-0.05439570475100233
1789997393989146000,31.57714599609375,-0.13382145007355797,0.09914656905245918,-0.08742053249396105
1789997393999217200,31.587217041015624,-0.15200441202081144,0.08148986844640296,-0.15921566188113292
1789997394009287200,31.597287109375,-0.10282556803559738,0.08218727966026258,-0.11956990186814709
1789997394019358200,31.607358154296875,-0.1477825526135455,0.0693608214276986,-0.12520949534108722
1789997394029428200,31.61742822265625,-0.13309098270325517,0.037297986922680555,-0.02374878157886975
1789997394039499000,31.6274990234375,-0.16642313775188997,-0.03564633511722525,0.06912338686218304
1789997394049569000,31.63756909179688,-0.21057657408582336,-0.0506649974495455,-0.06872936891442678
1789997394059640000,31.64764013671875,-0.23384132190621285,-0.08185321606155102,0.04656221091669455
1789997394069710000,31.6577099609375,-0.24113023115505763,-0.14388431754468645,0.17099569415157045
1789997394079780000,31.667780029296875,-0.30442996904991915,-0.21121725787149567,0.1091688498556205
1789997394089851100,31.67785107421875,-0.2649980430495973,-0.19638104596695952,-0.08940425721195693
1789997394099921200,31.687921142578126,-0.2900755641770701,-0.23088007314367334,0.16080470379956807
1789997394109992000,31.697991943359376,-0.26034597507666635,-0.24589347601407877,0.11900313186241859
1789997394120062200,31.70806225585937,-0.2688689426763154,-0.31100754505093686,0.05074805271639594
1789997394130133200,31.71813330078125,-0.23133883445541262,-0.3434143291890094,0.0888836560246928
1789997394140203300,31.728203369140623,-0.21942727073076862,-0.3470104430274909,0.026679116080130107
1789997394150274000,31.73827416992188,-0.26860547269811824,-0.410172075263103,0.15124269260401907
1789997394160344000,31.748343994140622,-0.29005418485727513,-0.471230044967528,0.2577868572412008
1789997394170415000,31.7584150390625,-0.29426615144486273,-0.4636112640430761,0.2843369524264374
1789997394180485000,31.76848510742188,-0.2364407822440646,-0.44399881783216644,0.13180632318126623
1789997394190556200,31.77855615234375,-0.2093707133523572,-0.5001146342133168,0.0895545087855278
1789997394200626200,31.78862622070313,-0.22558033035400898,-0.5293999138796723,0.10155363800961906
1789997394210697200,31.798697265625,-0.19620280425141964,-0.49467599276564406,0.024997617023598408
1789997394220767000,31.80876708984375,-0.20381641856367916,-0.5025961644057738,-0.17101826261687184
1789997394230838000,31.818838134765624,-0.2632425748439895,-0.49887002495293503,-0.43053532374818243
1789997394240908000,31.828907958984374,-0.20031854475565347,-0.436751933635187,-0.0709600023751758
1789997394250979000,31.83897900390625,-0.06394054595241312,-0.47225100653384394,0.31275385526148575
1789997394261049000,31.849049072265625,-0.2701511978077077,-0.43492991641466544,0.2546843373102544
1789997394271120100,31.8591201171875,-0.16855329042809775,-0.2584150623485931,0.27334106038044415
1789997394281190100,31.86919018554688,-0.07378317080157318,-0.268628949465446,-0.14179661036273447
1789997394291261200,31.87926123046875,-0.046142961115295145,-0.28357049771603504,-0.056832939237027036
1789997394301331000,31.8893310546875,0.07599697965882181,-0.14664606199592764,0.23638453795067
1789997394311401200,31.899401123046875,0.019359345735000973,-0.14577536202113411,0.2583235987645094
1789997394321471500,31.90947143554688,-0.09438620318202703,-0.16550448509750532,0.06458527991406875
1789997394331541500,31.91954150390625,-0.049829451686750514,-0.03767487976701177,0.006383190944056943
1789997394341612500,31.929612548828125,0.046730751913478676,0.06223932411407102,0.05519356191089613
1789997394351682300,31.939682373046875,0.10597668757641059,0.12685436767347494,0.038121974492433666
1789997394361753300,31.94975341796875,0.05362308585555772,0.1377439496474731,0.08243424767867208
1789997394371823600,31.95982373046875,-0.014141069616210623,0.19970048431468834,-0.1826119470072324
1789997394381894700,31.969894775390625,-0.009092438000563858,0.1833628476883096,-0.09471122573451
1789997394391964400,31.97996435546875,0.004771015472922664,0.189043130861885,0.012326855690390968
1789997394402035500,31.990035400390624,0.0025975243454884156,0.15692264279894538,0.037210215646309025
1789997394412105500,32.00010546875,-0.02844691032288302,0.06069714468900959,0.09826253230375492
1789997394422176500,32.01017651367187,-0.008111927878186143,0.008854859505599543,0.16779611265835429
1789997394432246500,32.02024658203125,0.02658816353097903,0.009770132623004595,0.09658877182713528
1789997394442317600,32.03031762695313,0.02072191960095754,0.027780001258215753,0.013878105159158246
1789997394452387600,32.0403876953125,-0.036796691298697934,-0.032891662515385896,0.10043896194809773
1789997394462458600,32.050458740234376,-0.06907106661376923,-0.09103633969881693,0.11423136562282056
1789997394472528400,32.0605283203125,-0.04570384798624306,-0.08398078525563844,-0.11045418237658894
1789997394482599400,32.07059936523437,-0.08271566101284399,-0.14604658343608803,-0.02623001656992889
1789997394492669700,32.08066967773438,-0.1390982329749139,-0.2107153686319309,0.03622661274667515
1789997394502740500,32.09074047851563,-0.13070622075797644,-0.2265572698731536,-0.09469642713638245
1789997394512810500,32.100810546875,-0.12730990400051312,-0.2568012644317274,-0.0037028780627783465
1789997394522880500,32.11088061523437,-0.13458454377866141,-0.2570858564272891,0.0914841655745884
1789997394532951600,32.12095166015625,-0.11338817381146543,-0.3140914072157835,0.3883375552346954
1789997394543021600,32.131021484375,-0.08699025957141349,-0.25722910332186394,0.24072682294011788
1789997394553092400,32.14109228515625,-0.11208139571209255,-0.2503582797075291,0.08786331167419931
1789997394563162600,32.15116259765625,-0.1432805597303402,-0.24977632309262543,0.03650315747034577
1789997394573233700,32.161233642578125,-0.13962466226388734,-0.25856958016742,-0.003975982808074469
1789997394583303400,32.17130346679688,-0.1626330328886788,-0.29016450254942494,-0.054219058045990684
1789997394593374500,32.18137451171875,-0.17166652690513592,-0.28014400155785746,0.005579802456526895
1789997394603444500,32.19144458007813,-0.16738275506438158,-0.2605534608331253,0.006505159824750327
1789997394613515500,32.201515625,-0.14046715760146836,-0.23395968550699106,-0.041944157377445196
1789997394623585500,32.21158544921875,-0.08272049514556774,-0.22765646715940024,-0.049156901261162164
1789997394633656600,32.221656494140625,-0.06511804283082241,-0.2570363708831845,-0.0038897907034433888
1789997394643726600,32.2317265625,-0.02245796255106922,-0.275536004417825,0.048317474266818976
1789997394653797400,32.24179736328125,-0.0013678096350102779,-0.2467839942652468,0.06777702917325829
1789997394663867400,32.251867431640626,0.015573089086876891,-0.22095918670133272,0.04921059758407211
1789997394673938400,32.2619384765625,-0.01560969480653779,-0.1918542832307687,0.01699417869928072
1789997394684008700,32.2720087890625,-0.019835650344216537,-0.1609211314962406,0.010795994757024816
1789997394694078500,32.28207836914063,0.018282494905170154,-0.11356475831894619,0.020309753030984118
1789997394704149500,32.2921494140625,0.06709890304900615,-0.07227273935608979,-0.019412506355497912
1789997394714220500,32.30222045898437,0.12637105882930944,-0.03954591028966789,0.0012849069121838178
1789997394724290600,32.31229052734375,0.15648723882120744,0.005883674675971226,-0.03627923070506945
1789997394734360600,32.322360595703124,0.18708372278798002,0.05578770001745325,-0.06110980104885687
1789997394744431600,32.332431640625,0.2057345956989356,0.08206828942019442,-0.007324638448178212
1789997394754501600,32.34250170898437,0.18538015092427423,0.09912719560553919,-0.007385570002804098
1789997394764572700,32.35257275390625,0.16091059192974602,0.08303467182872822,-0.0030696806743407555
1789997394774642400,32.362642333984375,0.14772704223492933,0.10806617750148785,0.0013464473197288033
1789997394784713500,32.37271337890625,0.1265230866641274,0.1558542353330767,-0.010085835759408097
1789997394794783500,32.38278344726562,0.1483995023516105,0.17463140469755845,-0.06079207885408402
1789997394804854300,32.39285424804687,0.1462567800043975,0.16854039315409175,-0.050074807141385624
1789997394814924500,32.40292456054687,0.11839806973273323,0.13162521366658872,0.007660404717030163
1789997394824995600,32.41299560546875,0.12652569638033687,0.10302215294996755,0.009722495853400773
1789997394835065600,32.42306567382813,0.1199453241115053,0.08285720298936002,0.017330591931553226
1789997394845136400,32.43313647460938,0.09540248398468344,0.058332578104746846,0.034555766825307935
1789997394855206400,32.44320629882812,0.056079071164275726,0.04668106751084676,0.01878214887621777
1789997394865277400,32.45327734375,0.03015227739130601,0.03553575754329621,-0.009446622476518134
1789997394875347700,32.46334765625,-0.009805955911757232,0.020150379965305044,-0.01731051008344798
1789997394885417500,32.47341748046875,-0.03869925872627742,-0.012184877874101904,-0.030440677814267576
1789997394895488500,32.48348852539063,-0.03639810936610352,-0.02428934650646833,-0.03635080254699278
1789997394905558500,32.49355859375,-0.008666671567584201,-0.05300112562966862,0.028398446800358322
1789997394915629300,32.50362939453125,0.016820226902524393,-0.0738999552092866,0.040627512829890466
1789997394925699600,32.51369946289063,0.01073403398835454,-0.09428042460950069,0.011353251357402915
1789997394935770600,32.5237705078125,0.010481916901327068,-0.1350667537271587,0.02892554673443848
1789997394945840600,32.53384057617188,-0.009118878042561847,-0.15467902739542427,-0.0073043162916172815
1789997394955911400,32.543911376953126,-0.01862115689203495,-0.1790441436175312,-0.00204944549346317
1789997394965981400,32.5539814453125,-0.01703906010190298,-0.18517688133776494,-0.0032796073377837505
1789997394976052500,32.564052490234374,-0.005089291774251805,-0.20175782372950618,0.015585801389834796
1789997394986122500,32.57412255859375,-0.023747827090223352,-0.1997350158536775,-0.012137234591092238
1789997394996193500,32.58419360351562,-0.045793954804143736,-0.17738216549802413,-0.028009731433371744
1789997395006263600,32.594263671875,-0.0393283171724422,-0.17406059079130054,0.012675207638244194
1789997395016334600,32.60433447265625,-0.02547495149976098,-0.14752280352426578,0.01189075482964715
1789997395026404600,32.614404541015624,-0.03285692779180025,-0.12285736531704773,0.016193945359994542
1789997395036475400,32.624475341796874,-0.0408575036010805,-0.10953526372267755,0.024619595862077202
1789997395046545400,32.63454541015625,-0.025084757966340535,-0.0901824579314414,-0.0179049382615836
1789997395056615700,32.64461572265625,-0.013417603987380155,-0.09748994522153236,-0.012071678110267648
1789997395066686500,32.6546865234375,-0.0024564624590843413,-0.09491747831336265,-0.006709110773250038
1789997395076756500,32.66475659179687,0.005535192946470076,-0.11375535003034816,-0.0029407217146770184
1789997395086827500,32.67482763671875,0.015173994969275347,-0.10781683811305019,0.02077602148075916
1789997395096897500,32.6848974609375,0.05198467077141581,-0.14741103531421143,0.03930973476651597
1789997395106968300,32.69496826171875,0.04632413254164323,-0.15818434780998297,0.04675195719632084
1789997395117038600,32.70503857421875,0.04581819611150966,-0.16866832986018648,0.005899713265251866
1789997395127109600,32.71510961914063,0.04546877602503125,-0.173991192625809,0.02124766618524301
1789997395137179600,32.7251796875,0.0679742250218047,-0.14407443857886784,-0.023846393250484182
1789997395147250400,32.73525048828125,0.11140330231612881,-0.14821445659905566,-0.00014263380627660226
1789997395157320400,32.74532055664063,0.12659640041599934,-0.12607522733371182,-0.020117283005695697
1789997395167391500,32.7553916015625,0.12579353559461415,-0.08931056833446821,-0.051016082512307444
1789997395177461500,32.76546142578125,0.15703123562602153,-0.049381039625679815,-0.07879182060272034
1789997395187532500,32.775532470703126,0.18729002070193165,-0.03515336704710502,-0.030156647126007633
1789997395197602600,32.7856025390625,0.2159776265969553,-0.011625658988072806,0.016188046163634718
1789997395207673600,32.795673583984374,0.2619397194635443,0.027672688697463962,0.021730579409346615
1789997395217743400,32.80574340820313,0.28121243524177797,0.08408901700655524,-0.02925060578710267
1789997395227814400,32.815814453125,0.276164328844262,0.09261503868950016,0.02115123653086134
1789997395237884400,32.825884521484376,0.3149033644359835,0.12447351142763428,0.028399051128707838
1789997395247954700,32.83595458984375,0.3286173076955359,0.1733117719653258,0.027990838567434048
1789997395258025500,32.846025390625,0.2856483146673627,0.18944150090207007,0.07866060965705296
1789997395268095500,32.85609545898438,0.2932364962193546,0.22615264770129573,0.06003756592760299
1789997395278166500,32.86616650390625,0.29410901048794025,0.26832857407386557,0.04322629545313776
1789997395288236500,32.876236572265626,0.2994115524739242,0.3237913027573617,0.02887104380542476
1789997395298307300,32.88630737304688,0.310365269325894,0.40729735632331066,-0.007361914467757357
1789997395308377600,32.896377685546874,0.30286399743528636,0.47580099249048635,-0.03800487812052986
1789997395318449000,32.906448974609376,0.3078817582810312,0.5102912562802817,-0.07763592439882006
1789997395328519200,32.916519287109374,0.3158750397934766,0.5325019237076042,-0.05415344442700606
1789997395338590200,32.926590087890624,0.32990615383795074,0.5414108359643741,-0.008767793370318923
1789997395348660000,32.93665991210938,0.3184470594852896,0.5477248471032368,-0.028345647090800574
1789997395358731000,32.94673095703125,0.3164544626233494,0.5210924242882919,-0.016574882889944985
1789997395368801000,32.956801025390625,0.2960299677924019,0.5503396729109452,-0.041136623899532994
1789997395378872000,32.9668720703125,0.2792911148969177,0.5629599006342915,-0.03334764815213609
1789997395388942000,32.97694213867187,0.2580999748504716,0.5698663006362825,-0.05923491683138487
1789997395399013000,32.98701318359375,0.23994920298373074,0.5300948677639679,-0.038688594126364544
1789997395409083100,32.99708325195313,0.22438533992818016,0.4792366751581791,-0.012748321487884157
1789997395419154000,33.00715380859375,0.21438068856118497,0.4363298503510069,-0.01660404092033219
1789997395429224000,33.017223876953125,0.21148446109030797,0.40842619259917945,-0.053312631039238174
1789997395439294200,33.02729418945312,0.17747622672378896,0.3808618989522303,0.16846483505662233
1789997395449365200,33.037365234375,0.15481163420218294,0.390494988326537,0.19460193718746757
1789997395459435000,33.04743505859375,0.15463898586757033,0.2970418111774498,0.23364205162103133
1789997395469506000,33.05750610351563,0.16658314985285663,0.279365612075147,0.14025290019541406
1789997395479576000,33.067576171875,0.09534056443415462,0.2400494580860335,0.04703258727176879
1789997395489647000,33.07764721679688,0.04133751030987528,0.13876611045135367,-0.05797960290410937
1789997395499717000,33.08771704101562,-0.022881843387183614,0.1454092582705534,0.013133680934840096
1789997395509788200,33.0977880859375,-0.052139786490036574,0.16847803774257786,0.0794761734435294
1789997395519858200,33.10785815429688,-0.04875280394765972,0.1128038570961867,0.08556178212259086
1789997395529929200,33.11792919921875,-0.016145671641018985,0.07912265320539429,0.05060188707994502
1789997395539999000,33.1279990234375,0.0007503095065193426,0.10994077723205616,-0.0009177442901609818
1789997395550070000,33.138070068359376,-0.013431349386620892,0.09027446212048125,0.013156270971101306
1789997395560140000,33.14814013671875,-0.04343440821982563,0.0809987378656976,0.04531909629973286
1789997395570210800,33.1582109375,-0.07429374763239462,0.016409012158240442,0.1190545429505096
1789997395580281000,33.16828100585938,-0.08320835960357617,-0.02166915837705316,0.02439538634825854
1789997395590351000,33.17835107421875,-0.0878368579546451,-0.0500079041746611,-0.046030432460910244
1789997395600422100,33.188422119140625,-0.12033984690905511,-0.027741804813648078,-0.11695084748341153
1789997395610492000,33.19849194335937,-0.10263938731624253,0.054645555770212524,-0.13431028973210893
1789997395620563000,33.20856298828125,-0.07985172158331927,0.09720146104832918,-0.05074016456841188
1789997395630633200,33.21863330078125,-0.08956075787884801,0.06367464255050953,0.0061741863004206535
1789997395640704300,33.22870434570312,-0.10162280879617086,0.00923870814751269,0.07605758602134345
1789997395650774000,33.23877392578125,-0.08367079117095348,-0.035670726563866155,0.11059434752840312
1789997395660845000,33.248844970703125,-0.11974604350184569,-0.09546547599908863,0.20996763382980865
1789997395670915000,33.2589150390625,-0.12953031651650804,-0.10655503273423116,0.1390816966122259
1789997395680985900,33.26898583984375,-0.11143342733784203,-0.15699859093455093,0.14257023883035996
1789997395691056000,33.27905615234375,-0.13651734089230963,-0.1461878948160583,-0.028882573815215626
1789997395701127200,33.28912719726563,-0.12852253675060316,-0.1315830264961952,-0.030283071912189166
1789997395711197200,33.299197265625,-0.09818383467967925,-0.10490290705438414,-0.025207930821355362
1789997395721268000,33.30926806640625,-0.1278685681954345,-0.14036743070946292,-0.02129231478764079
1789997395731338000,33.319337890625,-0.10215144647946307,-0.14144997534200007,-0.09103666590266632
1789997395741409000,33.32940893554687,-0.09821516157568129,-0.11783316502766311,-0.18124826447299439
1789997395751479000,33.33947900390625,-0.12034639050359258,-0.1000711050128225,-0.15250679992749316
1789997395761549000,33.349549072265624,-0.07814300242488481,-0.07376381567862438,-0.07842392044127316
1789997395771620000,33.3596201171875,-0.03357059314981306,-0.037191623939409,-0.007551810110259506
1789997395781690000,33.36969018554687,-0.012123961856704064,-0.016380727530046837,-0.04630741657023853
1789997395791761200,33.37976123046875,0.023591701414530562,-0.0005418725039645961,-0.03925168152941164
1789997395801831000,33.38983081054688,0.011761614044552173,0.04769720174059063,-0.04094179163909842
1789997395811902000,33.39990185546875,0.07684814145693371,0.07058585363503717,0.003898661173361617
1789997395821972200,33.40997216796875,0.08900859476713804,0.0965950292709917,-0.10112438689935276
1789997395832043000,33.42004296875,0.08456512789340735,0.18710916065073704,-0.1860428417762939
1789997395842113000,33.43011303710937,0.09685403403441849,0.24502863297240857,-0.11495810491465201
1789997395852184000,33.44018408203125,0.12255411405156484,0.2843689134095542,-0.09667603000772186
1789997395862254000,33.45025415039063,0.11918173696879926,0.2986221134413829,-0.10518924349353652
1789997395872324900,33.46032495117188,0.11972148369718917,0.32317851609113923,-0.06736216594295136
1789997395882395100,33.47039501953125,0.14859018505361246,0.39351691733183536,-0.06832265488778066
1789997395892465200,33.48046508789062,0.1631928656527238,0.4066588764032178,0.015325062223877438
1789997395902536200,33.4905361328125,0.11068679870880829,0.44188129922093217,-0.12745222368550818
1789997395912606000,33.50060595703125,0.11703675350794056,0.3811736658800964,-0.0018223443464311265
1789997395922677000,33.51067700195313,0.13577498570750413,0.40326597614103904,-0.046192256855338794
1789997395932747000,33.5207470703125,0.0763784318114421,0.36012702107421324,-0.14313926313718056
1789997395942818000,33.530818115234375,0.05930693890786451,0.3417208071333641,-0.16410108448765662
1789997395952888000,33.54088818359375,0.03603078820269241,0.3746634503028002,-0.23600198951020895
1789997395962959000,33.550958984375,-0.03835445317513545,0.33921744880686,-0.17635346183390366
1789997395973029000,33.561029052734376,-0.0263073985115467,0.32106465533705897,-0.04320592021082267
1789997395983100000,33.571099853515626,-0.030390317752612805,0.28848013159011315,0.05658193876948886
1789997395993170000,33.581169921875,-0.041758990245805254,0.2704940060906761,0.08523847674851033
1789997396003241000,33.591240966796875,-0.04832849513049981,0.24702577217982702,0.03610957774803197
1789997396013311200,33.60131127929687,-0.09631095169646255,0.23044418615746742,0.014678263154122026
1789997396023382000,33.61138208007812,-0.09068600198285263,0.24439657113712351,-0.026469062437714526
1789997396033452000,33.6214521484375,-0.12960882154373782,0.20261709058541988,0.04733263335131461
1789997396043523000,33.63152319335938,-0.16988662183993752,0.14827451342302056,0.0702778377160001
1789997396053593000,33.641593017578124,-0.18502588506013862,0.0684104162685936,0.15125738864409485
1789997396063663000,33.6516630859375,-0.2290408491900627,0.007985231070519967,0.009276943055499262
1789997396073734100,33.66173413085937,-0.30045216259644913,-0.09639447277039062,-0.07315509445822461
1789997396083804200,33.67180419921875,-0.3642128135565032,-0.13380045441809876,-0.03946498011280301
1789997396093875000,33.681875,-0.3233323254980588,-0.1831255255507495,0.028389956552135564
1789997396103945000,33.691945068359374,-0.275912217157855,-0.2511978528994614,-0.007302830781932077
1789997396114016000,33.70201611328125,-0.29449124898947604,-0.3358387151659759,0.027429092549696953
1789997396124086000,33.7120859375,-0.28901493202538925,-0.40566222972236604,0.06311260308056166
1789997396134157000,33.72215698242187,-0.30097688185812427,-0.4553276087526195,0.0013604562844102483
1789997396144227000,33.73222705078125,-0.33582585627429096,-0.5037631006701522,-0.0016322776632906372
1789997396154298000,33.74229809570313,-0.35550182001352837,-0.5837769519502741,0.11559119541194471
1789997396164368100,33.7523681640625,-0.3835110900091327,-0.6466679387151293,0.21777600763092542
1789997396174439000,33.76243896484375,-0.3574560681107411,-0.5923984600062147,0.13307741741845827
1789997396184509000,33.77250903320312,-0.31534760368029136,-0.5658011279665673,0.23845593396765094
1789997396194579200,33.7825791015625,-0.23291179673464846,-0.5354991660382183,0.17829486277375245
1789997396204650000,33.79264990234375,-0.20844292663957473,-0.5096506752748733,0.17607990067536752
1789997396214720000,33.80271997070312,-0.15869438538719038,-0.48746510630958634,0.1510046242940783
1789997396224791000,33.812791015625,-0.11576604488748032,-0.4644108814885127,0.20627361436153507
1789997396234861000,33.82286108398438,-0.1255340716571561,-0.4024941599678896,0.10296644415901289
1789997396244931800,33.83293188476563,-0.13049250609656382,-0.42237705791896557,0.13440464884336592
1789997396255002000,33.843002197265626,-0.14940089905604373,-0.39043968000306306,0.09906380075034957
1789997396265073200,33.8530732421875,-0.11123594220407215,-0.33640464458048785,0.07045460006389098
1789997396275143200,33.86314306640625,-0.050710495629197896,-0.2956483606667032,0.09233846418351827
1789997396285214000,33.8732138671875,-0.06740103528826927,-0.24363538467969353,-0.009763358478265632
1789997396295284000,33.88328393554688,-0.06200092158782447,-0.18336023444473926,-0.047947714425623754
1789997396305355000,33.89335498046875,-0.02871503746669112,-0.08214228304613998,-0.0863358204447898
1789997396315425000,33.903425048828126,0.021551146958041098,-0.03692282050396974,0.013682603203458507
1789997396325496000,33.91349609375,0.054715450166687225,-0.0027736592004876876,-0.0002883752369345954
1789997396335565800,33.92356591796875,0.05021604790953454,0.08687697162476792,-0.12295535125096024
1789997396345635800,33.9336357421875,0.09865646966762902,0.1733559453719155,-0.12405509211421654
1789997396355707000,33.94370678710938,0.1157834452121219,0.1650988957804632,0.044390084208336934
1789997396365777000,33.95377685546875,0.14239315272423647,0.18755294640067766,0.11984623551169771
1789997396375848000,33.963847900390626,0.21034006760391,0.2728423777864707,0.10653053969608357
1789997396385918000,33.97391796875,0.2648534964479255,0.3321659038441623,0.008076317096929391
1789997396395989000,33.983989013671874,0.22263493838974005,0.3050949686983452,-0.01505218071686771
1789997396406058800,33.99405883789063,0.20711178413332715,0.312566184104127,-0.060810142856419315
1789997396416129800,34.0041298828125,0.2525613975152471,0.35925343631804835,-0.024451019287213386
1789997396426199800,34.01419970703125,0.27623765974591147,0.34340734123784633,0.02039444755675139
1789997396436270800,34.024270751953125,0.23441773347080408,0.3284217613243481,-0.060084128436420366
1789997396446340900,34.0343408203125,0.17297998398573686,0.32411260469228836,-0.10394863529815758
1789997396456412000,34.04441186523437,0.20036970589650438,0.287570376605732,-0.057581600367604124
1789997396466482000,34.05448193359375,0.21030302773571055,0.2882308860898638,-0.09459393044563692
1789997396476553000,34.06455297851563,0.2045114135951721,0.26125554384187827,-0.13548479811262729
1789997396486622700,34.074622802734375,0.16591076073903901,0.3093588895894359,-0.2274234285450807
1789997396496693000,34.08469287109375,0.19713175728270305,0.30183369805722693,-0.05522135521890021
1789997396506764000,34.09476391601562,0.2203956157848856,0.27152478962385707,0.02564298458452662
1789997396516833800,34.104833740234376,0.14728776432370297,0.23548889155087377,-0.03900463620351841
1789997396526904800,34.11490478515625,0.12300963168706486,0.25510035399916964,-0.1454830545598899
1789997396536974800,34.124974853515624,0.12205547109591325,0.20904111661252642,0.03768829576451132
1789997396547046000,34.1350458984375,0.11392371532140431,0.22817174195540965,0.04420791107669188
1789997396557116000,34.14511596679687,0.06801644666074977,0.19195577646217374,0.10742993215086315
1789997396567187000,34.15518701171875,0.07146258978205815,0.1415222557407802,0.18540161827744617
1789997396577257000,34.16525708007813,0.056268073411622765,0.1612351174177224,0.026638873749805697
1789997396587328000,34.17532788085938,-0.03634596334076627,0.1491582267814348,-0.05772419854636567
1789997396597397800,34.185397705078124,-0.02524160147522981,0.11767693332278903,0.09982151695588351
1789997396607468800,34.19546875,0.012882107877546277,0.10504552803538486,0.12643088054401963
1789997396617538800,34.20553881835937,-0.039511495331307794,0.03710164320962719,0.05820351270931098
1789997396627608800,34.21560888671875,-0.12247253163879232,-0.005022860426951544,-0.04854741849647388
1789997396637679900,34.22567993164063,-0.1937097877693133,-0.0012103052282143678,-0.20301274468556355
1789997396647750000,34.23575,-0.18012480877496448,-0.05140905841647343,-0.1409500962228746
1789997396657821000,34.245821044921875,-0.10037531900459996,-0.040198657023826447,0.06572239530395127
1789997396667890700,34.255890625,-0.07679128376017043,-0.054897498859052866,0.0388486419678478
1789997396677961700,34.26596166992187,-0.15715842615905387,-0.09684364963808179,-0.06993296980883554
1789997396688032000,34.27603198242188,-0.17980359426702475,-0.12943504599884806,0.01006775380583378
1789997396698103000,34.28610302734375,-0.18185930298594502,-0.17023544373765676,0.08997577620787806
1789997396708172800,34.2961728515625,-0.1764275223744287,-0.22328010854343316,0.06788772144729566
1789997396718243800,34.306243896484375,-0.13523240835729852,-0.2578006791630065,0.006419443376847683
1789997396728313900,34.31631396484375,-0.13663556058250792,-0.2718651884225025,-0.0859097079889351
1789997396738385000,34.32638500976562,-0.1912067668286557,-0.30669344981887375,-0.1252480441657341
1789997396748455000,34.33645483398438,-0.17437145524006,-0.3130805809872225,0.009259161531363141
1789997396758526000,34.34652587890625,-0.15803396262206706,-0.2823651492517835,-0.2058582506029691
1789997396768596000,34.356595947265625,-0.15842302795731167,-0.2871413449601551,-0.4323334092016619
1789997396778665700,34.36666577148438,-0.16806769738917304,-0.2474178930204635,-0.005945786700670893
1789997396788736800,34.37673681640625,-0.06772528934239476,-0.18860619462442704,0.23444610891398746
1789997396798806800,34.386806884765626,-0.2102180640423142,-0.29749109328542556,0.15706837661647938
1789997396808877800,34.3968779296875,-0.15389854733235697,-0.202890407040252,0.23185078557377353
1789997396818947800,34.40694775390625,-0.02651116316769191,-0.03586543151420713,-0.1036846672063333
1789997396829019000,34.417018798828124,-0.019987310508881785,-0.08310880246368896,-0.25879451310452173
1789997396839089000,34.4270888671875,0.010580603480366095,-0.14918800258508366,0.04182613888960708
1789997396849160000,34.43715991210937,0.012082456629922887,-0.07604059151571999,0.17520058409841988
1789997396859229700,34.447229736328126,-0.013293709797238455,-0.05618398619631076,0.005701314376362286
1789997396869300700,34.45730078125,-0.04294372841637944,-0.07834983675434236,-0.005876610825155058
1789997396879371000,34.46737109375,0.00273245699541828,-0.04313103969574884,-0.07885581369421941
1789997396889442000,34.47744213867188,0.03627411052930576,-0.04331434840870182,-0.09903499244358875
1789997396899511800,34.48751171875,0.08019628178428245,0.04300603936119905,-0.10648077208757684
1789997396909581800,34.497581787109375,0.048367261298483503,0.010411563063129563,0.35356421097382396
1789997396919652900,34.50765283203125,0.04617471856202273,-0.10367542455540273,0.42474057758341976
1789997396929723000,34.51772290039062,0.07536097635627674,-0.06687606162537478,0.5304337652986572
1789997396939794000,34.5277939453125,0.16634572511746812,0.16615253938126898,0.4803075726252513
1789997396949864000,34.53786401367187,0.1196262469263831,0.25689397759490307,-0.10684291184297455
1789997396959935000,34.54793505859375,0.07315787407708815,0.2035543245813949,-0.2884868941547679
1789997396970004700,34.558004638671875,0.10018166592491978,0.10157908617576511,0.03515416588065544
1789997396980075800,34.56807568359375,0.07225766955838743,0.2271595875634087,0.1384667434604974
1789997396990146000,34.57814599609375,0.07092601504189132,0.3292782688152632,0.07100027751154235
1789997397000217000,34.588217041015625,0.09671375866871307,0.3257574414606113,0.07392859402836695
1789997397010286800,34.59828686523438,0.10902562622387324,0.36267374055054447,-0.01666302608994043
1789997397020358000,34.60835791015625,0.09141009612538115,0.3176741094100448,-0.10050403915875465
1789997397030428000,34.618427978515626,-0.04549353036453103,0.2575722409704797,-0.1262799585559419
1789997397040497700,34.62849755859375,-0.07360709223955686,0.1989907955619018,0.026897243063834515
1789997397050568700,34.63856860351562,0.0018303419742388362,0.06666483979684466,0.39707343856393834
1789997397060639000,34.64863891601563,0.0371214859035842,0.007123624575937407,0.30715350494070814
1789997397070710000,34.6587099609375,0.0714938170174939,0.09984079240869642,0.048234803372927175
1789997397080779800,34.66877978515625,0.0920721143083699,0.30523739259290394,-0.2159938066432797
1789997397090850800,34.678850830078126,0.08739763944343434,0.2102846082817199,0.05358353084502761
1789997397100920800,34.6889208984375,0.014070090972573139,0.05774100901339076,0.08900209062328808
1789997397110992000,34.698991943359374,-0.05177239672732351,0.10308269970619915,0.003578176224386199
1789997397121062000,34.70906176757813,-0.03389174951649179,0.179534222664463,0.1300303882785304
1789997397131133000,34.7191328125,-0.024892149021360957,0.1618962552585627,0.1653469779993815
1789997397141203000,34.729202880859376,0.004831087078909704,0.13580920985364645,0.047769986697491496
1789997397151274000,34.73927392578125,0.027033902555922706,0.11205109546161605,0.048584358315342635
1789997397161343700,34.74934375,0.04603850087226543,0.09491775633080725,0.04727489994225932
1789997397171414000,34.7594140625,0.0454386581246136,0.03960015423526747,0.09686248194264127
1789997397181485000,34.76948510742187,-0.05435830033937785,0.05521564068169501,-0.09163645055252832
1789997397191554800,34.779554931640625,-0.1418390640366828,0.05845788101785844,-0.39663089281687786
1789997397201625900,34.7896259765625,-0.19782260746770086,0.008785792604514299,-0.255330159521671
1789997397211695900,34.79969580078125,-0.13878676439696233,0.011387598595982625,-0.2860347109995758
1789997397221767000,34.80976684570312,-0.1473335504124504,-0.014666059878003875,-0.37357619812938797
1789997397231836700,34.81983666992188,-0.10414286961288297,-0.030286535095364057,-0.055261759613807214
1789997397241907700,34.82990771484375,-0.098465037407213,-0.09367490044236067,0.2550272168190416
1789997397251978000,34.83997802734375,-0.12395198982987773,-0.1468984739808936,0.012593656153930972
1789997397262049000,34.85004907226563,-0.1408216554856055,-0.11034215958294737,-0.28727031651410734
1789997397272118800,34.86011889648437,-0.1152104138431639,-0.08579200042012176,-0.24128411293434332
1789997397282189800,34.87018994140625,-0.10272603884384429,-0.19381824878506598,-0.0018467884270238252
1789997397292259800,34.880259765625,-0.17136370239177948,-0.2646707714669241,0.06456677860099555
1789997397302329900,34.890329833984374,-0.27971255297052244,-0.2846495906390451,0.1301438207290283
1789997397312401000,34.90040087890625,-0.2768154436805471,-0.23530644902289743,0.03956243520735256
1789997397322471000,34.91047094726562,-0.2527210524347283,-0.2591227089041127,0.07407938772769182
1789997397332541700,34.92054174804687,-0.2722136137927816,-0.3015970143334681,0.04741831588114629
1789997397342611700,34.93061181640625,-0.24555535490161867,-0.30973079756089594,0.04482286178521518
1789997397352682800,34.94068286132813,-0.24871461314912235,-0.29388461608318084,0.002895229016215933
1789997397362752800,34.950752685546874,-0.22699033772579733,-0.30025577285367466,-0.025585325407051714
1789997397372823800,34.96082373046875,-0.1886226112342734,-0.2773773624648344,-0.07830703491264526
1789997397382893800,34.97089379882812,-0.16887772524525518,-0.2682829363635865,0.013178744086842978
1789997397392964900,34.98096484375,-0.22395405985953692,-0.3056518213033506,0.034456814452057984
1789997397403034600,34.99103466796875,-0.32241125367296564,-0.3463854370602408,-0.037803401720528464
1789997397413105700,35.00110571289063,-0.28641542850713575,-0.37054468413162917,-0.019594613706036133
1789997397423176000,35.011176025390625,-0.23407733792508986,-0.37178875884817947,-0.10040166200480073
1789997397433246000,35.02124584960937,-0.18491831151929286,-0.4198341203810988,0.02024989000063175
1789997397443316700,35.03131665039062,-0.117977696205425,-0.4617600824588872,0.14056043778914837
1789997397453386800,35.04138671875,-0.08579230348319608,-0.4569633838939982,0.11242426849499479
1789997397463457800,35.05145776367188,-0.07289804747467248,-0.45640525306922747,0.03645872683504356
1789997397473527800,35.06152783203125,-0.08150250284332171,-0.4845096467317109,0.1376015096938329
1789997397483598600,35.0715986328125,-0.07343146462482084,-0.4457310982601913,0.06184109139792114
1789997397493668900,35.0816689453125,-0.07907281892849045,-0.4022607660583791,-0.006463371584954096
1789997397503740000,35.09173999023437,-0.08002032130615344,-0.3715525043545383,0.04241297957346147
1789997397513809700,35.1018095703125,-0.020016153778894253,-0.3031088762237059,-0.01971343806949794
1789997397523880700,35.11188061523438,0.03934471399281247,-0.2284193548759921,-0.04244263337061355
1789997397533950700,35.12195068359375,0.05787393931777534,-0.15947281701110685,-0.08964892670194574
1789997397544021800,35.132021728515625,0.050429412948647626,-0.10505985680947559,-0.1575489795600601
1789997397554091800,35.142091796875,0.13091188007854432,-0.07902896584920625,-0.03145217408912961
1789997397564161800,35.152161865234376,0.19377385101195804,-0.06352144488806474,0.12294881706901642
1789997397574232800,35.16223291015625,0.21019362013968831,0.003998252643240136,0.05820293715254352
1789997397584302800,35.172302734375,0.2147344198059095,0.10215265646762291,-0.11269523244296885
1789997397594373600,35.18237353515625,0.2687117315828634,0.15617692206133038,-0.09069970209125774
1789997397604444000,35.19244384765625,0.3121623211037988,0.14233458279702915,0.01635838123367695
1789997397614515000,35.20251489257812,0.3031561522933376,0.15540507595315028,0.03203280076242184
1789997397624584700,35.21258471679688,0.36042446262332084,0.24989058199746458,0.037548039280765395
1789997397634655700,35.22265576171875,0.421776421556969,0.2985968540858821,0.1172347838159749
1789997397644725800,35.232725830078124,0.409553759856382,0.32746464278182436,0.059321843947852844
1789997397654796800,35.242796875,0.39791927953801887,0.3646421124007251,0.02498904474253267
1789997397664866600,35.25286645507813,0.42884028626148224,0.3730912942250916,0.028051871797720816
1789997397674936800,35.262936767578125,0.3758504373091525,0.33240512956500157,0.008513780144407379
1789997397685008000,35.2730078125,0.3824759963885199,0.2982422453894525,-0.05728694280404999
1789997397695078000,35.28307788085937,0.348453898737409,0.31890417821954437,-0.02998404616000754
1789997397705148700,35.29314868164062,0.3159268256309485,0.33876094387312367,0.023900211130086276
1789997397715218700,35.30321875,0.29126252169452804,0.3022064112110963,0.0542549512040343
1789997397725289700,35.31328979492187,0.24800701135681433,0.3168809328564876,-0.02142926026091005
1789997397735360000,35.32336010742188,0.22425718803228403,0.3255424704289933,-0.07261304906090155
1789997397745430800,35.3334306640625,0.2231209562016518,0.37128321098122913,-0.1917556484079163
1789997397755500800,35.34350073242187,0.2013766906805252,0.3918455727965793,-0.13767431425741106
1789997397765571800,35.35357177734375,0.21602800453856064,0.4112821800554841,-0.08129307486316424
1789997397775641600,35.3636416015625,0.20568515260943768,0.39740430431369544,-0.015625636718835652
1789997397785712600,35.37371264648438,0.19823672326727226,0.46646071142036716,-0.13920438004591312
1789997397795783000,35.383782958984376,0.15923048658618952,0.4709659717215275,-0.08074821733882497
1789997397805853000,35.39385302734375,0.14908028928274766,0.45164376041636645,-0.11623374063232232
1789997397815923700,35.403923828125,0.13893513888923564,0.4183354035978662,-0.12965875829346676
1789997397825993700,35.41399365234375,0.099296647473678,0.3943583160375128,-0.18043180445040466
1789997397836064800,35.42406469726563,0.06456141416480572,0.34957402770114265,-0.18733000515555473
1789997397846134800,35.434134765625,0.05367533226781675,0.301382185940887,-0.16437148184330708
1789997397856205800,35.44420581054688,0.03515916200969504,0.2464696357695053,-0.10129322912879392
1789997397866275800,35.45427587890625,0.012404206003082289,0.1546538566422746,-0.08564055737215437
1789997397876347000,35.464346923828124,-0.00010689817948261932,0.08059756676988186,-0.1114432703888107
1789997397886417000,35.4744169921875,-0.021185063546175695,-0.023223399603219078,-0.012607673287306598
1789997397896487700,35.48448779296875,-0.09372507156735034,-0.11886423183824976,-0.01184617154926723
1789997397906557700,35.4945576171875,-0.16120349181510085,-0.16138737043834403,-0.13163287171147584
1789997397916628700,35.504628662109376,-0.20795792466272434,-0.21360352446591568,-0.11203490726246573
1789997397926698800,35.51469873046875,-0.18722847072269735,-0.27129298604535507,-0.1608223094533347
1789997397936768800,35.52476879882813,-0.21336744106556876,-0.3443760852450369,-0.09596715472075291
1789997397946839800,35.53483984375,-0.2282527524209259,-0.4350224657709126,0.08499855323023686
1789997397956909800,35.544909912109375,-0.2447736782743685,-0.4811984920409885,0.12759052315194
1789997397966980600,35.554980712890625,-0.20883464237677413,-0.45720435298241663,0.06531466435670114
1789997397977051000,35.56505078125,-0.16425543915376914,-0.44925882446544,0.08054006664635019
1789997397987122000,35.57512182617187,-0.11487611952793067,-0.4880310829986774,0.07438971390017593
1789997397997192000,35.58519189453125,-0.11752257883660755,-0.455296772974315,0.04841353504687203
1789997398007262700,35.5952626953125,-0.08730827154219682,-0.3917000591655769,0.08915623375660181
1789997398017332700,35.605332763671875,-0.11337854684178723,-0.33389467285264696,0.1252412892496467
1789997398027403800,35.61540380859375,-0.0748295663567626,-0.27585390286317957,0.06256793568851379
1789997398037473800,35.62547387695312,-0.05295461583166379,-0.17662206155105595,0.059507905785845715
1789997398047543800,35.63554370117188,-0.047411552756691476,-0.10790024142314145,0.05686878614693161
1789997398057614800,35.64561474609375,-0.016041318499099917,-0.025588345196597136,-0.060627313332240425
1789997398067684900,35.655684814453124,0.04508943239421751,0.04798084387856386,-0.09001479928715501
1789997398077755600,35.665755615234374,0.0793772452327925,0.0984402841573017,-0.029928481604987307
1789997398087825700,35.67582568359375,0.13056703106568335,0.12369867889101079,-0.004659242669427388
1789997398097896700,35.68589672851562,0.15657295548165273,0.17175560696045494,0.044746881990870915
1789997398107967000,35.69596704101563,0.20006968594248026,0.2194737560257222,0.09484956072305284
1789997398118037800,35.70603784179688,0.23469475617307053,0.26649921020335804,0.0646845520697978
1789997398128107800,35.716107666015624,0.2811035959487388,0.3213678994474707,0.028097079076207773
1789997398138178800,35.7261787109375,0.29630414389369336,0.33838171832668,0.02295073258442025
1789997398148248800,35.73624877929687,0.3233564419792022,0.3220124966928853,0.04006568134834489
1789997398158318800,35.74631884765625,0.3272276561072906,0.3395977622795052,0.07996692121426865
1789997398168390000,35.75638989257813,0.2961753088563292,0.36658787473521165,0.07791389714106159
1789997398178460000,35.7664599609375,0.3058761419124087,0.4030074305220111,0.034237386112825736
1789997398188530700,35.77653076171875,0.2826425915150269,0.39759508836323193,0.027666652616188496
1789997398198600700,35.7866005859375,0.2753726577820846,0.3768017878907696,0.01945225860454878
1789997398208671700,35.79667163085937,0.27457388830238194,0.36420629815971395,0.054152887198279
1789997398218742000,35.80674194335938,0.2697400017788971,0.3764783141254247,0.00355837376163034
1789997398228812800,35.81681274414063,0.24175438693770687,0.3570803385372147,0.010580234817670793
1789997398238882800,35.8268828125,0.2068191376911087,0.32536174834539766,0.028973869109527203
1789997398248953900,35.836953857421875,0.18522165374376412,0.3013908716373276,0.004801423679451817
1789997398259024000,35.84702392578125,0.17897724853987437,0.2784489576701283,-0.06142205028437501
1789997398269094700,35.8570947265625,0.19886638676927446,0.27674183233984784,-0.10790595557063898
1789997398279164700,35.86716455078125,0.2022878177104626,0.2505142630768392,-0.04195464270618715
1789997398289235000,35.87723486328125,0.16832235270398727,0.21969733315246456,0.0331613572473746
1789997398299305700,35.8873056640625,0.16643218310240093,0.20423870255099036,0.09172655868711861
1789997398309375700,35.89737573242188,0.16645988281961405,0.23237619227457135,0.05730313216790803
1789997398319446800,35.90744677734375,0.17526170688924564,0.23189420289684765,0.012757521575195557
1789997398329516800,35.917516845703126,0.17590343392698954,0.2030165512898347,-0.04768848922371527
1789997398339587800,35.927587890625,0.11268265688927873,0.2090085142869435,-0.09695664546924665
1789997398349657900,35.937657958984374,0.11765316542449139,0.23692093677015524,-0.0939975673167841
1789997398359729000,35.94772900390625,0.1395513874488019,0.24868803832415817,-0.029324049426179652
1789997398369799000,35.957798828125,0.10514153192130427,0.31243257220893034,-0.07412296224182234
1789997398379870000,35.96786987304687,0.11341498909039474,0.3704106441978812,-0.1499475664647265
1789997398389939700,35.977939697265626,0.1351596000573412,0.3428335954730615,-0.08059721694572987
1789997398400010000,35.988010009765624,0.1789061549491429,0.31136534046222736,0.01219611820210233
1789997398410081000,35.9980810546875,0.17036325425152082,0.33860018730950664,0.033048487608555464
1789997398420151000,36.00815112304687,0.14328992210948086,0.3912938274954612,-0.025058583876167623
1789997398430221800,36.01822192382812,0.14347834274583565,0.4031835088089802,-0.07332471307949666
1789997398440291800,36.028291748046875,0.1837314573023247,0.3652465045697635,0.017271900087364685
1789997398450363000,36.03836279296875,0.1713982512455062,0.37910446002460574,-0.0536286930794928
1789997398460432600,36.0484326171875,0.12460673134976762,0.3815610718569376,0.00983625014762946
1789997398470503700,36.05850366210937,0.11891186875442396,0.3869802329978662,0.02598702125602976
1789997398480574000,36.06857397460937,0.12875060218189222,0.4117005272303275,-0.05990843203294636
1789997398490645000,36.07864501953125,0.12154755672579394,0.42607613603411143,-0.07001471686125593
1789997398500714800,36.08871484375,0.12097464920311704,0.3994020844550492,0.0253233477339678
1789997398510784800,36.09878466796875,0.08831215757556976,0.36538550281986987,0.08006469878238441
1789997398520855800,36.10885571289062,0.09823933542080489,0.36677674150290795,0.13377940190298981
1789997398530926000,36.11892602539063,0.12218811133591745,0.4183279570400779,0.05977299243772765
1789997398540996900,36.12899682617188,0.07821279868810967,0.4077704286944307,-0.024135699220312352
1789997398551067000,36.13906689453125,0.030229116396981354,0.35717790283986933,0.04273106325036711
1789997398561138000,36.14913793945313,0.0015652167334116553,0.34927609069681037,0.07211204647328251
1789997398571207700,36.15920776367187,-0.027113519834263983,0.39933687984301025,-0.03572433805561846
1789997398581278700,36.16927880859375,-0.007678403334986233,0.34826765208348504,0.04176398554239875
1789997398591349000,36.17934887695313,-0.03144978810201078,0.2925947603945133,0.03604802894352247
1789997398601420000,36.189419921875,-0.06709700458031474,0.23140646872335338,0.0019237688586668824
1789997398611489800,36.19948974609375,-0.11752978485023882,0.17221318828586046,0.09916853685811614
1789997398621559800,36.20955981445312,-0.13696953043448934,0.13752564538201356,0.09068833090657415
1789997398631630800,36.219630859375,-0.1769612091945314,0.12268201585069534,-0.026716098937976482
1789997398641700900,36.22970092773438,-0.21915678283882425,0.08420992903989927,0.024650934278074146
1789997398651772000,36.23977197265625,-0.23760239744381115,0.06352379674015965,0.09238125700030296
1789997398661842000,36.249842041015626,-0.24355834371308926,0.05860399746575378,0.10550060132927969
1789997398671913000,36.25991284179688,-0.2521273431243621,0.05099424551497367,0.05940045810121694
1789997398681983000,36.26998291015625,-0.23619318845099577,0.05336468931930289,-0.040816277524026966
1789997398692053800,36.2800537109375,-0.24360500090461235,-0.007186466657155166,0.01390333211877304
1789997398702123800,36.29012377929688,-0.1985611549933099,-0.08555057190008881,0.096696265684545
1789997398712194800,36.30019482421875,-0.21837173482740577,-0.17103776749520785,0.113070500141614
1789997398722264800,36.310264892578125,-0.23723654544421202,-0.17286600759096823,0.09129970657323057
1789997398732334800,36.3203349609375,-0.22826466576895038,-0.15237036624929542,0.02186595230509354
1789997398742406000,36.33040600585937,-0.2864083733927332,-0.18607828199648385,-0.061418153341241476
1789997398752476000,36.34047583007813,-0.2958706015258777,-0.22219202700924962,-0.053879861323780504
1789997398762546700,36.35054663085938,-0.2952587765543525,-0.22765997517395054,0.031417758242057045
1789997398772617000,36.360616943359375,-0.25760482155724007,-0.2282728255623203,0.0336856379293605
1789997398782688000,36.37068798828125,-0.23254746078176053,-0.2510133015814393,0.0398640710670354
1789997398792758000,36.38075805664062,-0.2423434150548948,-0.2659707801411317,0.07117452436818611
1789997398802828800,36.39082885742187,-0.23085046838445772,-0.26481303952478097,0.039048479572596016
1789997398812898800,36.40089892578125,-0.20213772426315976,-0.24699755253909175,0.05552080590581047
1789997398822969900,36.41096997070313,-0.1747103760859577,-0.24466580034576216,-0.026895398885798213
1789997398833040000,36.421039794921874,-0.19316882772707145,-0.2581881173940734,-0.025014931037505198
1789997398843110000,36.43110986328125,-0.19177461379697885,-0.23162839788399028,-0.02273672467748275
1789997398853181000,36.44118090820312,-0.11465424338214374,-0.2194186298424674,0.011521019042619922
1789997398863251000,36.4512509765625,-0.10850265187943256,-0.20181911697202892,0.057078868416517464
1789997398873321700,36.46132177734375,-0.09162397249364437,-0.16703413419282254,-0.024957052557151256
1789997398883391700,36.47139184570312,-0.09112026078592052,-0.08500703456809214,-0.12681751492223745
1789997398893462800,36.481462890625,-0.07076593718499877,-0.023992025960117975,-0.15843267539679648
1789997398903533000,36.49153295898437,-0.009736104614407297,-0.011703460233560158,-0.10362469098208238
1789997398913603800,36.50160375976562,0.026736572278221172,0.021363137560664238,0.00010076263417107178
1789997398923673900,36.511673828125,0.03809322622691195,0.07546399378266841,0.03818529279716132
1789997398933745000,36.52174487304688,0.06380900142320284,0.08062430477678093,0.04399068807657804
1789997398943815000,36.53181494140625,0.08271538430564761,0.12483225559993157,0.03078555238502125
1789997398953885700,36.5418857421875,0.05404784609027453,0.206754419800453,-0.050651167171426724
1789997398963956000,36.5519560546875,0.09050704139919881,0.2552926608450167,-0.07188795279529035
1789997398974026000,36.56202587890625,0.12506728680578838,0.2944683318514106,-0.0738655042058195
1789997398984096800,36.5720966796875,0.07688356760778965,0.3170857769716154,-0.03578317736031702
1789997398994166800,36.58216674804687,0.08607095230994176,0.3764452689932838,-0.06679160054419887
1789997399004237800,36.59223779296875,0.10365965859730528,0.3598075102135583,0.0814838527862407
1789997399014308000,36.60230810546875,0.13795367906172246,0.30725870209254946,0.17908152239044647
1789997399024379000,36.61237890625,0.11144915442965965,0.2799969380797398,0.06529090413629897
1789997399034449000,36.62244897460938,0.05754813638155486,0.2446873237558098,-0.05082989204601799
1789997399044520000,36.63252001953125,0.0945289267501358,0.21078289073760126,0.009305604901353926
1789997399054590000,36.64258984375,0.054619911508638506,0.2421511288380473,0.03412116783999545
1789997399064660700,36.65266064453125,0.002490315657051844,0.24619789233118336,0.07098599108246952
1789997399074730800,36.66273071289063,0.012511897937638796,0.20352454416301377,0.05502253368919352
1789997399084801000,36.67280102539063,0.017785978702148517,0.1882517031300142,0.023962312647713795
1789997399094871800,36.68287182617188,0.030855365317685585,0.14370940827400835,-0.0242900289594174
1789997399104941800,36.69294189453125,-0.02827919130092915,0.07419061396622995,0.046349790943854954
1789997399115012900,36.70301293945312,-0.0630680058577961,0.016146294108268056,0.04918003469064596
1789997399125083000,36.71308276367188,-0.11859096887264149,0.01271336998725016,-0.0454293321118388
1789997399135153700,36.72315356445313,-0.09944672035811909,-0.0053704445344568315,0.0031063344785987523
1789997399145224000,36.733223876953126,-0.08942169582939902,-0.028532369735732362,0.10098480299239446
1789997399155295000,36.743294921875,-0.07934505596841153,-0.04685444826873904,0.09637041782657686
1789997399165365000,36.75336499023437,-0.10159034540969497,-0.05159607369507666,0.04818906273496376
1789997399175434800,36.76343481445313,-0.08408321218348341,0.00801176123950705,-0.0807456684409315
1789997399185505800,36.773505859375,-0.0859486640088461,0.05033291433876325,-0.08999909317251369
1789997399195576000,36.783576171875,-0.08389701828267307,0.06098678124548712,0.10112927675757065
1789997399205647000,36.79364721679688,-0.07608131380156873,0.025216476999041355,0.23122290358051836
1789997399215716900,36.803716796875,-0.09963700330149654,0.03517434230126608,0.162155132261799
1789997399225788000,36.81378784179688,-0.07164609748881409,0.11063631564234284,-0.014063206531819581
1789997399235858000,36.82385791015625,-0.10196536614704274,0.09143315263887235,-0.06047553042538737
1789997399245928700,36.8339287109375,-0.09479854255312889,0.08489962319068167,-0.03333346442854812
1789997399255999000,36.8439990234375,-0.09071236680528562,0.13129169940007762,-0.09161833496743817
1789997399266070000,36.85407006835938,-0.0799474975305854,0.03197810762111003,0.093631380812085
1789997399276140000,36.86414013671875,-0.11512505721445522,0.07249052488224242,0.021276054232790217
1789997399286209800,36.87420971679688,-0.1378069120769906,0.1135625011324593,0.007767013411064351
1789997399296280800,36.88428076171875,-0.06075685887531097,0.09070048837585896,0.06587098923360948
1789997399306350800,36.894350830078125,-0.04468074516867182,0.09705415146611455,0.09395915799152564
1789997399316422000,36.904421875,-0.10336428151924079,0.11173093195885657,0.003318042947072146
1789997399326492200,36.9144921875,-0.11406863932596346,0.07037111835408347,-0.00017069454940876093
1789997399336563200,36.92456323242188,-0.10591828303719271,0.07632158127887599,-0.04102112240150791
1789997399346633200,36.93463330078125,-0.11708971620374228,0.07025527364064431,0.020303166329317147
1789997399356704300,36.94470434570312,-0.09713612839943113,0.052003044678871395,0.04514272346277958
1789997399366774000,36.95477392578125,-0.09216019565642333,0.06099786051846885,0.026758993571096033
1789997399376845000,36.964844970703126,-0.10769522840960533,0.08045728791354516,-0.115621803722529
1789997399386915300,36.97491528320312,-0.09482996894540996,0.049155887205546776,-0.08135848537047649
1789997399396985000,36.98498510742188,-0.11764969786055857,0.03262951358804213,-0.019402292773959245
1789997399407056100,36.99505615234375,-0.16542268447940917,-0.040341636661406215,0.07566822747661282
1789997399417126100,37.005126220703126,-0.11893508750050069,-0.07540564641812013,0.03703811303144164
1789997399427197200,37.015197265625,-0.08778727411953022,-0.0718345241368179,0.0431552999877745
1789997399437267000,37.02526684570312,-0.10941150903222074,-0.044474560183074434,0.03490991480380181
1789997399447338000,37.035337890625,-0.19909640467510073,-0.11042054975006417,0.16811965327836295
1789997399457408300,37.045408203125,-0.2428090578407773,-0.14838928719036537,0.1151115174765696
1789997399467479300,37.05547924804687,-0.21354278055338938,-0.1485116419405006,-0.171672033774484
1789997399477549000,37.065549072265625,-0.24043291994955304,-0.2206087818199736,-0.20866731655251544
1789997399487620000,37.0756201171875,-0.25121824935596904,-0.20272334375865514,-0.11611083322151007
1789997399497690000,37.08569018554687,-0.21226996739620857,-0.17939000875539957,0.06214402437037633
1789997399507760000,37.09576000976563,-0.2560267903658303,-0.2196559908454225,0.14108438471392046
1789997399517831200,37.1058310546875,-0.2767554204684131,-0.27109462070416335,0.10150943343098862
1789997399527901200,37.11590112304688,-0.2417088284375818,-0.2414870440572565,-0.02512101809158432
1789997399537972200,37.12597216796875,-0.2524982784322297,-0.24857685759220677,0.0022720469574987355
1789997399548042000,37.1360419921875,-0.25810541482644295,-0.25982379451265386,0.011969818102061209
1789997399558113000,37.14611303710937,-0.29532467249773997,-0.27681618340615244,-0.003883945934502115
1789997399568183300,37.15618334960938,-0.30660272707598085,-0.3000168090985563,-0.03711791886594884
1789997399578254300,37.16625439453125,-0.31736260300965957,-0.332060267576469,-0.10170023525240855
1789997399588324000,37.176323974609375,-0.30222762134019465,-0.352421281747861,-0.10817235616137626
1789997399598395100,37.18639501953125,-0.2925527855991101,-0.3565014052535832,-0.034719243520985106
1789997399608465200,37.19646508789062,-0.2364160097359255,-0.35501360725009506,-0.12525804187853376
1789997399618535200,37.20653515625,-0.19392465181436244,-0.3249051384785811,-0.17319371103253528
1789997399628606200,37.21660620117188,-0.1638623453198587,-0.3755583509156027,0.08190816853221605
1789997399638676200,37.22667626953125,-0.1343112383913672,-0.39321914769842486,0.15525587286356976
1789997399648747300,37.236747314453126,-0.20099279579574753,-0.3911466459679525,0.13133240643809496
1789997399658817000,37.24681713867187,-0.20775021057825405,-0.3247111111017686,-0.005747795435617526
1789997399668888000,37.25688818359375,-0.12774036520717386,-0.31890049613339777,-0.05484999927024829
1789997399678958000,37.2669580078125,-0.07294062858317045,-0.3102010907812382,-3.108378823102946e-05
1789997399689029000,37.27702905273438,-0.01928570193444418,-0.27547118535706244,0.07942895714015859
1789997399699099100,37.28709912109375,-0.02626175229299581,-0.1897540352294215,0.05588435729886396
1789997399709170200,37.297170166015626,-0.006954634998617212,-0.14754495878965465,0.08238181156322077
1789997399719240200,37.307240234375,0.02622265520400757,-0.08496756930372472,0.018774842384227143
1789997399729310000,37.31731005859375,0.06744001803219939,-0.07359810492867953,0.02188161928949703
1789997399739381000,37.32738110351563,0.026786920090069714,-0.07849139081910211,0.12293088936575171
1789997399749451300,37.337451171875,0.035223560244624946,-0.04654060816112774,0.10551728609268803
1789997399759522300,37.34752221679688,0.06915521745588805,-0.006888714957208904,0.022630176135968023
1789997399769592000,37.35759204101562,0.08657309974177584,0.013888111354543674,0.006936228650457404
1789997399779663000,37.3676630859375,0.1319546364269667,-0.0071391833247072285,-0.04191938616441388
1789997399789733000,37.37773315429688,0.15560520062581162,-0.019974938548796103,-0.022840908179808578
1789997399799804200,37.38780419921875,0.1303071355772806,-0.007823931730052506,0.007604953857192037
1789997399809874200,37.397874267578125,0.11639531905144618,0.03537292004087275,0.015169198703992545
1789997399819944200,37.40794409179688,0.07756010065683389,0.014295749931046538,0.029351492650348532
1789997399830015200,37.41801513671875,0.07973356518934019,-0.01752312273603418,0.04025684553060021
1789997399840085000,37.4280849609375,0.1272140735692553,0.043491457482227394,-0.10134261445537758
1789997399850156000,37.438156005859376,0.1573555157333792,0.04287864335303095,-0.010122098751359289
1789997399860226000,37.44822607421875,0.1593202241270472,0.00039528293366202297,0.06436608563238097
1789997399870297000,37.458297119140624,0.12042236570283023,-0.008802914453444608,0.007785710198488838
1789997399880367000,37.4683671875,0.10876642883101456,-0.021965096840920573,0.06509743222086227
1789997399890438100,37.47843823242187,0.11876046384633931,-0.023301706563438017,0.026057390259473855
1789997399900508200,37.48850805664063,0.16280905104565246,0.028210506776449252,-0.026972899707086564
1789997399910579200,37.4985791015625,0.16380387316825268,0.07484133100634703,-0.007547146367813632
1789997399920649000,37.50864892578125,0.1584626795934034,0.09511625642711513,-0.050088999483231186
1789997399930719200,37.51871923828125,0.19522842879004082,0.13635961571360908,-0.11475004093646961
1789997399940790300,37.52879028320312,0.2086658875454772,0.08286704461229756,0.05881642874225744
1789997399950860000,37.53886010742188,0.22892216971392076,0.09409854583132918,0.02755314403193916
1789997399960931000,37.54893115234375,0.22776276893031097,0.1324927582707654,-0.005819657521541693
1789997399971001000,37.5590009765625,0.1905780941158008,0.2192804560338583,-0.09753138546283431
1789997399981072100,37.56907202148437,0.17672526639727457,0.2765702954925619,-0.16734689040718226
1789997399991142100,37.57914208984375,0.1892531377454946,0.26571576200950153,-0.18148432749493748
1789997400001213200,37.58921313476562,0.20737097742525937,0.2680500571177923,-0.1342343689600816
1789997400011283200,37.599283203125,0.20727281043251092,0.28181978173324623,-0.04902666000022287
1789997400021354200,37.60935424804688,0.20424418958508903,0.3046896214998818,-0.09740745076951715
1789997400031424000,37.61942407226562,0.1270114450487826,0.285151084944584,-0.039309734995809746
1789997400041494000,37.62949389648438,0.10231764997968082,0.28287644027082043,0.022521541479976974
1789997400051565000,37.63956494140625,0.12527499221703217,0.28157703628143715,0.03439970778720895
1789997400061635000,37.649635009765625,0.13247462934652418,0.2553312555966235,0.09627306799909781
1789997400071706000,37.6597060546875,0.09724254454312839,0.2601534870555699,0.025973183889629336
1789997400081776000,37.66977612304687,0.028813753663898156,0.28939742173487315,-0.11551299678036028
1789997400091847200,37.67984716796875,-0.007893395613209874,0.30357905225753695,-0.11244476222387818
1789997400101917000,37.6899169921875,-0.011865199350286876,0.3071732525710296,0.01782107640331447
1789997400111988000,37.69998803710938,0.026549468989745903,0.26940128557094906,0.0100662663781751
1789997400122058200,37.710058349609376,-0.017586480212223785,0.2151270282256162,0.028725781231031103
1789997400132129300,37.72012939453125,-0.040931125289323675,0.20433607118451427,-0.024848300451686726
1789997400142199000,37.73019897460937,-0.09791099526400754,0.17382448119542845,-0.09035502338752528
1789997400152269000,37.74026904296875,-0.10089890064483827,0.12470548948424376,0.009512879165920399
1789997400162340000,37.75034008789063,-0.1015766906377775,0.10898218083486332,0.07184480328661369
1789997400172410000,37.76041015625,-0.13439009583990175,0.06931108216405989,0.027591289252886734
1789997400182481200,37.77048120117188,-0.14483035639651384,-0.012116089050939019,0.030333365710057122
1789997400192551200,37.78055126953125,-0.1493724905123708,-0.04959816952455596,-0.01648874450979788
1789997400202622200,37.79062231445312,-0.19505591103510594,-0.08740935372378304,-0.0764035843614511
1789997400212692000,37.80069189453125,-0.2621225565180147,-0.16494342903641743,-0.06687414521656251
1789997400222763000,37.81076293945313,-0.29719060556462507,-0.19358929530573687,-0.0864002080869425
1789997400232833000,37.8208330078125,-0.3089639906964294,-0.25341059873604654,0.017751987248700092
1789997400242903300,37.8309033203125,-0.29600298733656594,-0.30508184645500425,0.031075006456204698
1789997400252974000,37.84097412109375,-0.30173153618366416,-0.3608739184519858,0.04001248254081465
1789997400263044000,37.85104418945313,-0.32538060879760494,-0.41319886342307965,0.06657561298162977
1789997400273115100,37.861115234375,-0.31692640255154675,-0.4199726700008624,-0.03461412658218173
1789997400283185200,37.87118505859375,-0.3269584252307631,-0.3932137286809823,-0.03965020254893912
1789997400293256000,37.881255859375,-0.3403577609599876,-0.36457177583781825,-0.009021072456346254
1789997400303326200,37.891326171875,-0.36301074959321067,-0.3795821586227983,-0.04166189676626656
1789997400313397200,37.90139721679687,-0.3336697016587291,-0.37038306099351376,0.015639369539296833
1789997400323467000,37.91146704101563,-0.2970016696032409,-0.33393381571069847,-0.017273045552791917
1789997400333538000,37.9215380859375,-0.2993175424111335,-0.3480403543290033,-0.09165604303225056
1789997400343607800,37.93160791015625,-0.2745654265464273,-0.38882117475392913,-0.035023626922782325
1789997400353678000,37.94167797851563,-0.20035664537866552,-0.37429090832121026,0.06445504624975186
1789997400363749000,37.9517490234375,-0.19340039513658042,-0.37317328211008105,0.09554580409358726
1789997400373819100,37.96181909179688,-0.2237025148432963,-0.35681543161811896,0.12402724152860697
1789997400383890000,37.971889892578126,-0.17768694731751405,-0.2714876224496235,-0.010890344306496061
1789997400393960000,37.9819599609375,-0.15825454494983207,-0.21001169628778005,-0.099768033527785
1789997400404031000,37.992031005859374,-0.12110617379817772,-0.2072479673470091,-0.08766279304606274
1789997400414101000,38.00210107421875,-0.08835985230175987,-0.15242547155122957,-0.056343387637747065
1789997400424172000,38.01217211914062,-0.0483252889207803,-0.08692439450762127,-0.025754069581901084
1789997400434242000,38.022241943359376,-0.037944544458083554,-0.06843148105558207,-0.04150847378783891
1789997400444313000,38.03231298828125,-0.016769972864551844,-0.05717635633351469,0.05986077690818996
1789997400454382800,38.0423828125,0.03429388892202237,0.07327883249960247,-0.03955190151484561
1789997400464452900,38.05245288085938,0.07339485139135656,0.0655323834869249,0.04939784440613829
1789997400474524000,38.06252392578125,0.05575421501785351,0.08854685559149282,-0.03881742089678776
1789997400484594200,38.07259423828125,0.006888945870278459,0.06223548766093307,-0.006206237114458384
1789997400494665000,38.0826650390625,0.028764139835206114,0.07675698620864223,-0.013625657080783922
1789997400504735000,38.09273486328125,0.04421633033437214,0.05185050692958052,0.006404174629553845
1789997400514806000,38.10280590820312,0.03977219313939634,0.008486885250252579,-0.07503066278460305
1789997400524876000,38.1128759765625,-0.0020172777256696438,-0.025509552156641253,-0.07978961577167505
1789997400534946800,38.12294677734375,0.012448657105711683,-0.025219874967984883,0.03321469844449268
1789997400545017000,38.13301708984375,0.021066907310980768,-0.024214969954838964,0.07791495822844421
1789997400555088100,38.14308813476563,-0.028330301563980354,-0.1005596463719506,0.13800343405284743
1789997400565158000,38.15315795898437,-0.06849929958674042,-0.1329426412229194,0.03152256834323271
1789997400575228000,38.163227783203126,-0.1211314085945432,-0.16511883104624944,-0.009774789730930964
1789997400585299000,38.173298828125,-0.1552722770762012,-0.18455609548833418,0.006864263430567421
1789997400595369200,38.183369140625,-0.1394125987044349,-0.20044237177625512,0.06249780381525649
1789997400605440000,38.19343994140625,-0.14013057054547864,-0.2203767672965398,0.13648352584473666
1789997400615510000,38.20351000976562,-0.19947865993285868,-0.274271911144195,0.10434728266117188
1789997400625581000,38.2135810546875,-0.2478109703931202,-0.2991462251556843,-0.006962922437260184
1789997400635651000,38.22365112304688,-0.24864512748048534,-0.3090386430384031,-0.07640746136544496
1789997400645721900,38.23372192382813,-0.2413334272872069,-0.3229472767618276,0.08472700360688296
1789997400655791900,38.2437919921875,-0.20146812063917383,-0.298951206933752,0.0836005826129074
1789997400665862100,38.25386206054687,-0.2574550110312362,-0.35191515895495706,0.10713021015156321
1789997400675933000,38.26393286132812,-0.3184613025810144,-0.4025928811891606,0.21691318390699912
1789997400686003000,38.2740029296875,-0.27304839547328336,-0.38919243851124563,0.10589242304436085
1789997400696074000,38.28407397460938,-0.23673893251950923,-0.3894958392102129,-0.003123816429778259
1789997400706144000,38.29414404296875,-0.24386109816153106,-0.42332592229015525,0.14836585115230178
1789997400716214800,38.30421484375,-0.1983947419249076,-0.409741925247866,0.14750215244696832
1789997400726285000,38.31428515625,-0.2306373078082433,-0.41894737830404905,0.05539542744484264
1789997400736356000,38.324356201171874,-0.26004880287038473,-0.4780050454686153,0.005222342528527166
1789997400746426000,38.33442602539063,-0.18585546229871036,-0.47172552972860804,-0.027053175534369464
1789997400756497000,38.34449682617188,-0.1483155939911098,-0.4267888638851821,-0.0009558301741387657
1789997400766567000,38.35456689453125,-0.12230601204264002,-0.4611786634292515,0.09584221491671235
1789997400776637200,38.36463720703125,-0.12129368262187312,-0.514559001910835,0.1819958695572806
1789997400786708200,38.37470825195312,-0.11661925582883613,-0.49177701431348225,0.030412899004029968
1789997400796778000,38.38477807617188,-0.07277970058231417,-0.4495930483899117,0.06914551422397854
1789997400806849000,38.39484912109375,-0.07256687471801168,-0.4091851317567905,0.08016632686000409
1789997400816919000,38.4049189453125,-0.09913319339252143,-0.4676721505622128,0.0756208394162275
1789997400826989800,38.41498974609375,-0.09028577211777149,-0.4319137806664631,-0.04688639921077322
1789997400837060000,38.42506005859375,-0.06199312049735935,-0.3993054714375727,-0.03711518742411245
1789997400847131100,38.43513110351562,-0.049535823450541965,-0.3934044060084955,-0.02507015123011919
1789997400857201200,38.445201171875,-0.05601274881254178,-0.4037664525717923,0.032298581107908904
1789997400867271000,38.45527099609375,-0.10874077747813918,-0.42078770792166215,0.11268821087039843
1789997400877342000,38.46534204101562,-0.08188552275585992,-0.42463901471243626,0.09103970080663805
1789997400887412000,38.47541186523438,-0.026694594479673872,-0.392043641366543,0.06554227878709737
1789997400897483000,38.48548291015625,0.025511533418996073,-0.3655299749781038,-0.03771575992392095
1789997400907553000,38.495552978515626,0.0527092908085004,-0.37418135586392415,-0.022804451875959347
1789997400917624000,38.5056240234375,0.08321860283759576,-0.38572721057525217,0.03380396037134098
1789997400927694000,38.51569409179688,0.09086190142440377,-0.2949069556445642,-0.07665880689092845
1789997400937765000,38.52576513671875,0.11562610340096031,-0.2579078346203258,-0.1182393101195517
1789997400947835000,38.5358349609375,0.1488346360948619,-0.22440915037312945,-0.15965457461359855
1789997400957906000,38.54590600585937,0.19291471577264904,-0.20599753478764862,-0.13304386412214347
1789997400967976200,38.55597607421875,0.19419834827027385,-0.19204832962735674,-0.06432987739862854
1789997400978046000,38.5660458984375,0.22829457421546034,-0.1802600357431931,-0.028298909804669474
1789997400988117000,38.576116943359374,0.2855938561741814,-0.10006961703532145,-0.09676467550924428
1789997400998187000,38.58618701171875,0.3684892974186051,-0.05299845693664487,-0.0556713357407036
1789997401008258000,38.59625805664062,0.41875774403310456,0.01383891548389861,-0.004984129693201095
1789997401018328000,38.606328125,0.4377703729590859,0.04645139626904035,0.10570527946386123
1789997401028399000,38.61639916992188,0.4498554560237199,0.1624550964219706,-0.005694624125023618
1789997401038469000,38.62646923828125,0.49144573548060805,0.27044767048231116,-0.03649594681879879
1789997401048540200,38.6365400390625,0.5182143038260555,0.2857039118569454,-0.04211417200623698
1789997401058610000,38.64660986328125,0.5178262848890729,0.32443643666274175,-0.00985024080439304
1789997401068680000,38.65667993164063,0.5370116030240155,0.3846605432610893,0.008446110046123329
1789997401078751000,38.6667509765625,0.5643938480021647,0.46284686735108976,-0.01765741205513471
1789997401088821000,38.67682104492187,0.5411951073660122,0.4778106389940344,-0.05908926684763813
1789997401098892000,38.68689208984375,0.5131535742159347,0.4633307462616369,-0.0864395788357306
1789997401108962000,38.69696215820313,0.48818202140398564,0.5015032280223978,-0.0883356584060928
1789997401119033000,38.707033203125,0.48691399377183653,0.5570581979223014,-0.09719332633512026
1789997401129102800,38.71710278320312,0.4746718320919435,0.5645133843995346,-0.05866357216383193
1789997401139174000,38.727173828125,0.44741850560592406,0.5584193283357368,-0.06112344010113737
1789997401149244200,38.737244140625,0.42764344504529184,0.5606598024451849,-0.0662075750388284
1789997401159315200,38.74731518554688,0.3816849458192295,0.5652437817972724,-0.06982077074724802
1789997401169385000,38.75738500976563,0.3514797010829285,0.5826801827200714,-0.08333365981337017
1789997401179455000,38.767455078125,0.3270320520738721,0.5168282850248439,0.019886261159032286
1789997401189526000,38.77752612304688,0.27129413818296855,0.47080686548560036,0.03505797530870561
1789997401199596000,38.78759594726562,0.24810697588503952,0.443744468797222,0.09371035530162221
1789997401209667000,38.7976669921875,0.20116696284695276,0.3931086906411617,0.15222812446205541
1789997401219737000,38.80773706054688,0.17273220722167806,0.37838760054201054,0.09786220903834193
1789997401229808000,38.81780810546875,0.13164445156564733,0.36331937644940315,0.0441595251328609
1789997401239878000,38.8278779296875,0.08605914571053966,0.3344080704679139,0.10614575973118714
1789997401249949000,38.837948974609375,0.04680910840992401,0.3183626400199571,0.14646007319026186
1789997401260019000,38.84801904296875,-0.012388572396143788,0.2501291771652623,0.1492729965406384
1789997401270090000,38.85809008789062,-0.019778452029443398,0.23803589043695225,-0.010438647935851947
1789997401280160000,38.86815991210938,-0.02757170833111958,0.11285093856497301,-0.022706600443027795
1789997401290230000,38.87822998046875,-0.04238717095729837,0.05431526894012465,-0.0893389737973251
1789997401300301000,38.88830102539063,-0.08648357954328902,0.018581777142686176,0.05664191258677819
1789997401310370800,38.89837084960938,-0.13979614707303573,-0.0578520215463784,0.23899455819765772
1789997401320441900,38.90844189453125,-0.17862638103715112,-0.12501755813765242,0.15237933212864208
1789997401330512000,38.91851196289063,-0.17312639835181792,-0.15110155697924246,0.13001910486907833
1789997401340583000,38.9285830078125,-0.19775396460910047,-0.1722378975539253,-0.07410020297384198
1789997401350653000,38.93865283203125,-0.21277278343310274,-0.26855620569426675,-0.062015886509433946
1789997401360724000,38.948723876953125,-0.2331074997073358,-0.27804693876580594,0.002407885670755107
1789997401370793700,38.95879370117188,-0.22404148745424335,-0.26169440804898836,-0.02071636906973625
1789997401380864000,38.96886401367188,-0.28882572895228864,-0.2460215367174787,0.028346347675978628
1789997401390935000,38.97893505859375,-0.33980260281943314,-0.25570001012634136,0.20185165360550505
1789997401401004800,38.9890048828125,-0.2814930682119983,-0.23800110648578135,0.16412627697860185
1789997401411075800,38.99907592773437,-0.26200025867468413,-0.1852687746559283,-0.05160747345892241
1789997401421145900,39.00914575195313,-0.30795540532134397,-0.25331179269907994,-0.31021357347882966
1789997401431217000,39.019216796875,-0.3069407070099436,-0.3657636351503585,-0.23695532157018145
1789997401441287000,39.029286865234376,-0.24464247925206284,-0.25503899346338943,-0.04651077280233204
1789997401451358000,39.03935791015625,-0.27145794394690415,-0.26444538498805376,0.17567194742542558
1789997401461428000,39.04942797851562,-0.35010592674817553,-0.36605367695824126,0.17615651873771074
1789997401471499000,39.0594990234375,-0.3229461197249428,-0.2985384923664036,0.04693868133490475
1789997401481568800,39.06956884765625,-0.27128542116234067,-0.22942111281062894,0.014929714353635092
1789997401491638800,39.079638671875,-0.21932426087665047,-0.25455227440256917,0.018879784321095
1789997401501709800,39.08970971679688,-0.22079315866579363,-0.2571795111423894,0.05015017854506874
1789997401511779800,39.09977978515625,-0.2332951609811303,-0.22564235049822354,0.03796031830457437
1789997401521851000,39.10985083007812,-0.23104979033423337,-0.29511296471604,0.10044074073066658
1789997401531921000,39.1199208984375,-0.176794395068461,-0.26243521241444856,0.006059913277431636
1789997401541992000,39.12999194335937,-0.14338458461156067,-0.3151309211797255,0.17842672705319845
1789997401552061700,39.140061767578125,-0.1312418191658588,-0.2569543444419281,0.11377016836227363
1789997401562132700,39.1501328125,-0.10915650884579223,-0.23072258148714653,0.025849171219537764
1789997401572203000,39.160203125,-0.13194387700136995,-0.2401132228012967,0.03624367459411236
1789997401582272800,39.170272705078126,-0.1326768264888924,-0.21819492056559459,0.038502350504210546
1789997401592343800,39.18034375,-0.06765642710105862,-0.21758867344015176,0.18222533804492455
1789997401602413800,39.190413818359374,-0.058547334670561,-0.14030102227953012,0.1818794682650863
1789997401612484900,39.20048486328125,-0.03138167812304057,-0.16109441078274872,0.0873745514603457
1789997401622555000,39.21055493164062,-0.045864796117344515,-0.14005423840315226,-0.10913478701416134
1789997401632626000,39.2206259765625,-0.04573414124640042,-0.12293075902955942,-0.09877099267851396
1789997401642696000,39.23069604492188,-0.0378463839665534,-0.07787779736852249,-0.09245107769253867
1789997401652767000,39.24076708984375,-0.038325195911869676,-0.11994961416240663,0.09831107682573477
1789997401662836700,39.250836669921874,-0.06945809178618924,-0.04662515218649734,0.019493078080620032
1789997401672906800,39.26090673828125,-0.0226734183271997,-0.10812158012981246,0.18902798138171256
1789997401682977800,39.27097778320312,0.06528849994450214,-0.03757743037003337,0.036158987162878166
1789997401693047800,39.2810478515625,0.10154560801368201,-0.07051833912620711,0.09453786480322458
1789997401703118800,39.29111889648438,0.029950291777522293,-0.060768979227622665,-0.02642101281960713
1789997401713188900,39.30118896484375,-0.012044805478802191,-0.05596412821561108,-0.06889197857575192
1789997401723260000,39.311260009765626,0.023423965542391137,-0.030710468821154458,-0.12137224329674648
1789997401733329700,39.32132958984375,-0.023040472536448135,-0.037559814483407096,-0.019865540682912845
1789997401743400700,39.33140063476562,-0.0341114368837949,-0.0625517996490948,0.031643496400286734
1789997401753471000,39.34147094726563,-0.07115527073764225,-0.0628526035845251,-0.039117032273154564
1789997401763542000,39.3515419921875,-0.05752217871388908,-0.04302036506618455,-0.10166459371714598
1789997401773611800,39.36161181640625,-0.016239749325678725,0.013880906968011992,-0.1543494618215178
1789997401783681800,39.37168188476563,0.0004469291922094015,0.004498179996527121,-0.04488742026618619
1789997401793752800,39.3817529296875,-0.03182150064740441,-0.062459915883086296,0.06727093168063882
1789997401803823000,39.39182299804688,-0.049301965656033786,-0.11130711425528894,0.020504384986916188
1789997401813894000,39.40189379882813,-0.09413923572717978,-0.11176427410396292,-0.02193251174337059
1789997401823964000,39.4119638671875,-0.07842604743881827,-0.1285722887091984,-0.02037369585517389
1789997401834035000,39.422034912109375,-0.0823314759369474,-0.19424235506400947,-0.010393956599204519
1789997401844104700,39.43210473632813,-0.1273666426886817,-0.22034701217133906,-0.026636069842584015
1789997401854175700,39.44217578125,-0.13899437830058767,-0.2500639551894974,0.05202240365230616
1789997401864246000,39.45224609375,-0.14156924381649047,-0.26551426876065337,0.07061249476841147
1789997401874316000,39.46231591796875,-0.15079995253643896,-0.2613818327655247,-0.032781726719366445
1789997401884386800,39.47238671875,-0.13615079575650074,-0.2821132613642885,-0.009997178783535034
1789997401894456800,39.48245678710938,-0.1650713970801427,-0.2893169755873265,-0.034779851875928705
1789997401904528000,39.49252783203125,-0.21416641840265782,-0.2867481645327401,-0.07104954062557894
1789997401914598000,39.50259790039063,-0.19053936944423555,-0.30593033073851544,-0.06122350411315045
1789997401924668700,39.51266870117188,-0.15964117773358708,-0.34205483105599827,0.028546843822147405
1789997401934739000,39.522739013671874,-0.17293493378022876,-0.35473195256587786,0.042804177720585604
1789997401944810000,39.53281005859375,-0.2228001607228824,-0.3617600780275993,0.03984641020091971
1789997401954879700,39.54287963867188,-0.18113791592488007,-0.3918702937813841,0.03673509961179785
1789997401964949800,39.55294970703125,-0.12585793799024286,-0.4328910744330171,-0.004444104501669397
1789997401975020800,39.563020751953125,-0.09680062246651039,-0.4743457407724623,0.004225813375749318
1789997401985091000,39.57309106445312,-0.1218051183936595,-0.44850745118929636,-0.012003378677802129
1789997401995161900,39.58316186523437,-0.13034234745946677,-0.43548866448689055,0.02004652705615291
1789997402005231900,39.59323193359375,-0.09264039684028656,-0.4199920771205788,0.017532276225305437
1789997402015303000,39.60330297851562,-0.025514273076939542,-0.4354567655243186,0.10320910199945267
1789997402025373000,39.613373046875,-0.000981002353234522,-0.3969801210286536,0.09785821876265645
1789997402035443700,39.623443603515625,0.0076607911747302755,-0.32705442752453584,0.025696826920787525
1789997402045514000,39.63351391601562,0.08635599259417598,-0.2991021636931164,0.0662114647459936
1789997402055585000,39.6435849609375,0.13814346794519078,-0.26135992194630425,-0.004249345328890335
1789997402065655000,39.65365502929688,0.15542751800092472,-0.23370706112299125,0.008806751978541676
1789997402075724800,39.663724853515625,0.17329421669217443,-0.16162786419227318,0.06149688592579607
1789997402085795800,39.6737958984375,0.1796302581404414,-0.10104961493934858,0.08249689614536736
1789997402095865900,39.68386596679687,0.16270643651123368,-0.06344248971390704,0.04323009772738319
1789997402105936600,39.6939365234375,0.1597290929623811,-0.02629199403593222,-0.08053371672530157
1789997402116007000,39.7040068359375,0.17157537646252932,-0.04473672162169106,0.0447111559590506
1789997402126078000,39.71407788085938,0.23023854926514295,0.022303422972876987,0.018504162596078278
1789997402136148000,39.72414794921875,0.2671966605431604,0.08335403648631409,0.03493380483057614
1789997402146218800,39.73421875,0.23791448816593241,0.1256186711484212,-0.012278810817999853
1789997402156288800,39.74428881835937,0.22482995927490998,0.10249142316120692,-0.05992906733708374
1789997402166359000,39.75435913085938,0.2541600746736187,0.0899590513794671,-0.015176895637380155
1789997402176430000,39.76443017578125,0.24330599683492035,0.13882082436792523,0.0855949094552168
1789997402186499800,39.774499755859374,0.22030212846123157,0.2217288922399992,-0.08292025704101391
1789997402196571000,39.78457080078125,0.1450851859612256,0.191923579521517,-0.05842605512157556
1789997402206641000,39.79464086914062,0.15222209903838338,0.14117982769665544,0.008040241231093847
1789997402216711700,39.80471166992187,0.1917442160861459,0.16481466382722243,0.030652134483649417
1789997402226782000,39.81478198242188,0.20997833230779975,0.18917839555483393,0.045963554762032274
1789997402236853000,39.82485302734375,0.1565057449209153,0.20521662178580644,-0.06183040640839246
1789997402246923000,39.834923095703125,0.10525115493564902,0.14823005587658294,-0.028393819664733495
1789997402256993800,39.844993896484375,0.11044386660335268,0.12320896064452848,0.03719766911283039
1789997402267063800,39.85506372070312,0.14677704527353624,0.1176743330823751,0.11267442331943661
1789997402277133800,39.8651337890625,0.13481679761284093,0.10830254585574749,0.035207212446866934
1789997402287204900,39.87520483398438,0.0646724478908735,0.07577692873369546,-0.030310099050382174
1789997402297275000,39.88527490234375,0.06626154443068633,0.05211323172451714,-0.08282318104975754
1789997402307346000,39.895345947265625,0.09253086722587812,-0.029248328751852466,0.042710026485136665
1789997402317416000,39.905416015625,0.06503464464957637,-0.06496785451748048,0.10926740062834792
1789997402327487000,39.91548706054687,-0.005635701511286037,-0.0969539260146287,0.12935558538450262
1789997402337556700,39.925556640625,-0.0053451529877743854,-0.07805038241879517,0.005248847806655306
1789997402347627800,39.93562768554688,0.022165338900680308,-0.1156400305607751,-0.08975861043926174
1789997402357698000,39.94569799804688,0.05041074147803566,-0.17132624839086255,0.0241875283416184
1789997402367767800,39.95576782226563,0.008263853327965833,-0.17757996186288677,0.06182178784080673
1789997402377838800,39.9658388671875,-0.08127500266710894,-0.1772235622318828,0.07613697885595985
1789997402387908900,39.97590893554688,-0.13344155747021852,-0.15505356336485387,-0.012650635487918881
1789997402397980000,39.98597998046875,-0.08774301925492362,-0.14159096603668886,-0.013054743955489114
1789997402408050000,39.9960498046875,-0.059182354560307335,-0.12888858701937408,-0.006753413896499734
1789997402418121000,40.006120849609374,-0.03418169153945373,-0.15634079628111391,0.05720439734202195
1789997402428191000,40.01619091796875,-0.08806037690007738,-0.17506591312502376,0.099616127036465
1789997402438262000,40.02626196289062,-0.08687226957540294,-0.21113851158281424,0.06165650136867694
1789997402448331800,40.036331787109376,-0.05605080340754963,-0.19671369608846817,0.08177272431160287
1789997402458401800,40.04640185546875,-0.06596301990554139,-0.14506672150536115,0.0633842013405439
1789997402468472800,40.056472900390624,-0.058697674657517636,-0.12106138174934404,-0.040719583195589694
1789997402478542800,40.06654296875,-0.05619708218349427,-0.1367166161398573,-0.023358832777786005
1789997402488614000,40.07661376953125,-0.018394542361936488,-0.14442058743562614,-0.015120633464727628
1789997402498684000,40.08668383789063,-0.01371926066730399,-0.16923746231777645,0.05695232699703865
1789997402508755000,40.0967548828125,0.0100334967725016,-0.18762086027027297,0.10686896316287328
1789997402518824700,40.10682470703125,0.010149886107097003,-0.143756369621369,0.004394394302750099
1789997402528895700,40.11689575195312,0.04463721754825191,-0.15458167905106254,0.009239753559334698
1789997402538966000,40.12696606445313,0.04370068485665101,-0.1225916656917651,0.03310082559128372
1789997402549035800,40.13703588867188,0.04589677335762432,-0.08751265745728376,-0.036368909916141834
1789997402559106800,40.14710693359375,0.04357497901199223,-0.10750621167188493,0.08046813720436934
1789997402569176800,40.1571767578125,0.02094667055297453,-0.08825020886111844,-0.04458719008683108
1789997402579247900,40.16724780273437,0.021490443342430023,-0.12471517630346415,-0.07059638769601471
1789997402589318000,40.17731787109375,0.08336137870145663,-0.08126805335932187,-0.08457738921571148
1789997402599389000,40.18738891601563,0.1037716516145248,-0.09174416057146424,0.0135835482664577
1789997402609459000,40.197458984375,0.05908572958236409,-0.09621895255121547,0.023535935480918646
1789997402619530000,40.20753002929688,0.027548860505880377,-0.06003238358920967,-0.07847761236766902
1789997402629599700,40.21759985351562,0.07064147882984162,-0.057655637788606474,-0.009775115018108018
1789997402639670800,40.2276708984375,0.11082344292729648,-0.0876000754141329,0.08619064053312042
1789997402649741000,40.23774096679688,0.11722487592186988,-0.13615441821659363,0.10939450754538595
1789997402659810800,40.24781079101562,0.06479450193976073,-0.09884423709577207,-0.10017554527523773
1789997402669881900,40.2578818359375,0.06708382220226707,-0.060451458196445734,-0.1490833818084794
1789997402679952000,40.26795190429687,0.07168248059731357,-0.0450335779185799,-0.06706374684667081
1789997402690023000,40.27802294921875,0.07562839648222894,-0.0324191567351449,-0.045909220725200435
1789997402700092700,40.2880927734375,0.10210780099601292,-0.0516482007989102,-0.010078214510855563
1789997402710163700,40.29816381835938,0.10905868042096553,-0.11138627348957536,0.06510852411240173
1789997402720234000,40.30823388671875,0.1035741121363922,-0.12047453923396112,0.019563141914760503
1789997402730305000,40.31830493164063,0.12270652432466495,-0.12067994758983264,-0.032281619687496536
1789997402740374800,40.32837475585937,0.10006960077765127,-0.1112658899708117,-0.051428827046695394
1789997402750444800,40.33844482421875,0.10362883710118749,-0.09058830947717046,-0.12014424611492926
1789997402760515800,40.34851586914063,0.09391616937163488,-0.09852843533966221,-0.16710293556947495
1789997402770585900,40.3585859375,0.09072434758099536,-0.10361482692820931,0.05525385251453762
1789997402780657000,40.36865698242188,0.12956079824478506,-0.05916845415029499,0.11664056691542382
1789997402790727000,40.37872680664063,0.1184704813413279,-0.0869012373812935,0.05196922765261974
1789997402800798000,40.3887978515625,0.05575185445578649,-0.11497054834626545,-0.03100121595463019
1789997402810867700,40.39886767578125,0.07223001603669324,-0.10828038026117623,-0.046838429431545085
1789997402820938800,40.40893872070313,0.16190981404960625,-0.06034996564565521,-0.031034856732723312
1789997402831009000,40.419009033203125,0.1596886594828574,-0.021295522316656722,-0.00861655706682097
1789997402841078800,40.42907885742188,0.0761582049480894,-0.010460026902688916,0.01801059467879485
1789997402851149800,40.43914990234375,0.043253602619020316,0.03185017449430047,-0.07000967983653886
1789997402861219800,40.4492197265625,0.10562768792299332,0.02126786516589529,-0.019019059546516906
1789997402871291000,40.459290771484376,0.14530391069731374,0.03257122906724027,0.06238724310630825
1789997402881361000,40.46936083984375,0.1799851631376583,0.01229923845249407,0.013986485190193068
1789997402891432000,40.47943188476562,0.16466802697153218,0.033710245177892444,-0.05876887255423283
1789997402901502000,40.489501953125,0.15784884188629872,0.056480702532406,-0.08232872831007616
1789997402911573000,40.49957299804687,0.16852763162583534,0.10652911934882514,-0.07711642734093604
1789997402921642800,40.509642822265626,0.18191617611980113,0.11918487475350531,0.009675970731048011
1789997402931713800,40.5197138671875,0.1600148005067141,0.11354589309232176,-0.014609428458322731
1789997402941783800,40.52978369140625,0.15991925089937056,0.13735204473519885,-0.09416841129318243
1789997402951854000,40.53985400390625,0.15209254138825676,0.12259344999287931,-0.09609564931591122
1789997402961924900,40.5499248046875,0.19669136517416516,0.1262847085667611,-0.08411673422951765
1789997402971995000,40.55999487304688,0.22745547762947915,0.11757521933497121,0.010426051778271234
1789997402982066000,40.57006591796875,0.27499459953871785,0.14266168204341828,0.09428294361302413
1789997402992135700,40.5801357421875,0.20920043979054645,0.19793300941125144,0.12074120268134038
1789997403002206700,40.59020678710937,0.1915951184790942,0.19475815239904143,0.01764277657242247
1789997403012277000,40.60027709960937,0.19839466156810906,0.22511125402160487,-0.16848762619681742
1789997403022348000,40.61034814453125,0.19089584807799373,0.28162198353869033,-0.15490460946778384
1789997403032417800,40.620417724609375,0.19129209887824544,0.23641451377182834,-0.020373184311776506
1789997403042487800,40.63048779296875,0.15706858656497544,0.19456302285921157,0.020677851096980508
1789997403052558800,40.64055883789062,0.12250706583924954,0.20919968459716798,-0.03425878882898241
1789997403062628900,40.65062890625,0.15576585275950888,0.2503555537693224,-0.07852574923162847
1789997403072700000,40.66069995117188,0.1897276010645543,0.2300452916259349,0.017488394442041456
1789997403082770000,40.67077001953125,0.1277810349676761,0.18068376801363492,-0.008741286110769244
1789997403092841000,40.680841064453126,0.10805807650293463,0.1671295354403028,0.0007988671308300767
1789997403102911000,40.69091088867187,0.16477531030517115,0.13139725208088499,0.09134219518901575
1789997403112981800,40.70098168945312,0.1561535283656953,0.1696782216895073,-0.031718949204755036
1789997403123051800,40.7110517578125,0.17458134685802934,0.16526357907473221,-0.019180368388044326
1789997403133122000,40.7211220703125,0.14646657429779386,0.14911477879140597,0.0127808296727765
1789997403143192800,40.73119287109375,0.11238188722423002,0.1846596387447471,-0.0033903988349069146
1789997403153262800,40.74126293945312,0.14905850186084554,0.15204599677521224,0.06156972737881153
1789997403163334000,40.751333984375,0.13770123085147778,0.13243853261548186,0.07215614936349554
1789997403173404000,40.76140380859375,0.09374285069636511,0.16116233258064452,0.0340950384244956
1789997403183474700,40.771474609375,0.08461142961525038,0.1480558438201597,0.06230316008666696
1789997403193545000,40.781544921875,0.05031344649227402,0.16051158165598958,0.051442418993582664
1789997403203616000,40.79161596679688,0.016307510444332946,0.18608632415,-0.029202286910216143
1789997403213686000,40.80168603515625,0.0021711447280477743,0.21058561926090683,-0.14447265337948378
1789997403223755800,40.811755859375,-0.02450345059791124,0.2125795531941247,-0.17953582386511338
1789997403233826800,40.82182690429688,0.0013679996652172645,0.1423172621222581,-0.05427216837291027
1789997403243897000,40.83189697265625,-0.006563869572882614,0.09483920763541313,0.11933565920913364
1789997403253968000,40.8419677734375,-0.037061968958766595,0.07895633504959326,0.1109479164068993
1789997403264038000,40.85203784179687,-0.09100154974382021,0.06168395010166646,0.06615568850494478
1789997403274109000,40.86210888671875,-0.1087962111090568,0.028311928443933286,0.07671645807515574
1789997403284179000,40.87217895507813,-0.0973538679664007,0.0003753565284721819,0.08579000849884681
1789997403294249700,40.88224975585938,-0.05935855632786247,-0.02083316322594308,0.021240071211061144
1789997403304319700,40.89231982421875,0.000519195411841058,-0.047774572022002186,0.0653397470332025
1789997403314390800,40.90239086914063,-0.06312677877999971,-0.0357047304621856,0.2099937750664907
1789997403324460300,40.912460205078126,-0.15282090469205317,-0.03995555717698813,0.16187428902745415
1789997403334530300,40.9225302734375,-0.1484399603627762,-0.03721772855387723,0.04453993620622172
1789997403344601300,40.932601318359374,-0.0586312943418608,-0.019670020263950084,-0.060713617459308
1789997403354671400,40.94267138671875,-0.03762642367642152,-0.06466970021561269,0.004997885077256179
1789997403364742400,40.95274243164062,-0.03536492417078745,-0.1283108613939434,0.17559514289325415
1789997403374812400,40.9628125,-0.07941176945806767,-0.07440316496872801,0.09535828115367215
1789997403384883500,40.97288354492188,-0.13999411892537655,-0.07661164678427852,-0.0022614324855673913
1789997403394953500,40.982953369140624,-0.08044482590912096,-0.06305900851205318,-0.17925224426869016
1789997403405024300,40.993024169921874,-0.060755035829364805,-0.03454214163263009,-0.23728440601023876
1789997403415094300,41.00309423828125,-0.05574325479600217,-0.036079871381976804,-0.12759145780657818
1789997403425164500,41.01316455078125,-0.08772164110481459,-0.08398812452799058,-0.029966747821924013
1789997403435235300,41.0232353515625,-0.07388335994576614,-0.047822746242196776,-0.15437105914336616
1789997403445305300,41.033305419921874,-0.14130652566914026,-0.004141829514995847,-0.1449874017915551
1789997403455376400,41.04337646484375,-0.05789232296859091,-0.010068803208452751,-0.131460522400638
1789997403465446400,41.0534462890625,-0.049632977293917635,0.0007410315181386808,-0.12474733986664559
1789997403475517200,41.06351708984375,-0.07072897452811974,0.03809132357714482,-0.22003547658937112
1789997403485587500,41.07358740234375,-0.0955094765359946,0.07940192410784162,-0.19206672235215494
1789997403495658500,41.08365844726563,-0.0725781998300157,0.08250449189547585,-0.15014014761179095
1789997403505728500,41.093728515625,-0.05804091311883131,0.08861223351948669,-0.13702018198956425
1789997403515799300,41.10379931640625,-0.02104642666185999,0.014427809505791712,0.09214350398630207
1789997403525869300,41.11386938476563,0.015510681368273155,0.03860171383066147,0.06252853102334349
1789997403535939300,41.123939208984375,0.011199700572618774,0.0915524408007015,-0.09656673597964018
1789997403546010400,41.13401025390625,-0.014499343699250898,0.120258545941829,-0.21729736877189862
1789997403556080400,41.14408032226562,0.020556145649549343,0.09010772092412288,-0.17856325843568277
1789997403566151400,41.1541513671875,0.013244400116268193,0.08907534039258451,-0.0770316428678573
1789997403576221400,41.16422143554688,0.022481579634573447,0.10112461993761003,0.01066536837151123
1789997403586292200,41.17429223632813,0.049665924628425354,0.07090070571231902,0.10549769552844328
1789997403596362200,41.1843623046875,0.0643280286294355,0.06074799992360981,0.04789624277756167
1789997403606433300,41.194433349609376,0.0524877397235259,0.03160952807668102,0.051705043893337445
1789997403616503600,41.204503662109374,0.01954273686987674,0.02740410437442505,-0.03985530829930815
1789997403626573300,41.2145732421875,0.01213689064623764,0.021821335744896413,0.08972018964968853
1789997403636644400,41.22464428710938,0.03408613508377667,0.031918371754983126,0.2178798603887573
1789997403646714400,41.23471435546875,0.012212203912841753,0.03347135951658199,0.25554763851932266
1789997403656785400,41.24478540039063,-0.061771598373496654,0.05871965981915612,0.17336711545341257
1789997403666855400,41.25485546875,-0.07004241404752416,0.09655772269244807,-0.004191587599725653
1789997403676926500,41.264926513671874,-0.053060708460180815,-0.016331312117921597,-0.012296798668628879
1789997403686996500,41.27499658203125,-0.09849218318541421,-0.050986077567585664,-0.014653039524027248
1789997403697067300,41.2850673828125,-0.052964422339624,-0.009180726446280972,0.15646984616481466
1789997403707137300,41.29513720703125,-0.08058320875611923,-0.09276290155914756,0.3895999487819137
1789997403717207600,41.30520751953125,-0.23386645724379732,-0.19376859045491962,0.38837179381242315
1789997403727278600,41.31527856445312,-0.2567405161373722,-0.005209248172355729,0.1592762923630981
1789997403737348400,41.32534838867188,-0.16740582695177972,0.06925577533851328,-0.052157994350675266
1789997403747419400,41.33541943359375,-0.10318457892694566,-0.0774200029555904,-0.13806585940250074
1789997403757489400,41.345489501953125,-0.14640437781999455,-0.17450726845825534,0.028392494115532647
1789997403767560400,41.355560546875,-0.1494408461557299,-0.128839263289912,0.16905774468718074
1789997403777630200,41.36563012695313,-0.18579467449054712,-0.20922785227570886,0.2003631425794157
1789997403787701200,41.375701171875,-0.17319806794795778,-0.3008964831126861,0.24977684194518887
1789997403797771500,41.385771484375,-0.13123589799872307,-0.31104935003596323,0.19780020528585157
1789997403807842600,41.39584252929688,-0.15838871030245474,-0.322423554452233,0.13700552473228522
1789997403817912300,41.405912353515625,-0.21279797971056888,-0.3709390316700787,0.2105307676563215
1789997403827982300,41.415982421875,-0.25386736719646336,-0.36741859370021324,0.09696389976572901
1789997403838053400,41.42605346679687,-0.2092807503749339,-0.35461395012212116,-0.06714476524583206
1789997403848123400,41.436123291015626,-0.16113188954313207,-0.385680498348019,-0.02701877513293787
1789997403858194400,41.4461943359375,-0.12459172890050903,-0.3499925496226394,-0.01953441776919462
1789997403868264400,41.45626440429688,-0.1119415614513403,-0.323485135843096,-0.013291754880757461
1789997403878335500,41.46633544921875,-0.08255834305797821,-0.29667272360897007,-0.01860884405960975
1789997403888405200,41.4764052734375,-0.09914628471396648,-0.2578032557162806,-0.1345038045306782
1789997403898476300,41.48647631835937,-0.05914855888826265,-0.25607533891887135,-0.11464102548024732
1789997403908546600,41.49654663085938,0.005871168020853152,-0.3073920241034708,0.0863367557519826
1789997403918616300,41.5066162109375,-0.019964876890234046,-0.3104619873386121,0.0334676786783699
1789997403928687400,41.516687255859374,0.03945147632719466,-0.30074459046701657,-0.014244746199697851
1789997403938757400,41.52675732421875,0.10412263318406403,-0.24914479881639318,-0.04218843827794305
1789997403948828400,41.53682836914062,0.15100316403124553,-0.15410769884481396,-0.16836276200283387
1789997403958898400,41.5468984375,0.17560213237151134,-0.15257485797639583,-0.09669874396513661
1789997403968969500,41.55696948242188,0.14744891163199986,-0.13645039050305827,-0.0009134261902296063
1789997403979039500,41.56703955078125,0.15190596087500613,-0.09776236417405623,-0.023898291570105822
1789997403989110500,41.577110595703125,0.1877837420643863,-0.03355659260112336,-0.06751419215636868
1789997403999180300,41.58718017578125,0.26657036735675615,0.044278701036853586,-0.05212895324554875
1789997404009250300,41.59725024414063,0.27989163875868145,0.11915593964155143,-0.129007512526131
1789997404019321300,41.6073212890625,0.2588292281093843,0.16995146857212168,-0.24695647116646655
1789997404029391400,41.61739135742187,0.252662948467661,0.1813745119387558,-0.11232590720225545
1789997404039462400,41.62746240234375,0.29454204741624923,0.24646788724274615,-0.004515484036946061
1789997404049532400,41.63753247070313,0.3422674374734008,0.235855975585896,0.15037868082135766
1789997404059603500,41.647603515625,0.2609158794486346,0.27937636435815666,-0.007253787323037183
1789997404069673200,41.65767309570312,0.24151257325419986,0.3459472682997813,-0.15801922694714632
1789997404079744300,41.667744140625,0.2927642287021849,0.34650214933956347,-0.09320907386267001
1789997404089814500,41.677814453125,0.33226067784692465,0.31438349527872633,0.06719088641070177
1789997404099885600,41.68788549804688,0.35488207800312876,0.36956811078599183,0.05215855034954957
1789997404109955300,41.69795532226563,0.35896177492785647,0.400382674515682,0.003257829140323042
1789997404120025300,41.708025390625,0.3485308436082934,0.4107602307013551,-0.13881695128048147
1789997404130096400,41.71809643554688,0.3228691850942247,0.39529480443179354,-0.14515096251594392
1789997404140166400,41.72816650390625,0.33966940833760334,0.37089570650071957,0.015065830985333062
1789997404150237400,41.73823754882813,0.3486089211612243,0.3796973828506892,0.010656920261766201
1789997404160307500,41.74830737304688,0.3102141940144338,0.4063856085539797,-0.08132877226284847
1789997404170378500,41.75837841796875,0.3337782661241911,0.44005386203037905,-0.11519834892434083
1789997404180448300,41.7684482421875,0.3017861347559906,0.4198106866787332,-0.04302597321461295
1789997404190519300,41.778519287109376,0.29736877189443867,0.4319860252728913,-0.07373347765418073
1789997404200589300,41.78858935546875,0.2702005012140319,0.4446184002494873,-0.012604858015968686
1789997404210659300,41.79865942382813,0.26985385413372953,0.4202772531816477,-0.03641809160672954
1789997404220730400,41.80873046875,0.25121252087877494,0.4258159075461069,-0.15119775023097226
1789997404230800400,41.81880029296875,0.23924410781383004,0.403622751033105,-0.01932750071023103
1789997404240871400,41.82887133789063,0.21243633564034453,0.4570166578667718,0.04473764639058529
1789997404250941200,41.83894116210938,0.143309489412552,0.4215568759130115,0.10302408874662401
1789997404261012200,41.84901220703125,0.15514192173690852,0.4073163943996415,-0.04293663926516065
1789997404271082500,41.85908251953125,0.0959268805734627,0.45675261808921236,-0.14422703129099812
1789997404281153500,41.86915356445313,0.030876390127749495,0.3820941732853943,-0.07202265957906007
1789997404291223300,41.87922338867188,-0.010189294831230263,0.2606198320819734,0.08264063715721406
1789997404301293300,41.88929321289063,-0.08067157467004848,0.19796018579432648,0.12606049943974332
1789997404311364400,41.8993642578125,-0.09456941369854494,0.2506309680810268,-0.04826733751258141
1789997404321434400,41.90943432617188,-0.049434086948243444,0.27159370934926713,-0.16546040117031546
1789997404331505700,41.91950561523438,-0.07926028765143871,0.13188913821909107,0.005201635375967692
1789997404341576000,41.929575927734376,-0.15114171111882457,-0.016020148050210813,0.09120491392787683
1789997404351647000,41.93964697265625,-0.1713035018699121,-0.06099020943328929,0.11214107679300406
1789997404361717000,41.94971704101562,-0.12287521800921494,-0.029190976970365472,0.1043643639239668
1789997404371787800,41.95978784179688,-0.13654480786216758,-0.059366884101305965,0.10612729515932938
1789997404381857800,41.96985791015625,-0.21091260890788655,-0.08494746097802806,0.03356561037699327
1789997404391928000,41.979927978515626,-0.187374206852232,-0.16707384285188603,-0.014504708562061885
1789997404401999000,41.9899990234375,-0.14830457011526507,-0.1641170857092094,-0.06755996572187682
1789997404412068900,42.00006884765625,-0.14278407103308147,-0.14599844835501932,-0.0001416240498567438
1789997404422140000,42.01013989257813,-0.16307393172699133,-0.14442893028051,0.05147561835836897
1789997404432210000,42.0202099609375,-0.22137616405962826,-0.10608716150868219,0.024468848495572494
1789997404442280700,42.03028076171875,-0.2083227176975154,-0.11878903370953178,0.09571937338944678
1789997404452351000,42.04035107421875,-0.13355337525722663,-0.11025966611746121,0.07268232495907469
1789997404462422000,42.05042211914063,-0.11777901645135619,-0.11539361216647952,-0.07353729515149651
1789997404472492000,42.060491943359374,-0.11967453608404671,-0.12335288070598364,-0.035346402592800065
1789997404482562800,42.070562744140624,-0.1130388052443856,-0.13884064872029284,0.16369213224122345
1789997404492632800,42.0806328125,-0.1135321042576529,-0.12363850322887895,0.09890860682627485
1789997404502702800,42.090702880859375,-0.11126655202943483,-0.08847020831679824,0.039035248235460146
1789997404512774000,42.10077392578125,-0.07839794307766709,-0.04037419807587612,0.011509527900775062
1789997404522844000,42.11084399414062,-0.055839769329941266,-0.012622231512280552,0.019612033743322203
1789997404532915000,42.1209150390625,-0.03781807725319885,-0.0028585495506474913,0.03293348640307381
1789997404542985000,42.13098486328125,-0.04215716707039164,-0.003717253263300986,0.1288067457887176
1789997404553055700,42.1410556640625,-0.03335997319077602,0.04532249197342696,-0.0104103369310424
1789997404563125800,42.15112573242188,0.007536733527524127,0.06582089459630835,-0.011088061929541081
1789997404573196800,42.16119677734375,-0.011105931959174978,0.10295816295356586,0.007808125255748598
1789997404583267000,42.17126708984375,-0.026404743134373083,0.09725011831039843,0.01802483321496004
1789997404593336800,42.1813369140625,0.011291720674414562,0.10933611573332916,0.00762910020373129
1789997404603408000,42.19140795898438,0.03803658629748412,0.10884764085542556,0.02009041864039898
1789997404613478000,42.20147778320312,0.0606574274626402,0.1322553568826223,-0.004538808784390938
1789997404623549000,42.211548828125,0.037996056090500045,0.1847169749937133,-0.07639972715898743
1789997404633619000,42.22161889648437,0.039586048392301613,0.16345852805337663,0.07751130371953777
1789997404643690000,42.23168994140625,0.06183559380956545,0.20149433428335742,-0.0291857102923155
1789997404653760000,42.24176000976563,0.08288088993692136,0.14372619173972176,-0.014982801113642563
1789997404663831000,42.2518310546875,0.053008042045808675,0.14758040517109572,-0.0600211228374993
1789997404673900800,42.26190087890625,0.04081963079521656,0.1834273263236472,-0.007817294778847851
1789997404683970800,42.271970703125,0.06928757096317836,0.18315506943769108,0.19251579123178308
1789997404694041900,42.28204174804687,0.052454551414004395,0.20158360137174114,0.181332746327656
1789997404704111900,42.29211181640625,0.052292118243454394,0.23220733451359507,0.06913326472665927
1789997404714183000,42.30218286132813,0.0057613840217732035,0.2796201513552733,-0.04497593441642754
1789997404724253000,42.3122529296875,0.01678066017438807,0.21951097853935572,-0.049213242357444544
1789997404734324000,42.322323974609375,-0.017660068555731236,0.14118252355938057,0.04905410573700685
1789997404744393700,42.33239379882812,-0.005249266697424002,0.16929124837973866,-0.03420030942971299
1789997404754464800,42.34246484375,-0.017663779731454596,0.15416495972268332,-0.106313452134292
1789997404764535000,42.35253515625,-0.05299057967372099,0.12317251449494789,-0.049226426473745276
1789997404774604800,42.36260473632812,-0.05178022307564518,0.11005347610812981,-0.04370122659362793
1789997404784675800,42.37267578125,-0.08789401151965405,0.0704883195969748,-0.08160141573753991
1789997404794745900,42.38274584960938,-0.0677870019146721,0.00790684668006403,0.01272859261732139
1789997404804817000,42.39281689453125,-0.07409385780470543,0.05574365461342458,-0.08625825699960409
1789997404814887000,42.40288696289063,-0.12027457738502398,0.05453725161063113,-0.13388934623850174
1789997404824958000,42.4129580078125,-0.1735314962947383,-0.03186663151905502,-0.027038805942423326
1789997404835028000,42.42302807617188,-0.23456109496795335,-0.08857048870496487,0.016417554095097656
1789997404845099000,42.43309912109375,-0.2454021770041571,-0.10734022415386642,0.017206667732244448
1789997404855168800,42.44316870117188,-0.1948488352977744,-0.09789212139398622,-0.020333000650182596
1789997404865238800,42.45323876953125,-0.10125019997400586,-0.1096808008164245,-0.0019088997297149793
1789997404875309800,42.463309814453126,-0.12529791146981806,-0.12376071682709056,0.010347134934811496
1789997404885379800,42.4733798828125,-0.1306122598106997,-0.1267729563865522,0.024128575522894297
1789997404895451000,42.48345092773437,-0.13541973465779228,-0.11778591475613064,0.08247066395246039
1789997404905521000,42.49352099609375,-0.11483382756251702,-0.15129807500541312,0.0764159129367036
1789997404915592000,42.50359204101562,-0.07611981424532302,-0.19861318954610047,0.08108750722496923
1789997404925661700,42.51366162109375,-0.06761099234747756,-0.24550013939946136,0.1350313690114621
1789997404935732700,42.523732666015626,-0.09695154886818073,-0.26033259791617447,-0.027908874296273298
1789997404945803000,42.53380297851562,-0.10832046686277397,-0.2419923799607423,-0.05424904436159686
1789997404955874000,42.5438740234375,-0.12587795578639982,-0.1588161692364105,-0.09549444584511049
1789997404965943800,42.55394384765625,-0.06262952386413864,-0.16825681056569056,0.008877977772777433
1789997404976013800,42.564013916015625,-0.05857771425883118,-0.18321431015626197,0.06401314299116566
1789997404986084900,42.5740849609375,-0.09081013263318234,-0.18485580107330496,0.0016615454119696005
1789997404996155000,42.58415478515625,-0.08814388312619822,-0.1620648955744316,-0.07873240263250693
1789997405006226000,42.59422583007812,-0.0733817937547745,-0.14143174168282105,-0.024855164530268287
1789997405016296000,42.6042958984375,-0.08273461949336566,-0.07555828826036019,0.0018115762376048122
1789997405026367000,42.61436694335937,-0.05231328182652732,-0.06575159511390932,-0.007860855940639922
1789997405036436700,42.624436767578125,-0.022725089411742345,-0.05293267062170777,-0.000709266985304297
1789997405046507800,42.6345078125,0.017141209260356685,-0.03767586055796637,-0.014858985561055839
1789997405056578000,42.644578125,0.05665768577618547,-0.027559526141379177,0.05203998030735775
1789997405066647800,42.654647705078126,0.060275019892397044,0.009333335998963086,0.05944689955887413
1789997405076718800,42.66471875,0.07427224172990267,0.05043426239366111,0.03634730246174781
1789997405086788900,42.674788818359374,0.05543159685950804,0.041832158717510684,0.05269035496788815
1789997405096860000,42.68485986328125,0.055731979127268086,0.08715585946116323,-0.0317475679042156
1789997405106929700,42.6949296875,0.13286122268362194,0.13251529957896097,0.018525504951870057
1789997405117000700,42.70500073242187,0.17306103871310213,0.17365250291863174,-0.013861601950265734
1789997405127071000,42.71507104492188,0.15846072498312108,0.17165353444604087,-0.03159775807501435
1789997405137142000,42.72514208984375,0.1075539516588178,0.18879278136534455,-0.04282069682991936
1789997405147211800,42.735211669921874,0.12363786522409888,0.2535600046219253,-0.05118743779884449
1789997405157281800,42.74528173828125,0.18304082733158952,0.26337048395388174,0.012540886157823223
1789997405167352800,42.75535278320312,0.19270145288888296,0.2833746449773794,0.029063898162887895
1789997405177422800,42.7654228515625,0.15782047242854189,0.2913817299050954,0.048274127742993986
1789997405187494000,42.77549389648438,0.1491858986495843,0.30402196908056045,0.009155837005189996
1789997405197564000,42.78556396484375,0.1679983230061832,0.3081518618639835,0.07786253910685245
1789997405207635000,42.795635009765626,0.16177263294139024,0.3488631470961298,0.012427875815595537
1789997405217704700,42.80570458984375,0.11503441166785551,0.3243697586877925,0.03778006733255669
1789997405227775700,42.81577563476562,0.03958374499298663,0.27345633457773194,0.03263114771413471
1789997405237846000,42.82584594726563,0.038631858228254844,0.2777450047435779,-0.024597112453381174
1789997405247917000,42.8359169921875,0.03303088181905294,0.29253792164436926,0.05269148662419767
1789997405257986800,42.84598681640625,0.018421838222270767,0.2670403323642661,0.0854190359099629
1789997405268056800,42.85605688476563,-0.03330644369076214,0.18818207081308574,0.013168784125839455
1789997405278127900,42.8661279296875,-0.08520197572110717,0.15967786694919492,-0.0627316041934494
1789997405288198000,42.87619799804688,-0.05896070735962971,0.15979481368916196,-0.07143072793987307
1789997405298268700,42.8862685546875,-0.12053411394618788,0.13914321309702793,-0.0338329516631298
1789997405308339000,42.8963388671875,-0.11334107313997285,0.08549100783827486,0.010765044783806707
1789997405318410000,42.906409912109375,-0.09990222050901562,0.016693998043866922,0.04164751618234811
1789997405328480000,42.91647998046875,-0.06547392682348169,0.01953693154657371,-0.0496854680272332
1789997405338550800,42.92655078125,-0.08606160096456784,0.004544839479411856,-0.0559306492170814
1789997405348620800,42.936620849609376,-0.08901360785491295,-0.039434088182098204,0.03274936171769648
1789997405358691000,42.946691162109374,-0.10602852375014861,-0.0886354128090884,0.08689890290645184
1789997405368762000,42.95676220703125,-0.09823116230407009,-0.10721030108085942,0.027488067491434696
1789997405378832000,42.96683178710938,-0.12737972978865514,-0.10592632072720762,-0.058866563726973166
1789997405388903000,42.97690283203125,-0.13359726987834203,-0.16346030996671848,-0.06768068086510448
1789997405398973000,42.98697290039063,-0.1453682723261483,-0.15757992262738163,-0.03194775100659578
1789997405409044000,42.9970439453125,-0.1605052101188741,-0.22013137117336185,0.09998634340341038
1789997405419114000,43.007114013671874,-0.20159169241787175,-0.25188172970418427,0.050121149738959474
1789997405429185000,43.01718505859375,-0.17984178966643685,-0.2583366602314493,0.05351564209534097
1789997405439255000,43.02725512695312,-0.14920822941937412,-0.24345586839002825,0.05178931709911909
1789997405449324800,43.03732470703125,-0.17956051626176175,-0.2316262969485495,0.022506679419174738
1789997405459395800,43.047395751953125,-0.18984560432429753,-0.2324062633814529,0.04151633397180285
1789997405469465900,43.0574658203125,-0.15213684521675166,-0.17308374544633578,-0.010951822965348666
1789997405479537000,43.06753686523437,-0.1343370616475762,-0.15167025071299028,-0.033451132640067965
1789997405489607000,43.07760693359375,-0.1493930675646384,-0.16031103728822385,0.0197097472426513
1789997405499678000,43.08767797851562,-0.1265919882404744,-0.16652196268451028,0.08505641282053995
1789997405509748000,43.097748046875,-0.10648272531997997,-0.1382787554383026,0.12172786697189625
1789997405519819000,43.10781909179688,-0.0996011642927906,-0.09745464593036782,0.043811438182370814
1789997405529888800,43.117888671875,-0.07527196030095244,-0.09762357879026186,-0.015637884800766364
1789997405539959000,43.127958984375,-0.0822437629909527,-0.050499367852457885,-0.05575095156683332
1789997405550030000,43.13803002929688,-0.03508598085064603,-0.03015752304145004,-0.04306261783609469
1789997405560099800,43.148099853515625,-0.03893747440542737,-0.016117302665906705,0.0075148045084512125
1789997405570171000,43.1581708984375,-0.008818774317554954,-0.023760102300605983,0.016287373849630464
1789997405580241000,43.16824096679687,-0.008803961713914373,-0.04616314192583249,0.07590204253025291
1789997405590312000,43.17831201171875,-0.010485487914473814,-0.0005940739864234181,-0.010208826853506537
1789997405600382000,43.1883818359375,-0.025055449384882605,-0.00619383340458342,-0.0550725444653198
1789997405610453000,43.19845288085938,-0.01834241726030983,-0.012182377560840818,-0.04805659568588716
1789997405620523000,43.20852294921875,0.020415270013856058,0.011427472053564614,0.005104952792779842
1789997405630592800,43.2185927734375,0.010423912241153839,0.010421535249831146,0.16421487487725286
1789997405640663800,43.22866381835937,0.01941815953984569,0.025155792494873968,0.13496832292203007
1789997405650733800,43.23873388671875,0.015680843935698085,0.008655456921022868,0.06849299651054122
1789997405660804900,43.24880493164063,-0.0015222562558709937,0.033498099795978356,-0.028825044791830626
1789997405670875000,43.258875,-0.0021342750785951414,0.00877894744397363,-0.040091876645979685
1789997405680946000,43.26894580078125,0.018563864513794454,0.029847661366935885,-0.024609141307973727
1789997405691016000,43.27901586914062,0.010400891743684275,0.0344381789062364,0.0351075110484695
1789997405701087000,43.2890869140625,0.007533223606447197,-0.00018033329891903034,0.0062654238315829214
1789997405711156700,43.29915673828125,-0.01346255538853416,0.03669917898876108,-0.05505516442833697
1789997405721227800,43.30922778320313,-0.025199917843681887,0.07649943020139666,-0.10502320877405384
1789997405731298000,43.319298095703125,-0.03799515450390741,0.06186949158227105,-0.08149177911145204
1789997405741367800,43.32936791992187,-0.028726422483664825,0.03624891282515189,-0.055822546003736234
1789997405751438800,43.33943896484375,0.016072483982584065,0.004352879826600049,0.029636730483527253
1789997405761508900,43.3495087890625,0.02205811045680989,-5.605070311616199e-05,0.024829447618557553
1789997405771580000,43.35957983398438,0.03721321093125357,-0.018706367016055055,0.012001429552233121
1789997405781650000,43.36964990234375,0.01999633026829127,-0.023805908530860717,0.032161297782076666
1789997405791721000,43.379720947265625,0.026653328152841854,0.03885444704787724,-0.018400286834549844
1789997405801791000,43.389791015625,0.05724711699060932,0.0422694705263977,0.021110437127035402
1789997405811862000,43.39986206054687,0.014330202393677698,0.02989384287443355,-0.014231407487744827
1789997405821931800,43.409931884765626,0.00517079845224806,-0.0015480676870908764,-0.08631720831415494
1789997405832002000,43.420001953125,-0.018846000138767086,-0.019109961483992303,-0.06007321105903265
1789997405842073000,43.43007299804688,0.0026539299181805405,0.023893115161684634,0.0013567073820468032
1789997405852142800,43.44014282226563,0.01284083643220608,0.021723763603422278,0.06340952347883753
1789997405862214000,43.4502138671875,-0.003642317202543046,-0.01217914860416003,0.047330875201092436
1789997405872284000,43.46028393554688,0.007926276400696843,-0.005131970187041487,-0.12008470147322699
1789997405882355000,43.47035498046875,-0.008063563771367965,-0.026229071592731114,-0.12470926038094549
1789997405892424700,43.4804248046875,-0.010460706497265666,-0.06934126855314819,0.08460848689946336
1789997405902495700,43.490495849609374,0.006507359053153932,-0.06722639916740956,0.10624671506389383
1789997405912566000,43.50056591796875,-0.04998410583865349,-0.04816489257012215,-0.0491797947281442
1789997405922637000,43.51063696289062,-0.055880981801081746,-0.059441109543982656,-0.08719689068126062
1789997405932706800,43.520706787109376,-0.020467508594409854,-0.02407998466451313,-0.0483773825240303
1789997405942776800,43.53077685546875,-0.030790501592726748,-0.00944154172066665,-0.037165380183231324
1789997405952848000,43.540847900390624,0.023661343905275953,-0.1302734971248941,0.09806713942396005
1789997405962918000,43.55091796875,-0.02871222143046034,-0.10120052947384538,0.02636953094631277
1789997405972989000,43.56098901367187,-0.06744562242509301,-0.08442580857958122,-0.0704837871813556
1789997405983059000,43.57105883789063,-0.06409407313572471,-0.0969300669685073,-0.04912407949308498
1789997405993130000,43.5811298828125,-0.042719784131008125,-0.06232506387495958,0.037749508950498334
1789997406003199700,43.59119970703125,-0.0023308871466413993,-0.07223797786076952,0.10027984436195733
1789997406013270800,43.60127075195312,-0.020110997185657762,-0.09298007914446214,0.040590644091403144
1789997406023341000,43.61134106445313,-0.049114204864369,-0.10833455491588785,-0.05179934554923911
1789997406033411000,43.6214111328125,-0.05597368492818327,-0.09480373562517277,-0.08683327076915921
1789997406043481900,43.63148193359375,-0.014441622459025737,-0.07920251658006298,-0.02338527163011964
1789997406053551900,43.6415517578125,0.01923185030003589,-0.10712946435347456,0.08634064634387037
1789997406063623000,43.65162280273437,-0.008505701812851795,-0.18819107371073693,0.11201498931724638
1789997406073693000,43.66169287109375,-0.033795889443662505,-0.21786502458186405,0.09944941627158418
1789997406083763700,43.671763671875,-0.007565926935554658,-0.15663434754283287,-0.006924314560502387
1789997406093834000,43.681833984375,-0.006506170046279247,-0.17480001640375759,0.07623741948488544
1789997406103905000,43.69190502929688,0.0114460409392585,-0.16468619343490026,0.021917095586745025
1789997406113974800,43.70197485351562,0.0398257255083142,-0.15805891511853157,0.023216902209343127
1789997406124044800,43.712044921875,0.0946809563707756,-0.1378398930217103,-0.03867803640740477
1789997406134115800,43.72211572265625,0.11666810147837862,-0.11427020390051695,-0.046848317406243664
1789997406144186000,43.73218603515625,0.1288480756215926,-0.09663079942972935,-0.01629896769841012
1789997406154257000,43.7422568359375,0.07957381812261514,-0.10688400142514869,0.051736372266225655
1789997406164327000,43.75232690429687,0.07954737523753007,-0.11742378646714617,0.03938378567084497
1789997406174398000,43.76239794921875,0.08960132214944018,-0.08473370662894258,0.0208346742187064
1789997406184468000,43.77246801757813,0.03311855169824558,-0.009410765309343344,-0.1158307777182338
1789997406194538800,43.78253881835938,0.02797155431590222,0.025350998539312185,-0.08397935684768008
1789997406204609000,43.792609130859375,0.06784729662998658,0.0655354904925336,-0.08719395784552696
1789997406214679000,43.80267895507812,0.05029145531865313,0.06523061204805454,-0.07999039824731703
1789997406224749800,43.81274975585937,0.13608509946118005,0.07032050724793126,0.04597103050205357
1789997406234819800,43.82281982421875,0.08639484017889719,0.13036573600214726,0.03794629330393764
1789997406244891000,43.83289086914063,0.04242944441465266,0.13585266017387565,-0.02340132873061804
1789997406254961000,43.8429609375,0.13348237049816183,0.12172997092795067,0.044673795701639325
1789997406265032000,43.85303198242188,0.1373023421969155,0.18182475090536393,0.04251079819356135
1789997406275102000,43.86310205078125,0.10146043574215068,0.18233735262621342,0.0312635345891047
1789997406285173000,43.87317309570312,0.07844825599514477,0.15658090009185133,0.0008359468738436239
1789997406295243000,43.88324291992188,0.05839742848949787,0.1641645043965595,0.001127774388230746
1789997406305312800,43.89331274414062,0.10983798298170035,0.16934924146923597,-0.04781252332057706
1789997406315383800,43.9033837890625,0.12505520801259573,0.1917201740145873,-0.0296093046536227
1789997406325454000,43.9134541015625,0.09380525209413372,0.1817606405032002,0.10723126882178824
1789997406335525000,43.92352514648437,0.07683422740029094,0.157442063506593,0.054317939252819296
1789997406345595000,43.933594970703126,0.08445989485679745,0.18758059256540727,-0.04295220678821167
1789997406355666000,43.943666015625,0.11927368965349688,0.13321948831116165,0.011736908909302908
1789997406365736000,43.95373583984375,0.09619332308194035,0.101589372796362,0.009092282854474361
1789997406375807000,43.96380688476562,0.09583017876424198,0.09930350410211257,0.0494626385355128
1789997406385877000,43.973876953125,0.10802773266474272,0.0977554189699506,-0.029950991034102085
1789997406395948000,43.98394799804687,0.06602536670544397,0.06964377045060868,-0.10241939631160024
1789997406406018000,43.99401806640625,0.07427779502859568,0.065376767643749,-0.0617116838443654
1789997406416088000,44.00408813476562,0.11918119356046436,0.10421898959926078,0.04587737529034668
1789997406426158800,44.01415893554688,0.1171138827353643,0.07909606766608131,-0.0013396757944994433
1789997406436228900,44.02422875976563,0.10593035270888908,0.04965501941286382,-0.07691636596503953
1789997406446300000,44.0342998046875,0.09153623290862142,0.11263990358069567,-0.0998746170856786
1789997406456370200,44.0443701171875,0.11527991489143137,0.1218941769051132,-0.017954176051324093
1789997406466441000,44.05444091796875,0.11588138319951014,0.04911435029619269,0.1186524339208447
1789997406476511000,44.06451098632812,0.10110042581537636,0.040144319839503353,0.03468925416366034
1789997406486582000,44.07458203125,0.06836172878162769,0.06723434980933546,0.005027095983465574
1789997406496651800,44.08465185546875,0.05208950062327514,0.11567434377361202,0.03737123753404902
1789997406506722000,44.09472216796875,0.07959018648018094,0.16001533961220168,0.03735875305827594
1789997406516793000,44.10479296875,0.05986292283159999,0.19959817472337207,0.08122619498092522
1789997406526863000,44.11486303710937,0.08813642195159674,0.24689954679321213,-0.004949042735558075
1789997406536934000,44.12493383789062,0.08795152956665192,0.28429149301407897,-0.1112469676785346
1789997406547004000,44.13500390625,0.091912569888474,0.2746844641374668,-0.03474386831501241
1789997406557075000,44.14507495117188,0.04924319936357696,0.28636255825049234,0.03579970557172435
1789997406567145200,44.15514526367188,0.02006164511765922,0.2376167788568042,0.05905746385955004
1789997406577216000,44.165216064453126,-0.013303831291113687,0.21910546368154554,0.006721311201261608
1789997406587286000,44.1752861328125,0.031050593042992507,0.23061522844573903,-0.07698197389566071
1789997406597356000,44.18535595703125,0.04486467041002476,0.20729899369062388,-0.05207292573691701
1789997406607427000,44.19542700195313,0.015142708155816002,0.154469850198072,0.033096526959490516
1789997406617497000,44.2054970703125,-0.003262791814724896,0.15297680150304663,0.022083645061263608
1789997406627568000,44.215568115234376,0.025050343625971076,0.12045859332015726,-0.012096898205868071
1789997406637638100,44.22563818359375,0.03396174489045972,0.08170375379234654,-0.04703813508751731
1789997406647709000,44.235708984375,-0.014255718353284577,0.0529196757510794,-0.038111742012897215
1789997406657779000,44.24577905273438,-0.00022716576566742067,0.009436964355541337,0.1084942363016802
1789997406667850000,44.25585009765625,0.019626479932098154,0.023129665922895667,0.10546346215812753
1789997406677920000,44.265919921875,0.024647918202484805,0.02170612239496445,0.014427182410445723
1789997406687990800,44.27599072265625,-0.015543491658311256,0.019250476902683746,-0.009006668688311762
1789997406698061000,44.28606103515625,-0.009038583295518375,0.014306772744771032,0.017713985786471906
1789997406708131000,44.29613110351563,0.000850470735243999,0.03474111862416209,0.0005509442119596596
1789997406718202000,44.3062021484375,-0.023168640816710846,0.03226640464842811,-0.05184641963555512
1789997406728272000,44.31627197265625,-0.03997107226934873,0.025627165643490112,-0.07943368713274043
1789997406738343000,44.326343017578125,0.007290391809391979,0.03098929863763766,0.009455237492092492
1789997406748413200,44.3364130859375,0.014685743559062929,0.06053289631715667,0.002445686268062573
1789997406758484000,44.34648388671875,-0.000853365983652916,0.0362361818513376,-0.01670679651215672
1789997406768554000,44.35655395507813,-0.01711080008948944,0.0535088674205684,-0.08062309110055614
1789997406778625000,44.366625,0.011496041537880081,0.08604799221392707,-0.027385235535243916
1789997406788695000,44.376695068359375,0.017991500559874207,0.061197770800620145,0.005952270837806597
1789997406798765000,44.38676513671875,0.005213854313404529,0.04005380819168515,-0.0019827502965168034
1789997406808836000,44.39683618164062,5.745961397266049e-05,0.05555212230218624,-0.017294357952100586
1789997406818906000,44.406906005859376,-0.008272512445955667,0.08088697283360752,-0.03789088749160991
1789997406828977200,44.41697705078125,-0.000635688502070542,0.0749616455365526,-0.049924893196574324
1789997406839047000,44.427046875,-0.02608046504316243,0.07370303246562485,0.03353874230630659
1789997406849118000,44.437117919921874,-0.013922601166218209,0.09425340564717592,0.055642192649102376
1789997406859188000,44.44718798828125,-0.018663708549669356,0.06718822629297912,0.055280467130691804
1789997406869259000,44.45725903320312,-0.02389819375647833,0.057325816738784736,0.032069340041746164
1789997406879329000,44.4673291015625,-0.03143579723050493,0.06767515609249802,-0.03733498310939619
1789997406889399000,44.47739892578125,-0.045177413701299365,0.09203981575172589,-0.06410871602334518
1789997406899470000,44.48746997070312,-0.02545494422493877,0.07591234748048897,-0.0032982522853130278
1789997406909539800,44.49753979492188,-0.030589564635397994,0.04982410003672734,0.1496219785365925
1789997406919611000,44.50761083984375,-0.05125693740829719,0.08082342129590464,0.07388984939637129
1789997406929681200,44.51768115234375,-0.07386158990592405,0.054751831836815076,-0.019741309819162993
1789997406939752200,44.52775219726563,-0.0979572946905458,-0.03674840728632419,-0.07048112483828704
1789997406949822000,44.53782202148437,-0.10396893115992734,-0.09004094204115722,-0.040466696292444156
1789997406959893000,44.54789306640625,-0.05586657686355635,-0.026998510145677626,0.004873215676467111
1789997406969963000,44.557962890625,-0.0182926768877145,-0.03442433487670551,0.0851059882291041
1789997406980033000,44.568032958984375,-0.07796848852530044,-0.07235834139309927,0.04272788796905936
1789997406990104000,44.57810400390625,-0.11245195902176426,-0.04927957787280802,0.0016032321865505506
1789997407000174000,44.58817407226562,-0.09224349284100332,-0.008945794673879027,0.0049097748167280025
1789997407010245000,44.5982451171875,-0.09494596903264435,0.05088819760417474,-0.03225235223268675
1789997407020315000,44.60831494140625,-0.05909963008351772,0.012423686475295603,0.0648715813976333
1789997407030386000,44.61838598632813,-0.0546183377851205,-0.0030272044596043705,0.010150827937385875
1789997407040456000,44.6284560546875,-0.10793322323373512,-0.021610589551572048,-0.10197278268963629
1789997407050527000,44.63852685546875,-0.12502835786055855,-0.013555808466819351,-0.22332071661563757
1789997407060597000,44.64859692382812,-0.04165242584978514,0.026385253575717783,-0.19961730013071508
1789997407070667000,44.6586669921875,-0.009977216787761532,0.024882151919688997,-0.11245792892441799
1789997407080738000,44.66873803710938,-0.05739850322190468,-0.007344365916687798,-0.04779474384427718
1789997407090807800,44.67880786132813,-0.09058857279502254,-0.01864656426710958,-0.05883189927188545
1789997407100878800,44.68887890625,-0.0586904778477418,0.02266005746728746,0.053037581138469236
1789997407110949000,44.69894921875,-0.07010389846701139,0.051873317023205905,0.06454126478134792
1789997407121020200,44.709020263671874,-0.06863546399528064,0.029663450019225712,0.024640539735911616
1789997407131090000,44.71908984375,-0.02670882449223841,-0.004946919938947968,0.0479370157666389
1789997407141161000,44.72916088867188,-0.021308638066370424,0.025865108791360045,-0.01564382101380752
1789997407151231000,44.73923095703125,-0.022305979401528644,0.009270073578143486,0.04543274830685245
1789997407161302000,44.749302001953126,-0.07252455890495921,-0.0009447614960175568,0.1541044452624224
1789997407171372000,44.7593720703125,-0.058648678831134185,0.023163524453801605,0.08410367874332857
1789997407181442000,44.76944213867188,-0.09197656129629696,-0.04043830770586991,0.03583971530197894
1789997407191513000,44.77951318359375,-0.1415008508404583,-0.03719491025287547,-0.07751502316736919
1789997407201582800,44.78958276367187,-0.14696316859127964,-0.011185737384127724,0.008464342947151862
1789997407211654000,44.79965380859375,-0.15637343594225772,0.005920137799695585,0.08193995710535865
1789997407221724200,44.80972412109375,-0.12797635212510086,-0.04934851805006133,0.06109169063098094
1789997407231795200,44.81979516601562,-0.2087196764570237,-0.12189819053259898,0.05685214178209484
1789997407241865000,44.82986499023438,-0.24167435888785438,-0.1256193009768452,-0.04121520274309598
1789997407251936000,44.83993603515625,-0.22320959744435626,-0.06808611160957459,-0.10834139014176308
1789997407262006000,44.850006103515625,-0.16838340660514772,-0.03382836387488634,-0.06891259897103745
1789997407272075800,44.86007568359375,-0.15051864094190082,-0.08807844576963328,0.08760603064958822
1789997407282146800,44.87014672851563,-0.18516199562592553,-0.17408151406317937,0.20575365612517488
1789997407292217000,44.88021704101563,-0.20683521244509964,-0.16709165247068697,0.1044644249413091
1789997407302288100,44.8902880859375,-0.20371500574822543,-0.20684920759559008,0.1306975192615543
1789997407312358000,44.90035791015625,-0.1660419511545438,-0.2108576271665767,0.11396157691099813
1789997407322429000,44.910428955078125,-0.1615410316687853,-0.24356675884049417,0.1049969986319326
1789997407332499000,44.9204990234375,-0.214016083821253,-0.2940231099952247,0.06159481935382692
1789997407342570000,44.93057006835937,-0.20539023437016624,-0.29458975904572,-0.05861990937896241
1789997407352640300,44.94064013671875,-0.148957513566736,-0.27893014449217746,0.007252111585289767
1789997407362710300,44.95071020507813,-0.1284267898442033,-0.27605912047957276,0.08523748339621265
1789997407372781000,44.960781005859374,-0.12471906424712455,-0.3545715111064703,0.08108786018522407
1789997407382851000,44.97085107421875,-0.12257684331003947,-0.39693487442824643,0.04303481242981996
1789997407392922000,44.98092211914062,-0.0806594732572688,-0.36869140153832963,0.0625639982199487
1789997407402992000,44.9909921875,-0.07210169014960284,-0.2817028129769188,0.10626565071958474
1789997407413063200,45.00106323242188,-0.05956733417516329,-0.28998592524546934,0.10523223268678893
1789997407423133200,45.01113330078125,-0.04055306193673541,-0.33939136780594686,0.08795627106509198
1789997407433204200,45.021204345703126,-0.027503223622666263,-0.3297336935136734,0.00961507118851334
1789997407443274000,45.03127392578125,-6.201725649616719e-05,-0.26832308172772645,-0.014504884669127928
1789997407453344000,45.04134399414063,0.04222203684579222,-0.21365746406423464,0.06799307958645523
1789997407463415000,45.0514150390625,0.06318810532921786,-0.1532397076166548,0.09774130552013051
1789997407473485300,45.0614853515625,0.06236107049503951,-0.15392708627944066,0.07637218464001423
1789997407483556000,45.07155615234375,0.0676266579152048,-0.10723361403069168,-0.05714747074018336
1789997407493626000,45.08162622070312,0.09358144089231006,-0.07006583216957457,-0.046361355698024714
1789997407503697200,45.091697265625,0.0867821217989943,-0.007093492622797379,-0.11630059825261041
1789997407513767200,45.10176708984375,0.09550386238288693,0.027057326574461096,-0.11215595442244587
1789997407523838000,45.111837890625,0.11662186866903228,0.04467591508554854,-0.12798039463011912
1789997407533908200,45.121908203125,0.1721149754648439,0.04280988228698639,-0.07112564198802655
1789997407543979300,45.13197924804688,0.20288761120546203,0.0452449730993403,0.0614236138626105
1789997407554049000,45.14204907226563,0.1894100470678468,0.09453248622655241,0.0751476347209879
1789997407564119000,45.152119140625,0.19583490483997903,0.09058746864331807,0.07572816423804805
1789997407574190000,45.16219018554688,0.18680634075987423,0.10884841720723551,0.012895285032008935
1789997407584260400,45.17226025390625,0.13456089221412468,0.1230670277797188,-0.10133406310559186
1789997407594331100,45.1823310546875,0.15915871487380406,0.10235812686530942,-0.05882256777138257
1789997407604401200,45.19240112304688,0.19042112218523322,0.14553201361719525,0.06944600521269678
1789997407614472200,45.20247216796875,0.17705933928377365,0.15991819288217626,0.0513781258092302
1789997407624542200,45.212542236328126,0.1807912533843019,0.14497996833052745,0.008980702465059748
1789997407634613000,45.222613037109376,0.16304672059417136,0.1650935288349667,-0.013260523239202137
1789997407644683000,45.23268310546875,0.17668280182320792,0.1866979086464871,-0.05668426125272181
1789997407654753300,45.24275317382813,0.13289556814013653,0.2091831526164356,-0.05044592088618904
1789997407664824000,45.25282397460938,0.14299584619974384,0.1917963634026812,-0.006184302962163688
1789997407674894000,45.26289404296875,0.11294579429314573,0.1738560881152784,-0.08030948706515394
1789997407684965000,45.27296508789063,0.11309065810141557,0.11329831538299616,-0.03652996314036674
1789997407695035100,45.28303515625,0.15917717107212215,0.16442146821620865,-0.13912671925375125
1789997407705106000,45.29310595703125,0.1511845341022236,0.14738908669617617,-0.11306462412988133
1789997407715176200,45.30317626953125,0.13277260165071122,0.1179793267182587,0.0019136772049877103
1789997407725247200,45.31324731445312,0.15389413647905256,0.13833093718878467,0.040289191495174764
1789997407735317200,45.32331713867188,0.12483084448869679,0.12624178228097732,0.04038294662168952
1789997407745387000,45.33338696289063,0.14036845186835306,0.13858400460946943,-0.03931255764890435
1789997407755458000,45.3434580078125,0.13473030467897185,0.14010395015874802,-0.01673994619446203
1789997407765528300,45.3535283203125,0.125051618533108,0.13011885710602303,-0.023468939118853473
1789997407775599400,45.36359936523438,0.153594738213747,0.08636663081383658,-0.007365271086930159
1789997407785669000,45.373669189453125,0.13295702654249295,0.07743092150839691,0.01196641253666591
1789997407795740200,45.383740234375,0.08060189791844918,0.09157959620309788,0.03190811585905166
1789997407805810200,45.39381005859375,0.07060949831647978,0.11428289220909596,0.014925813933567792
1789997407815881000,45.403880859375,0.052319640894982165,0.13442471547573664,-0.02979100652016974
1789997407825951000,45.413950927734376,0.03011487416206402,0.10103129115380757,-0.03096767021063563
1789997407836022000,45.42402197265625,0.030985201167573237,0.09899702141921422,-0.07657757870299449
1789997407846092300,45.43409228515625,0.04202982756318665,0.11165242834200491,0.012419730562346633
1789997407856162000,45.444162109375,0.02823850474845958,0.06799223748648668,0.12215589037826781
1789997407866233000,45.45423315429687,0.011945744137345083,0.04968724815983616,0.004112886186280479
1789997407876303000,45.46430322265625,0.0016032366438951215,0.0240133354829967,-0.08206072379727485
1789997407886374100,45.4743740234375,-0.0391725224024084,0.006903976159120807,-0.03565966292940114
1789997407896444200,45.48444409179688,-0.006922624169361465,-0.0267051884895457,-0.013090225371393658
1789997407906515200,45.49451513671875,0.01892842205179103,-0.03988382800741636,-0.12786801570047665
1789997407916585200,45.50458520507812,-0.018208325986881158,-0.09237931801480134,-0.12130462511060096
1789997407926656300,45.51465625,0.03388631129211198,-0.10206939197721192,-0.09960311481614716
1789997407936726000,45.52472607421875,0.017178972449821223,-0.03701003321782577,-0.1034340331532564
1789997407946796300,45.53479638671875,-0.008781478155344375,-0.029308057015825003,0.07696389262634615
1789997407956867300,45.54486743164063,-0.03849966315159221,-0.06792417238732504,0.18378316367830455
1789997407966937000,45.55493701171875,-0.02924716801211702,-0.060997460777022935,0.08169764827932262
1789997407977008000,45.56500805664062,-0.015279471148432696,-0.02483154839616402,0.008890276661447528
1789997407987078100,45.575078125,-0.008094220188067314,-0.0385288199969956,0.07238512206953607
1789997407997149200,45.58514916992188,0.05770729637436165,-0.05217103900762932,0.2414970690716977
1789997408007219200,45.59521923828125,0.08139600104385973,-0.027845328135709873,0.22437099699487725
1789997408017290200,45.605290283203125,0.05196365017009467,-0.05668837813806503,0.08976205046734988
1789997408027360300,45.6153603515625,0.004151360884944856,-0.07873955395243783,0.05329251411058365
1789997408037431300,45.62543139648437,0.001220597657447382,0.0018011331576929558,0.09327425654531697
1789997408047501000,45.6355009765625,0.030397759076274327,0.06944982620374558,0.1755390150120407
1789997408057571000,45.64557104492187,-0.009638858942051009,0.03148850836217099,0.22949558893801716
1789997408067642000,45.65564208984375,-0.033922147854804054,0.012860471046619632,0.08242977297150234
1789997408077712100,45.66571215820313,0.0008733386783339784,0.04373878935642324,-0.08351304115262502
1789997408087783200,45.675783203125,0.031205847847413835,0.025902862923645822,0.0069765815073817095
1789997408097853200,45.685853271484376,0.08777641081967102,0.057449823858608945,0.1398657790202669
1789997408107924200,45.69592431640625,0.061561005590868946,0.08961046363074177,0.14573911192138647
1789997408117994000,45.70599389648437,0.0166401060770552,0.04334582745709767,0.051372022474854
1789997408128065000,45.71606494140625,0.0026031835077277767,0.019781410119166426,0.03051727510097446
1789997408138135300,45.72613525390625,-0.018880252181778318,0.07642592304537997,0.04963357457164304
1789997408148205000,45.736205078125,0.018056585947208412,0.078548601882749,0.09880727289125008
1789997408158276000,45.74627612304688,0.023358773688826766,0.09830390919987525,0.08183615125973223
1789997408168346000,45.75634619140625,0.03460288451392853,0.10676490713598781,0.029888974892698837
1789997408178417200,45.76641723632813,0.017122574563801826,0.13075640194647167,-0.010048450695224606
1789997408188487200,45.77648706054688,0.018111388524036025,0.09381645968800681,0.05938174195232979
1789997408198558200,45.78655810546875,-0.024557245533237085,0.08611996085826944,-0.014425545950982116
1789997408208628200,45.796628173828125,-0.07515152906873669,0.05089743576100292,-0.13446725163387874
1789997408218699300,45.80669921875,-0.015774416402993922,0.014133615244159797,-0.13354535108801588
1789997408228769000,45.81676904296875,0.0324621139349863,0.03617475326995842,-0.07904157083525147
1789997408238839000,45.82683911132813,-0.015940266549223946,0.023308812591030823,0.023387419562911457
1789997408248910000,45.83691015625,-0.0470354215141129,0.03945581425763243,-0.04632237178712244
1789997408258980000,45.84697998046875,-0.050494411701910456,0.009121480753043507,-0.053729640396720825
1789997408269051100,45.85705102539063,0.03538206465472441,0.03597950321604209,-0.17551889013855146
1789997408279121200,45.86712109375,0.06326379352986877,0.015115247622649763,-0.23888542688558195
1789997408289192200,45.87719213867187,0.009699987806585961,-0.012525415847530303,-0.07695719802611316
1789997408299262000,45.88726196289063,0.03357915878505985,0.05814736245510633,-0.05699169380886183
1789997408309333000,45.8973330078125,0.09672881863502508,-0.02556580642072734,0.039150381541394996
1789997408319403300,45.9074033203125,0.10957544460115104,-0.03657953751989092,0.0043754171545020825
1789997408329474300,45.917474365234376,0.0909993556809059,0.029273762725853508,-0.07741980293110474
1789997408339544300,45.92754443359375,0.09606693213459065,0.10199271191195917,-0.17713132320586705
1789997408349614000,45.93761401367188,0.1272679738247386,0.09632820125332413,-0.06629772788065942
1789997408359685000,45.94768505859375,0.12949698521346598,0.12574922080354237,0.02326928963977324
1789997408369755400,45.95775537109375,0.11061359353720694,0.14726433837233194,0.02654095361917634
1789997408379826400,45.967826416015626,0.08490742124664313,0.18229089135224952,-0.06108863433199668
1789997408389896200,45.97789624023437,0.10217352638232848,0.23518508030934593,-0.14940860196594902
1789997408399967200,45.98796728515625,0.04641500184957979,0.2683958830253458,-0.15613654421854817
1789997408410037200,45.99803735351563,0.016357974569926693,0.2497222132429327,-0.04321018724565558
1789997408420108300,46.0081083984375,0.044030929507917586,0.26270209395398914,0.08385806215273077
1789997408430178000,46.01817797851562,0.07510598987813713,0.2838258447784292,0.11325622408335813
1789997408440248300,46.02824829101562,0.07739046557136837,0.25026282014395895,0.17557684175525326
1789997408450319400,46.0383193359375,0.06774701906785516,0.28470556283526566,0.037530309310996324
1789997408460389000,46.04838916015625,0.011651550160707097,0.2552772390831924,0.03355983510597449
1789997408470460200,46.05846020507813,0.009851351077363853,0.19115495059263618,0.15136062594315747
1789997408480530200,46.0685302734375,0.0429584637024737,0.24143135420969747,0.15260266312661916
1789997408490601200,46.078601318359375,0.00899340283463741,0.2577200396380624,0.06481944449216608
1789997408500671200,46.08867114257812,-0.012564542680200512,0.23270720001855927,0.052157228357124163
1789997408510742300,46.0987421875,-0.0014092870045728477,0.19633540406494862,0.12019554357716873
1789997408520812300,46.10881225585938,-0.03824177749769251,0.1599763099432475,0.11674821879300312
1789997408530883300,46.11888330078125,-0.05362751608954001,0.08595512454450645,0.16998030527966684
1789997408540953000,46.128953125,-0.0673830813898935,0.04943745317362605,0.21020143190821639
1789997408551023400,46.1390234375,-0.09342623152741575,0.05784121824788265,0.12957642628022698
1789997408561094400,46.14909448242187,-0.09518785291097366,0.03999611027974531,-0.0450659161189196
1789997408571164400,46.15916430664063,-0.12570778341237054,-0.008412602494821892,-0.20447567299930244
1789997408581235200,46.16923510742188,-0.14731273113728582,-0.06746979672591003,-0.02734860811496846
1789997408591305200,46.17930517578125,-0.047617894364237065,-0.0532527950322506,0.1489502324662912
1789997408601376300,46.18937622070312,-0.042187327384982015,-0.025664787734266035,0.09731776089674407
1789997408611446000,46.19944604492188,-0.14588990022647394,-0.05430768776204844,0.09312886000955083
1789997408621517000,46.20951708984375,-0.1409208893780498,-0.05694260497091193,0.04211948451534109
1789997408631587300,46.21958740234375,-0.16138569511858883,-0.06305785892038514,0.058772176717987124
1789997408641657300,46.2296572265625,-0.19953978776278405,-0.0825596845888267,0.02526041514943889
1789997408651728100,46.23972802734375,-0.20513954084765557,-0.1287330208275128,-0.09278843886121955
1789997408661798100,46.24979809570313,-0.2343806600804573,-0.1301964684841726,-0.1672052524231776
1789997408671869200,46.259869140625,-0.19657197483400438,-0.1053123821856595,-0.08678393368919432
1789997408681939500,46.269939453125,-0.11570558401135939,-0.15547895273692644,0.0035676198714568413
1789997408692010200,46.28001025390625,-0.1562762658382934,-0.17745124918596397,-0.10153841742904897
1789997408702080300,46.29008032226562,-0.17824377258124885,-0.20314216510667843,-0.08266419429996189
1789997408712151300,46.3001513671875,-0.1177704542372898,-0.1191753499061086,-0.02138743472177191
1789997408722221000,46.31022094726563,-0.10681230079980873,-0.09217321941065602,0.10349732280370327
1789997408732291300,46.320291259765625,-0.14793599693899506,-0.17063117719911866,0.1727932971195298
1789997408742362400,46.3303623046875,-0.1484925789440274,-0.22370547308906227,0.10300329916203442
1789997408752432400,46.34043237304687,-0.11285754928741377,-0.20362965935421654,-0.004861106522564454
1789997408762503200,46.35050317382812,-0.12788804408636598,-0.16262454593041384,-0.05711393478605404
1789997408772573200,46.3605732421875,-0.12357109603922894,-0.14145020890018592,0.016585044544291338
1789997408782644200,46.37064428710938,-0.10111584867673404,-0.10349750203854613,-0.02689673865062862
1789997408792714200,46.38071435546875,-0.09538605749171059,-0.08583166049252798,-0.040859001588606295
1789997408802785300,46.39078540039063,-0.09759746491675324,-0.12427243900709356,-0.022297997429108162
1789997408812855300,46.40085522460937,-0.08290474591335754,-0.15141391828004316,0.04112521298177428
1789997408822926300,46.41092626953125,-0.10116145391625579,-0.12483266978435091,0.06037408133562058
1789997408832996400,46.42099633789063,-0.08825158031469248,-0.1051417661998048,0.005145888876858333
1789997408843066000,46.431066162109374,-0.12311979486099753,-0.06792800676000357,-0.16903587787396157
1789997408853137200,46.44113720703125,-0.11478987564352437,-0.08757090734317752,-0.11572456102659924
1789997408863207400,46.45120751953125,-0.04985206876443258,-0.022935858103250367,-0.10501319207110633
1789997408873278200,46.4612783203125,-0.032003845621384606,-0.0017454576963902774,-0.0798639742743589
1789997408883348200,46.47134814453125,-0.036029197929120474,-0.03972495950337926,0.04311632657359087
1789997408893419300,46.48141918945313,-0.03642400006260951,-0.02909747526629406,0.0464869193870975
1789997408903489300,46.4914892578125,-0.05059145887207569,0.002869797436562117,0.025932554436043632
1789997408913560000,46.50156005859375,-0.025215557542884105,-0.015086088096084796,0.053840398724533396
1789997408923630300,46.51163037109375,0.005595748903411723,-0.038495218043089544,0.07904166423383525
1789997408933701400,46.52170141601562,-0.025830326184702625,-0.03296726492532971,0.06692386730900818
1789997408943771400,46.531771484375,-0.004551368639125911,-0.052040246543928165,0.050408213152946996
1789997408953841200,46.54184106445312,-0.04477970536086519,-0.0012507806030219654,-0.08766645867056508
1789997408963912200,46.551912109375,-0.05538555571960961,-0.025003236104262194,-0.022794005767353152
1789997408973982200,46.56198217773437,-0.05543728175083531,-0.03441554661580501,0.05797733738061413
1789997408984053200,46.57205322265625,-0.07798669308579562,-0.04946877949268763,0.06317225844982215
1789997408994123300,46.58212329101563,-0.11827256692958565,-0.061543392043818826,-0.06950701147427825
1789997409004194300,46.5921943359375,-0.1186626870732994,-0.051530534934219205,-0.11431212289388644
1789997409014264300,46.60226440429688,-0.0687553014605497,-0.028102758048359044,-0.08747296933000481
1789997409024335000,46.612335205078125,-0.11471296769750207,-0.03985682343795399,-0.0538074208619357
1789997409034405000,46.62240502929688,-0.0688809187168858,-0.14469138849184823,0.08561026393774639
1789997409044476200,46.63247607421875,-0.07720060982076893,-0.18261037438094258,0.18931054965178634
1789997409054546400,46.64254638671875,-0.0956302676248247,-0.14592038368629778,0.0026697352626415365
1789997409064616200,46.6526162109375,-0.1753488920290686,-0.16948715241982737,-0.10120613715686332
1789997409074687200,46.662687255859375,-0.17352967634909075,-0.11486827267015196,-0.06364706435889654
1789997409084757200,46.67275732421875,-0.07633398536016622,-0.0850280863647006,0.08025415622487023
1789997409094828300,46.68282836914062,-0.07406540320668935,-0.18154579866056988,0.18230829517249622
1789997409104898300,46.692898193359376,-0.09476203118373927,-0.19323796950380825,-0.0024459317312200903
1789997409114969300,46.70296923828125,-0.18536173678420362,-0.17389693065646195,-0.09456835909210931
1789997409125039400,46.713039306640624,-0.1660392941507266,-0.16238031781002013,-0.1365328054229655
1789997409135110100,46.723110107421874,-0.10451407295771782,-0.1540872437972844,0.025256343297252622
1789997409145180200,46.73318017578125,-0.08887088282245684,-0.13134226693198958,0.026797925630246376
1789997409155250400,46.74325048828125,-0.13214284524753336,-0.17084466283855862,-0.08320445851463137
1789997409165321500,46.75332153320313,-0.1514129921749054,-0.2205014659462186,-0.08711915093594458
1789997409175391200,46.76339111328125,-0.12423545338572542,-0.16464384376558572,-0.13709579641863975
1789997409185462300,46.77346215820312,-0.08895382374930794,-0.16176435029209296,-0.14112455381902173
1789997409195532300,46.7835322265625,-0.04052284370410395,-0.17250061571833794,-0.0711726797834387
1789997409205603300,46.79360327148437,-0.08561600335649497,-0.18294679352431278,-0.008186019456305038
1789997409215673000,46.803673095703125,-0.08867594655832747,-0.2171021387940428,-0.02702851296799269
1789997409225744100,46.813744140625,-0.034975997288629795,-0.20815732571269474,0.053917599752428394
1789997409235814400,46.823814453125,0.007112114875310849,-0.1434006020010653,-0.040675514823917396
1789997409245885200,46.83388525390625,0.01186931221463398,-0.08464419278190317,-0.16142767091744162
1789997409255955200,46.843955078125,-0.007168739933164654,-0.07815675380803692,-0.03820401177376475
1789997409266025200,46.854025146484375,0.0021372366618907118,-0.03449918898717253,-0.10116244390004261
1789997409276096300,46.86409619140625,-0.037698093832613924,-0.06910115372327477,-0.0181627765303721
1789997409286166300,46.87416625976562,-0.023585733531085534,-0.10476056949994618,0.0651838890007697
1789997409296237300,46.8842373046875,-0.011074148264612893,-0.07438852930815595,0.003968850887604274
1789997409306307300,46.89430737304688,0.0006828095039499794,-0.04369351839472632,-0.09636229342350029
1789997409316378400,46.90437841796875,-0.00505958041505221,-0.04123282012591849,-0.04431148872983009
1789997409326448000,46.9144482421875,-0.003950959494314481,-0.024546925465883343,0.06253586912103908
1789997409336519200,46.924519287109376,0.0044534134974883715,-0.024043478910056388,0.13730432473830542
1789997409346589200,46.93458911132812,-0.01866342387046497,-0.044053804678077596,0.09041371941477429
1789997409356660200,46.94466015625,-0.049170155035898215,-0.01026773538599966,-0.0232502358035783
1789997409366730200,46.95473022460938,-0.03655180390926699,0.008577519805769422,-0.02387949340592798
1789997409376800000,46.96480004882813,-0.03871683455425589,0.01617367752660239,-0.020455558103805654
1789997409386871000,46.97487109375,-0.0540118821143696,0.032658530444780176,-0.029674658125886256
1789997409396941300,46.98494140625,-0.03454570794761888,0.027061628938143907,0.1009420521252567
1789997409407012400,46.995012451171874,-0.032766858625099114,0.09973422323046381,0.03353048590470852
1789997409417082000,47.00508203125,0.0025267668521841754,0.07576418739812016,0.21125349986182143
1789997409427153200,47.01515307617188,0.009512480783921348,0.06495272603365122,0.2738791771777303
1789997409437223200,47.02522314453125,0.019381658309157616,0.06472575036346284,0.11006541825139367
1789997409447294200,47.035294189453126,-0.026906232890322807,0.051070634913730255,-0.10518826735811773
1789997409457364000,47.04536401367187,-0.04065243617221456,-0.0147186630879868,-0.05823102256216393
1789997409467434200,47.05543432617188,-0.03604762012183799,-0.025891643927648433,0.0376636511152815
1789997409477505300,47.06550537109375,0.010088525355038671,0.005538192483610463,0.0976463501854459
1789997409487575000,47.07557495117187,0.003190895248997813,-0.06023738632574159,0.14648132428022478
1789997409497646000,47.08564599609375,-0.05475564624323532,-0.11079698572801389,0.023704821901994712
1789997409507716000,47.09571606445313,-0.08016777418153316,-0.14564891756519655,0.02026059438807258
1789997409517787100,47.105787109375,-0.10140301636253764,-0.10462735764581377,-0.06001326573130803
1789997409527857200,47.11585717773438,-0.04914486135652496,-0.15300448951000012,0.09312671528424038
1789997409537928200,47.12592822265625,-0.035098166118758226,-0.18774295376074066,0.09083955315577565
1789997409547998200,47.135998291015625,-0.061123673727140275,-0.27404153087495353,-0.09543259891872649
1789997409558069200,47.1460693359375,-0.1015124213179215,-0.27736005001008623,-0.2583424958953175
1789997409568139000,47.15613891601563,-0.056758542181033496,-0.19663251841760207,-0.2456364643068214
1789997409578209300,47.166209228515626,0.03679475981088352,-0.1639095594120456,-0.03967710154259771
1789997409588280300,47.1762802734375,0.05238044566861547,-0.20285230074394625,0.06213467249021238
1789997409598350300,47.18635034179688,-0.01638883349876697,-0.22211741719068914,-0.03487346542333383
1789997409608421000,47.19642114257813,-0.07125313412446153,-0.10470422781559353,-0.12934431111851954
1789997409618491100,47.2064912109375,-0.06384263291243715,-0.08355455784688051,0.019176193022486892
1789997409628562200,47.21656225585937,-0.033255700252919795,-0.08207405504765507,0.15762295273012691
1789997409638632000,47.2266318359375,-0.034607960011183075,-0.042859143314465366,0.019072944668593446
1789997409648703000,47.236702880859376,-0.06139992761296881,-0.049227106429610736,-0.15586227376620024
1789997409658773200,47.246773193359374,-0.041859630958482885,-0.10200681539447357,-0.14499145503383568
1789997409668843300,47.25684326171875,0.01699118033979963,-0.010615716364033486,-0.021193979608040845
1789997409678914000,47.2669140625,0.10317528421101342,0.026270463706512065,0.09563584606258273
1789997409688984000,47.276984130859375,0.03553066438445605,-0.018733460689718484,0.01009504948802833
1789997409699055000,47.28705517578125,-0.04200445814661732,0.021681149232664742,-0.10918416961400232
1789997409709125400,47.29712548828125,-0.034215822338817724,0.04273858910400128,-0.11094604077352746
1789997409719196200,47.307196044921874,0.005217471385216261,0.035364412370404615,-0.08795228258916363
1789997409729266200,47.31726611328125,-0.015027331375106794,0.0327105962633166,-0.02681777083902966
1789997409739337200,47.32733715820312,-0.006413796716643187,0.03544083624389873,-0.04984226157321822
1789997409749407000,47.33740698242188,-0.00747127859652672,0.08060574387912323,-0.09932190427808785
1789997409759478000,47.34747802734375,0.011337864255080808,0.08204000514486343,-0.03916683786946298
1789997409769548300,47.35754833984375,-0.010615074483009107,0.09441343124926911,0.005351771592463309
1789997409779618300,47.36761840820313,-0.030566117495170273,0.09848984345737334,0.06034700851692488
1789997409789689000,47.37768920898438,-0.0817324764318119,0.08704353293978383,0.01278695277130033
1789997409799759000,47.387759033203125,-0.0763337526927638,0.03974100146239411,0.023104303394635768
1789997409809830100,47.397830078125,-0.05195107357281906,-0.0008194209244879493,0.09420376941075871
1789997409819900200,47.40790014648437,-0.08267837938475833,-0.015651380986559788,0.12807077295697855
1789997409829971200,47.41797119140625,-0.08408068204955163,-0.06828940653009798,0.19703373795036078
1789997409840041200,47.42804125976563,-0.16039424483194448,-0.1086214354584319,0.20418150818683728
1789997409850112300,47.4381123046875,-0.1382210457284365,-0.11389317175008004,0.0240589888952197
1789997409860182300,47.44818237304688,-0.18412133008470064,-0.07802059375561378,-0.10153076915643384
1789997409870253000,47.458253173828126,-0.15922033400673122,-0.17590909690279782,0.11341441315418808
1789997409880323000,47.46832299804687,-0.15552112808528218,-0.2812144624514636,0.24275216074013434
1789997409890393300,47.47839331054688,-0.19260927183582005,-0.2967876207163407,0.13529989263785477
1789997409900464000,47.48846411132813,-0.16264855228783726,-0.30942754171770326,0.054871702709749046
1789997409910534100,47.4985341796875,-0.10636230178261416,-0.31841619048338826,-0.026603640312186316
1789997409920605200,47.508605224609376,-0.11133941387380332,-0.3382160898426743,-0.04527927268717378
1789997409930675200,47.51867529296875,-0.1391177427241832,-0.3906849276477394,0.02027336262035278
1789997409940746000,47.52874609375,-0.16796702429867819,-0.3595636078253018,0.01181509386516003
1789997409950816300,47.53881616210938,-0.18981725169377095,-0.3312406110974418,0.033078640970159987
1789997409960887300,47.54888720703125,-0.16032790664828472,-0.3322085951557826,0.1340082543385482
1789997409970957300,47.55895727539063,-0.1419102233416666,-0.34810106899179344,0.07245555426307317
1789997409981027000,47.56902709960937,-0.16361760731559774,-0.35521355619359013,-0.07863725777497772
1789997409991098000,47.57909814453125,-0.14060392683119774,-0.36808845456398326,-0.06585938310656256
1789997410001168100,47.58916821289063,-0.06031102676331659,-0.27490557354533374,-0.06335968208324876
1789997410011239200,47.5992392578125,0.003828555600764995,-0.23297554113779878,0.01017868178274186
1789997410021309200,47.60930908203125,-0.03233053141398322,-0.2567878492045901,0.05655750920792553
1789997410031380200,47.619380126953125,-0.09679724092393573,-0.23970710467318848,-0.022036924307146214
1789997410041450200,47.6294501953125,-0.08013714357892242,-0.21504276796020236,-0.021715969498143622
1789997410051521000,47.63952099609375,-0.0004837730992950111,-0.21647739892667991,0.09364325141893222
1789997410061591000,47.649591064453126,0.039691427713144996,-0.1805045945616472,0.09222743631207983
1789997410071662000,47.659662109375,0.025277581746989186,-0.14795476891002346,-0.002965599361335348
1789997410081732400,47.669732421875,0.012269017882338105,-0.12321011945363208,0.02822771902061259
1789997410091802000,47.67980200195313,0.054721968753810885,-0.12245925037683034,0.03637993152685636
1789997410101873200,47.689873046875,0.09201303997207239,-0.11945228315111575,0.06397010924336964
1789997410111943200,47.699943115234376,0.10383247096220925,-0.09721602732781262,0.018671048566431436
1789997410122014200,47.71001416015625,0.09496098804918124,-0.08497703902714493,-0.07196295599827726
1789997410132084200,47.72008422851562,0.11598962807473227,-0.09805195579918553,-0.08957543475729612
1789997410142155300,47.7301552734375,0.11171681661962624,-0.04170608821595838,-0.034424596037379906
1789997410152225300,47.74022534179687,0.10263006172976677,-0.017055765037476123,0.03071584779578585
1789997410162296000,47.75029614257812,0.08692842550544222,-0.05819923120616848,0.014538783983727016
1789997410172366000,47.76036596679688,0.027224547132085306,-0.052942316355354346,-0.1404287579999409
1789997410182437000,47.77043701171875,0.05962752881290625,-0.026518163378472143,-0.13282525838619566
1789997410192507400,47.78050732421875,0.06960440523578629,-0.005156997655076135,-0.08636468479802809
1789997410202577200,47.7905771484375,0.04636665020192645,0.005217111727918359,-0.06839770636034512
1789997410212648200,47.80064819335937,0.06712322588083694,-0.06305838018693675,0.013148096557948094
1789997410222718200,47.81071826171875,0.0047765070460294426,-0.05510825716638833,-0.05975543847973146
1789997410232789200,47.82078930664063,0.054022022543315944,-0.10636938173662563,-0.023365750543566755
1789997410242859000,47.83085888671875,0.0728152339975545,-0.14649029098483665,0.04465709389825083
1789997410252930000,47.84092993164062,0.07153061104035432,-0.11834517429596321,-0.05137213003467984
1789997410263000300,47.85100024414062,0.047629368597206866,-0.12775641773762314,-0.01676152434767266
1789997410273071000,47.86107104492187,0.03709814569954994,-0.13380866797952376,0.008191442120303039
1789997410283141000,47.87114111328125,0.054708606780732236,-0.13373194390533774,0.017120689555372257
1789997410293212200,47.88121215820313,0.10773128874219075,-0.18727598906602605,0.11564993393387818
1789997410303282200,47.8912822265625,0.1176799540383292,-0.153084401346396,0.04025104821000738
1789997410313352200,47.90135229492188,0.09724093915559703,-0.14905102356988412,0.03228018660169544
1789997410323423200,47.91142333984375,0.07851318345981409,-0.11061317525925012,-0.0006001001578307632
1789997410333492500,47.92149243164062,0.06474852287725343,-0.0910652812431858,-0.004715764153143904
1789997410343563500,47.9315634765625,0.09065858375916669,-0.06677315612308354,0.0033625962769473464
1789997410353633500,47.94163354492188,0.09442218436632277,-0.04232535652262421,0.06486594640822956
1789997410363704600,47.95170458984375,0.09633571406705048,0.04003147587936057,-0.013205933552067648
1789997410373774600,47.961774658203126,0.15174143411728738,0.04483231200428487,-0.02402212600351505
1789997410383845600,47.971845703125,0.1220569992162631,0.029735865914825382,0.004418970359539958
1789997410393915600,47.98191552734375,0.10580105571416018,0.0334495085256605,-0.01416009431584978
1789997410403985700,47.99198559570313,0.10687658730592677,0.042752037074410686,-0.012491566807374092
1789997410414056400,48.00205639648438,0.12677667699083062,0.02251481199377241,0.14065799282772865
1789997410424126700,48.012126708984376,0.09227952030363835,0.040173068331907744,0.10625579480999987
1789997410434197800,48.02219775390625,0.08870430755090045,0.0769381183322448,0.005468114074438484
1789997410444267500,48.032267578125,0.05778734467767467,0.07425414598402885,-0.03958052221382829
1789997410454338600,48.04233862304688,0.07558811425528468,0.07826368789522574,-0.08125206840976362
1789997410464408600,48.05240869140625,0.06706121481162208,0.054520347680897925,0.07246511777697685
1789997410474479600,48.06247973632812,0.09902213137942786,0.06242653780185122,0.14880938442902633
1789997410484549600,48.07254956054688,0.08300539162466594,0.05365267845655891,0.1274667433648882
1789997410494620700,48.08262060546875,0.06616405020419022,0.0018762183524713737,0.11078249560311533
1789997410504690700,48.09269067382812,0.01958626766796991,-0.007483916309104417,0.000825734099629326
1789997410514760700,48.1027607421875,-0.0006445475180013558,-0.034238756465866806,0.005588027215687461
1789997410524831500,48.11283154296875,0.05945771597776974,-0.03737063253082767,0.03631721121062234
1789997410534901500,48.122901611328125,0.0675632895587182,-0.08353042539963913,0.09490291512903984
1789997410544972500,48.13297265625,0.10393288513494864,-0.11871324309257968,0.13710450349831377
1789997410555042800,48.14304272460937,0.07050465110703842,-0.07928402926544481,0.03550110173649394
1789997410565113600,48.15311352539062,0.034888848497542375,-0.10967203255732484,0.012392305226208516
1789997410575183600,48.16318359375,0.03691450280219213,-0.12755586148746795,0.01738292744184921
1789997410585254700,48.17325463867188,0.05022186170708678,-0.13767077114632317,-0.06268959106126237
1789997410595324400,48.183324462890624,0.03563381591052817,-0.14328038274316027,-0.04328351641234796
1789997410605395500,48.1933955078125,0.028578433344956147,-0.12136910999984336,-0.07208665801911546
1789997410615465700,48.2034658203125,-0.0004455771371266546,-0.12067879377847239,-0.13574600503819503
1789997410625535700,48.21353564453125,-0.006375620892906254,-0.13023135808918077,-0.15514684002112966
1789997410635606500,48.2236064453125,-0.008979257107373493,-0.1572611983052851,0.004054131980291544
1789997410645676500,48.233676513671874,0.027594952885696137,-0.13107493029276326,-0.021659842904372745
1789997410655747600,48.24374755859375,0.011594897440064271,-0.13746148204843342,-0.014971069326623575
1789997410665817900,48.25381787109375,0.02390727075756443,-0.168580731543064,0.04363847632826521
1789997410675888600,48.263888671875,0.03865539380317382,-0.15373440831718482,0.08393638343566223
1789997410685958700,48.27395874023438,0.02872983930303241,-0.1291258866602773,0.12024611952285677
1789997410696029700,48.28402978515625,0.03231236711009567,-0.1305331005184114,-0.01204301583291012
1789997410706099500,48.29409936523437,0.06022909377482467,-0.1562762110429437,-0.10397885811603198
1789997410716170500,48.30417041015625,0.01967367454330149,-0.1389470620996821,-0.09076321647541395
1789997410726240500,48.31424047851562,0.07737971719614267,-0.0748760191571062,-0.0446237323440091
1789997410736310800,48.32431079101563,0.10680957208369905,-0.027547324724782395,0.024246981692515622
1789997410746381600,48.33438159179688,0.07261582818093025,0.022840779990400163,-0.03383190009477665
1789997410756451600,48.34445166015625,0.07186742095520125,0.053642512930337546,-0.056018017434951495
1789997410766522600,48.354522705078125,0.07699186580054977,0.054375777007741426,-0.12811826603373713
1789997410776592600,48.36459252929688,0.13006304359560375,2.961536490707698e-05,0.015851403444694136
1789997410786663400,48.37466333007813,0.15051131764376366,0.03694161112570458,0.03377686176532749
1789997410796733700,48.38473364257813,0.1158179437748429,0.13982951091111634,-0.06514454260521046
1789997410806804700,48.3948046875,0.09069630839449486,0.17131646476971465,-0.12491291519939732
1789997410816874800,48.404874755859375,0.1051003646775014,0.1669572819407149,-0.14450878503456174
1789997410826945500,48.41494555664063,0.1628452949090935,0.1432132448426617,0.05631358483346347
1789997410837015600,48.425015625,0.2151388179075541,0.14063281912566836,0.08072019476845707
1789997410847085800,48.4350859375,0.18963595347937104,0.18432042904601814,-0.028279782639239488
1789997410857156600,48.44515649414063,0.17265845399796054,0.21528586982346412,-0.03053441517063534
1789997410867226600,48.4552265625,0.18927980883826262,0.20224617709921092,-0.009075475520232733
1789997410877297700,48.465297607421874,0.16139892153992183,0.25788857457367065,-0.16601769958586368
1789997410887367700,48.47536767578125,0.1403270111228249,0.2784118214057011,-0.1495645894195767
1789997410897438500,48.4854384765625,0.21187520467309007,0.22070047663653933,0.04527584472341571
1789997410907508700,48.4955087890625,0.18400871389291046,0.2461484401559188,0.0236161920828616
1789997410917579800,48.50557983398438,0.17481369269124825,0.16936504369774952,0.04320440716727705
1789997410927649800,48.51564990234375,0.07878121857398605,0.19687641192580965,-0.02824307860731859
1789997410937720600,48.52572045898437,-0.0001302596552667263,0.25349747463397626,-0.21222323618156425
1789997410947790600,48.53579052734375,0.06439812730397212,0.28239891611709594,-0.06675974109332167
1789997410957860600,48.545860595703125,0.111956672010997,0.2753567905334724,0.1470548285665581
1789997410967931400,48.555931396484375,0.04649929409451829,0.21462492179973305,0.19360918837375937
1789997410978001700,48.56600170898437,0.014495022339870245,0.19938936404129862,0.039127966304489226
1789997410988072700,48.57607275390625,-0.0118809091405124,0.2819851444653752,-0.12617751708058558
1789997410998142700,48.58614282226562,0.031191573562065224,0.20189492775884008,0.04117057233665194
1789997411008213500,48.59621362304687,0.011689899031084989,0.16669564463177902,0.07137212136301102
1789997411018283500,48.606283447265625,-0.07224815211442161,0.15218024163028004,0.0641446698116825
1789997411028354600,48.6163544921875,-0.08951801245612548,0.10071630367208485,0.06750598803276041
1789997411038424800,48.6264248046875,-0.061473767136383736,0.08366626966128116,-0.04624166160020188
1789997411048495600,48.63649560546875,-0.09210129390127919,0.06034423974115239,-0.019677362804776496
1789997411058565600,48.64656567382813,-0.11066411830095597,0.017180713598351556,0.05823433248802284
1789997411068635600,48.6566357421875,-0.1485147406024355,-0.012241799170446599,-0.0016644234942134479
1789997411078706700,48.666706787109376,-0.15206508357233672,-0.10665542289274846,0.027244273087686403
1789997411088776700,48.67677661132812,-0.1297230177343762,-0.14562790027076825,0.04371831424042925
1789997411098847700,48.68684765625,-0.13916262118119968,-0.07965661009061999,-0.02553218792039157
1789997411108917800,48.69691772460938,-0.13118540899452383,-0.09929184256612465,0.14982720396873583
1789997411118988500,48.70698852539063,-0.19015010278843042,-0.13653320564204308,0.07285491454393626
1789997411129058600,48.71705859375,-0.22632680758181814,-0.18717640383811365,-0.10940671632678972
1789997411139129600,48.72712963867188,-0.20284767575743423,-0.23509086166955698,0.0072849704663366
1789997411149199600,48.73719970703125,-0.18115955640290574,-0.2064830626009883,0.0420947825856105
1789997411159270400,48.7472705078125,-0.2670354358332092,-0.23069235791260898,0.027168089855135576
1789997411169340700,48.75734057617188,-0.33391929477420923,-0.3090561078678299,0.1219645605655902
1789997411179410700,48.76741064453125,-0.26143181610453314,-0.3027593136555311,0.026993716488051545
1789997411189481700,48.777481689453126,-0.253003978577835,-0.2981671094118035,0.01874616235193526
1789997411199551500,48.78755151367187,-0.2902436225218051,-0.3276802328551398,0.010799865428697878
1789997411209622500,48.79762255859375,-0.3072621121214509,-0.34841566235643384,0.0008547582639208905
1789997411219692800,48.80769287109375,-0.31696644053337925,-0.3105052311869359,0.020994245143070116
1789997411229763800,48.81776391601562,-0.25314375174861503,-0.31562812924759626,0.06393143901403807
1789997411239833600,48.82783349609375,-0.24960528437283147,-0.3463734543668384,0.06738414695867759
1789997411249904600,48.837904541015625,-0.27761932905231324,-0.3944830248342613,0.0453633486095633
1789997411259974700,48.847974609375,-0.2738664468944458,-0.46203690261235003,0.025522812222215526
1789997411270044700,48.85804467773438,-0.2199269666016772,-0.4568729496644623,-0.13441213531561597
1789997411280115700,48.86811572265625,-0.15983227590774338,-0.5233870884517886,0.10229191048809955
1789997411290185700,48.878185791015625,-0.11570087584101515,-0.44327098350086575,0.13969730714011214
1789997411300256800,48.8882568359375,-0.15181573958980565,-0.42511727352480083,0.2443537474595333
1789997411310326500,48.89832641601563,-0.18118136533596532,-0.42384533280146514,0.12737657724731397
1789997411320397600,48.9083974609375,-0.07321473967345818,-0.4098675911077493,0.013042909308007321
1789997411330467600,48.91846752929688,-0.06396970040314724,-0.31576097621510457,-0.06830733002747473
1789997411340538600,48.92853857421875,-0.042111949706695004,-0.27437118458087156,-0.10416324805310326
1789997411350608400,48.9386083984375,-0.010591199096592998,-0.2353399270976144,0.04781890557041264
1789997411360679400,48.948679443359374,0.022050596191549046,-0.1437910990713742,0.17574716586616632
1789997411370749400,48.95874951171875,-0.0028564855403025364,-0.10385667816869568,0.09656396361578046
1789997411380819200,48.96881909179688,-0.017584811807345085,-0.08724046565324173,-0.024336784236179163
1789997411390890200,48.97889013671875,0.00610685033257703,-0.021397179165366202,0.005638459325385305
1789997411400960500,48.98896044921875,0.06461516532035823,0.06402234698478027,0.063224232878971
1789997411411031600,48.999031494140624,0.09455289558923823,0.08205891865975856,0.07775376982883611
1789997411421101300,49.00910131835938,0.060913014559049836,0.08833245960541967,0.01065133848279287
1789997411431172400,49.01917236328125,0.03687821518911507,0.10924404605363355,-0.06597219154920606
1789997411441242400,49.02924243164063,0.10175320795560253,0.1264897546526849,-0.013135432710054242
1789997411451313400,49.0393134765625,0.13730001143916318,0.14938146817522183,0.095928980947841
1789997411461383400,49.049383544921874,0.1319624344315267,0.1602373330970784,0.028729772376687897
1789997411471454500,49.05945434570312,0.08272953025496173,0.14972068136408812,-0.09621245117723887
1789997411481524500,49.0695244140625,0.03564713104600111,0.11233655508250344,-0.12715924423308392
1789997411491594200,49.07959423828125,0.018927861733957774,0.06660040032984135,-0.12842197373581077
1789997411501665300,49.089665283203125,-0.009576314948041445,0.056081319187674616,-0.060274870303563495
1789997411511735600,49.09973559570312,0.03930519558471899,0.012462248727305116,-0.04010339857584846
1789997411521806600,49.109806640625,-0.0022935041120759627,-0.03719958190505255,-0.11824449150766977
1789997411531876400,49.11987646484375,-0.027373194602565654,-0.08237545717368122,-0.12261865178507031
1789997411541947400,49.12994750976563,-0.02091933685314753,-0.09252619122568201,-0.13523728905434937
1789997411552017400,49.140017333984375,0.0064012648789062475,-0.08909768577958327,-0.07494289811839851
1789997411562088400,49.15008837890625,0.03931112339607943,-0.11036335516828233,-0.02827987727044086
1789997411572158500,49.16015844726562,0.018290280052479135,-0.12551457885046408,0.07906355407018276
1789997411582229200,49.17022924804687,-0.0004634319102567603,-0.13582833280551837,0.02561837122217432
1789997411592299500,49.18029956054688,-0.03213470487763275,-0.1833736512358596,-0.001153029363915295
1789997411602369300,49.19036938476562,0.03137874098790929,-0.16745480177153202,0.019595881400354023
1789997411612440300,49.2004404296875,0.03792249855652813,-0.15071300623459644,0.08322493844951638
1789997411622510300,49.21051025390625,0.018079755947997305,-0.17263800785380595,0.09981993589502117
1789997411632581400,49.22058129882812,0.009417109269448196,-0.11952261322248027,0.0734833732154784
1789997411642651400,49.2306513671875,0.01523551907106546,-0.09049589439456475,0.002771864186688725
1789997411652722400,49.24072241210938,0.008820548507440183,-0.09792579270524607,-0.04177413945394094
1789997411662792400,49.25079248046875,0.02624941283578393,-0.0872351736529649,0.032529621477705085
1789997411672863500,49.26086352539063,0.03765747014617782,-0.05509415302174371,0.05215864719841031
1789997411682933200,49.27093334960937,0.0046502800306609145,-0.05024100649368023,0.06277645204707442
1789997411693004300,49.28100439453125,0.021361190463914628,-0.03543544482748863,0.04636475809321801
1789997411703074600,49.29107446289063,-0.01796999758961805,0.028900880745820784,-0.11039107264486994
1789997411713144300,49.30114428710937,-0.04934159589555839,0.005020990009641115,-0.10575394889554121
1789997411723215400,49.31121533203125,-0.035516467112415864,0.024839791052571045,-0.05997206592347383
1789997411733285400,49.32128540039062,-0.02795347147890144,0.05180815139676569,-0.0440870922674872
1789997411743356400,49.3313564453125,-0.02708582155041601,0.05402226606961922,-0.010926929206445175
1789997411753426400,49.34142651367188,-0.034269096633792996,0.04932683563607253,0.05853199113564987
1789997411763497500,49.35149755859375,-0.034564203996991796,0.028285096642420637,-0.04507670426659653
1789997411773567500,49.3615673828125,-0.07691825234382742,-0.0521022564177564,0.06891542811485858
1789997411783638500,49.371638427734375,-0.05137049927404062,-0.0810952196492727,0.13358863870912435
1789997411793708300,49.38170825195313,-0.029896486445492868,-0.109463182584308,0.08270353331955875
1789997411803779300,49.391779296875,-0.07139455119566575,-0.1808116983209157,0.08910290749393142
1789997411813849300,49.401849365234376,-0.12472317030968409,-0.20271883987224698,0.05520730500465801
1789997411823920400,49.41192041015625,-0.1336687916934256,-0.1844624236025803,-0.004853245926257543
1789997411833990400,49.421990478515625,-0.1361849572512171,-0.13562066900316985,-0.00748587068720814
1789997411844060400,49.43206030273438,-0.10315613004281189,-0.1883658832944514,0.11210320562460238
1789997411854131500,49.44213134765625,-0.09614964142324497,-0.20482764948051246,0.04751096185997949
1789997411864201200,49.452201171875,-0.10567751071988461,-0.24998984361478363,0.10491589669349873
1789997411874272300,49.46227221679688,-0.06231781408457195,-0.2636311330052824,-0.014757578203012739
1789997411884342500,49.47234252929688,-0.09631228031268245,-0.28543925243892987,0.011806992415490136
1789997411894413600,49.48241357421875,-0.14822019245494308,-0.2638570810752108,0.004765474591170766
1789997411904483300,49.4924833984375,-0.12678954523323657,-0.23604948806291884,0.03803119013575696
1789997411914554400,49.50255444335937,-0.09526554081713236,-0.2636417066878458,0.019023524672509815
1789997411924624400,49.512624267578126,-0.1192121743512962,-0.2860231376005485,-0.003577808891520313
1789997411934694700,49.52269458007813,-0.05999630509631393,-0.3002510451652604,0.030501494404066416
1789997411944765400,49.532765380859374,-0.06762343044778166,-0.26424466468451774,0.003630614215547252
1789997411954835500,49.54283544921875,-0.09145866963856454,-0.2325377397967902,-0.03278666616562431
1789997411964906500,49.55290649414062,-0.06963054006923114,-0.23336988933855748,-0.05899500322846143
1789997411974976300,49.562976318359375,-0.10550557443853019,-0.2428931010671088,-0.11439218559283812
1789997411985047300,49.57304736328125,-0.0671431149614325,-0.28350414833876403,-0.05004052055542806
1789997411995117300,49.58311743164062,-0.014356556731871825,-0.23890491718893964,-0.05352240351049713
1789997412005188400,49.59318823242187,0.00671083755686225,-0.22984527164844787,0.08085355632320626
1789997412015258400,49.60325830078125,0.06594362265062709,-0.17878907225931298,0.04328188971964602
1789997412025329400,49.61332934570312,0.009390812861827086,-0.16985104679101398,0.06256487254224855
1789997412035399400,49.6233994140625,-0.03612544659313655,-0.19320094746522942,0.09154372557895221
1789997412045470500,49.63347045898438,-0.028907437983280423,-0.1288330218669452,-0.020533334743526668
1789997412055540200,49.64354028320312,0.05636229158694673,-0.14047010431543855,-0.011857448631589612
1789997412065610500,49.65361059570313,0.06002218375305549,-0.14738721074668706,0.004581237326895704
1789997412075681500,49.663681640625,0.046512977299161755,-0.1360690602785558,0.0519065212973335
1789997412085751600,49.67375146484375,0.07498775943658664,-0.08092523444450185,-0.04280152004829348
1789997412095822300,49.683822265625,0.03255632813097558,-0.08082086895850503,0.054511451904025635
1789997412105892400,49.69389233398437,0.04268958402745032,-0.06913253532407543,-0.015076673592889129
1789997412115963400,49.70396337890625,0.0474316430433937,-0.08826828318337891,-0.055312875532015984
1789997412126033400,49.71403344726563,0.023199542261063032,-0.09837323953548412,-0.054249197837258074
1789997412136104400,49.7241044921875,0.04136225727755158,-0.07826053803818064,-0.05302904576951933
1789997412146174500,49.73417456054688,0.08318176106444293,-0.10765779654738095,-0.022373774863473472
1789997412156244500,49.74424438476562,0.0165743146045134,-0.13694819925812787,-0.04635830878736106
1789997412166315300,49.75431518554687,-0.030777527214067863,-0.191709222860491,-0.018631515700875807
1789997412176385300,49.76438525390625,-0.026377802537170925,-0.1477844910111372,-0.11203939594458794
1789997412186456300,49.77445629882813,0.03744498076594884,-0.15863295589453263,-0.033737601726101914
1789997412196526600,49.784526611328126,0.10820801454884912,-0.12566894648761506,-0.024971110832371288
1789997412206597400,49.794597412109376,0.05436390899503106,-0.08585604603914862,0.043485641357294685
1789997412216667400,49.80466748046875,-0.05684600884350922,-0.09934774048001528,0.060667852526581544
1789997412226738400,49.814738525390624,-0.05465103325573756,-0.1312581331501301,0.06970714934561026
1789997412236808200,49.82480810546875,-0.029229656012128905,-0.12041076039397028,0.001795250254702734
1789997412246879200,49.83487915039063,-0.024053997825806275,-0.13686083167596,-0.027925643044962836
1789997412256949500,49.84494946289063,-0.06222716977870005,-0.13548234798365383,-0.09942208183215107
1789997412267020500,49.8550205078125,-0.06494425458618693,-0.0829220678670683,-0.08181307110441044
1789997412277090300,49.86509033203125,0.008256800740161253,-0.10176217582661172,0.04106459257002592
1789997412287160300,49.87516040039063,-0.005651686654698825,-0.12556244876440745,0.1280489325268589
1789997412297231400,49.8852314453125,-0.012145165413145875,-0.17649048365618303,0.10403594246267082
1789997412307301600,49.89530151367188,-0.027354520726592134,-0.17032002251689238,-0.024578530310349084
1789997412317372400,49.905372314453125,-0.012088060281316492,-0.17829151357491668,0.05720316274680416
1789997412327442400,49.9154423828125,0.005904098223472266,-0.1870155787465453,0.10528865945687614
1789997412337513500,49.92551342773437,-0.008768435468870918,-0.22639864475446317,0.19038001220700793
1789997412347583500,49.93558349609375,0.028057973580178478,-0.22334899453446724,0.15203611678991394
1789997412357654500,49.94565454101563,0.009466267451043557,-0.1465727206642229,0.02348354428346046
1789997412367724500,49.955724609375,0.03203570865828824,-0.14461688103124642,0.015890510057569408
1789997412377795600,49.96579565429688,0.04052275859259905,-0.1588951302827506,-0.060314578008342466
1789997412387865600,49.97586547851562,0.06852724131454288,-0.18108264749140018,-0.006643425612628283
1789997412397935600,49.985935546875,0.10467799586943766,-0.10412106043932078,-0.06481132784925686
1789997412408006400,49.99600634765625,0.08297810729795084,-0.08412230105187124,0.08036381055236998
1789997412418076400,50.00607641601562,0.03216582658356036,-0.049337082321424794,0.07798465071872479
1789997412428147500,50.0161474609375,0.047939065964705485,-0.0289381682797573,0.023754988360986155
1789997412438217700,50.0262177734375,0.05977297399711961,0.019289990508872423,-0.04316186379155699
1789997412448288500,50.03628857421875,0.07942897452288039,0.005911065405511096,-0.015827291376570365
1789997412458358500,50.04635864257813,0.08765362450601859,0.0043194736055953906,0.06479103879890642
1789997412468429600,50.0564296875,0.09766139270689497,-0.02279235366867078,0.07605429773050089
1789997412478499600,50.06649951171875,0.06518395279036303,-0.04870939286171936,0.09773725691092958
1789997412488569600,50.07656958007812,0.06817917725675539,0.01988467504906281,0.02032207547408604
1789997412498640600,50.086640625,0.07449159055165092,0.038263641449583774,0.029340144015303476
1789997412508710700,50.09671069335938,0.10666072683828332,0.005353364811793688,0.11254337760126885
1789997412518781700,50.10678173828125,0.11344730994514698,-0.03876937449760269,0.0863206424833185
1789997412528851500,50.1168515625,0.0633645398616039,-0.07104369798317633,-0.03786406257464173
1789997412538922500,50.12692260742188,0.02050185049594793,-0.06501826977674229,-0.20375628794359277
1789997412548992500,50.13699243164063,0.030482079168950838,-0.022602875566051974,-0.19606301647208957
1789997412559063600,50.1470634765625,0.11338616459902841,-0.0009638933657183652,-0.01779665600245883
1789997412569133600,50.15713354492188,0.10671558338963702,-0.030301457275740143,0.06611284447607757
1789997412579204600,50.16720458984375,0.09702483874456518,-0.0414520144965922,-0.0016366178120746412
1789997412589274600,50.177274658203125,0.11901212040557599,-0.05483095001220838,0.030955232732542578
1789997412599344400,50.18734448242188,0.11013683600443094,0.0338350871282318,-0.053902575516796204
1789997412609415400,50.19741552734375,0.1061474515075374,0.05298448884413678,0.030644677316538384
1789997412619485700,50.207485595703126,0.09302935983438788,0.07463522696904572,0.006274707108481946
1789997412629556700,50.217556640625,0.08170803180665659,0.05948530072157296,-0.05367163402330457
1789997412639626500,50.22762646484375,0.06137568763463635,0.023024712625440633,-0.0773083499841715
1789997412649697500,50.23769750976562,0.11109892453913807,0.004699045032460778,-0.0631634625992885
1789997412659767600,50.247767578125,0.12866566872722593,-0.020086591231580433,0.04986145857514262
1789997412669838300,50.25783837890625,0.05882500935842739,-0.0038146988411532495,0.07324122559762629
1789997412679908600,50.26790869140625,0.010711182905317812,-0.017287319520608073,-0.035913887163515644
1789997412689979600,50.27797973632813,-0.0029728841036038576,-0.03443936348892531,-0.10959884400654075
1789997412700049700,50.28804956054688,-0.002403663120909397,-0.05189514307663511,-0.13551111032460236
1789997412710119400,50.29811938476563,-0.008680136230816898,-0.09108936953433093,-0.08868849665253449
1789997412720190500,50.3081904296875,0.04951143663631906,-0.09063012251944856,0.05906349614364781
1789997412730260700,50.3182607421875,0.05777752164897988,-0.1195404947829999,0.12462655582531244
1789997412740331800,50.32833178710938,-0.006323688434275284,-0.1091543805071792,-0.004505851344478228
1789997412750401500,50.33840161132812,-0.057196120611837604,-0.10109045362456469,-0.11899766766747376
1789997412760472600,50.34847265625,-0.07495261432118383,-0.09213398269866836,-0.14908667279458393
1789997412770542600,50.35854248046875,-0.04528452114195245,-0.04248199348221736,-0.07951198690907733
1789997412780613600,50.36861352539062,0.03209606508266172,-0.06605343741451185,0.09546599359528454
1789997412790683400,50.378683349609375,0.004024558357375945,-0.08698702986898413,0.12500400863451336
1789997412800754400,50.38875439453125,-0.051453644649999415,-0.10099746465409871,-0.02131041003385319
1789997412810824700,50.39882470703125,-0.08409914221572454,-0.12423267191697325,-0.03692816239635315
1789997412820894500,50.40889453125,-0.06307417778823671,-0.10141199598253091,-0.022537770863468403
1789997412830965500,50.41896557617188,-0.0534454964195676,-0.07467893775652952,-0.02608576758438813
1789997412841035500,50.429035400390624,-0.03289316287149663,-0.09410264945903317,-0.028491004648242307
1789997412851106600,50.4391064453125,-0.043258990858979246,-0.11362041108477247,-0.015237111160858612
1789997412861176600,50.44917651367187,-0.042748711074565036,-0.1274925368362506,-0.03471595881342204
1789997412871247600,50.45924755859375,0.00885745221727577,-0.17731632630036454,0.05140270233222693
1789997412881317600,50.46931762695313,0.000154153668397412,-0.21270457009912908,0.1586049573021571
1789997412891388700,50.479388671875,-0.011003311354149468,-0.17409500796955182,0.08096569542325788
1789997412901458400,50.48945849609375,-0.009474236179697889,-0.13545267521580942,0.01441615901384049
1789997412911529500,50.499529541015626,-0.03921316341384457,-0.13052958019098865,0.017720466706060374
1789997412921599700,50.50959985351562,-0.011264458641246013,-0.14096213034292646,-0.002057517101147338
1789997412931669500,50.51966943359375,-0.027381108867726787,-0.16727865002387668,0.00933245484452329
1789997412941740500,50.52974047851563,-0.06124810171354982,-0.19383426625309771,0.029517940883170724
1789997412951810600,50.539810546875,-0.010164714738156921,-0.1966737243043355,-0.005924108471116652
1789997412961881600,50.54988159179688,-0.005820638679771618,-0.20432304654704106,0.12538358066723104
1789997412971951400,50.55995141601562,-0.046352699128132994,-0.20069647402466873,0.08462361380141542
1789997412982022400,50.5700224609375,-0.06301402093216227,-0.23702844503825726,0.0027304694963824856
1789997412992092700,50.5800927734375,-0.10866931169841289,-0.22302341627900615,0.0004318790784745189
1789997413002163700,50.59016381835937,-0.035521844213314606,-0.19056371160213476,9.707504225439505e-05
1789997413012233500,50.6002333984375,0.04099266920926545,-0.18552004597098487,0.06322716773207443
1789997413022304500,50.610304443359375,0.020770712730220124,-0.18702949472271915,0.12481920287367997
1789997413032374500,50.62037451171875,-0.0018701091449645432,-0.15681438247696197,0.04702137442285826
1789997413042444500,50.63044458007813,-0.003837028647756397,-0.1219170869184394,0.061792785178555076
1789997413052515600,50.640515625,0.022101082009144533,-0.06995849737743073,0.02249436519354608
1789997413062585600,50.650585693359375,0.04350779920236542,-0.07987511960370958,0.012603155016788138
1789997413072656600,50.66065673828125,0.07676195880209244,-0.06242959205463154,-0.02568078084762237
1789997413082726400,50.67072631835938,0.08324794939548144,-0.029795401141646114,-0.051027483568836796
1789997413092797400,50.68079736328125,0.10353466969277335,-0.009852472497699459,0.003090250316029855
1789997413102867700,50.69086767578125,0.13090361836449269,0.043665343259451435,0.006456134712234733
1789997413112938800,50.70093872070313,0.15213000910247987,0.07478926481706594,0.028189942504495785
1789997413123008500,50.711008544921874,0.12638560163786836,0.09196301242651557,0.024845934865631896
1789997413133079600,50.72107958984375,0.09594489922270716,0.12279161092063913,-0.027194619816082826
1789997413143149600,50.73114965820312,0.1463677659336009,0.18084070194703744,0.01834394275426849
1789997413153219600,50.74121948242188,0.1428733206398367,0.22823639217928982,0.009729738690952965
1789997413163290600,50.75129052734375,0.10292302318912032,0.27886593912157226,-0.1457842133123079
1789997413173360600,50.76136059570312,0.10768413710231428,0.21573391142468126,-0.06150877944087037
1789997413183431700,50.771431640625,0.10905514368858174,0.22348049224834157,0.027266544879018736
1789997413193501400,50.78150146484375,0.14345678318835833,0.22496233182719969,0.08312979488312683
1789997413203572500,50.79157250976562,0.14429617580746992,0.20550316361530999,0.11039878651154547
1789997413213642500,50.801642578125,0.02081795564014436,0.2188687793197328,0.010363223428365225
1789997413223713500,50.81171362304688,0.032753457514761976,0.19066258432947236,-0.015576264059239172
1789997413233783600,50.82178344726562,0.0642029288352196,0.16909483631754818,0.032718377715837625
1789997413243854600,50.8318544921875,0.018032494444360975,0.1368012561375437,0.06810416011961608
1789997413253924600,50.84192456054687,-0.023608553785153585,0.06068295354128245,0.009151072276710118
1789997413263994400,50.851994384765625,-0.06354194836129991,-0.005279180710252326,-0.02433600788570196
1789997413274065400,50.8620654296875,-0.09303991363355482,-0.09996362341106597,0.039139521068386036
1789997413284135700,50.8721357421875,-0.10280865823174393,-0.12054688652735399,-0.013215613351455055
1789997413294206700,50.882206787109375,-0.10552942931505044,-0.11725806068555512,-0.02002264855356661
1789997413304276500,50.8922763671875,-0.1432341058618909,-0.18837799559227797,0.07091258542385445
1789997413314347500,50.90234741210938,-0.19285275865800608,-0.27497582564354317,-0.09646870909488221
1789997413324417500,50.91241748046875,-0.19551275447016012,-0.37981491918532334,-0.03296064199014079
1789997413334492200,50.9224921875,-0.2040829604034273,-0.4194559659651974,0.11524697519509207
1789997413344562200,50.932562255859374,-0.18751206300271323,-0.4855394820829261,0.16321168724665083
1789997413354633200,50.94263330078125,-0.2426014377059705,-0.5104785974303764,0.027808359409914492
1789997413364703200,50.952703125,-0.25573115861227746,-0.49664125242537227,-0.042905513498091186
1789997413374773200,50.962773193359375,-0.23389998454566968,-0.4325772899441002,-0.030682916145606875
1789997413384844300,50.97284423828125,-0.2012625307676359,-0.41185345945359453,-0.045900808891748204
1789997413394914300,50.98291430664062,-0.17399751827136511,-0.4346519313589331,0.09594780448455083
1789997413404985000,50.99298510742187,-0.15235682100846595,-0.41040530692964833,0.07370224504376298
1789997413415055400,51.00305541992188,-0.17867577031699935,-0.4114211262799238,0.03020641415269133
1789997413425126400,51.01312646484375,-0.1440125843651527,-0.3936666437898574,-0.021206744403895677
1789997413435196400,51.02319653320313,-0.14853982097684032,-0.33145108036989607,0.052298871789589585
1789997413445267200,51.03326708984375,-0.11661982414030624,-0.29573270816781766,0.028549060571239883
1789997413455337200,51.04333715820312,-0.08930788568084798,-0.26711280560998274,-0.0030507453343783983
1789997413465408300,51.053408203125,-0.06452394696300198,-0.2579860501607193,0.07876379735137114
1789997413475478500,51.063478515625,-0.07777675110856401,-0.23783247034521685,0.05406228020674846
1789997413485548300,51.07354833984375,-0.037198976154191245,-0.2647434253969491,0.03144854290419522
1789997413495619300,51.083619384765626,-0.006846437369916365,-0.26202992480692466,0.05193083858598196
1789997413505689300,51.093689453125,-0.023626771683878764,-0.24080342726477758,0.0005309355657863114
1789997413515760000,51.10376000976562,0.0033371048180396465,-0.24538537375671549,0.03892211853166199
1789997413525830100,51.113830078125,-0.01785997104927639,-0.2288730618205416,0.040734835510770985
1789997413535901200,51.12390112304688,-0.025769671485297137,-0.25335433683897846,0.036589581682916546
1789997413545971500,51.13397143554688,0.023844882263813028,-0.25372272437319743,0.027363619549002606
1789997413556042200,51.144042236328126,0.02577952817078694,-0.2558875203475381,-0.012034684608076666
1789997413566112300,51.1541123046875,0.054418818438261116,-0.23241610477080918,-0.03711251923087253
1789997413576183300,51.164183349609374,0.07406655108254236,-0.1745895333530768,0.06689374854166417
1789997413586253300,51.17425341796875,0.11281109819321065,-0.13007519304195497,0.015164956278068596
1789997413596323300,51.1843232421875,0.06121117539182305,-0.1483085574869541,0.1047629316940158
1789997413606394400,51.194394287109375,0.07126781296435573,-0.09599639589330183,-0.008642847636121812
1789997413616464400,51.20446435546875,0.13380463261990522,-0.03456688293351909,-0.0004365168582686016
1789997413626535200,51.21453515625,0.0967929045614689,-0.03002075597921279,0.10605722787863947
1789997413636605200,51.22460522460938,0.11404603969712025,0.023035344538978188,0.050189076706296874
1789997413646676200,51.23467626953125,0.15739019575118515,0.023504431242954586,-0.011804020348246088
1789997413656746500,51.24474658203125,0.14989062543871734,0.005635427484146804,0.0009715418113961629
1789997413666817300,51.2548173828125,0.210584347630026,0.004787112957442792,-0.02548429683674986
1789997413676887300,51.26488720703125,0.24832105965372994,-0.015473130608192555,0.053060652995055406
1789997413686958300,51.27495825195312,0.21737366528146304,0.004313266093195981,0.21016390835112234
1789997413697028400,51.2850283203125,0.21077973825765492,0.06621190880669597,0.06212978397595929
1789997413707098400,51.29509838867188,0.13413501741568584,0.07594496812504344,-0.0009967869903582196
1789997413717169400,51.30516943359375,0.09347497668854807,0.06658246351844296,-0.13281474306331054
1789997413727239400,51.31523950195312,0.15236560157551574,0.03524594682603188,-0.10563734362386049
1789997413737310500,51.325310546875,0.1468554163256761,0.08605899043579983,-0.22973145700544653
1789997413747380200,51.335380126953126,0.14577083457103496,0.010336053174381942,-0.18547359772296934
1789997413757451300,51.345451171875,0.1594856983840045,0.008793202634184542,-0.08564590052595823
1789997413767521300,51.35552124023437,0.14097326397031557,-0.01321045418374647,-0.08727848850547446
1789997413777592000,51.36559204101562,0.08986853493644835,-0.04677972564916183,-0.11973467495688415
1789997413787662300,51.37566235351562,0.04682042500522,-0.029514794705312507,-0.07148389158013
1789997413797732400,51.385732421875,0.09210426487469678,-0.02835848321240627,-0.08525248077719876
1789997413807803400,51.39580346679688,0.1427407312919656,-0.07218804372405592,-0.015549966630785554
1789997413817873200,51.405873046875,0.13139134627896326,-0.07427366925828098,0.04605477182744539
1789997413827944200,51.41594409179688,0.1316136080875517,-0.06769485247367214,0.03128295193861742
1789997413838014500,51.42601440429687,0.1596910398021878,-0.04375490458589408,0.12384282553405124
1789997413848085500,51.43608544921875,0.15136784488742286,-0.0187731122076376,0.08194614339943354
1789997413858155300,51.4461552734375,0.09092187354518358,-0.048519637030597335,0.023187295321280027
1789997413868226300,51.45622631835938,0.10580706443799288,-0.02681583618046011,-0.006325938780179176
1789997413878296300,51.46629638671875,0.14137175712111372,-0.01173471721331603,0.03971650180990004
1789997413888367000,51.4763671875,0.17313516121660613,-0.005591534160099412,0.03148574549758993
1789997413898437400,51.48643725585937,0.17629120786073768,0.03920079358808617,-0.0021313416940257784
1789997413908507400,51.49650732421875,0.18896413361013106,0.05000228340718295,0.020019310947001708
1789997413918578400,51.50657836914063,0.20227628846396198,0.08611186415459587,-0.014025000302602151
1789997413928648200,51.51664819335937,0.17924292322050922,0.09732260135998796,0.02260478997289719
1789997413938719200,51.52671923828125,0.17900306310630706,0.10674842682654602,0.019785537602883124
1789997413948789200,51.53678930664063,0.15006171861277848,0.10231420405384446,-0.03752197780103423
1789997413958860300,51.5468603515625,0.1421483928752027,0.08935682097599082,0.008333205561323932
1789997413968930300,51.55693041992188,0.13011032818929255,0.1167169303464136,-0.06493530130201416
1789997413979001300,51.56700146484375,0.12902971312525705,0.1052340154536106,0.0012694976725749257
1789997413989071400,51.5770712890625,0.170694946153967,0.12828340771454122,0.022078563571996994
1789997413999142400,51.58714233398437,0.1625449191771942,0.1294919753160617,0.1247720413450636
1789997414009212200,51.59721215820313,0.1359517372670387,0.13904591012775802,0.029623341421632237
1789997414019282400,51.607282470703126,0.07065719199750307,0.08998773484987442,-0.07977995596272909
1789997414029353500,51.617353515625,0.07641929461966265,0.09220953922642666,-0.1570257037503436
1789997414039423200,51.62742333984375,0.17706499128106262,0.1561289524828728,-0.08315657525436354
1789997414049494300,51.63749438476562,0.2316503939213129,0.08392302235844507,0.2996811550665637
1789997414059564300,51.64756420898438,0.09038633175335478,0.062269882152543775,0.24397931262993391
1789997414069635300,51.65763525390625,-0.019999718159843367,0.04816165501514554,0.03855955603874261
1789997414079705300,51.667705322265626,-0.045997067911968066,0.043561405099959226,-0.06458718475928482
1789997414089776400,51.6777763671875,0.06523377775614418,0.08087126151543883,-0.057182667415110154
1789997414099846400,51.68784643554688,0.14873278732422876,0.11290238325068722,-0.019747455315026616
1789997414109917400,51.69791748046875,0.1309055180459293,0.04402013977477531,0.15601932981818392
1789997414119987200,51.7079873046875,0.05062241356383392,0.04018594725150132,-0.007280180395890059
1789997414130057200,51.71805712890625,-0.0294854526628163,0.058437511360762376,-0.08621668917959843
1789997414140128300,51.728128173828125,0.01551335768701996,0.1148976007533231,-0.10637090058789928
1789997414150198300,51.7381982421875,0.09164803057424528,0.1379580150113353,-0.007002835455436588
1789997414160269300,51.74826928710937,0.0771275353827668,0.09158222055896385,0.14519140784522958
1789997414170339300,51.75833935546875,0.005539835747054864,0.13195362121139356,-0.03451519630228662
1789997414180410400,51.76841040039063,-0.0011615769644717402,0.14929771571357525,0.020150343623874287
1789997414190480100,51.778480224609375,0.06472681889838112,0.21063197698291874,0.0021743519373044534
1789997414200551200,51.78855126953125,0.020012271464061992,0.2785947509013572,-0.07618896808588911
1789997414210621400,51.79862133789062,0.043409688565172674,0.24874529739971218,0.0640786635552753
1789997414220691200,51.808691162109376,0.018843134167471895,0.24627018090225763,0.0745508039981162
1789997414230762200,51.81876220703125,-0.00788137312661429,0.18554335322931065,-0.02841493787726657
1789997414240832300,51.828832275390624,-0.025702914116111645,0.14530074730458248,0.08142914010078546
1789997414250903300,51.8389033203125,-0.03363583234228198,0.17320258357729693,0.19760320517718455
1789997414260973300,51.84897338867187,-0.0006042562361660459,0.15563840672674578,0.12845555409044124
1789997414271044400,51.85904443359375,-0.05100353576329619,0.12254499404553393,-0.0018162770885064201
1789997414281114400,51.8691142578125,-0.10164041239961485,0.031178091190982575,-0.09992305718046134
1789997414291185400,51.87918530273438,-0.18126222016796104,-0.02579407077419609,-0.13147252596358505
1789997414301255200,51.88925512695312,-0.1143009630451106,-0.04621881319922603,-0.02926798504805584
1789997414311326200,51.899326171875,-0.07468479671213343,-0.051036669680823446,0.027983461315509522
1789997414321396200,51.90939624023437,-0.08479989016333099,-0.13196743422759405,0.03945115001521464
1789997414331466200,51.91946630859375,-0.11540471625214287,-0.15969948100373654,-0.002812368396351388
1789997414341533400,51.92953344726563,-0.2015467498824261,-0.15977837768342973,-0.06930549796660174
1789997414351603200,51.93960327148437,-0.22970272909860856,-0.25173816357854223,0.005992865087571171
1789997414361674200,51.94967431640625,-0.2170312315213609,-0.24316242925931436,0.04523290874933648
1789997414371744500,51.95974462890625,-0.2158996166052229,-0.27529228888365515,0.16473669039597436
1789997414381815600,51.96981567382812,-0.22074205150312265,-0.3218888875918527,0.09212254576724133
1789997414391885300,51.97988525390625,-0.22740778632106798,-0.33528205295145347,0.0261006941695831
1789997414401956400,51.989956298828126,-0.25478517650674104,-0.3326414936882091,0.03882378591092532
1789997414412026400,52.0000263671875,-0.26913180654656427,-0.26280019123388587,0.06746193157997243
1789997414422097400,52.010097412109374,-0.24512987040880801,-0.19156008756667614,0.054812519815696584
1789997414432167200,52.02016723632813,-0.29791329749815676,-0.21748231207555488,0.07713250457747083
1789997414442237400,52.030237548828126,-0.2588020105229099,-0.2681927019944699,-0.03541742656367465
1789997414452308500,52.04030859375,-0.2591810412500003,-0.2021988460277259,-0.14411669808461192
1789997414462378200,52.05037817382812,-0.2595831040342728,-0.13397879501056253,-0.12696669519942005
1789997414472449300,52.06044921875,-0.18978569707720688,-0.09613389185271731,-0.02776375110550402
1789997414482519300,52.07051928710938,-0.14460966128500508,-0.13099097054753495,0.055643809378839254
1789997414492590300,52.08059033203125,-0.1768132772923276,-0.17209805020561,0.06136576784477249
1789997414502660400,52.09066040039063,-0.21507286271837797,-0.18120129823296766,-0.08276008527997317
1789997414512731400,52.1007314453125,-0.19059312680609325,-0.1736463145602392,-0.19917432904710577
1789997414522801400,52.11080151367187,-0.16393551692431424,-0.16236992973272912,-0.23881131332264474
1789997414532871400,52.12087133789063,-0.14362858092804742,-0.19023792991278296,-0.09883551129805201
1789997414542942200,52.13094213867188,-0.09903210780441056,-0.2029206315932371,-0.10055295018666033
1789997414553012500,52.14101245117188,-0.07302265204278958,-0.24885855847052119,0.05483007732647282
1789997414563083500,52.15108349609375,-0.06583409919040638,-0.20402551224013252,0.019066914413903548
1789997414573153500,52.16115356445312,-0.17545939034207605,-0.18107593470462074,0.06267450750819387
1789997414583224300,52.17122436523437,-0.20393182897092393,-0.1687269662092605,0.022174569496602667
1789997414593294300,52.18129443359375,-0.1456668136464683,-0.15609888268355646,0.04395422141061666
1789997414603365400,52.19136547851563,-0.1383201117978485,-0.18285906239328403,0.1250996703949309
1789997414613435400,52.20143530273437,-0.1123550308638499,-0.1976820442778759,0.02026307377406048
1789997414623506400,52.21150634765625,-0.07900998259577909,-0.20005341320114217,-0.08654778211626672
1789997414633576400,52.22157641601562,-0.045964859734326464,-0.19771081438528035,-0.11824526351155917
1789997414643646500,52.231646484375,-0.025567435156813666,-0.21699001148934705,-0.04903448586086885
1789997414653717200,52.24171728515625,-0.04984774098772138,-0.19133448068089268,0.0010140657805229633
1789997414663787300,52.25178735351562,-0.14927147404800875,-0.1605128298079145,-0.0434811159751197
1789997414673858300,52.2618583984375,-0.16286727939815748,-0.166752361732623,-0.10814621758717663
1789997414683928600,52.27192846679687,-0.184103300013501,-0.16593849145278064,-0.07136010596364231
1789997414693999400,52.28199926757812,-0.12012332724595122,-0.13317478856056675,-0.0805298680984565
1789997414704069400,52.2920693359375,-0.06854617975542908,-0.144671969240454,0.06512435868450743
1789997414714140400,52.30214038085938,-0.06396017094002242,-0.15244487285054,-0.01915427820266479
1789997414724210200,52.31221020507813,-0.0789531275312214,-0.17735688079713796,-0.020026255526400697
1789997414734281200,52.32228125,-0.09566065376594189,-0.13611381759034288,-0.03215675041285024
1789997414744351500,52.3323515625,-0.07181547021221851,-0.10120510395596884,0.04119332203609969
1789997414754421500,52.34242138671875,-0.07508021891084649,-0.13650018547281795,0.15734278986997768
1789997414764492300,52.3524921875,-0.04559766694422863,-0.14631879796273878,0.1518370294928575
1789997414774562300,52.36256225585937,-0.08826893371231863,-0.18249833333680446,0.19119183335926165
1789997414784633300,52.37263330078125,-0.12802507709691313,-0.23982534836620947,0.17680140721406848
1789997414794703400,52.38270336914063,-0.10981719269024778,-0.26934432193195984,0.15477677596006228
1789997414804774400,52.3927744140625,-0.14810567611771208,-0.254676286506309,0.1052805562074584
1789997414814844400,52.40284448242188,-0.1522893593460497,-0.27750171087851094,0.020860453167445673
1789997414824915500,52.41291552734375,-0.14729634664834101,-0.3153666031477032,-0.06692706931758267
1789997414834985500,52.4229853515625,-0.10310328320737501,-0.33661008365303324,-0.04988956676469295
1789997414845055200,52.43305517578125,-0.0929563546541418,-0.3803461670969,0.046415161637531024
1789997414855126300,52.44312622070313,-0.1694477370960641,-0.41001729266471254,0.05728644789939573
1789997414865196500,52.453196533203126,-0.21687124290529516,-0.43185171981357806,-0.009406971613859045
1789997414875267300,52.463267333984376,-0.1939751557177643,-0.41185086258053216,-0.07073816122899491
1789997414885337300,52.47333740234375,-0.11211352771531921,-0.4006222568276663,0.008614644859889747
1789997414895408400,52.48340844726562,-0.13480504306820712,-0.40618344137194956,0.030567204773222025
1789997414905478400,52.493478515625,-0.15012777734081234,-0.4131600858039735,-0.013369348059013372
1789997414915549200,52.50354907226563,-0.1188695615340985,-0.4186284345117361,0.0124375430615286
1789997414925619500,52.513619384765626,-0.04352053258610496,-0.387292981095022,0.042170309046614694
1789997414935690500,52.5236904296875,-0.003490205445316123,-0.36122820542693745,0.05658408289231568
1789997414945760500,52.53376049804688,0.01334182066262727,-0.3236677722647043,0.09174056976013036
1789997414955830300,52.54383032226563,0.005176764626613019,-0.22266027769517738,-0.018750798243292795
1789997414965901300,52.5539013671875,0.017109775060021204,-0.18279739943904744,-0.08049497077681485
1789997414975971600,52.5639716796875,0.06041195079240527,-0.12913487158382853,-0.09924195660518595
1789997414986042400,52.57404248046875,0.09862774043567098,-0.11250948973284929,-0.08564005613615511
1789997414996112400,52.5841123046875,0.08592462959959872,-0.09863574859543474,-0.05549994027590476
1789997415006183400,52.594183349609374,0.08773134594950852,-0.06822197900501861,-0.10525208430175409
1789997415016253400,52.60425341796875,0.1401766928892618,-0.048701973973971795,-0.10753060048957531
1789997415026324200,52.61432421875,0.16958924915444676,-0.003479936766274863,-0.05595560782738391
1789997415036394200,52.624394287109375,0.1594254516314108,0.027001277502119777,-0.024638735580685776
1789997415046464500,52.63446459960937,0.11867908890638042,0.06029936072870276,-0.048300979684478294
1789997415056535600,52.64453564453125,0.16126204118322604,0.04582702772735761,-0.025307438271000376
1789997415066605300,52.65460522460938,0.18615975053404207,0.026538651468611757,-0.03348969645590213
1789997415076676400,52.66467626953125,0.1371931974857097,0.013919695651021432,-0.05950255755748927
1789997415086746400,52.67474633789063,0.1920967397990686,0.0270646249692466,-0.022287503709783597
1789997415096817400,52.6848173828125,0.21352897945552723,0.0021962456225867507,0.12306573579944671
1789997415106887400,52.69488745117187,0.19019222721430173,0.0010866546272475036,0.11233757370858383
1789997415116958500,52.70495849609375,0.20489325681362572,0.02229651713559489,0.04867135372508842
1789997415127028500,52.71502856445313,0.1505386612622073,0.02882276113717244,0.03334397066161531
1789997415137099300,52.72509936523438,0.11018217424995974,-0.056366166471730005,0.07318066527723713
1789997415147169300,52.73516918945312,0.15506142183770616,-0.051994012463234096,-0.042405416154650835
1789997415157239600,52.74523950195312,0.15746045104859424,-0.0417472662795822,0.02617049220178905
1789997415167310600,52.755310546875,0.10628839503524988,-0.016228214462857,-0.03677783650393971
1789997415177380400,52.76538037109375,0.10928122819113846,-0.0309861678636814,-0.016438200359122915
1789997415187451400,52.77545141601563,0.07863037905024925,-0.02363768098352363,-0.051752573572378065
1789997415197521400,52.785521484375,0.05767118290534951,-0.0005825543673964774,-0.07053118164397716
1789997415207592400,52.79559252929688,0.09012985704696755,0.031161990688092552,-0.0028493757980498535
1789997415217662200,52.805662109375,0.07036716205397413,0.03785222520998948,0.08041730601909963
1789997415227733200,52.81573315429687,0.06225159422642474,0.0001051270035161124,0.08842176072438916
1789997415237803500,52.82580346679688,0.040236481265205036,-0.0003844013466884829,0.04075396300248134
1789997415247874300,52.83587426757813,0.028660436122081294,0.03927556053388978,-0.052437894555196554
1789997415257944300,52.8459443359375,0.01699773250070811,0.09267473751895286,-0.14512911748881513
1789997415268014300,52.85601440429687,0.011854811433441212,0.09697051121691323,-0.09052262839874026
1789997415278085400,52.86608544921875,0.0032356513806302166,0.05133707399248207,-0.06769504581979642
1789997415288155400,52.8761552734375,-0.01888728402594942,0.003935876436358536,-0.045582635456122435
1789997415298226400,52.88622631835938,-0.0044203526744385,0.014556417478646435,-0.06890937842169075
1789997415308296400,52.89629638671875,0.01022829915701846,-0.023426009969582346,-0.002663543588451847
1789997415318367500,52.90636743164063,0.03599503857738051,-0.023509196199883103,-0.0031619698661973566
1789997415328437200,52.91643725585938,0.04345074018240914,-0.04045616680620546,0.020799351610127616
1789997415338508500,52.92650854492187,-0.007363832240886705,-0.052446716605449605,-0.005923574159000912
1789997415348578800,52.93657885742188,-0.028766285332676708,-0.07940673705505634,-0.0006457647260202373
1789997415358648600,52.94664868164063,-0.05177903250827514,-0.10687499837338764,0.0537152941438925
1789997415368719600,52.9567197265625,-0.04633130214652305,-0.09298199363894542,0.05279161365837627
1789997415378789600,52.96678955078125,-0.025347899588694663,-0.038991596165549994,-0.02557677672794467
1789997415388860700,52.97686059570312,-0.03235628470868255,0.019917360114127647,-0.11699990716455799
1789997415398930400,52.98693041992188,-0.01378843739831934,-0.010578055768596264,-0.01088579231421101
1789997415409001500,52.99700146484375,0.03615684157219855,-0.033539660245611634,0.12283349309111184
1789997415419071700,53.00707177734375,-0.020220790985101246,-0.05272745048742766,0.15232747650479514
1789997415429142800,53.017142822265626,-0.04058515913177439,-0.04688308588676476,0.041239910342859294
1789997415439212500,53.02721264648437,-0.021476225709829787,-0.08155911698262887,-0.005035948069300793
1789997415449283600,53.03728369140625,-0.07336369026135148,-0.05662135764544321,-0.1733143728628556
1789997415459353600,53.047353515625,-0.04623568264208882,-0.07140320754683192,-0.06529745453403318
1789997415469423600,53.05742358398437,-0.035500259410017936,-0.10733038276273084,-0.006468248091166447
1789997415479494700,53.06749462890625,-0.08777495347928961,-0.12006747426413292,-0.04624637690353961
1789997415489564700,53.07756469726562,-0.06528576330853679,-0.1375087463653844,0.03094792992738645
1789997415499635700,53.0876357421875,-0.05428902889749745,-0.10793098244347439,-0.025106569054978163
1789997415509705500,53.09770556640625,-0.049133023467572715,-0.16011095382538448,0.02666925588998183
1789997415519776500,53.10777661132813,-0.05941206313406618,-0.21149512309596732,0.038146315950677245
1789997415529846800,53.1178466796875,-0.08938908660287848,-0.23347279351677228,0.10141575437113189
1789997415539917800,53.127917724609375,-0.07304144206357913,-0.2942299878219758,0.1430915144300806
1789997415549987600,53.13798754882812,-0.06096173131135563,-0.25434465552648283,-0.0055016605706233995
1789997415560057600,53.1480576171875,-0.07280087927079373,-0.25409056314437345,0.0427584472242387
1789997415570128600,53.15812866210938,-0.11304330950115651,-0.22025480167040354,-0.10725946401440223
1789997415580198400,53.16819848632812,-0.11309604650121988,-0.26046584049194194,-0.07153134436304001
1789997415590269400,53.17826953125,-0.0868507622110966,-0.29183977203220424,-0.04517498115056771
1789997415600339700,53.18833959960938,-0.04855829289037645,-0.2980332971971486,-0.04843334509816795
1789997415610410800,53.19841064453125,-0.02781294756562058,-0.331209552266516,0.02912722357133617
1789997415620480500,53.20848046875,-0.06563400048641356,-0.3076110294448784,-0.030860305789025315
1789997415630551600,53.21855151367188,-0.08041242396472059,-0.311049132826792,-0.03929114283896816
1789997415640621600,53.22862158203125,-0.09645463438193813,-0.27457987379705334,-0.05340445700127166
1789997415650691600,53.23869165039063,-0.09775050868653322,-0.2627650876364206,0.042614990492742186
1789997415660762600,53.2487626953125,-0.040809158400870925,-0.2835174566953754,0.06229608501557043
1789997415670832600,53.25883251953125,-0.09206955984121079,-0.26380448208042234,-0.022676687382956598
1789997415680903700,53.268903564453126,-0.06536774484338334,-0.23238808005856024,-0.06252486339103364
1789997415690973400,53.27897338867187,-0.019048114639865547,-0.2292211881661287,0.00999570641660267
1789997415701044500,53.28904443359375,-0.0013179464210678928,-0.2775779709771828,0.09471158481579425
1789997415711114800,53.29911474609375,0.015153072927391563,-0.32128122689935673,0.13141071946734004
1789997415721185800,53.30918579101562,-0.01046155392207106,-0.3235804553124531,0.11161447611586274
1789997415731255600,53.319255615234376,0.0049038092906119836,-0.292516457888786,0.03031070407913268
1789997415741326600,53.32932666015625,-0.006637887218280462,-0.26654641203202334,0.004081522288268191
1789997415751396600,53.33939672851562,0.022102881361013873,-0.2333742609753114,-0.037700783503022195
1789997415761466600,53.34946655273438,0.0196244837827293,-0.21823524414516762,-0.14463651799728885
1789997415771537700,53.35953759765625,0.06292585922615182,-0.2666118379929175,0.008291887463141774
1789997415781607700,53.369607666015625,0.08392796758858519,-0.24240160840607353,0.08323101640499715
1789997415791678700,53.3796787109375,0.08632338304326734,-0.21474029758003557,0.05449849307848608
1789997415801748500,53.38974853515625,0.032978255557992275,-0.21929111736601684,0.05602753176455654
1789997415811819500,53.39981958007812,0.004004918556082909,-0.19269658471139636,0.007191680119096954
1789997415821889500,53.4098896484375,0.03364519667333487,-0.13661386149992044,-0.06399596051674637
1789997415831960600,53.41996069335938,0.09330145420424858,-0.12093073535473568,0.02627587765719746
1789997415842030600,53.430030517578125,0.13536195714219026,-0.10719556080388001,0.08632408207536219
1789997415852101600,53.4401015625,0.11176251201431318,-0.10038026003561402,-0.03364543771059681
1789997415862171600,53.45017163085937,0.09353369135344755,-0.1041382537758446,0.026545852287310115
1789997415872241700,53.46024169921875,0.11958836401476286,-0.10853612346160334,0.13660921845350843
1789997415882312400,53.4703125,0.1269092715457139,-0.09956676857915339,0.1382845612392362
1789997415892382700,53.4803828125,0.1228165637625479,-0.06659005689386371,-0.0026189598208769776
1789997415902453800,53.49045385742188,0.14640826508929167,-0.08610547351370698,0.04269068402190501
1789997415912523800,53.50052368164062,0.15622827190735233,-0.06634746326353401,0.06344977733526412
1789997415922594600,53.51059448242187,0.2171453861420027,-0.028428068594915958,0.08818011770561836
1789997415932664600,53.52066455078125,0.26219861196016747,0.03452048717940942,0.09357947325725748
1789997415942735600,53.53073559570313,0.22548781847494018,0.10360164900035251,0.0062341132070560315
1789997415952805600,53.5408056640625,0.23326709158790382,0.14327820886769904,-0.05754454267122812
1789997415962875600,53.55087573242187,0.2913637702335067,0.1521859283370521,-0.030861930299715144
1789997415972946700,53.56094677734375,0.33753411730871735,0.1604507690632481,0.004348028393902127
1789997415983016700,53.5710166015625,0.37747942688117236,0.25270675171172335,-0.021562144298347245
1789997415993087500,53.58108740234375,0.37350282764032655,0.32240844139298075,-0.06363359851852074
1789997416003157500,53.59115747070312,0.3521463874701984,0.34833440077414646,-0.08907040164421175
1789997416013228500,53.601228515625,0.35650373012041237,0.36097228306535806,-0.09408592175403648
1789997416023298800,53.611298828125,0.37209098514886835,0.35663261349527037,-0.051711879517973076
1789997416033369600,53.62136962890625,0.37321917802008775,0.3162348465018309,0.09927171941075237
1789997416043439600,53.63143969726563,0.3591283411498165,0.2823586891792209,0.12857520732755884
1789997416053509600,53.64150952148437,0.31458586637320773,0.3162400561907108,0.038962103972091315
1789997416063580400,53.65158032226562,0.2758457985100355,0.3220464022821275,0.0861888078509039
1789997416073650700,53.66165063476563,0.2950425731305212,0.3513756812127514,-0.03879228994675486
1789997416083721700,53.6717216796875,0.3168125095765667,0.3332204443441408,0.008195156136556064
1789997416093791700,53.68179174804688,0.2490127191427957,0.2905717638536469,-0.012708374806083503
1789997416103862500,53.69186254882813,0.20879441944768776,0.21331233486918877,0.03315785486243971
1789997416113932500,53.7019326171875,0.2581807863519262,0.15513561451989769,0.16856738231377796
1789997416124003600,53.712003662109375,0.20185292663213453,0.23520111581018924,0.019267982785401382
1789997416134073900,53.72207397460937,0.16480216630838349,0.22189735128907348,0.06448204729983634
1789997416144144600,53.73214453125,0.1401859908121423,0.24385359701641737,-0.04748498955030124
1789997416154214700,53.742214599609376,0.1140473693264582,0.23492637136713446,-0.0016260229727398218
1789997416164284700,53.75228466796875,0.12167117753676183,0.18035425822590487,0.10868769675960302
1789997416174355700,53.762355712890624,0.11787245453600943,0.18573547640856072,0.05673670375199114
1789997416184425500,53.77242553710938,0.016820221263834218,0.1923183894755149,0.0023374314434771084
1789997416194496500,53.78249658203125,-0.01804248607245122,0.19104567679354417,-0.009385218326416943
1789997416204566800,53.79256689453125,-0.022945998183064014,0.22392335886659406,-0.028750526134362922
1789997416214637600,53.80263745117188,-0.06958872421607297,0.19995102955367747,0.03678225968338607
1789997416224707600,53.81270751953125,-0.04714499967262361,0.1182588006843005,0.13262936560964922
1789997416234778600,53.82277856445312,-0.1031225481940899,0.10848683632650229,0.08574240575093751
1789997416244848600,53.8328486328125,-0.15147266776523674,0.0713324786266942,0.07435877020742615
1789997416254918700,53.84291870117188,-0.17517092292484954,0.06464042647849767,0.0891575732810948
1789997416264989700,53.85298974609375,-0.20634873140323834,0.06640922827633677,0.008331369733048778
1789997416275059700,53.86305981445312,-0.2042708846210811,-0.020591502581564686,0.07362354331205388
1789997416285130800,53.873130859375,-0.21500114670925796,-0.04232221230176662,-0.0534516519400346
1789997416295200500,53.88320043945313,-0.20566392336272843,-0.05148856947264255,-0.0924299785943715
1789997416305271600,53.893271484375,-0.227205141769722,-0.13562760854551612,0.10978677190418111
1789997416315341800,53.903341796875,-0.257324267669018,-0.2197685811168572,0.0904768418357962
1789997416325412600,53.91341259765625,-0.23520900087718408,-0.26663032265421704,0.06398611844025162
1789997416335482400,53.923482421875,-0.22039924028671323,-0.2539280529001538,0.05041221732656124
1789997416345552100,53.93355224609375,-0.27639840987923503,-0.2026973495965431,-0.0991366894244001
1789997416355623200,53.943623046875,-0.24763960303614047,-0.2644141632347052,-0.04881232100231649
1789997416365693400,53.953693359375,-0.29016934774333736,-0.2915630906560523,-0.024161737524886484
1789997416375764500,53.96376440429688,-0.2918763989513026,-0.32333391654280225,-0.0013274551934434888
1789997416385834200,53.97383422851563,-0.28874608967398013,-0.25464599076706557,-0.027832736034176537
1789997416395905300,53.9839052734375,-0.29348172696557384,-0.2438987569463945,0.0023420615362539266
1789997416405975300,53.99397534179688,-0.2799602067065727,-0.26257540683153047,-0.07733488694953225
1789997416416046300,54.00404638671875,-0.19657376000022225,-0.23317781633049914,-0.04077845053184795
1789997416426116400,54.01411645507813,-0.16529233755513884,-0.17716939249066418,-0.024078452640841217
1789997416436187400,54.0241875,-0.1995297747086139,-0.18795223705172884,-0.010938511724313753
1789997416446257400,54.03425732421875,-0.211738413381127,-0.24656897898839694,0.026104130173601036
1789997416456327200,54.0443271484375,-0.2586676226401337,-0.21378868999156703,-0.02523643114460271
1789997416466398200,54.054398193359376,-0.26954434514624526,-0.21209580418602775,0.02307443379247093
1789997416476468200,54.06446826171875,-0.20934258489598964,-0.22052461598396625,0.04408251236845032
1789997416486539300,54.074539306640624,-0.14626728403938827,-0.2087359473637418,0.05639537797729586
1789997416496609300,54.084609375,-0.195880262889602,-0.1615695926319373,-0.047272370734498956
1789997416506680300,54.09468041992187,-0.2090510298276905,-0.15573171098161898,-0.06333149446333002
1789997416516750300,54.10475024414063,-0.21225293418003024,-0.11133094160600733,-0.12148745958950616
1789997416526821400,54.1148212890625,-0.1732041995818156,-0.09312334837279998,-0.05931021962285321
1789997416536891100,54.12489111328125,-0.18877760814953828,-0.09770887090219862,0.04435254497034331
1789997416546961400,54.13496142578125,-0.20101216623435078,-0.13091451957059885,0.06148908224903912
1789997416557032400,54.14503247070313,-0.18048879978708826,-0.14424933683612756,0.031792973673060464
1789997416567102200,54.15510229492188,-0.1704249680616812,-0.1566437414219862,0.10286525669643014
1789997416577173200,54.16517333984375,-0.10668998857897372,-0.1471482223945551,-0.025697491416677022
1789997416587243300,54.1752431640625,-0.12722388125960146,-0.18054368174005617,0.030397845114656073
1789997416597314300,54.18531420898437,-0.17078009283112122,-0.1673276413125633,-0.0006023476388608785
1789997416607384300,54.19538427734375,-0.14004357899675815,-0.18066225605370217,0.12477581197736767
1789997416617455400,54.20545532226563,-0.13666850622610907,-0.2474420114402587,0.21383571288769165
1789997416627525400,54.215525390625,-0.14070365767282583,-0.27758716757296475,0.09168788476403142
1789997416637595100,54.22559521484375,-0.16240374046694256,-0.2993220010227197,0.11086896710047592
1789997416647666200,54.23566625976562,-0.2111803997468395,-0.28749950395469076,-0.0217569449686663
1789997416657736200,54.245736083984376,-0.21680673114051205,-0.33923200295612405,0.04999032649441199
1789997416667807200,54.25580712890625,-0.13960185445878556,-0.2815976816147504,0.08691659192917188
1789997416677877200,54.26587719726562,-0.12315884032709162,-0.30074395041521673,0.17736993963161019
1789997416687948300,54.2759482421875,-0.18296725328136754,-0.29563461763249377,0.07541134420494627
1789997416698018300,54.28601831054687,-0.23475775138992605,-0.29297492769241,0.011458350023772866
1789997416708089300,54.29608935546875,-0.2622283835221562,-0.3458005390681471,-0.018062535667167243
1789997416718159000,54.3061591796875,-0.2552258768104964,-0.31342859197157363,-0.09457207652674886
1789997416728229400,54.3162294921875,-0.27298684467708456,-0.3620918222237469,0.019378555226881217
1789997416738300400,54.326300537109375,-0.22657664849331433,-0.39587447213676963,0.0006448904614132961
1789997416748370400,54.33637036132812,-0.18492844861501342,-0.4599187913880619,0.09323960476704472
1789997416758441200,54.34644116210937,-0.13770158221934042,-0.47581543927193803,0.09469530545016731
1789997416768511200,54.35651123046875,-0.15091472249847107,-0.4571794286565429,0.0012342724927229005
1789997416778582300,54.36658227539063,-0.16365515779113288,-0.4855582608506438,0.06417516281202967
1789997416788652300,54.37665234375,-0.15287756217767182,-0.5183017315446837,0.03699275086070139
1789997416798723300,54.38672338867188,-0.189418677074278,-0.5717480387519546,0.12445682631569296
1789997416808793300,54.39679345703125,-0.20038400393824096,-0.604998000822013,0.14452961417416235
1789997416818864400,54.40686450195312,-0.16156805719563996,-0.6257524322960208,0.09042961367005693
1789997416828934100,54.41693408203125,-0.14771718100137785,-0.6114120528977567,0.04878089499842895
1789997416839004200,54.42700415039062,-0.1388797527604167,-0.6213214573506117,-0.03644101370553669
1789997416849075200,54.4370751953125,-0.11297350366175567,-0.6952027081762361,0.014691632061861661
1789997416859145500,54.4471455078125,-0.12133689728879335,-0.6610269028931841,-0.0032371882687494812
1789997416869216300,54.45721630859375,-0.08357321242013785,-0.6600317586244299,0.0705184570540298
1789997416879286300,54.467286376953126,-0.07108998127937655,-0.6599667987535696,0.11361048398277149
1789997416889357300,54.477357421875,-0.11533056666135891,-0.6362912576191324,0.004495484991300111
1789997416899427000,54.48742700195312,-0.06371674793262026,-0.6019892734935375,0.006709748152242516
1789997416909498000,54.497498046875,0.031155872275458244,-0.5527713768590105,0.015830211538178054
1789997416919568400,54.507568359375,0.02995605885891258,-0.465363829793876,-0.0070475132224153796
1789997416929638400,54.517638427734376,-0.03333321912975066,-0.47037970509580196,0.06503499175922232
1789997416939709200,54.527709228515626,-0.0008804881240052696,-0.4827952526206962,0.07613921842391784
1789997416949779200,54.537779296875,0.06302045620191053,-0.4260953849994666,0.07480134001899197
1789997416959850200,54.54785034179688,0.1309874805259207,-0.347451359855656,0.016159428091060628
1789997416969920500,54.55792041015625,0.21165965472340706,-0.2572091540911409,-0.03270429618896225
1789997416979991300,54.5679912109375,0.2434689672947525,-0.2415474258274755,0.022525922718459157
1789997416990061300,54.57806127929688,0.29442633916539984,-0.2289003585968913,0.043705671519230216
1789997417000132400,54.58813232421875,0.3449775613537056,-0.190027255136791,0.1333439252858428
1789997417010202400,54.59820239257812,0.3341256183055179,-0.05372753837857025,0.05568024631384306
1789997417020272000,54.60827221679688,0.3725629107554125,-0.046339529555952906,0.1220765534063816
1789997417030343200,54.61834326171875,0.4314850421440614,0.052431290680175414,-0.036709175327903874
1789997417040413400,54.628413330078125,0.4982938938221,0.11807826454311232,0.01134041108998078
1789997417050484200,54.638484130859375,0.5109281181593176,0.18267057570105943,0.02364244360548751
1789997417060554200,54.64855419921875,0.5616744917095868,0.2596431939065679,0.007181318753469246
1789997417070625300,54.65862524414062,0.5553994373958759,0.27247519778567203,0.09169182207600078
1789997417080695300,54.6686953125,0.5776283343481039,0.32255508159506235,-0.02997731999412514
1789997417090766000,54.67876611328125,0.6062734891360131,0.3707438646215829,-0.060080392088895235
1789997417100836400,54.68883642578125,0.6130382560233008,0.4285481928237309,-0.07048131684763158
1789997417110906400,54.69890625,0.6502232898113617,0.4320803735342318,0.10841161559366103
1789997417120977400,54.70897729492187,0.6409426239839284,0.4893334123139648,0.09551902647088412
1789997417131047200,54.71904711914063,0.6043426558227397,0.556414363715427,0.02331700794954621
1789997417141118200,54.7291181640625,0.6275201455152549,0.5877367245498659,-0.012103896526362031
1789997417151188500,54.7391884765625,0.5733857670748304,0.5925291408264923,-0.08288044665759453
1789997417161259500,54.749259521484376,0.5302563992469556,0.5804626944229363,-0.06777788792074413
1789997417171329300,54.75932934570312,0.46517340993414746,0.597113381948049,0.022126191870898967
1789997417181400300,54.769400390625,0.45755529430947,0.5797632556058119,0.015618493402964305
1789997417191470300,54.77947021484375,0.4391572730185421,0.5294185318729903,-0.01691934789213259
1789997417201540400,54.78954028320312,0.4005425634725538,0.4940307896024553,0.021436020941449883
1789997417211611400,54.799611328125,0.3326894918577563,0.5096212040234012,-0.006790978627977321
1789997417221681400,54.80968139648437,0.26969779340900485,0.4875196290335015,-0.001304751827988274
1789997417231752400,54.81975244140625,0.213862047819173,0.42102276295297236,0.069322165580373
1789997417241822200,54.829822265625,0.16537385970068877,0.37428858459577136,0.014096615400522773
1789997417251893200,54.83989331054688,0.16811741886242051,0.31119449578852965,0.07471975456399226
1789997417261963300,54.84996337890625,0.1423579075020865,0.26990580581247736,0.004892338026550731
1789997417272034300,54.860034423828125,0.06773132886229263,0.23567499709431763,-0.01693140845147022
1789997417282104300,54.87010424804687,0.04925705866921079,0.2142106247498959,-0.05817321680563664
1789997417292175400,54.88017529296875,-0.008674570326616808,0.2209964446163985,-0.1232404021957387
1789997417302245400,54.89024536132813,-0.01959548025059471,0.1443220846023448,-0.03426958724474501
1789997417312315100,54.90031518554687,0.0032495396450707334,0.08351652311519785,0.022671318130313842
1789997417322386200,54.91038623046875,0.021326180098058176,0.06859200781066353,0.004728960036968225
1789997417332456400,54.92045654296875,0.007849175690086913,0.0495751415594225,-0.027014051525566123
1789997417342527500,54.93052758789062,-0.011064998076382079,-0.0015880124986763066,-0.020098153667794258
1789997417352597500,54.940597412109376,-0.036121685597597576,-0.03150460745906483,0.017763243014029154
1789997417362668500,54.95066845703125,-0.08495868701360731,-0.04644094285969741,-0.01380655830113279
1789997417372738300,54.96073828125,-0.10406533692437026,-0.05302763290557669,-0.03342617952125567
1789997417382809300,54.970809326171874,-0.056575170539739365,-0.062225309712856516,0.012886191506427001
1789997417392879400,54.98087939453125,-0.02447194737230015,-0.06586668474718993,-0.028264476367341102
1789997417402949400,54.99094946289063,-0.08053617295109892,-0.08854743352709643,-0.011733216678756925
1789997417413020400,55.0010205078125,-0.12395787704264583,-0.0247911840508655,-0.056809626780876
1789997417423090400,55.01109033203125,-0.14339145610783435,-0.018897905896937957,0.039940743240671
1789997417433161500,55.02116137695312,-0.0824074409879936,-0.04865816188107264,0.06963014977777275
1789997417443231200,55.03123120117188,-0.06282863580808572,-0.03637938211470114,0.0006949724855983314
1789997417453302300,55.04130224609375,-0.11989394450132142,-0.052517809245467215,0.01267441336937851
1789997417463372500,55.05137255859375,-0.0858175312423646,-0.036307496648108145,-0.019143213264051
1789997417473443600,55.06144360351563,-0.05717463385051643,-0.022576668417482203,0.05630490426642947
1789997417483513300,55.07151342773437,-0.09471162805179496,-0.03956456525183017,0.027945935483998437
1789997417493583400,55.08158325195313,-0.09361661949995291,-0.026632234321353705,0.07442505584085965
1789997417503654400,55.091654296875,-0.06420517882579702,-0.001656838757043573,0.10159654699816513
1789997417513724400,55.101724365234375,-0.10964658566602536,0.009345815917622333,-0.002375822536211014
1789997417523795500,55.11179541015625,-0.12232345307723352,-0.0008675713101331385,-0.025659477900564314
1789997417533865500,55.12186547851562,-0.10976555532466564,0.0037110252630612526,0.0038626057276795684
1789997417543936500,55.1319365234375,-0.07935233736587072,-0.05006909419890759,0.08268562879490142
1789997417554006300,55.14200634765625,-0.11833671207502836,-0.031576529056431345,0.028765355771236508
1789997417564077300,55.15207739257813,-0.11199659778573268,-0.0014422941796967451,-0.002747194176645207
1789997417574147600,55.16214770507813,-0.10033181742844946,0.05677376637125693,-0.002220716847008107
1789997417584218600,55.17221850585938,-0.06783008734553432,0.03986966237786724,0.008857138035860137
1789997417594288400,55.18228833007812,-0.06415099643899852,0.0012053610256605517,-0.007679215995082475
1789997417604358400,55.1923583984375,-0.13082255875695115,0.01727218399741483,-0.015646234116014405
1789997417614429400,55.20242944335938,-0.10459136883046904,0.01697148163823737,-0.0040573627245813195
1789997417624499200,55.21249926757813,-0.07566069046007544,0.005213479683457117,0.054947357072547574
1789997417634570200,55.2225703125,-0.07418265132076765,-0.04878620923566978,0.08023186837697134
1789997417644640500,55.232640625,-0.10410737458643315,-0.055359193038390445,0.11470509395901062
1789997417654711600,55.242711669921874,-0.12320705887956901,-0.07112948485399898,0.017262347140153674
1789997417664781300,55.25278125,-0.13437171593650452,-0.08402978094884762,-0.1011655066580848
1789997417674851300,55.262851318359374,-0.1312464728181995,-0.0757144583630074,-0.05819132769897714
1789997417684922400,55.27292236328125,-0.10772693601476074,-0.07816453300172223,0.016683301015086624
1789997417694992400,55.28299243164062,-0.12302203574136797,-0.13629525362690817,0.05199148967082082
1789997417705063400,55.2930634765625,-0.19508911968303913,-0.1669444122885658,0.08791447448112268
1789997417715133400,55.30313354492188,-0.21436309140119392,-0.13481085947556146,-0.01822434713307774
1789997417725204500,55.31320458984375,-0.2397741596681519,-0.1250679476856209,-0.019732399695053537
1789997417735274200,55.32327416992187,-0.2201598447088489,-0.11767320690874035,0.06098003884225503
1789997417745345300,55.33334521484375,-0.19447272615944733,-0.13183635387688514,0.051765671625155565
1789997417755415600,55.34341552734375,-0.22230265098206153,-0.18791461245254068,0.09709867344247401
1789997417765485600,55.35348559570313,-0.23164282519036275,-0.1905906948217923,0.027137702451854512
1789997417775556400,55.36355639648438,-0.22708298345157954,-0.20425413235326867,-0.022096702716949787
1789997417785626400,55.37362646484375,-0.17480461674164424,-0.2036820731488492,0.052839143566641524
1789997417795697400,55.383697509765625,-0.22198807916353236,-0.20475651197250172,0.118598121235334
1789997417805767400,55.39376733398438,-0.25798473447867265,-0.17584544526418738,0.015381760836372113
1789997417815838500,55.40383837890625,-0.28569045221545136,-0.18619980810945583,0.01772321414948712
1789997417825908500,55.41390844726563,-0.271287283175325,-0.2002298703847771,0.010086711090426925
1789997417835979500,55.4239794921875,-0.21953778395796295,-0.23947201386304642,0.03308013528691165
1789997417846049300,55.43404931640625,-0.24078488206572055,-0.22998449717453862,0.003425153779766365
1789997417856120300,55.444120361328125,-0.22642131884936306,-0.24673492464807295,-0.0050836570700859215
1789997417866190300,55.4541904296875,-0.26250045195563404,-0.26311935785625923,-0.06576692134508669
1789997417876260600,55.46426049804688,-0.2821999005023187,-0.2559336413247628,-0.032377770044405826
1789997417886331400,55.474331298828126,-0.2431335538284388,-0.27715127175160964,0.002943278140249437
1789997417896401400,55.4844013671875,-0.29009603456106975,-0.279875760107706,-0.03221620541024693
1789997417906472400,55.494472412109374,-0.2985062099941118,-0.35133586814038525,0.03460301069627033
1789997417916542500,55.50454248046875,-0.290607420053786,-0.4017004534291508,0.06808393645800534
1789997417926613200,55.51461328125,-0.28411060529288507,-0.40172432856318707,0.0739751219806708
1789997417936683500,55.52468359375,-0.2816147088279403,-0.3981095153011486,0.03481024641158105
1789997417946754600,55.53475463867188,-0.2911401066454282,-0.42234596795690743,-0.05633625870250818
1789997417956824300,55.54482421875,-0.2917852860203466,-0.48446919608094635,-0.0326914036916739
1789997417966894300,55.55489428710938,-0.25075743765764297,-0.4978983505760723,0.06816891924215206
1789997417976965400,55.56496533203125,-0.25411463269347745,-0.47179351123007,0.11401778759302975
1789997417987035400,55.57503540039063,-0.26039338841184295,-0.46845334374656383,0.07510705747743247
1789997417997106400,55.5851064453125,-0.2750021760975762,-0.48400951868226316,-0.008785469448279187
1789997418007176400,55.59517651367187,-0.2684246481653063,-0.5081013729037996,-0.03333705552081955
1789997418017247500,55.60524755859375,-0.2043782132614142,-0.4987601222530899,-0.017882974586864615
1789997418027317500,55.6153173828125,-0.16571111000637567,-0.47288148546891245,0.051987441708416765
1789997418037387300,55.62538720703125,-0.1314481267253302,-0.48648200263070684,0.09078238689887227
1789997418047458300,55.635458251953125,-0.13834356661129799,-0.4965967933464198,0.06307553859017462
1789997418057528600,55.64552856445312,-0.16365536499044697,-0.4993125615316297,0.012275317437043267
1789997418067599600,55.655599609375,-0.11073173258694242,-0.5093999913344923,0.08395970091830288
1789997418077669400,55.66566943359375,-0.07385304292664116,-0.42667349548963707,0.06500574052145688
1789997418087740400,55.67574047851563,-0.05951681372111868,-0.41354149922948213,0.14306447723632912
1789997418097810400,55.685810546875,-0.05363679973805913,-0.39942954895239025,0.08163071378278225
1789997418107881200,55.69588110351562,0.025891989367531856,-0.36145589982433435,0.05731092160600781
1789997418117951500,55.70595141601562,0.06331427551800002,-0.3303494953071564,0.0662217239674664
1789997418128022500,55.7160224609375,0.09014026341331341,-0.25626303375440135,0.0013494763356073733
1789997418138092500,55.72609252929688,0.08782955842298272,-0.21585088597909413,0.07133817222664587
1789997418148162300,55.73616235351562,0.057186177728418976,-0.169573577488291,0.06088176507183121
1789997418158233300,55.7462333984375,0.1207104757815958,-0.1493580605865827,0.04192150448304799
1789997418168303600,55.7563037109375,0.1275257372554443,-0.0986093080404269,-0.007685343763579043
1789997418178374700,55.766374755859374,0.10120733965069799,-0.08929712397607344,-0.0817169132680516
1789997418188444400,55.7764443359375,0.1275747962042991,-0.07835497874706072,-0.13026797866437861
1789997418198515500,55.78651538085938,0.18600451794914558,-0.03237018734607683,-0.02214439667693732
1789997418208585500,55.79658544921875,0.2070330270302726,-0.035374189920704485,0.06530445090842418
1789997418218656300,55.80665625,0.13002832782755072,0.00028289749471832425,0.028726291173530726
1789997418228726300,55.81672631835937,0.02912814144881806,0.0007572405799481902,0.008710155899385277
1789997418238796500,55.82679663085938,0.07813713151724241,0.029454053314026653,-0.0911093196332114
1789997418248867600,55.83686767578125,0.16148923191781325,0.017695345039418626,0.08462097009428056
1789997418258937300,55.84693725585937,0.1478601865750646,0.00868816633236846,0.10630540319332545
1789997418269008400,55.85700830078125,0.10393491944213894,-0.04792286736807941,0.07913864520178099
1789997418279078400,55.86707836914063,0.03837562894954039,-0.06709060463543544,0.0032211971235129896
1789997418289149400,55.8771494140625,0.04238816075456915,-0.07653022914253722,0.018692814422105887
1789997418299219500,55.88721948242188,0.08654753444884816,-0.06501444301342496,-0.018629047370137767
1789997418309290500,55.89729052734375,0.08200851200074691,-0.06019020065495138,0.009422273412543961
1789997418319360500,55.907360595703125,0.028711249735905872,-0.12664160629597462,-0.0025428675652390395
1789997418329430300,55.91743017578125,0.0006907765390060965,-0.1789779351094977,-0.035773900927136344
1789997418339501600,55.92750146484375,0.020220190382033352,-0.17668059456499355,-0.024412336441371533
1789997418349571600,55.937571533203126,0.01963457997983553,-0.15392042460056263,0.002823370945197438
1789997418359642600,55.947642578125,0.0025059827920467055,-0.19932080186642673,0.04915666570042937
1789997418369712600,55.95771264648437,-0.030433717274603783,-0.2505071469452549,0.07935768804585755
1789997418379783700,55.96778369140625,-0.06588236900041979,-0.28429362461372243,0.004877902233499804
1789997418389853700,55.97785375976562,-0.02312370855036652,-0.31781522324460987,0.0583264082012491
1789997418399924700,55.9879248046875,0.031554738282617865,-0.3588391206156892,0.12973845407034193
1789997418409994500,55.997994384765626,0.03009013305930406,-0.3798674797683047,0.08704674749858177
1789997418420064800,56.00806469726562,-0.013997607610289679,-0.40817121247030175,0.04534169786984177
1789997418430135800,56.0181357421875,-0.050504884881846075,-0.44597454892688504,-0.05070033899264028
1789997418440205600,56.02820556640625,-0.08794511837368804,-0.4617405130836995,-0.01577622964577525
1789997418450276600,56.03827661132812,-0.04903182946582985,-0.4460964315797318,0.04114614376071784
1789997418460346600,56.0483466796875,-0.05282830135036162,-0.45472099422448203,0.06909353259763931
1789997418470417700,56.05841772460938,-0.09727959580548032,-0.49205966191067635,-0.03443705182398103
1789997418480487700,56.06848779296875,-0.07929896429566592,-0.48299595797984995,-0.02515712697513702
1789997418490558700,56.07855883789063,-0.03249429537518262,-0.3701306234798519,-0.04275927986282502
1789997418500628700,56.08862866210937,0.026494109392568455,-0.3464582508009858,-0.00280820337344171
1789997418510698500,56.098698486328125,0.01974058398479554,-0.3689688502445361,-0.07838572436903589
1789997418520769500,56.10876953125,0.013340185599269217,-0.37725238324564414,-0.14003284083251633
1789997418530839800,56.11883984375,0.0391104575996668,-0.35911521112303163,0.040705799748456076
1789997418540910800,56.12891088867188,0.09339806968787279,-0.2916187003495279,0.11717006846216138
1789997418550980600,56.13898071289063,0.11366229770058761,-0.29999905649144765,0.21760591055388112
1789997418561051600,56.1490517578125,0.08636691250756492,-0.23184842702559352,0.07752853909995704
1789997418571121700,56.15912158203125,0.11356635232716197,-0.2167243961852657,0.0023649424266561467
1789997418581192700,56.16919262695313,0.16518280390644965,-0.225595735646395,-0.028874151508080967
1789997418591262500,56.17926245117187,0.2030694294602934,-0.20021045223325065,-0.017820234167205993
1789997418601332700,56.18933276367188,0.23529358369595502,-0.1747178957202221,0.009529758821398775
1789997418611403800,56.19940380859375,0.21372054189694498,-0.11846540003690921,-0.017122286222038305
1789997418621473500,56.2094736328125,0.20683491485781602,-0.10873712180335258,0.022829354107777325
1789997418631544600,56.219544677734376,0.2275126705888875,-0.11367767598315488,-0.014910420189029723
1789997418641614600,56.22961450195312,0.24308388831670993,-0.10200530121859423,-0.06819871355334134
1789997418651685600,56.239685546875,0.23794346713251538,-0.05750741930254536,-0.0697796413819112
1789997418661755600,56.24975561523438,0.2581054822829585,-0.05980019416515886,-0.08592910458180972
1789997418671826700,56.25982666015625,0.3094530900628479,-0.05634286756285334,-0.006925101724531739
1789997418681896700,56.269896728515626,0.368771739774327,-0.006378298934138935,0.03033441838085448
1789997418691966700,56.279966796875,0.37473934299438644,0.025424391569142224,0.11811906013082762
1789997418702037500,56.29003759765625,0.34283352559952596,0.10167521450107227,0.045958534432340006
1789997418712107800,56.30010766601563,0.3762591606618596,0.13046523668761636,-0.0006705596154331727
1789997418722178800,56.3101787109375,0.3842518881616295,0.12047069554999361,0.10567886298068473
1789997418732248800,56.32024877929688,0.37503548208849696,0.18792620028390747,-0.013092376274759893
1789997418742319600,56.330319580078125,0.36169490399302784,0.22685892995133403,0.010261918892436536
1789997418752389600,56.3403896484375,0.3810958160154278,0.27469023152390615,0.055115242461362804
1789997418762459600,56.35045971679688,0.3922584047318125,0.30554278179176053,0.0779406086227145
1789997418772530400,56.36053051757813,0.4326676237112639,0.3339142407396264,0.018858409602587212
1789997418782600700,56.3706005859375,0.4078888849279633,0.3105974943451281,0.04550188380894772
1789997418792671700,56.380671630859375,0.3820513949210454,0.32242123921889637,-0.15129845519052348
1789997418802741800,56.39074169921875,0.4157987968499693,0.3236270624107073,-0.1543831803234975
1789997418812812500,56.4008125,0.42208309054406234,0.3333228770500471,-0.03567867906407259
1789997418822882600,56.410882568359376,0.32759770860183507,0.36318975344394977,-0.01964698034121264
1789997418832953600,56.42095361328125,0.30491298534998257,0.37776800930097704,-0.07250386068634812
1789997418843024000,56.43102392578125,0.29744827272644264,0.35898402530039863,-0.03249059354090315
1789997418853093600,56.44109375,0.316350114885618,0.3073522584733226,0.03960018758302509
1789997418863164700,56.45116455078125,0.2999016674835003,0.3032226137915872,-0.023635028081948634
1789997418873234700,56.46123461914063,0.2828478415436061,0.31012680929005887,-0.06562992315303136
1789997418883305500,56.47130541992188,0.24640627788141775,0.317331454043848,-0.04999869272192922
1789997418893375700,56.481375732421874,0.19755912794405153,0.3276972463654289,-0.05125379321766669
1789997418903446800,56.49144677734375,0.16633816912226398,0.28976560121417294,0.005975221110362958
1789997418913516800,56.50151684570312,0.14459517917476092,0.24477035683794157,0.027260001715079505
1789997418923587600,56.51158764648437,0.10434932283983993,0.2507989882496353,-0.0595275501182519
1789997418933657600,56.52165771484375,0.10953419763659103,0.2153165050529255,-0.020465311101257565
1789997418943727600,56.5317275390625,0.1258764127230312,0.15423909087361046,0.06158246617318323
1789997418953798700,56.54179858398437,0.1138671815535727,0.09698157389607745,0.03617917989364442
1789997418963868700,56.55186865234375,0.12824991156951854,0.06711690832832216,0.11262617415167789
1789997418973939700,56.56193969726562,0.10687261987112709,0.0620326648787729,0.16168924286731218
1789997418984009700,56.572009765625,0.04424833985420189,0.08336159564309079,0.012829319067553996
1789997418994080800,56.58208081054688,0.021391865095128207,0.05541966965668426,0.028437982649443243
1789997419004150500,56.59215063476562,0.02388882239112601,0.06370950487149078,-0.09073309953105578
1789997419014221600,56.6022216796875,0.011680299658166204,0.03859949929353155,-0.043646252568199775
1789997419024291800,56.61229174804687,0.01737416673433225,0.024223302199390364,0.0510684315327751
1789997419034361600,56.622361572265625,-0.009176923053201912,0.0032012390533035693,0.07739137353189877
1789997419044432600,56.6324326171875,-0.0212438180283568,0.0005148556930997422,-0.008268215281988595
1789997419054502700,56.64250268554687,-0.02609133419259739,-0.021758789681373174,-0.05469920639338589
1789997419064573700,56.65257373046875,-0.056960324403497735,-0.029387790406733564,-0.0675460707818145
1789997419074643700,56.66264379882813,-0.06884465788204681,-0.046110756131820495,-0.020210210364902472
1789997419084714800,56.67271484375,-0.055336369428813696,-0.045512869772365586,-0.08014658885306529
1789997419094784800,56.68278466796875,-0.08885711013588782,-0.08678796269229885,0.052716110260380346
1789997419104855800,56.69285571289063,-0.09546227468146488,-0.06618124588779278,-0.06682369995690056
1789997419114925600,56.70292553710937,-0.0639303600395066,-0.06309453321163999,0.01737106505804676
1789997419124995600,56.71299560546875,-0.13315631063927957,-0.018527622782763195,0.024707399373583194
1789997419135066600,56.72306665039063,-0.06693953668883919,-0.028281592437107535,0.001721359199828169
1789997419145136600,56.73313671875,-0.06859346102826283,-0.025576932238945516,0.020819072349018825
1789997419155207700,56.74320776367188,-0.08040126932475194,-0.07504769427235555,-0.013582140869448115
1789997419165277700,56.75327758789062,-0.052327599223926165,-0.13809363782328576,0.06041146260833447
1789997419175348700,56.7633486328125,-0.08256141064784804,-0.049982181934760866,-0.03659233136740542
1789997419185418500,56.77341845703125,-0.041242513763448785,-0.12860546518661903,0.1321129027370004
1789997419195488800,56.78348876953125,-0.036687631219915535,-0.13923453789044082,0.07596345956638152
1789997419205559800,56.793559814453126,-0.05014542128965103,-0.19036148678687123,0.1045656784810486
1789997419215629600,56.80362963867187,-0.0450883389073851,-0.17922395379428724,0.03460954333665262
1789997419225700600,56.81370068359375,-0.02936151204238823,-0.14170838589812726,0.008000356797407576
1789997419235770600,56.8237705078125,-0.03159130268190122,-0.09382034091165636,-0.04125904640613549
1789997419245841700,56.83384155273438,-0.04815720914620544,-0.05927958884417705,0.04548886525207782
1789997419255911700,56.84391162109375,-0.01998754566937377,-0.03331114695010022,-0.04695810767167007
1789997419265982700,56.853982666015625,-0.029923469825066645,-0.09532583363299447,0.00833919376168108
1789997419276052700,56.864052734375,-0.03838138458294475,-0.13928714789545302,0.06275797893667658
1789997419286122500,56.87412255859375,-0.02047630715417333,-0.09554012460739503,-0.0327128817211377
1789997419296193500,56.88419360351563,0.01785776136438087,-0.0794145218762089,0.03560205986445896
1789997419306263800,56.894263916015625,-0.017809845350292144,-0.009929690508619011,0.0513303626963913
1789997419316334800,56.9043349609375,-0.07193109088191878,0.014729401274278353,0.0057882339278747
1789997419326404600,56.91440454101563,-0.09408740891334474,0.035615758185152405,-0.027688144746349667
1789997419336475600,56.9244755859375,-0.09254611275123978,0.039408329299230105,-0.0014818712631999933
1789997419346546200,56.93454614257813,-0.08934131382783543,0.04340288127724116,0.016372312205237737
1789997419356617200,56.9446171875,-0.08125248329716642,0.04860071923784695,0.013746674065170668
1789997419366687000,56.95468701171875,-0.06957520690024821,0.015103089047638203,0.03628486773777224
1789997419376757200,56.96475732421875,-0.061277268300776365,-0.00037229909439899603,0.023755025487425724
1789997419386828300,56.974828369140624,-0.06669611238606526,-0.008561597898697808,-0.0064883584907083165
1789997419396898300,56.98489819335938,-0.051239712398313014,-0.020151560141319077,0.013936078102032219
1789997419406969000,56.99496899414063,-0.051980862193851306,-0.011245626923078508,-0.026084811452927733
1789997419417039000,57.0050390625,-0.032427493904522146,-0.0693756286815459,0.04579244201129615
1789997419427110100,57.01511010742188,-0.05573589029401064,-0.06874811226840608,-0.011308045184684465
1789997419437180200,57.02518017578125,-0.06601054527623308,-0.06690921260650587,-0.013384789056643157
1789997419447251200,57.03525122070312,-0.0358271528177471,-0.11177362007059431,0.06487830745310341
1789997419457321200,57.0453212890625,-0.017535814947269742,-0.15634314973916977,0.038319328892957465
1789997419467391200,57.05539111328125,-0.019422924326072243,-0.1622729699978033,0.019132908410313954
1789997419477462000,57.0654619140625,-0.00482756052705215,-0.12006566353025368,-0.03537402400717122
1789997419487532000,57.07553198242187,0.010188732308132262,-0.10761927713515995,-0.021397409341036504
1789997419497603000,57.08560302734375,-0.01436478340163916,-0.14734953581136617,0.01344647062865521
1789997419507673300,57.09567333984375,-0.038527683410604925,-0.17803211830930143,-0.03864436163023811
1789997419517744000,57.105744140625,0.010936609932272395,-0.18527585824661347,9.555750600334794e-05
1789997419527814100,57.115814208984375,0.025605527721307683,-0.1294624202662969,-0.0379223893549288
1789997419537884200,57.12588427734375,-0.010304308390889357,-0.0968705226789487,-0.0807147927715827
1789997419547955200,57.135955078125,-0.043890100711092006,-0.04772250182568588,-0.101518852278267
1789997419558025200,57.14602514648438,-0.03419802458591036,-0.023134606613403472,0.005702759687871047
1789997419568096300,57.15609619140625,0.007200354232317203,-0.05574816539523628,-0.03973532341354651
1789997419578166300,57.166166259765625,0.021056243805799266,-0.09198659837796042,-0.008685083101045585
1789997419588237300,57.1762373046875,-0.004616149067691793,-0.017567782389993934,-0.07407752919339983
1789997419598307000,57.18630712890625,0.043169125028525906,0.003285225339215044,-0.043158507216127545
1789997419608378000,57.19637817382812,0.039533526499405225,-0.01958893954963592,0.01815772627615824
1789997419618448400,57.20644848632813,0.010695483365832353,-0.022016494699297187,-0.0012883122984208464
1789997419628518100,57.21651806640625,0.006017689472228418,0.007350936749595341,-0.03271141505521521
1789997419638589200,57.22658911132813,-0.015333415540382134,0.058482414917586815,-0.021602845381320502
1789997419648659200,57.2366591796875,-0.017126373200465794,0.0759635671362118,0.041578948180259465
1789997419658730200,57.24673022460937,-0.027912334693288327,0.10337019421884115,0.03115281121862741
1789997419668800000,57.256800048828126,-0.01901478724432653,0.104351921749558,0.03343369799029185
1789997419678871000,57.26687109375,-0.021386502677087565,0.10394831584818659,-0.03840790855413023
1789997419688941300,57.27694140625,-0.046013745758920296,0.06217720980881964,0.013113777501943612
1789997419699012400,57.28701245117188,-0.041078593352071494,0.01986771154620308,0.05562211017572415
1789997419709082000,57.29708203125,-0.039871766804183355,-0.015487862575015925,0.16615795144999962
1789997419719152000,57.307152099609375,-0.0624378907331173,0.007666033373357852,0.09191674971668656
1789997419729223200,57.31722314453125,-0.058718009173624214,-0.036246805058218444,0.07802971983798525
1789997419739293200,57.32729321289062,-0.10189746729057696,-0.03522055840430429,-0.062113626917475344
1789997419749364200,57.3373642578125,-0.10668347745293094,-0.09011052316315751,-0.10908534466975198
1789997419759434200,57.34743432617187,-0.05688737788703626,-0.05363931560959801,-0.06619538794529392
1789997419769505300,57.35750537109375,-0.09340037038638728,-0.04517771285402624,0.07224838583860058
1789997419779575000,57.36757495117188,-0.18280399011745208,-0.12101183394456941,0.15423321502627282
1789997419789645300,57.37764526367187,-0.13400091759967434,-0.12428918856160392,0.022313735338267016
1789997419799716400,57.38771630859375,-0.11603886789536108,-0.1271336586672086,-0.042662418079960865
1789997419809786000,57.3977861328125,-0.1443841808714043,-0.20021274451520954,0.012306455351154736
1789997419819857200,57.40785717773438,-0.1447721066443004,-0.24714273094483788,0.11221406296139524
1789997419829927200,57.41792724609375,-0.16178719648869852,-0.220708380932381,-0.0009787291169413232
1789997419839998200,57.427998291015626,-0.128142549555538,-0.26710130310910707,0.009539546815191344
1789997419850068000,57.43806787109375,-0.11013297707700732,-0.2781389429842468,-0.033299601654430015
1789997419860139000,57.44813891601562,-0.09646379139747176,-0.29247854978890375,0.0036649425403015995
1789997419870209300,57.45820922851563,-0.11640774508225264,-0.31555367334467116,0.07794855739165912
1789997419880279000,57.46827905273437,-0.10033581661197015,-0.35296185207472514,0.03194517954746524
1789997419890350000,57.47835009765625,-0.13341768947874338,-0.3582318726543295,-0.027444983439114914
1789997419900420000,57.48842016601562,-0.1572155623075508,-0.354298813106588,-0.07535919729807207
1789997419910491100,57.4984912109375,-0.15914700897369782,-0.347298857858448,-0.03685779793704813
1789997419920561200,57.50856103515625,-0.12151737461282919,-0.31905070577988165,0.09104480854276631
1789997419930632200,57.51863208007813,-0.1237522299477776,-0.3467409833566632,0.08371254742779624
1789997419940702200,57.5287021484375,-0.14887417919840393,-0.3776098331051683,-0.031139040034955875
1789997419950773200,57.538773193359376,-0.06327860857984555,-0.3891191935094289,0.023821894498694332
1789997419960843000,57.54884301757812,-0.05111553377832473,-0.33404857730422277,0.004986112064209307
1789997419970913300,57.55891333007813,-0.023277743734669613,-0.3213808622958532,0.020822039246397694
1789997419980984300,57.568984375,-0.056154541397968584,-0.27955269609090566,0.15876482910945577
1789997419991054000,57.57905419921875,-0.11074379579861669,-0.18205971745440763,0.06966969884813468
1789997420001125000,57.589125,-0.10964607051137405,-0.12090972797335925,-0.06610775801065537
1789997420011195100,57.59919506835938,-0.013710209919721352,-0.07523666543618084,-0.15100126502268152
1789997420021266200,57.60926611328125,0.07298173341897808,-0.07487276418471724,0.014499846187133944
1789997420031336200,57.61933618164063,0.09827250659072825,-0.07766742803220063,0.12140964209321435
1789997420041406200,57.62940625,0.05482765121713036,-0.013068023773710892,0.05217314665113374
1789997420051477200,57.63947729492188,0.041858684667155636,0.03426252470335732,0.017855464970887077
1789997420061547300,57.64954736328125,0.14899427926510384,0.07150074721138476,-0.057519503652486675
1789997420071618000,57.6596181640625,0.21480277157517416,0.09071149556333526,-0.06014981969975342
1789997420081688000,57.66968798828125,0.20031863962710525,0.0616597592518554,0.10210604357288369
1789997420091759000,57.679759033203126,0.18108177939805212,0.1219829631782515,-0.05241136694525646
1789997420101829000,57.6898291015625,0.2459111257302012,0.13842308320195157,0.06129892799154933
1789997420111900200,57.69990014648437,0.287199745178348,0.20028117321576863,0.03696022098416547
1789997420121970200,57.70997021484375,0.2664497776229206,0.2718475196907338,-0.09156244141034606
1789997420132040200,57.720040283203126,0.281821011994382,0.2876837489689916,-0.08460106869038422
1789997420142111000,57.730111083984376,0.26668737601373077,0.2010987439011371,0.04570272687694463
1789997420152181200,57.74018115234375,0.24682737580120295,0.24108350889277058,-0.06515312858309207
1789997420162252300,57.75025219726562,0.270196912386831,0.3050090141384322,-0.1186100800514256
1789997420172322300,57.760322265625,0.25702320768301395,0.2978878927327736,0.005520154378057613
1789997420182393000,57.77039306640625,0.2458794550091595,0.3018209558130365,0.04255233829021133
1789997420192463000,57.780463134765625,0.23894410344361067,0.31255527927682936,0.011239476657597336
1789997420202533000,57.790533203125,0.2258177553173402,0.33119263171602875,-0.02983358571387001
1789997420212604200,57.80060424804688,0.24135276254466784,0.3493302602415521,-0.10198923150960172
1789997420222674200,57.81067407226563,0.2339933604646259,0.30518430277217146,0.0012582353810399807
1789997420232745200,57.8207451171875,0.21698191064170058,0.29848730630983844,0.00516602692818627
1789997420242815200,57.83081518554688,0.1899500241178309,0.30466780163737295,0.007803892773740758
1789997420252886000,57.840885986328125,0.16403621261891443,0.2922183695923263,-0.01349624380502789
1789997420262956000,57.8509560546875,0.1334436008526268,0.23936623589544467,0.008469371842576874
1789997420273027000,57.86102709960937,0.1023889896813068,0.19802379730878691,-0.03066070566749124
1789997420283097300,57.87109741210938,0.08792137262850709,0.1779276518025257,-0.004501067377906919
1789997420293167000,57.8811669921875,0.06654885806764767,0.18091778510541476,-0.05090785996647368
1789997420303238100,57.891238037109375,0.08348997358293189,0.1661098199444566,-0.06593191290462584
1789997420313308200,57.90130810546875,0.030299878876520255,0.11764674728882585,-0.05083785383470497
1789997420323379200,57.91137915039062,0.00265409813966926,0.06444586564407562,-0.03964798108151174
1789997420333449200,57.92144921875,-0.033962606007942146,0.029531738996485212,-0.09335284124870105
1789997420343519700,57.93151977539063,-0.1062444277794028,0.002192978852384455,-0.0745374138609751
1789997420353589800,57.94158984375,-0.13339098917119482,-0.031389537731179105,-0.05230013407540802
1789997420363660500,57.95166064453125,-0.1578397089040879,-0.06469826912532778,-0.009712198531450006
1789997420373730600,57.96173046875,-0.16960673210402347,-0.11842172329337342,0.030989857608508458
1789997420383800800,57.97180078125,-0.1783621901497686,-0.17273101325808637,-0.06307647835391932
1789997420393872000,57.98187182617188,-0.19943792216826067,-0.19118933610040553,0.026351860774561735
1789997420403941600,57.99194165039062,-0.2007103901265407,-0.2166196221845876,0.14258848377621672
1789997420414012700,58.0020126953125,-0.17507462891232434,-0.24324177481237427,0.1010268306103198
1789997420424082700,58.01208276367188,-0.21227099440392677,-0.33541001600030745,0.0944344315544592
1789997420434153500,58.02215356445313,-0.2283157945720594,-0.3791680306127082,0.08252585276406654
1789997420444223700,58.0322236328125,-0.22864303049389337,-0.3666738210286789,-0.06142328282304066
1789997420454293800,58.04229370117187,-0.26164905612631767,-0.32299643268955847,-0.08164145454770659
1789997420464364800,58.05236474609375,-0.2434234053672212,-0.3024272489133435,0.028698400217978207
1789997420474434600,58.0624345703125,-0.1933431432813159,-0.35710297211259023,0.04094052496033368
1789997420484505600,58.07250561523438,-0.21763343863304105,-0.38746933308429865,0.11807090020646467
1789997420494575600,58.08257568359375,-0.2525765391984736,-0.3934860137176286,0.072427696829992
1789997420504646700,58.092646728515625,-0.178164726260917,-0.39063221800397024,0.04366652221809712
1789997420514716700,58.10271655273438,-0.1058654768715869,-0.34413344872682317,0.06689295149335488
1789997420524787700,58.11278759765625,-0.12837481665697145,-0.3017517019817527,-0.051108032278995165
1789997420534857700,58.122857666015626,-0.15869678921947739,-0.37890930013698687,0.002015293936186827
1789997420544927500,58.13292749023437,-0.1532859239933999,-0.28714531215777084,-0.025596233357811873
1789997420554998500,58.14299853515625,-0.10318240435965725,-0.2174971050447858,-0.0329536955413208
1789997420565068800,58.15306884765625,-0.07017127183751078,-0.2716180698474859,0.09566637710605182
1789997420575139800,58.16313989257812,-0.015243883374243504,-0.28882419718788055,0.08049420299811512
1789997420585209600,58.17320971679688,-0.021015847127540975,-0.21415758341241273,0.01647127899864586
1789997420595280600,58.18328076171875,0.03549448940912945,-0.17233361195131663,0.05769742239983259
1789997420605350700,58.1933505859375,0.062463620440994704,-0.14063957446021316,0.08304621550516711
1789997420615420700,58.20342065429688,0.0657257048677816,-0.0981766679734498,0.02599626531136602
1789997420625491700,58.21349169921875,0.07877559761578011,-0.025421036280154713,-0.028281420649530733
1789997420635561700,58.223561767578126,0.059821323915176305,0.04318784919547456,-0.04783668634828222
1789997420645632800,58.2336328125,0.10799786096671159,0.05616602074364665,0.06568317573146167
1789997420655702500,58.24370263671875,0.15519077664986441,0.1359519761194078,-0.0028980191416562093
1789997420665773600,58.253773681640624,0.1440846127970008,0.17195125857730234,-0.05887664399307945
1789997420675843800,58.26384375,0.12642112053909121,0.1283807231111111,-0.012437702287069934
1789997420685915000,58.27391479492187,0.1882224235761472,0.10435304429492105,0.03997483049856427
1789997420695984600,58.28398461914063,0.2088254841246686,0.12970120171407792,0.04682260383729093
1789997420706054700,58.2940546875,0.18000326946925524,0.14265268583498739,0.07270151009423091
1789997420716125700,58.30412573242187,0.1884397803268885,0.1838229165774479,0.017115816038980818
1789997420726195500,58.31419555664063,0.164792622973274,0.22547515124186285,-0.042979469122296485
1789997420736266500,58.3242666015625,0.14913366267082465,0.21364875252280632,-0.09960052776931012
1789997420746336800,58.33433666992188,0.1303783695741303,0.18957366410980386,-0.09980055375759575
1789997420756407800,58.34440771484375,0.11491140775536422,0.1922379005181047,-0.06384414759444604
1789997420766477600,58.3544775390625,0.10037861397384486,0.18850166411791067,-0.1083348374016036
1789997420776547600,58.36454760742188,0.10371254369753387,0.14871479625233924,-0.003797726543750503
1789997420786618600,58.37461865234375,0.09717640300142084,0.1603212049767795,-0.013983326836259096
1789997420796688600,58.38468872070312,0.08906465771074466,0.15983928701151076,-0.04072782934763844
1789997420806759700,58.394759765625,0.06935102863685208,0.16618402685370415,-0.04859130360659303
1789997420816829700,58.40482958984375,0.08233403554564865,0.16017631174057376,-0.07954282241002146
1789997420826900700,58.41490063476562,0.02611257386868995,0.12021447880630229,-0.03452983439727318
1789997420836970500,58.424970458984376,0.005056287894088873,0.11317666138175655,-0.019208004753131253
1789997420847041500,58.43504150390625,0.004899559199818915,0.11307484536071807,-0.05725967634603603
1789997420857111800,58.44511181640625,-0.051133990966420975,0.09513724723621177,-0.032849112031224696
1789997420867181800,58.45518188476562,-0.023990389644810907,0.07283758971314933,0.012342134194723632
1789997420877252600,58.46525268554687,0.01585116767566133,0.006850051616825132,0.19964093309314224
1789997420887322600,58.475322509765626,0.015148450958395636,-0.012283048336549232,0.10397053677980087
1789997420897393700,58.4853935546875,-0.04608512332001785,-0.04354874463231476,-0.018184449931861964
1789997420907463400,58.49546337890625,-0.0880366508996389,-0.05658911418809012,-0.03994491050270484
1789997420917534500,58.50553442382813,-0.06813829354047758,-0.059073269212145375,-0.12482204862838957
1789997420927604700,58.51560473632812,-0.0609475210122557,-0.0626714757523554,0.04250926975425342
1789997420937674800,58.5256748046875,-0.10589144159837366,-0.06914855005341143,0.09573419819518605
1789997420947745500,58.53574560546875,-0.14102446912008318,-0.1120627590077696,0.05670023865040292
1789997420957815600,58.54581567382812,-0.1000960740991965,-0.11593462090366682,-0.006250782526444505
1789997420967886600,58.55588647460937,-0.1389474547119904,-0.14003015652872758,-0.008896411880317798
1789997420977956900,58.56595678710938,-0.15519350149181682,-0.18926589570120794,0.006595720203916397
1789997420988027600,58.57602758789063,-0.13180769947946966,-0.2069931554139848,0.07787142576985785
1789997420998097700,58.58609765625,-0.1284396727723201,-0.1775733215309883,-0.004172315135406974
1789997421008168700,58.59616870117188,-0.17903404058709782,-0.24182076875701883,-0.045849778685308026
1789997421018238700,58.60623876953125,-0.1299201876845066,-0.3021939643734229,0.0942187714015126
1789997421028308700,58.61630883789063,-0.12088501795360022,-0.25784185980979585,0.12366342768592127
1789997421038379800,58.6263798828125,-0.1417271439768376,-0.24803189637459222,-0.021336279884096556
1789997421048449800,58.63644970703125,-0.1585666248339588,-0.321733268851881,-0.006742848182347236
1789997421058520600,58.6465205078125,-0.2134095223295951,-0.2801958243617093,-0.05786427673453468
1789997421068590600,58.65659057617187,-0.19786482185341328,-0.21673669247365074,-0.08915128461297504
1789997421078661600,58.66666162109375,-0.13851893518899108,-0.24607549330434952,-0.0006196791996753682
1789997421088731600,58.67673168945313,-0.1524657141941498,-0.2830803283970712,0.07904912872432669
1789997421098801700,58.6868017578125,-0.12368878992336245,-0.3293368068491515,0.07575206637513159
1789997421108872700,58.696872802734376,-0.09071490964993333,-0.3143589634941988,0.0009297053357748816
1789997421118942700,58.70694262695312,-0.06753758293694105,-0.3023496236408197,-0.049796327731687
1789997421129013800,58.717013671875,-0.10435369125728035,-0.32414350139515163,-0.013816267595459645
1789997421139083500,58.72708349609375,-0.10128109742834165,-0.3414634317583702,0.007317614578986408
1789997421149154600,58.73715454101563,-0.05682027313761291,-0.3326947247300798,-0.004107650650336048
1789997421159224800,58.747224853515625,-0.06089113430904917,-0.35822855811933035,0.08633609287397499
1789997421169296000,58.7572958984375,-0.046569046513644616,-0.3880643525832607,0.07471083782447951
1789997421179365600,58.76736572265625,0.043610213559591646,-0.3829854606260359,0.22000831767990045
1789997421189435600,58.777435546875,0.037515914699251265,-0.3354022045519851,0.2092549911867339
1789997421199506700,58.78750659179688,0.008083217977316016,-0.2675502633734854,0.006900719240574397
1789997421209576700,58.79757666015625,0.061427434979982265,-0.1365586293999249,-0.15966211607788897
1789997421219647700,58.807647705078125,0.11670317521393252,-0.09628321513225156,0.024526866463790452
1789997421229717800,58.8177177734375,0.14381425485509342,-0.07889630016249714,0.08218223325170326
1789997421239788800,58.82778881835937,0.1346392595807787,0.00933655244742274,0.06789215110764119
1789997421249858600,58.83785864257813,0.1491213884529788,0.08246996707016166,0.03770182434004504
1789997421259928600,58.84792846679687,0.17891009961646573,0.1088853173429776,-0.013124637689183183
1789997421269999600,58.85799951171875,0.20708114080445092,0.1318211418055793,-0.007066640147873174
1789997421280069600,58.86806958007813,0.2404073145285908,0.19568960270400546,0.023587089635669342
1789997421290140700,58.878140625,0.2914491029184032,0.315920927611267,0.03377163518571464
1789997421300210700,58.888210693359376,0.3366901480544326,0.4078938116708118,-0.15644598911842317
1789997421310281700,58.89828173828125,0.34688105932134433,0.3943579273649201,-0.16459876035034626
1789997421320351500,58.9083515625,0.34133083343413256,0.37266668231545647,-0.1636214479249401
1789997421330421800,58.918421875,0.41532842810251425,0.39593805672846344,-0.003571899392088305
1789997421340492500,58.92849243164063,0.41078488333551894,0.42598006659832377,0.04556472889718795
1789997421350562300,58.938562255859374,0.3262512622744435,0.4397998707194842,-0.006721014279224273
1789997421360633300,58.94863330078125,0.3830970960094613,0.4606464547027537,-0.058340505907870925
1789997421370703400,58.95870336914062,0.3990481319143276,0.5092851293317643,-0.12173765931809019
1789997421380774400,58.9687744140625,0.3724353156258129,0.48412096507307384,-0.10326289539990915
1789997421390844400,58.97884448242188,0.3528905469792863,0.47296447756086296,-0.005955456931098306
1789997421400914400,58.98891455078125,0.33602633503678775,0.49844259997346474,-0.01885591112399666
1789997421410985500,58.9989853515625,0.29061753592637907,0.48127448296743297,-0.02985309890832763
1789997421421055200,59.00905517578125,0.2561428706691594,0.4443170464415768,-0.057266589086228434
1789997421431126300,59.01912622070312,0.21831100328930345,0.3673854134978249,-0.005898222992280597
1789997421441196500,59.02919653320313,0.18612062807542606,0.334441474941805,-0.015351965711378987
1789997421451267600,59.039267578125,0.12469422474791723,0.31387423465898995,-0.06355357191920762
1789997421461337300,59.04933740234375,0.08144724486241377,0.2957007293306515,-0.04776845685472526
1789997421471408400,59.059408447265625,0.014314102793824082,0.2633998165473317,-0.018450671030379135
1789997421481478400,59.069478515625,-0.0595247393121709,0.22572361949871442,-0.13124421885783202
1789997421491548400,59.07954833984375,-0.06047387501681561,0.19239755693787594,-0.11357061002222316
1789997421501619500,59.089619384765626,-0.045472416853037524,0.20719652149956969,-0.03166622076895239
1789997421511689500,59.099689453125,-0.09471689497464689,0.21023504697377346,-0.026438864377469957
1789997421521760500,59.10976049804688,-0.13413223711377525,0.10900490443614014,-0.018450422067718703
1789997421531830300,59.11983032226563,-0.11656656660229393,0.045735568970290415,0.03465701207839297
1789997421541901300,59.1299013671875,-0.11934626067682372,0.013335047637756428,0.03369923884492896
1789997421551971300,59.13997143554688,-0.11994575543957169,-0.018167088564851032,0.0510646383153277
1789997421562041600,59.15004150390625,-0.17715223501917338,-0.028450555402884534,0.03782454796978465
1789997421572112400,59.1601123046875,-0.21315779055141731,-0.08428465400711588,0.07304308089688234
1789997421582182400,59.17018237304688,-0.18785005081898415,-0.11794097780786517,-0.018597417542911086
1789997421592253400,59.18025341796875,-0.20465141473251783,-0.12630889845382803,0.013487290028468425
1789997421602323500,59.190323486328126,-0.2049843135889565,-0.1391437075979822,0.09990673945038558
1789997421612394200,59.200394287109376,-0.19943209897248382,-0.19343823029803262,0.0905325802392439
1789997421622464500,59.210464599609374,-0.25523195698496476,-0.1776993282903657,-0.07849873622385371
1789997421632534500,59.22053442382813,-0.2452117682217963,-0.19774620373443297,-0.07190304036021719
1789997421642605300,59.23060522460938,-0.2419417992766082,-0.20533042459130407,-0.03170296783065291
1789997421652675300,59.24067529296875,-0.23104474098967342,-0.27071851280762876,0.005044549070011936
1789997421662746400,59.25074633789063,-0.21589012619602813,-0.33244171347925505,0.05824022727196381
1789997421672816600,59.26081665039062,-0.2405266242829049,-0.36051309672643056,0.06497302055370315
1789997421682887400,59.27088745117187,-0.2202006741150983,-0.3602492126072413,-0.10053722015510846
1789997421692957400,59.28095751953125,-0.22942423778687443,-0.40735554158958587,0.044593047555645575
1789997421703028500,59.29102856445313,-0.25298255664423125,-0.45689108552489865,0.08637097420888258
1789997421713098500,59.30109838867188,-0.20485422062875164,-0.5164716899125013,0.036669089516221574
1789997421723168300,59.31116821289063,-0.20249906696416728,-0.5062353409810108,0.05406427382165851
1789997421733239300,59.3212392578125,-0.20901982457995852,-0.48448527562934285,0.12836523795976937
1789997421743309600,59.3313095703125,-0.20539053087085313,-0.4809467805995737,0.1228325768077726
1789997421753380600,59.34138061523438,-0.13163074057151533,-0.44445806737867677,0.05348753905590985
1789997421763450400,59.35145043945312,-0.14272601411012864,-0.38697807895581676,0.060538650008849317
1789997421773521400,59.361521484375,-0.149067338441841,-0.3910623044494235,0.11456554866375872
1789997421783591400,59.37159130859375,-0.15605630691633315,-0.33845503012606737,-0.033325775981875805
1789997421793661400,59.381661376953126,-0.1534160327095993,-0.3336333312388244,-0.017771418200020827
1789997421803732500,59.391732421875,-0.0890554731814661,-0.30397680615200934,0.060939798272219306
1789997421813802500,59.40180249023437,-0.05322544326570091,-0.2618226826967835,0.022120178645071834
1789997421823873500,59.41187353515625,-0.10887443188417563,-0.19564516129414883,-0.06245802435066741
1789997421833943300,59.421943359375,-0.0646641106305924,-0.15576099935390278,-0.05688775192079944
1789997421844014300,59.43201440429687,-0.05475887469893433,-0.10453688500486732,0.015642531078882818
1789997421854084600,59.44208471679688,-0.02445654971452272,-0.10644536299616372,0.05241435909964693
1789997421864154400,59.452154296875,-0.011938171662405407,-0.11999386061554017,0.04594656018021841
1789997421874225400,59.46222534179688,0.0173460407478314,-0.10432884683420818,0.012482119786362112
1789997421884295400,59.47229541015625,0.035471647704798326,-0.10114419517177031,0.06765967590539437
1789997421894366500,59.48236645507812,0.06836757051073225,-0.09880176633367345,0.04857564786609453
1789997421904436200,59.49243627929688,0.09285055027504198,-0.09314795961132731,0.06619869953784427
1789997421914507300,59.50250732421875,0.085684500816146,-0.052139466144438026,-0.005976393967260037
1789997421924577500,59.51257763671875,0.08519890191226244,-0.016627238929187046,-0.05934606569503648
1789997421934647300,59.52264721679688,0.08186572287329796,0.0069472361915508705,-0.07887058556711976
1789997421944718300,59.53271826171875,0.09378958142861916,-0.007829905625743361,-0.027655292800190436
1789997421954788400,59.542788330078125,0.1425782079980083,-0.0038262999592520853,-0.09602542367133626
1789997421964859400,59.552859375,0.12419633685138667,0.046815037072506206,-0.17844003377546655
1789997421974929400,59.56292944335937,0.17221710472577834,0.08543477440005362,-0.08540919491993071
1789997421985000400,59.57300048828125,0.2165426101588986,0.08241025858824286,0.025145419352340104
1789997421995070500,59.58307055664063,0.15548962117339132,0.05386207131618668,0.0231279013502993
1789997422005141500,59.5931416015625,0.140982621070637,0.05013450070525256,0.02437390954564469
1789997422015211300,59.603211181640624,0.15851720345838508,0.0776857314942033,-0.052952210172449034
1789997422025281500,59.61328149414062,0.17162108895470424,0.0544570279037831,-0.0012750876119455238
1789997422035352600,59.6233525390625,0.2325356303830132,0.060414206626118246,0.05135643505852586
1789997422045422300,59.63342236328125,0.20042871192428088,0.04280057698935575,0.0804480430829243
1789997422055493400,59.64349340820313,0.17087964008797393,0.07824409437416532,-0.060283743864021466
1789997422065563400,59.6535634765625,0.17800216830040497,0.09319047602402802,-0.06570881144287621
1789997422075634400,59.663634521484376,0.17953019519897948,0.05434733829991955,-0.017225149137422624
1789997422085704400,59.67370434570312,0.1593517538799483,0.03893315933861061,-0.11265228405432022
1789997422095774500,59.6837744140625,0.15021477130914818,0.0385975001113658,-0.14589378174231465
1789997422105845500,59.69384545898438,0.15765313945239906,0.05297490200748943,-0.05660419875851894
1789997422115915500,59.70391552734375,0.11355303583810748,0.06722111218054146,-0.006103436031870006
1789997422125986300,59.713986328125,0.09470921602371214,0.07128129607810033,-0.09268097637562733
1789997422136056300,59.72405639648437,0.04129976154714253,0.07889103191243066,-0.11360073314951924
1789997422146127400,59.73412744140625,0.03478078865878989,0.09171856447781182,-0.16123747055367327
1789997422156197400,59.744197265625,0.09898510380050908,0.04963249109641947,-0.09305260999951664
1789997422166267400,59.75426733398437,0.1136614585528207,0.027620884899049833,0.014942874343512496
1789997422176338400,59.76433837890625,0.06724475013636197,0.015284250870355153,0.046563076056487525
1789997422186408400,59.77440844726563,0.013957910349131302,0.035055413112578315,-0.013194813781046916
1789997422196479200,59.78447924804688,-0.02222866035466602,0.04763004777335018,-0.03926388207683562
1789997422206549500,59.79454956054688,0.007697216938071599,0.00025050759751691547,0.05950674005526657
1789997422216620500,59.80462060546875,0.0630120592752579,0.0024231703586258127,0.11452433736709279
1789997422226690600,59.814690673828125,0.005024991309902059,0.042316612787038854,0.040818237756267604
1789997422236760300,59.82476025390625,-0.01461497167743833,0.0716752722240421,-0.07286564465216462
1789997422246831400,59.83483129882813,0.017523603910009927,0.052496776577439855,-0.05630805537570066
1789997422256901400,59.8449013671875,0.07967105142092622,0.05906447995441904,-0.011775894742331356
1789997422266972400,59.854972412109376,0.10377827205055276,0.08101422935339597,0.07997112567393078
1789997422277042400,59.86504248046875,0.08432697089814489,0.09399841432878585,0.03790740096548506
1789997422287113500,59.875113525390624,0.10005098945064231,0.13139437601265666,-0.0835529515794339
1789997422297183500,59.88518359375,0.08768163562008967,0.1001827006488328,-0.07545288123421996
1789997422307254300,59.89525415039063,0.11237535427887087,0.12015638807761259,-0.11364209433127981
1789997422317324300,59.90532421875,0.17828731259516498,0.17197587050353338,-0.09970805130297908
1789997422327394600,59.91539453125,0.17415305038927786,0.19141419651998218,-0.042785161658740016
1789997422337465600,59.925465576171874,0.1836045717860651,0.13271189805642122,0.088378384689595
1789997422347535600,59.93553564453125,0.2062975243752989,0.15270973359898782,0.06573500005760634
1789997422357606700,59.94560668945312,0.216245984067009,0.18064229750648741,0.038010370242380825
1789997422367676400,59.95567651367188,0.1814177627173511,0.1930156955815426,-0.021893573819952498
1789997422377747500,59.96574755859375,0.15909353050654598,0.22509879248406717,-0.07505768431235842
1789997422387817700,59.97581762695312,0.19601279648581973,0.2425427345599278,-0.0658523777516409
1789997422397887500,59.98588745117188,0.18591322373898495,0.2545377384148622,0.0128574043475594
1789997422407958500,59.99595849609375,0.18343167393594548,0.28356556836616875,-0.00780545760187695
1789997422418028500,60.006028564453125,0.15403004700483944,0.32516121105508883,-0.05869635739304798
1789997422428099600,60.016099609375,0.1336989730364005,0.27523066137582297,0.02898722390541035
1789997422438169600,60.02616967773437,0.14907686740117856,0.27727873929983826,-0.07017828207950808
1789997422448240600,60.03624072265625,0.12085706455994855,0.22619721008077126,0.010640554935710256
1789997422458310700,60.046310546875,0.13299166563052273,0.21862991650493724,0.03362130040947539
1789997422468380400,60.05638037109375,0.1492515265866636,0.28470358878438257,-0.07301171205205771
1789997422478451500,60.06645141601562,0.1539217688527661,0.2538001753085799,-0.01849561515160265
1789997422488521500,60.076521484375,0.1058515772863124,0.2231046606677036,0.001818215620502723
1789997422498592500,60.08659252929687,0.08738789130912332,0.20810332979600965,0.06101169143947499
1789997422508662500,60.09666259765625,0.05465890799715577,0.224135085014134,0.047681951709419614
1789997422518733600,60.10673364257813,0.017752251963443676,0.19911233554988506,-0.012584813757626698
1789997422528803600,60.11680346679688,0.046664012492170025,0.17553898884244756,-0.017213926218025137
1789997422538873300,60.12687329101563,0.11324388293055306,0.18340013242827335,-0.025761947195918455
1789997422548944400,60.1369443359375,0.06624079321170108,0.15025940643527505,0.08491593790430971
1789997422559014700,60.1470146484375,0.0816370193325455,0.16748054091135983,0.15686589596804731
1789997422569085700,60.15708569335938,0.009674716973728873,0.20882821369161597,0.016646631776616443
1789997422579155500,60.16715551757813,-0.025085561532296227,0.11494192867128292,0.08517345282087468
1789997422589226500,60.1772265625,-0.022233804301368277,0.12699424323016253,0.02175601529896622
1789997422599296500,60.18729663085937,-0.10103710028834849,0.1276197291967249,-0.04123243668254836
1789997422609366500,60.197366455078125,-0.10209322709939347,0.11303109094700438,-0.06778328981540394
1789997422619437600,60.2074375,-0.04851559953416031,0.13868154742965835,-0.0689782395827472
1789997422629507600,60.21750756835937,-0.054241440643633426,0.09250641695548212,0.04289251597969512
1789997422639578600,60.22757861328125,-0.07155094563612506,0.04249176313499021,0.1734806790415832
1789997422649648400,60.2376484375,-0.11566675287671235,0.009988912496026235,0.0889967803909509
1789997422659719400,60.24771948242188,-0.20623012640296448,-0.023730799212644357,-0.018760732801175524
1789997422669789400,60.25778955078125,-0.20868210553943412,0.008070126025759235,-0.1526001378759871
1789997422679859700,60.26785961914062,-0.1356374265550376,0.032225913172043645,-0.07782074078709734
1789997422689930500,60.27793041992187,-0.20376996153722443,0.03945025874007465,-0.002160333927312098
1789997422700000500,60.28800048828125,-0.21196154733609937,0.0008485128828217296,0.08922326791566047
1789997422710071600,60.29807153320313,-0.15659198278253125,-0.033261367384779875,0.08578262500924938
1789997422720141600,60.3081416015625,-0.10633539287073017,-0.05518693711443129,0.05122767659288439
1789997422730212400,60.31821240234375,-0.1516490150504099,-0.09024317072446748,0.04616150118975164
1789997422740282600,60.32828271484375,-0.1686089806081186,-0.10364323824988417,0.05792925202296303
1789997422750352600,60.3383525390625,-0.11562079711421741,-0.07783246733495315,0.053951874071513424
1789997422760423700,60.34842358398438,-0.1438924320237489,-0.09376029671089627,0.05760402848905631
1789997422770493400,60.35849340820312,-0.17479452622547947,-0.0722553901284309,-0.016275246088683616
1789997422780564500,60.368564453125,-0.15147093017555643,-0.0864467368311337,-0.057176617871868916
1789997422790634800,60.378634765625,-0.1357151280511684,-0.05874677104108861,-0.10172307888317579
1789997422800705500,60.38870556640625,-0.1223356504404269,0.015827272214002847,-0.20241189655750177
1789997422810775600,60.39877563476563,-0.11979209223895729,-0.00615635748351633,-0.04763026643332138
1789997422820845600,60.40884545898437,-0.14693480759459876,-0.016933466962221665,-0.10970305721134298
1789997422830916600,60.41891650390625,-0.18399539429252879,-0.030799685384460925,-0.11557294886136232
1789997422840986400,60.428986328125,-0.11941402653975187,-0.04639839273799267,-0.05813823457282863
1789997422851057400,60.43905737304687,-0.07202951532794351,-0.06108663839115806,0.017425491470314455
1789997422861127700,60.44912768554688,-0.03363353407302057,-0.08183279976058538,0.03402562654365141
1789997422871198700,60.45919873046875,-0.06769533964663785,-0.0856846618208818,0.020868151242869306
1789997422881268500,60.4692685546875,-0.09722645233251795,-0.05503725006951232,-0.017689556126469802
1789997422891338500,60.47933837890625,-0.04928540859699992,-0.06461735298909364,0.04091138537050982
1789997422901409500,60.48940942382813,-0.04032164593166725,-0.04705825589239811,0.0003827742248449719
1789997422911479600,60.4994794921875,-0.043148300350770996,-0.030459197463693972,-0.022746787301212424
1789997422921550600,60.50955053710938,-0.06372972772961336,-0.020814191395351542,0.0410678041879543
1789997422931620600,60.51962060546875,-0.029448667305669498,0.006099408963961707,0.01946902166021745
1789997422941691600,60.52969165039063,0.007386902787559103,-0.02854570637292304,0.14886960337796434
1789997422951761400,60.53976147460938,-0.024659648322055503,0.021907443126620456,0.08003589686631696
1789997422961831700,60.549831787109376,-0.07652419770561807,0.011436684157849519,0.06938560391447246
1789997422971902700,60.55990283203125,-0.07870472609220272,0.042719271567018206,-0.048315016775094824
1789997422981972500,60.56997241210937,-0.10575291926494243,0.029038983716598334,-0.040189149131742916
1789997422992043500,60.58004345703125,-0.10746158904794159,0.018621630582724598,-0.01975829448229243
1789997423002113500,60.59011352539063,-0.09786532663030366,0.0014627292952717151,-0.023980635663143023
1789997423012184600,60.6001845703125,-0.10705431493714206,-0.035122956208468406,0.01736233427765903
1789997423022254600,60.61025463867188,-0.1230424268507056,-0.04855437086361738,-0.01727438877191412
1789997423032324600,60.62032470703125,-0.1536255668693493,-0.09657771016582624,0.0029318934549032384
1789997423042395600,60.63039575195312,-0.15871972864236922,-0.1303124000727336,0.07740232345509876
1789997423052465400,60.64046533203125,-0.1526754820427698,-0.16817700992505374,0.05897872501102747
1789997423062536400,60.65053637695313,-0.17571998989100004,-0.18642632864928574,0.044289107958260826
1789997423072606500,60.6606064453125,-0.16305570904523978,-0.16103842216144593,0.1354773144824199
1789997423082677500,60.670677490234375,-0.16669760330944278,-0.1442928166127728,0.12458828600049988
1789997423092747500,60.68074755859375,-0.20700261770464834,-0.16042269545577273,0.07607504675861176
1789997423102817500,60.69081762695313,-0.23019297378979384,-0.18863190810873406,0.05323642852908278
1789997423112888600,60.700888671875,-0.20805286817940796,-0.20973871485116402,0.011294877182546313
1789997423122958600,60.71095849609375,-0.18541784889455493,-0.20172250402609138,-0.05297815446839456
1789997423133029400,60.721029296875,-0.21031743053240257,-0.2167418791038054,0.02731559080481821
1789997423143099600,60.731099609375,-0.2072590866290327,-0.17064972884601903,-0.09763025129567968
1789997423153170700,60.74117065429687,-0.17920775263914981,-0.1983503499059766,-0.07156144348904005
1789997423163240400,60.751240478515626,-0.11472673035242442,-0.21726350986047044,-0.03528924191808521
1789997423173310500,60.761310546875,-0.1501056941626769,-0.2519969272260776,0.08558296045371072
1789997423183381500,60.77138159179688,-0.19964679994843593,-0.267863956467748,0.09669475499087803
1789997423193451500,60.78145141601563,-0.16558181546272438,-0.2942274400283438,0.08522796837077734
1789997423203522600,60.7915224609375,-0.1909876935861647,-0.3130485305300604,0.00869445069385098
1789997423213592600,60.80159252929688,-0.2109246540032506,-0.35719656185559984,-0.10412007323123297
1789997423223663600,60.81166357421875,-0.19433721527575362,-0.4234475910784517,-0.006998714701426561
1789997423233733600,60.82173364257813,-0.18360355670250322,-0.41350769721690356,-0.09676521800084399
1789997423243803400,60.83180346679688,-0.16238802197858973,-0.4174020663837389,-0.15712429957365004
1789997423253874400,60.84187451171875,-0.19129561985664992,-0.4200271747733999,-0.008509045267813686
1789997423263944700,60.85194482421875,-0.20817143257927617,-0.38994399548184877,-0.007421323315885123
1789997423274015500,60.862015380859376,-0.17599804058575702,-0.4015606193309085,0.011237947671709537
1789997423284085500,60.87208544921875,-0.12340127131452193,-0.42658148434895377,0.09615608120831333
1789997423294156500,60.882156494140624,-0.1316851471542615,-0.4121709841774515,0.0998451417290841
1789997423304226600,60.8922265625,-0.12128590658032354,-0.3872533609622469,0.04242938541232233
1789997423314296600,60.902296630859375,-0.07047881359780037,-0.3342252826969604,0.0419888486832057
1789997423324367600,60.91236767578125,-0.07343484910234052,-0.25108174064851035,-0.06455553471725896
1789997423334437600,60.92243774414062,-0.057864363145291656,-0.2144033820203998,-0.06506645733096526
1789997423344508200,60.93250805664063,-0.046884447838989804,-0.1812355512557039,-0.011877915633152826
1789997423354578000,60.942577880859375,0.009155512989032055,-0.1444713356427037,-0.05907611947548425
1789997423364649000,60.95264892578125,0.02025012475698106,-0.12223070836561258,0.005140137281698499
1789997423374719200,60.96271923828125,0.043201689703896415,-0.08075054920618356,-0.06852699324314883
1789997423384789200,60.97278930664063,0.04260338213515088,-0.05482406302210947,-0.07853779664663053
1789997423394860000,60.98286010742188,0.07854940548152403,-0.015342566148933218,-0.0028794572264391437
1789997423404930000,60.992929931640624,0.0772455761970868,-0.024038440809575436,0.13809918105312718
1789997423415001000,61.0030009765625,0.10185214840037118,0.008488181593376748,-0.01489436077369751
1789997423425071400,61.0130712890625,0.12054114211765095,0.06900056589027449,-0.11907175541290518
1789997423435142100,61.02314208984375,0.18209695791101674,0.11758086925913125,-0.14249870077748486
1789997423445212200,61.03321215820313,0.22029290460331252,0.16581733027343384,-0.09872340545385094
1789997423455282200,61.0432822265625,0.2071884350871342,0.2233526272826659,-0.11843865065416827
1789997423465353000,61.05335302734375,0.2115463653317997,0.20312083274130016,0.026335470902337173
1789997423475423000,61.06342309570312,0.2253900192983685,0.22939211940734444,0.0021931678644122477
1789997423485494000,61.07349389648437,0.25128393743994365,0.35205053542281994,-0.1962530449892143
1789997423495564300,61.08356420898438,0.27186372480925025,0.33487035230138135,-0.04856507298427811
1789997423505635000,61.09363500976563,0.22066334881014654,0.25944697603621153,-0.029662607183547622
1789997423515705000,61.103705078125,0.24869491647139969,0.2669412377858134,-0.15307278485648204
1789997423525775000,61.11377514648437,0.27733285085006687,0.24155618035968116,0.07792164382270024
1789997423535846100,61.12384619140625,0.23024482964954368,0.24449395647214006,0.09722494807293994
1789997423545916200,61.13391625976563,0.19719671516753023,0.2842426184315039,0.023687020568782968
1789997423555987200,61.1439873046875,0.16928400093026955,0.3061342088875148,-0.026996959746116746
1789997423566057200,61.15405712890625,0.1447973000440195,0.24955472087488276,-0.01335005079142043
1789997423576128300,61.164128173828125,0.1156365297827388,0.2594018644261658,-0.0879715077315545
1789997423586198000,61.17419799804688,0.10360915882144406,0.2526264291474917,-0.029820495117673172
1789997423596268300,61.18426831054688,0.09795939856939585,0.2315461334897216,-0.06615753469410145
1789997423606339300,61.19433935546875,0.10034462003273978,0.19474772779516875,-0.09716172333005475
1789997423616409000,61.2044091796875,0.07127266477528395,0.07273611834211047,0.04216189031791375
1789997423626480000,61.214480224609375,0.05024063070686941,0.023609378074144226,0.03375980038381104
1789997423636550100,61.22455004882813,-0.022267336115414628,-0.03008034554028224,0.04677275295156746
1789997423646621200,61.23462109375,-0.07084936046182955,-0.08071473180828997,0.007514058773449374
1789997423656691200,61.244691162109376,-0.05221134907940903,-0.15787317740294027,-0.015217787175764393
1789997423666761200,61.25476123046875,-0.03650874423889473,-0.24287035319089445,0.09219847037634994
1789997423676832300,61.264832275390624,-0.05868316984447615,-0.27981951488046863,0.1440685499535347
1789997423686902000,61.27490209960938,-0.10924505187510228,-0.29672469907198046,0.07107552623696843
1789997423696973000,61.28497314453125,-0.11870580069671093,-0.3415148675231863,0.052701439470943696
1789997423707043000,61.29504296875,-0.1306984091877137,-0.37034244035985014,0.04878202616247225
1789997423717114000,61.30511401367188,-0.15177752225337687,-0.32237863948924694,-0.005778800698642649
1789997423727184100,61.31518408203125,-0.1335159359450785,-0.33928172634614256,0.06523218507104307
1789997423737254100,61.32525415039063,-0.15725602454362259,-0.33656714636631224,-0.015734838684605013
1789997423747325200,61.3353251953125,-0.14845224598114046,-0.334969936381006,-0.057714609110261286
1789997423757395000,61.34539501953125,-0.16147452932562498,-0.3363455239448469,0.0044890327377253075
1789997423767466000,61.355466064453125,-0.09347237131537142,-0.31506180613552703,-0.037265203319846285
1789997423777536300,61.36553637695312,-0.07378633855246433,-0.40224608927735767,0.05899047045557442
1789997423787607300,61.37560717773437,-0.06754494452281111,-0.41365316162091736,0.07419982116990514
1789997423797677000,61.38567700195313,-0.0548160653921537,-0.3828108847624096,0.05198554937209352
1789997423807747000,61.3957470703125,-0.05970569021377623,-0.3386568811330894,0.06187174695768222
1789997423817818000,61.405818115234375,-0.07792287310645327,-0.2776206113485987,-0.009570851086633294
1789997423827888000,61.41588818359375,-0.0742911552926881,-0.23010813758723314,-0.05560417584062406
1789997423837959200,61.42595922851562,-0.022949807271497088,-0.19910331360487457,-0.06279418001738314
1789997423848029200,61.436029296875,0.04688984364536571,-0.18044628717358138,-0.039325840239295355
1789997423858099200,61.44609912109375,0.04817951801327349,-0.1371792427496164,0.10175001684893399
1789997423868170000,61.456169921875,0.04882980786006456,-0.1558166477550518,0.1427947700263112
1789997423878240000,61.46623999023438,0.06644821088669922,-0.13362290411869676,-0.04849971967085841
1789997423888311000,61.47631103515625,0.09210793138116664,-0.1143213723809641,-0.062362694720419845
1789997423898381300,61.48638134765625,0.16696861563750356,-0.12091723343008019,0.053482603553737844
1789997423908452000,61.4964521484375,0.16548984377170511,-0.07945309670810845,0.017877007658571795
1789997423918522000,61.50652221679688,0.16887580662013027,-0.1018269572363079,0.01444839374138557
1789997423928592100,61.51659204101563,0.18365100526954717,-0.07490440921137785,-0.03862201222243716
1789997423938663200,61.5266630859375,0.18860161662994995,-0.04345688781284074,-0.07698639604829711
1789997423948733200,61.53673315429688,0.24017694636981898,-0.03399895399674413,-0.08099904999556343
1789997423958804200,61.54680419921875,0.2510974195469257,-0.020472954149504986,0.023550841594107835
1789997423968874200,61.55687426757813,0.18720345830275045,0.01654111581596558,-0.07095299798893574
1789997423978945000,61.566945068359374,0.17477793527067662,0.04961297418517026,-0.18264687155432519
1789997423989015000,61.57701513671875,0.22723225866787844,0.014794773259171605,-0.09357238635614532
1789997423999085300,61.587085205078125,0.24544785157287077,0.019883845710970686,-0.07416043320958751
1789997424009156400,61.59715625,0.2919600711878402,0.03455696376716535,-0.06652481502487355
1789997424019226000,61.60722607421875,0.2754854916482756,0.0862067774028519,-0.014991542670386973
1789997424029297200,61.61729711914062,0.26136246107458394,0.13483060306372588,-0.11743404336651592
1789997424039367200,61.6273671875,0.28423444210566157,0.133489889590133,0.006549423251714852
1789997424049438200,61.63743823242187,0.33116251227636545,0.1930670558720096,-0.02910403608879325
1789997424059508000,61.64750805664063,0.3262784793067961,0.27815559907992754,-0.09893287668899405
1789997424069578200,61.657578125,0.3503468800100296,0.28637467366253466,-0.02933724160077518
1789997424079649300,61.66764916992187,0.36400012159413375,0.34462364884205526,-0.14365781242693068
1789997424089719000,61.67771899414063,0.3451656689074345,0.34726724238815254,-0.08217752923720373
1789997424099790000,61.6877900390625,0.38896843758621436,0.3678254095569267,-0.0006180227043915763
1789997424109860000,61.697860107421874,0.39433538758437425,0.4103996417341979,-0.033240793645635584
1789997424119931100,61.70793115234375,0.388310371327517,0.42797531286965107,0.03015921908628338
1789997424130001200,61.71800122070312,0.3822637373198266,0.47874603556162076,0.014655575582920903
1789997424140071200,61.7280712890625,0.3486400424874557,0.5072193047778982,-0.028713909442051447
1789997424150142200,61.73814208984375,0.3325967415024415,0.5075680847328882,-0.016252679636656938
1789997424160212000,61.7482119140625,0.3031463950627896,0.5152618299998255,-0.06663579236408897
1789997424170283000,61.75828295898437,0.29914670380105884,0.4856086244133204,-0.044121481716396314
1789997424180353300,61.76835327148437,0.30765774024257553,0.4683820439436176,0.038458415257124755
1789997424190424300,61.77842431640625,0.32167271071614184,0.48493966013537215,0.11996285842585566
1789997424200494000,61.788494140625,0.2857358720523473,0.4210767540787065,0.15630353409749534
1789997424210564000,61.79856420898437,0.18422913479188535,0.38766438675415676,0.046433512136262
1789997424220635100,61.80863525390625,0.15636065460123927,0.34122351182353,-0.14942018781361258
1789997424230705000,61.81870483398438,0.1595412279771344,0.28678882799625144,-0.2914142780359743
1789997424240776000,61.82877587890625,0.18446101163403048,0.27459277544471006,-0.21052789307821163
1789997424250846200,61.83884619140625,0.1562768946922523,0.27232400705596094,-0.09819460430801592
1789997424260917200,61.84891723632813,0.10921200329958086,0.15249180014385755,0.16693970595632787
1789997424270987000,61.85898706054687,0.1454578615739634,0.179228222468294,0.10004228778994616
1789997424281057000,61.86905712890625,0.1560031065588217,0.23661829258725015,-0.08221211617029892
1789997424291128000,61.87912817382813,0.08380316291848976,0.17228287879117116,-0.04113504913122858
1789997424301198300,61.8891982421875,0.03625929304460977,0.12760708415270716,0.04760471262700145
1789997424311269000,61.89926904296875,0.08115500077524693,0.14529995249633576,-0.0836593692579781
1789997424321339100,61.90933911132812,0.13021939281652403,0.09282908818437334,-0.0012588539165285031
1789997424331409200,61.9194091796875,0.15436119025327272,0.15070277925763234,-0.020655226339178923
1789997424341480000,61.92947998046875,0.09004246652512349,0.20401319168091236,-0.11732482132887159
1789997424351550500,61.939550537109376,0.08237061509853724,0.23437596968239624,-0.13547777030519573
1789997424361621500,61.94962158203125,0.07530212356410489,0.2337822647012873,-0.008273105619583308
1789997424371691500,61.95969140625,0.13379807963935073,0.2723755740776211,0.029188308093257734
1789997424381762600,61.969762451171874,0.07446377569947606,0.219562940548883,0.26606349137184343
1789997424391832300,61.97983227539063,0.02293773952440068,0.18350980683938645,0.13693904733867213
1789997424401902300,61.98990234375,0.08284608300944891,0.19876856044135757,-0.06088945886044624
1789997424411973400,61.99997338867188,0.1834824454338467,0.24566790341329703,-0.11897048355556544
1789997424422043400,62.01004345703125,0.18302665418226388,0.2066771662779413,-0.14834136694722727
1789997424432114400,62.02011450195312,0.04112839233484256,0.25345275369178766,-0.1157755364179943
1789997424442184400,62.03018432617188,0.010890561536953093,0.26405893775560285,0.03002847013698771
1789997424452255500,62.04025537109375,0.019838644121345655,0.31456607604823167,-0.07775690835455253
1789997424462325200,62.0503251953125,0.018624988005596792,0.3654221514834052,-0.299431075685322
1789997424472395500,62.0603955078125,0.022501060725044507,0.2935235705493809,-0.17805787681487475
1789997424482466600,62.07046655273437,0.012417689957898478,0.30501939707471654,-0.06457716256713597
1789997424492536300,62.08053637695313,0.05676507375603799,0.2804156487742418,0.18756794138210148
1789997424502607400,62.090607421875,0.17266479814899158,0.2788243808019912,0.31914761114434853
1789997424512677400,62.100677490234375,0.12212218776214805,0.3941922458878765,0.006100151287336086
1789997424522748400,62.11074853515625,0.05263821442643834,0.4153885591784817,-0.05145983575012842
1789997424532818400,62.120818359375,0.04395968664473224,0.34474975681048337,0.08460478512023935
1789997424542888400,62.13088842773438,0.06951391274387221,0.33426300165368444,0.11881507006129009
1789997424552959500,62.14095947265625,0.1351317436196607,0.3582110648382146,0.1454181243430658
1789997424563029500,62.151029541015625,0.09466039543914305,0.3574275824495882,0.14021012490335474
1789997424573100300,62.16110034179688,0.02422198714760285,0.343059630785699,0.1648995687822918
1789997424583170300,62.17117041015625,0.006212475763324008,0.3718227015137118,0.155708771964387
1789997424593240600,62.181240478515626,0.0822831536636854,0.4656951007716638,0.03825381732863395
1789997424603311400,62.19131127929688,0.05864310307540802,0.4923887990958698,-0.047396028364042754
1789997424613381400,62.20138134765625,-0.016305428040074694,0.41946630304094057,0.0957066323851103
1789997424623452400,62.21145239257813,-0.03454445110573128,0.36846674085933145,0.23058306945268495
1789997424633522400,62.2215224609375,0.011305246720453363,0.3710451843745905,0.18391756807179982
1789997424643593200,62.23159326171875,0.0737320588650554,0.4317517750271136,-0.04657718059725647
1789997424653663500,62.24166357421875,-0.007231369364176648,0.351051102828976,0.018357294387824453
1789997424663733500,62.2517333984375,-0.04707539546490311,0.25808968663604137,0.044074274450623
1789997424673804500,62.261804443359374,-0.04721163588560909,0.2801302017127208,0.06184032258967119
1789997424683874300,62.27187426757813,-0.029038621440983365,0.2399253705590449,0.10808863149267904
1789997424693945300,62.2819453125,-0.08145252972259755,0.17850488688302563,0.06743365102737807
1789997424704015600,62.292015625,-0.13211679385274186,0.10714781614550643,0.10821106975088272
1789997424714086700,62.30208666992188,-0.1791689474262648,0.09639987564786526,0.08861294913984867
1789997424724156400,62.31215649414062,-0.2017357410585334,0.0007043367963239161,0.2130935494585919
1789997424734226400,62.32222631835938,-0.23685968576659905,-0.04303371805273946,0.18044144545712074
1789997424744297500,62.33229736328125,-0.265408001202823,-0.10371390374094547,0.11185347606918955
1789997424754367200,62.3423671875,-0.25115026001651986,-0.1586417209705815,0.17820113641703292
1789997424764438300,62.35243823242188,-0.19675065139994538,-0.14387939539961697,0.2121716375815602
1789997424774508500,62.36250854492187,-0.2183279978211057,-0.1700077844558636,0.16000088970517728
1789997424784578300,62.37257836914063,-0.2614001424980078,-0.18849793810144158,0.0677463473430285
1789997424794649300,62.3826494140625,-0.23410667787150505,-0.18717515713586624,0.03041760168663139
1789997424804719400,62.39271923828125,-0.1880671832403189,-0.12718947543273376,-0.07607585952841404
1789997424814790400,62.40279028320312,-0.2196093268116855,-0.1109357115245066,-0.004585755071700528
1789997424824860400,62.4128603515625,-0.211308393216967,-0.10877590083895346,0.06053253496710868
1789997424834931500,62.42293139648437,-0.1765965435541382,-0.08722771501119153,-0.03109783382367785
1789997424845001500,62.43300146484375,-0.1326727608859274,-0.04331798900666874,-0.0202004811668798
1789997424855071200,62.4430712890625,-0.1313483836435722,-0.014884669146866246,0.027591452709192804
1789997424865142300,62.45314233398437,-0.142913491512088,-0.02261590092675336,0.03245429230208737
1789997424875212500,62.46321264648437,-0.08978824819071622,-0.009605034463949114,0.06700969664496041
1789997424885283600,62.47328369140625,-0.03729406600389338,0.05920447026496848,0.054940144220279485
1789997424895353300,62.483353271484376,-0.04787152600968114,0.08585421013761589,0.028301540961262372
1789997424905424400,62.49342431640625,-0.06143411932739899,0.11311845870075321,-0.002869116682759539
1789997424915494400,62.50349438476562,-0.02837327238634088,0.09696961358302104,0.017136014493008018
1789997424925564400,62.513564453125,-0.017767802110066833,0.09527639569552943,-0.0687656785780111
1789997424935635500,62.52363549804687,0.01573821440768731,0.11156888663191118,-0.08736451799928907
1789997424945705500,62.53370556640625,0.049292030808081116,0.13122287527498552,-0.001426562580243431
1789997424955776500,62.54377661132813,0.0005157561422988487,0.18086358921463097,0.04349938878599936
1789997424965846300,62.55384619140625,-0.04803062738995331,0.19080232423276855,-0.046923283493511256
1789997424975916300,62.56391625976563,-0.05616203928371188,0.23173564843184224,-0.11767551577004218
1789997424985987300,62.5739873046875,-0.07130557978442896,0.2697022130098204,-0.12459561266399573
1789997424996057600,62.5840576171875,-0.08374801214899762,0.30907512522663894,-0.1835589243978236
1789997425006128400,62.59412841796875,-0.07384027213713588,0.26638526798765727,-0.15582902412800953
1789997425016198400,62.60419848632812,-0.09085132434918114,0.23051207427700213,-0.010287385694947937
1789997425026269400,62.61426953125,-0.03412131885683818,0.28249198413846954,-0.09658179075228827
1789997425036339500,62.62433935546875,-0.03429346785865893,0.23032541455894057,-0.01988335586324713
1789997425046409500,62.63440942382813,-0.06699647422559278,0.16633864022079486,0.14793986285063757
1789997425056480500,62.64448046875,-0.07279814276173653,0.19302758008232715,0.05678614932379877
1789997425066550500,62.65455053710937,-0.09583886468009316,0.20758500097054436,-0.04723755458349713
1789997425076621600,62.66462158203125,-0.13327801760593477,0.16235840765678317,-0.014324894556283496
1789997425086691300,62.67469140625,-0.12824223629077863,0.05651262187176131,0.10936731876136396
1789997425096762400,62.68476245117188,-0.1273862512042621,0.053676368019333766,-0.06323022080742983
1789997425106832400,62.694832275390624,-0.1798036520738945,0.008431390159844437,-0.05474986356812589
1789997425116902400,62.70490234375,-0.18504186975148673,0.025431462944723204,-0.0630332914939345
1789997425126973400,62.71497338867187,-0.17337703454582182,-0.006147892383159857,-0.0738761546398188
1789997425137043500,62.72504345703125,-0.16504835333446247,-0.12338125204423943,0.049973766494549675
1789997425147114500,62.73511450195313,-0.20190281765904208,-0.21957287867879113,0.08983501536443457
1789997425157184300,62.745184326171874,-0.1876772405798462,-0.19967408386215652,0.008490674540528405
1789997425167254500,62.75525463867187,-0.19069588188941503,-0.25041344505882707,0.15680123112153088
1789997425177325600,62.76532568359375,-0.21350617792420887,-0.36050308160185196,0.23611038755041813
1789997425187395300,62.77539526367188,-0.23131671557106676,-0.3157891401749432,0.12755781104044764
1789997425197466400,62.78546630859375,-0.2460799899833013,-0.2649852652719665,0.024339148074427927
1789997425207536400,62.79553637695312,-0.20594208886169213,-0.2961725869384035,-0.06835181958223904
1789997425217607400,62.805607421875,-0.23389750342544877,-0.2943386698046105,-0.017939426707156224
1789997425227677400,62.81567749023438,-0.23573526533410732,-0.23410430372868873,0.09632568179220502
1789997425237747500,62.82574755859375,-0.2337197308785973,-0.18231279261580471,0.02658584271527206
1789997425247818500,62.83581860351563,-0.2832471689473911,-0.2083022957280641,0.027866572561738842
1789997425257888300,62.84588818359375,-0.285006348110833,-0.20548366602675625,0.03825251664612642
1789997425267959300,62.85595922851562,-0.21323363459781738,-0.1802135227062488,0.10313564019703769
1789997425278029600,62.86602954101563,-0.1657845681090462,-0.16478113742645337,0.12295622706201338
1789997425288100600,62.8761005859375,-0.194369820736539,-0.15742956727185087,0.04557086424422356
1789997425298170400,62.88617041015625,-0.160876633088888,-0.18742930703373342,0.0745753822811735
1789997425308240400,62.89624047851562,-0.1403905614332081,-0.18530505492323485,0.09219945821876462
1789997425318311400,62.9063115234375,-0.1083682628053075,-0.21671152103033076,0.12835978309798
1789997425328381400,62.91638134765625,-0.10304220866370306,-0.19229045688838228,0.0369872842860979
1789997425338452200,62.9264521484375,-0.11198830420068877,-0.18143618172965115,0.09609252010500384
1789997425348522500,62.9365224609375,-0.06293098856340368,-0.15670915952886358,0.08335610840020682
1789997425358592500,62.94659252929687,-0.08190009547207626,-0.16143415856816956,0.07193877975996121
1789997425368663600,62.95666357421875,-0.10047126647194653,-0.1411191318021972,-0.0492775650447511
1789997425378733300,62.9667333984375,-0.09159384537316062,-0.11498361090719307,-0.13032859220639706
1789997425388804400,62.97680444335938,-0.0678949936941653,-0.07074447838824058,-0.10163320603193801
1789997425398874600,62.98687451171875,-0.015946348222037235,-0.055106504132966055,-0.013731729519590778
1789997425408945700,62.99694555664063,-0.034621410384805006,-0.060864164610057635,0.11579763263956157
1789997425419015400,63.00701538085937,-0.041362866341122094,-0.05285833269106538,0.09100791835615386
1789997425429085400,63.01708544921875,0.004184083466363628,-0.023441644424975535,0.007196980100100184
1789997425439156500,63.02715649414063,0.007867062112740018,-0.013047659004098823,0.03646047235845159
1789997425449226500,63.0372265625,-0.012897554278620047,0.002288532540522705,0.008057523910483777
1789997425459297500,63.04729760742188,-0.03762933654381361,-0.001160849792767122,0.03709109142963025
1789997425469367600,63.05736743164063,-0.016141370746128893,-0.007862520253123126,-0.02324790900928617
1789997425479438600,63.0674384765625,-0.02392420464734429,-0.010634258000697361,-0.09278903681376913
1789997425489508400,63.07750830078125,-0.016129886124116335,-0.015291858817774125,-0.055115359745738675
1789997425499578400,63.08757836914062,-0.0020223920228852215,-0.012639127454663604,0.06911752915342403
1789997425509649400,63.0976494140625,0.020758467055947343,-0.011206848935991727,0.10248886794018443
1789997425519719700,63.1077197265625,0.020038905627881826,-0.04754014604478704,0.07061418170082442
1789997425529790500,63.11779052734375,-0.029034580299082784,-0.05565518700706402,-0.05714854796114748
1789997425539860500,63.127860595703126,-0.04893214343775963,-0.03330317345465983,-0.05796372530736051
1789997425549930500,63.13793041992187,-0.06402900787392067,-0.03933526163045085,-0.07053040348319752
1789997425560001500,63.14800146484375,-0.04303822156461345,-0.07417842804465109,-0.11664432349866417
1789997425570071600,63.15807153320313,-0.018474652888893942,-0.118049735117365,-0.06579372174797789
1789997425580142600,63.168142578125,-0.04062668178482209,-0.13514723959949212,-0.12070706304714476
1789997425590212600,63.178212646484376,-0.01188036579681676,-0.14816378220424584,-0.10933892151955442
1789997425600283400,63.188283447265626,-0.03111585747889835,-0.1822104911083274,0.060421842647436476
1789997425610353400,63.198353515625,-0.025068979375174726,-0.19518072335044875,-0.011742601913085095
1789997425620423700,63.20842358398438,-0.043474977198655965,-0.22494132752940002,-0.0770765449121017
1789997425630494700,63.21849462890625,-0.055199926040339624,-0.21965914439039086,-0.10185089800103451
1789997425640564500,63.228564453125,-0.06255738480063955,-0.18228618564017754,-0.09653361280882004
1789997425650635500,63.23863549804688,-0.01581318979493723,-0.2046355473708482,-0.057109322705258106
1789997425660705500,63.24870556640625,0.01695646054762086,-0.22615769923999954,-0.05678997887614636
1789997425670776600,63.25877661132812,0.025542451034776634,-0.26020382073707193,0.09457210605323838
1789997425680846300,63.26884643554688,0.06880554644396898,-0.2254540587805857,0.09455980092147827
1789997425690916600,63.27891650390625,0.031858994593122615,-0.1727239934602673,-0.06068635437945342
1789997425700987600,63.288987548828125,0.01121899386898626,-0.12213849303371149,-0.0798440632104832
1789997425711057400,63.29905737304688,0.027035260483408867,-0.11483155250539517,-0.0714756106786608
1789997425721128400,63.30912841796875,0.02629027103556458,-0.1361159922752092,-0.052301225356365194
1789997425731198500,63.319198486328126,0.04401938339065189,-0.1349812063392884,-0.028180273480526572
1789997425741268500,63.3292685546875,0.04763111110378952,-0.13236970394590647,0.04633836571259285
1789997425751339500,63.339339599609374,0.03888114075355803,-0.13148060984959073,0.08558498109424907
1789997425761409500,63.34940942382813,0.009646798697366102,-0.11454691298151491,0.005831107360055869
1789997425771480600,63.35948046875,0.04084732677480145,-0.02607340282497335,-0.0750890904172762
1789997425781550300,63.36955029296875,0.12145674988902451,0.0416961728196208,-0.18065206598528785
1789997425791621400,63.37962133789063,0.12477202625889065,0.022125666187012324,-0.022870547803431337
1789997425801691600,63.389691650390624,0.09957324110746901,0.0312054877464343,0.07845554332791296
1789997425811761700,63.39976171875,0.103750348090244,0.07741904811010349,0.09912557395762289
1789997425821832400,63.40983251953125,0.1489817710218532,0.1766385538862644,-0.029392292979061155
1789997425831902500,63.41990234375,0.18950673079345812,0.23040910260115421,-0.09798756586445505
1789997425841973500,63.42997338867188,0.23367865566551219,0.217551994983966,-0.10052411879872775
1789997425852043300,63.44004321289062,0.29407849693408955,0.1992586465501897,-0.007818865343482041
1789997425862113500,63.45011352539063,0.3205188008075237,0.27158462706254155,0.021900032763428473
1789997425872184600,63.4601845703125,0.3259645603336072,0.3520080710467291,-0.0168527010851479
1789997425882254600,63.47025463867188,0.3133073654071333,0.38170415188262824,-0.060696139904238444
1789997425892325400,63.480325439453125,0.3213109681763024,0.3848709419670635,-0.06215159890413697
1789997425902395400,63.4903955078125,0.3525091697794498,0.36058095347542723,-0.001043054993891478
1789997425912465700,63.50046557617188,0.34359645305068326,0.3561839247931389,0.08099650590998433
1789997425922536700,63.51053662109375,0.321913933074518,0.37000732007064496,0.033962170242182836
1789997425932606500,63.5206064453125,0.3263280597892791,0.39759836460944414,0.008800965490776332
1789997425942677500,63.530677490234375,0.35473613378174207,0.4095485083388868,-0.0241864627282374
1789997425952747500,63.54074755859375,0.3423408546967895,0.4082744331788427,0.0276198805117699
1789997425962818300,63.550818359375,0.31337222449000307,0.4469138102851837,-0.04521262084525327
1789997425972888600,63.560888671875,0.2969697805779291,0.45048111527742135,-0.054585521167543734
1789997425982958600,63.57095849609375,0.3052024576810479,0.43971596652203665,-0.02844536862066437
1789997425993029600,63.58102954101562,0.292539595208228,0.428093698792164,-0.01392527196914721
1789997426003099400,63.59109936523438,0.2636174105820133,0.42611389158988144,-0.04057571550636054
1789997426013170400,63.60117041015625,0.2848039483706805,0.4268494309741344,0.0015942518493476663
1789997426023240400,63.611240478515626,0.24061677535173398,0.47043622029810067,-0.046000065334535975
1789997426033311500,63.6213115234375,0.1863380500489031,0.42863591009431345,-0.03884233981475696
1789997426043381500,63.63138159179688,0.18854987699447995,0.3961765352909479,-0.0732018058957431
1789997426053451500,63.64145141601563,0.18146792481717067,0.34381929047669285,-0.08542343577521076
1789997426063522600,63.6515224609375,0.15335911471403668,0.3215726118597236,-0.1525187760643718
1789997426073592300,63.66159228515625,0.14678298988523059,0.3213718882938667,-0.09356919672400907
1789997426083663400,63.671663330078125,0.1258411330931372,0.33771690896604206,-0.10285944562189932
1789997426093733600,63.68173364257812,0.09139194030194032,0.30766610874040434,-0.020509652102086235
1789997426103803400,63.69180346679688,0.0373700077177371,0.29207349618725587,-0.026012332644898984
1789997426113874400,63.70187451171875,0.013480258695053508,0.22747608729415517,0.03257997865263066
1789997426123944400,63.7119443359375,0.025732741509047436,0.17191590254269287,0.0936069584216098
1789997426134015500,63.722015380859375,0.05383615807324838,0.15537381333701508,0.08707210560329551
1789997426144085500,63.73208544921875,-0.01320824687436062,0.1733727985214402,0.09080629613551731
1789997426154155500,63.74215551757813,-0.03368951397662641,0.19384537714967967,0.06633566987056304
1789997426164226600,63.7522265625,-0.03158150013826534,0.18556333253329135,-0.020561024441848413
1789997426174296600,63.762296630859375,-0.07082556788612311,0.16807570180438708,-0.07139336555626773
1789997426184367400,63.77236743164063,-0.1037007589747503,0.20248942962578664,-0.1626967157814234
1789997426194437400,63.78243725585938,-0.07172851832774016,0.279146158950212,-0.22682192701512247
1789997426204508400,63.79250830078125,-0.08171852052009833,0.26980652900251434,-0.06112911941518406
1789997426214578400,63.80257836914063,-0.0436744519922309,0.1940937791719711,0.016975591215854603
1789997426224648400,63.8126484375,-0.06436231023676227,0.1315218978482798,0.06903465861161381
1789997426234719500,63.822719482421874,-0.059528407943949195,0.11385864358299003,0.049363849373809054
1789997426244789500,63.83278955078125,-0.09125243096808229,0.08295166979115744,0.09544337598109166
1789997426254860300,63.8428603515625,-0.12208516975134175,0.03762991873891583,0.04962401485744482
1789997426264930600,63.8529306640625,-0.11936587819394204,0.0012340518487775401,0.11230844738493502
1789997426275001600,63.86300170898438,-0.10520642948482888,-2.016794380765951e-05,0.1228181757666945
1789997426285071600,63.87307153320312,-0.11727938191440174,0.05014246441371166,-0.08199901223115988
1789997426295141400,63.88314135742188,-0.1539906011472332,0.011550786292949764,-0.0693557668975353
1789997426305212400,63.89321240234375,-0.1342355336883653,-0.022391541599279682,-0.04054397038232559
1789997426315282700,63.90328271484375,-0.08172285543606346,0.010669691240747575,-0.06433590676950124
1789997426325353500,63.913353515625,-0.1098802312098637,0.040526379591531395,0.05171142872904566
1789997426335423500,63.92342358398437,-0.09524861532583595,-0.059555682414495915,0.18021563344444091
1789997426345493800,63.93349365234375,-0.1871365734349149,-0.10454084278389211,0.049931767308806156
1789997426355564800,63.94356469726562,-0.17306228708831148,-0.10573107376229958,-0.029067877036461527
1789997426365634600,63.953634521484375,-0.11414531135892847,-0.09031039095753222,-0.06355712803662589
1789997426375705600,63.96370556640625,-0.13315625883387258,-0.09386456485628954,-0.01313566373110032
1789997426385775900,63.97377587890625,-0.132051843325195,-0.07126236433268936,0.016509317312484024
1789997426395846000,63.98384594726563,-0.1469884298872279,-0.10941603576972342,0.013052400814339601
1789997426405916700,63.99391674804688,-0.1401765689860328,-0.135230833159522,-0.04266698423714739
1789997426415986700,64.00398657226563,-0.17153984305650608,-0.0789041273589279,-0.06131365408206963
1789997426426057700,64.0140576171875,-0.17569766917525678,-0.05071527302376906,-0.08361082705396448
1789997426436128000,64.0241279296875,-0.17837791469700517,-0.04639913233445313,-0.07911869873695097
1789997426446198800,64.03419873046874,-0.13919119491100185,-0.09709212508844396,0.0133729148700648
1789997426456268800,64.04426879882813,-0.11136494454729029,-0.11541080030405006,0.00720028907611806
1789997426466338800,64.0543388671875,-0.1454053560002519,-0.13470210040215708,0.0708442863483111
1789997426476409900,64.06440991210937,-0.22421174513715533,-0.15548528156362829,0.13384700997186746
1789997426486480000,64.07447998046875,-0.24650594395674236,-0.15589789401352383,0.016256072754024808
1789997426496551000,64.08455102539062,-0.21233923531257232,-0.16421732955636406,-0.07953012139810567
1789997426506621000,64.09462084960937,-0.1761754994555186,-0.13542783453547155,-0.042866560806217736
1789997426516690700,64.10469067382813,-0.15377821294983154,-0.13985896774411072,0.037892550512564474
1789997426526761700,64.11476171875,-0.11749004978599412,-0.15536880238604822,0.11029457214660772
1789997426536831700,64.12483178710937,-0.12969080456147977,-0.15916431324715596,0.1322326454309575
1789997426546902800,64.13490283203124,-0.091856353554471,-0.15006377088662018,-0.0114308223110093
1789997426556972800,64.14497290039063,-0.09040281447501296,-0.12506067404160587,-0.14002812926519592
1789997426567043800,64.1550439453125,-0.03968974111153366,-0.07184834361604624,-0.023339254553524376
1789997426577113900,64.16511376953125,0.01176064029784689,-0.04945540189325023,0.1698471347054778
1789997426587183600,64.17518359375,-0.001608396304387216,-0.0053454999048642565,0.1345538828192006
1789997426597254700,64.18525463867188,0.0377927921306236,0.04904608128936151,0.04554648345227891
1789997426607325000,64.19532495117187,-0.02205247821975173,0.09635883469230436,0.020434255572586046
1789997426617396000,64.20539599609376,-0.033096343278988666,0.09110992415412567,-0.0025793993696899818
1789997426627465700,64.2154658203125,-0.00848923613808091,0.10959691974166864,-0.036912253363815206
1789997426637535700,64.22553564453125,-0.0024791695060083587,0.09173623078238288,-0.009075092397731894
1789997426647606800,64.23560668945312,0.020641385508044344,0.13805827151148142,-0.12565320556866663
1789997426657676800,64.2456767578125,-0.004320094815100778,0.12855002053471865,-0.019073233530360317
1789997426667747800,64.25574780273438,0.0068581662363451906,0.11395962688384263,0.04864059881970054
1789997426677817900,64.26581787109374,-0.007393345118960671,0.07588418124539544,0.03879532123051842
1789997426687889000,64.27588891601563,-0.044683499428772165,0.02914328775464591,-0.02973192816548303
1789997426697958700,64.28595874023438,-0.05375959692322603,0.004054227991734315,-0.05831684906131132
1789997426708028700,64.29602856445312,-0.084303591657468,-0.00602882388523513,-0.0068660052986345395
1789997426718099700,64.306099609375,-0.06499838756412761,-0.016004329952152854,0.047001175330922795
1789997426728169700,64.31616967773438,-0.10142724261826379,-0.03994827035820402,0.11022896606085145
1789997426738240800,64.32624072265625,-0.1361551191929402,-0.0702370753949896,0.043096117578637266
1789997426748310800,64.33631079101562,-0.12401264645571031,-0.1014356437490129,-0.004699617800337612
1789997426758380800,64.346380859375,-0.11786633427766066,-0.10508639628183003,0.010232751564431175
1789997426768451600,64.35645166015625,-0.13080787025387114,-0.11297316514490233,0.027463961218573484
1789997426778521900,64.36652197265624,-0.09429872284022163,-0.16015605786210982,0.07415060250088708
1789997426788593000,64.37659301757813,-0.09606591950358946,-0.18593680219439018,0.061952391153155956
1789997426798663000,64.38666284179688,-0.09450003277687806,-0.20777855101930118,0.045174085685709686
1789997426808733700,64.39673364257813,-0.11786584683636978,-0.22487434870075948,0.06608854309309739
1789997426818803700,64.4068037109375,-0.12825085113618853,-0.2048024434828986,0.07801798173783131
1789997426828874000,64.4168740234375,-0.12702460226224288,-0.19879825002230697,0.07342089223717224
1789997426838945000,64.42694506835937,-0.0355317412972771,-0.1937600086211443,0.01586904607001622
1789997426849014800,64.43701489257812,-0.012293229313105947,-0.1497508794344089,-0.04830803331419372
1789997426859085800,64.4470859375,-0.020539955626868802,-0.11159223737963346,-0.04288535160165148
1789997426869155800,64.45715576171875,0.0002050795827664524,-0.07798663242940276,0.009810635818974896
1789997426879225900,64.46722583007812,-0.005950045344928343,-0.05105640231763136,0.08685364843639169
1789997426889297000,64.477296875,-0.022911361394706745,-0.0068172568421378844,0.0695389481339994
1789997426899367000,64.48736694335938,-0.038183262936458295,0.06031669081636337,-0.048806108495299275
1789997426909438000,64.49743798828125,0.0032060835208915814,0.08913216328062425,-0.06792604600175228
1789997426919507700,64.5075078125,0.03666786461824323,0.10755597129481673,-0.07324472142007708
1789997426929577700,64.51757763671876,0.11595034156785937,0.1470676105736012,-0.10692524804986805
1789997426939648800,64.52764868164063,0.13072218332456031,0.12713329204893442,0.15269404425147165
1789997426949718800,64.53771875,0.09676389857434071,0.12834948695364037,0.17074696383339935
1789997426959789800,64.54778979492187,0.01803102490002906,0.22419435233220353,-0.0459297805511591
1789997426969859800,64.55785986328125,0.03908670669905888,0.2794954294091089,-0.110117194662004
1789997426979931000,64.56793090820312,0.09979825311115288,0.2450717491227869,-0.06026518906563849
1789997426990000600,64.57800073242187,0.1509881177045801,0.26965869929655784,-0.051901382043747064
1789997427000071000,64.58807080078125,0.0956027718200979,0.314014592778937,-0.021988157858151912
1789997427010142000,64.59814184570313,0.13901604485254504,0.30377322798833317,0.04196905931753859
1789997427020211700,64.60821166992187,0.15072104986882678,0.33803384739064035,-0.09791246076098459
1789997427030282800,64.61828271484374,0.14018775322345797,0.325287899867395,-0.1602720948369585
1789997427040352800,64.62835278320313,0.10064495492576604,0.1745608526857858,0.06583763675530044
1789997427050422800,64.6384228515625,0.017029242943697214,0.12658807439030406,0.05260538015207393
1789997427060493800,64.64849389648438,-0.006861552250377889,0.19172597926660173,-0.07227128478013463
1789997427070563800,64.65856372070313,0.04116139689753869,0.1533386960557315,-0.01746744393660887
1789997427080635000,64.668634765625,-0.02146677101676598,0.12207489373462574,-0.06948643125956418
1789997427090704600,64.67870458984375,-0.06678390946690724,0.09642007583529316,-0.19495377939282058
1789997427100775700,64.68877563476562,-0.06861814036726198,0.03620882552127415,-0.0496841554101611
1789997427110845700,64.698845703125,-0.09744206409483991,-0.028902712547189183,0.00801869630394753
1789997427120916000,64.708916015625,-0.09734997553860299,-0.07501139715637319,-0.01986207885587355
1789997427130986800,64.71898681640624,-0.09440293163733343,-0.14956176511578656,0.06598086288512807
1789997427141056800,64.72905688476563,-0.12364676342516487,-0.18068554352385932,0.08336142518680141
1789997427151127800,64.7391279296875,-0.13612654546989703,-0.1641787216851033,-0.06354772401206175
1789997427161197800,64.74919775390624,-0.15776467683027373,-0.20793190631026517,-0.12112768401709943
1789997427171267800,64.75926782226563,-0.1542926007029843,-0.24125023246927021,-0.12942508942217873
1789997427181339000,64.7693388671875,-0.17535688244771952,-0.26083732664494597,-0.07469783344901063
1789997427191409000,64.77940893554687,-0.15627423746499894,-0.29592180480118735,0.05228776452137203
1789997427201480000,64.78947998046876,-0.14470287438358906,-0.3281209606848035,0.10841145559749676
1789997427211549700,64.7995498046875,-0.10648306125226287,-0.3041333338722968,-0.0071742143749528005
1789997427221620700,64.80962084960937,-0.10081072852632363,-0.3174299238243667,-0.024658561503605615
1789997427231691000,64.81969091796876,-0.1026487001873016,-0.30963500877158623,-0.03508423139160381
1789997427241760800,64.8297607421875,-0.08587879767431447,-0.29919939706844983,-0.05278681006429072
1789997427251831800,64.83983178710938,-0.15030757424029426,-0.31010905531532534,-0.1057562619883672
1789997427261901800,64.84990185546874,-0.11849183735164846,-0.32233548473834917,-0.19054429784199756
1789997427271972900,64.85997290039063,-0.022920010211687186,-0.302306231872772,-0.11888798305225362
1789997427282042600,64.87004272460938,0.028933329966342902,-0.2963531662248447,0.060413978669921424
1789997427292113000,64.88011279296875,0.035011396207519016,-0.3104295363164725,0.1781236978254182
1789997427302184000,64.89018383789063,-0.004929742392193798,-0.25933468158335526,0.0901189888222861
1789997427312253700,64.90025366210938,-0.018137396288638596,-0.2276234360539795,0.058725837741772674
1789997427322324700,64.91032470703125,0.062011998539511524,-0.16708455147130094,0.017914398834420992
1789997427332394800,64.92039477539062,0.11597330730360299,-0.07875963450009654,-0.008364520698663693
1789997427342464800,64.93046484375,0.1202915644681282,-0.07670907254711648,0.04462632213331388
1789997427352536000,64.9405361328125,0.12870812387069647,-0.034757567380077,-0.02649266644792583
1789997427362606000,64.95060620117188,0.19326661326155178,0.01993534547573766,-0.04657903466900436
1789997427372677000,64.96067700195313,0.22533421321448288,0.05689746295696924,0.03687081177190896
1789997427382747000,64.97074682617188,0.2325119796574869,0.08475241193554967,0.004081817389473452
1789997427392818000,64.98081787109375,0.2046522531951825,0.11990260247457597,0.0069766289987495496
1789997427402888000,64.99088793945313,0.23001039502023096,0.1503348864700169,-0.014629785932038135
1789997427412958000,65.0009580078125,0.25930788616399614,0.21904701038396426,0.0032738954157684316
1789997427423029000,65.01102905273437,0.2658552420273309,0.2541913964904661,0.12276681812129388
1789997427433099000,65.02109912109376,0.27844048698889073,0.2543915009951405,0.10272362137456369
1789997427443170000,65.03117016601563,0.27331711900210603,0.34171236374998987,-0.0836243455773534
1789997427453239800,65.04123974609375,0.34443441744348263,0.3701335649338701,-8.402109684870106e-05
1789997427463310000,65.05131005859376,0.3767016599907495,0.41527493510219227,-0.07775579508865828
1789997427473381000,65.06138110351563,0.30077823875125453,0.4358913925241436,-0.1043465193834948
1789997427483451000,65.07145092773438,0.2959806038893437,0.4047623157528063,-0.044865899507519236
1789997427493522000,65.08152197265625,0.33402820590362586,0.39299230871357216,0.011189226097159034
1789997427503592000,65.09159204101563,0.30563532894319273,0.4029076682784757,-0.01605671688445368
1789997427513662200,65.101662109375,0.2874459730718887,0.42103823687987935,-0.020456446692903432
1789997427523733000,65.11173291015625,0.3915287078613802,0.42195568555038593,0.03310167986037532
1789997427533803000,65.12180297851563,0.403780134518783,0.4124294581341251,-0.008321069211635264
1789997427543874000,65.1318740234375,0.38116482271271085,0.4249005084446902,-0.06391973405015572
1789997427553944000,65.14194409179687,0.37215022259500347,0.4484261016345859,-0.03504990027932542
1789997427564014800,65.15201489257812,0.34196650281521196,0.45956132180083825,0.0050477467919266975
1789997427574085000,65.16208520507813,0.3347372010805532,0.46069492257512273,-0.09306671109756373
1789997427584155100,65.17215502929687,0.4078304454129604,0.48772698138675474,-0.15841409444647894
1789997427594226000,65.18222583007812,0.4169087364102295,0.5251502299345918,-0.06760668654592288
1789997427604296000,65.1922958984375,0.3858746361594124,0.5499830629516708,0.01300722271438684
1789997427614367000,65.20236694335938,0.4034204507585,0.581607362193339,-0.0445658188847484
1789997427624437000,65.21243701171875,0.39116888291574853,0.6473229291757597,-0.1308621919285455
1789997427634507000,65.22250708007813,0.32795953727368465,0.6988075321492591,-0.14570663456152333
1789997427644578000,65.232578125,0.3196495306119352,0.7201550981798169,-0.05892004114820328
1789997427654648000,65.24264794921875,0.28675616101736945,0.7043476654240463,0.08902850295914162
1789997427664719000,65.25271899414062,0.26160390620077917,0.6893235848904748,0.02572666010859354
1789997427674788900,65.26278881835937,0.2854409028865348,0.6538864587074495,0.025096619393174223
1789997427684860000,65.27285986328125,0.22027344324427905,0.6726770110808267,-0.04198230636485623
1789997427694930200,65.28293017578125,0.18329862617801318,0.6507382792111701,-0.03134582246929311
1789997427705000000,65.293,0.11067323729829695,0.621949269149698,0.01616558471940846
1789997427715071000,65.30307104492188,0.11018150808217181,0.55324032456789,0.056671871149458694
1789997427725141000,65.31314111328125,0.13207896032213468,0.5027902499070155,0.0643114155991493
1789997427735212000,65.3232119140625,0.10633470246319243,0.46791600834325764,0.04158178145574615
1789997427745282000,65.33328198242188,-0.008405847070836216,0.4265499802266577,0.04171346645619907
1789997427755352000,65.34335205078125,-0.04848119878345337,0.3577996253377216,0.13401341585955026
1789997427765423000,65.35342309570312,0.013185281104259894,0.3197119444764569,0.06013323684328527
1789997427775492900,65.36349291992188,-0.0787542737081423,0.255614927207987,-0.02607314221293207
1789997427785564000,65.37356396484375,-0.14733385995506945,0.17614805811657022,0.051527249789587455
1789997427795634000,65.38363403320312,-0.15919589821951496,0.1454710571697899,0.08031964466743853
1789997427805705000,65.393705078125,-0.1975762976722797,0.12709354436468664,-0.006209630685798143
1789997427815775000,65.40377490234376,-0.22383383577975402,0.08073769999557902,0.06477471340586698
1789997427825845000,65.41384497070312,-0.24891759965417545,0.037735409573049356,0.10737705955545764
1789997427835916000,65.423916015625,-0.26927442706045446,-0.02824139105556453,0.052898217380557715
1789997427845985800,65.43398583984376,-0.3837691090072623,-0.041181423713671984,0.022531551228239726
1789997427856056800,65.44405688476563,-0.3633624352260925,-0.062016379377981525,0.07154284756281049
1789997427866127000,65.45412719726562,-0.3047551564587439,-0.11235716326028027,0.13894635658799087
1789997427876197000,65.46419702148438,-0.3356127197412762,-0.17838412189671832,0.14168474417945123
1789997427886268000,65.47426782226563,-0.39181494083612134,-0.1666822281596908,0.1241863947607515
1789997427896338000,65.484337890625,-0.4710570704513548,-0.12856002947521103,-0.0003835364972164484
1789997427906409000,65.49440893554687,-0.461926022371399,-0.17103958230764044,-0.03415554556036548
1789997427916479200,65.50447924804688,-0.41155404445965393,-0.23663103025950613,-0.019155947763425676
1789997427926549000,65.51454907226562,-0.3930943729079659,-0.3041066141298986,-0.08344744125555244
1789997427936620000,65.5246201171875,-0.40430559877986433,-0.3242788312466882,-0.01750697429213952
1789997427946690000,65.53468994140626,-0.3908085191756338,-0.28322238658693205,-0.041398156950322916
1789997427956760800,65.5447607421875,-0.3447855327208852,-0.30889337932898325,0.08358260304929262
1789997427966830800,65.55483081054687,-0.35035059991806333,-0.3648838670727113,0.17546188608935098
1789997427976902000,65.56490185546875,-0.3387290668928523,-0.3493870698099772,0.09123357191365426
1789997427986972200,65.57497216796875,-0.290166973656713,-0.31112649157993993,0.05865415126403746
1789997427997042000,65.5850419921875,-0.2871751102605803,-0.2997189119064227,0.027241453095182774
1789997428007113000,65.59511303710937,-0.23819229015591545,-0.3312484247527622,0.009278357645931126
1789997428017183000,65.60518286132813,-0.18673797158295863,-0.2686685430868031,-0.043115966671547615
1789997428027254000,65.61525390625,-0.1635120789787249,-0.2118697673106671,-0.004716192083620873
1789997428037324000,65.62532397460937,-0.16409672026718256,-0.17143196564379104,-0.051179356757444006
1789997428047394000,65.63539404296876,-0.17910560824509536,-0.15423854080785776,-0.009329069015543964
1789997428057465000,65.64546508789063,-0.18516712107937952,-0.1649304087834458,0.01576305087022947
1789997428067534800,65.65553491210937,-0.19192857845807385,-0.14158883781828938,0.008124200507766731
1789997428077606000,65.66560595703125,-0.1507267302458773,-0.10484157542665544,0.04034852389379545
1789997428087676200,65.67567626953125,-0.1377391061260834,-0.04127812087859055,0.07162162238887168
1789997428097747200,65.68574731445312,-0.12659771239450254,-0.03880166535474038,0.0746965269613755
1789997428107817000,65.69581689453125,-0.12421273121944422,-0.04552005542978099,0.047590838933580105
1789997428117887000,65.70588696289063,-0.11080180892280818,-0.009033905026507512,0.05134388659579992
1789997428127958000,65.7159580078125,-0.0974219874779271,0.01661553309364603,0.03600612525086122
1789997428138028000,65.72602807617187,-0.08771557686312925,0.048197570995128766,-0.003230430088401212
1789997428148099000,65.73609912109374,-0.11111082778013634,0.02267403572011089,-0.009863144512235819
1789997428158169000,65.74616918945313,-0.10040587120104273,0.029879235166871656,-0.04528066038270339
1789997428168239000,65.75623901367187,-0.10733132400450437,0.04984161523106755,-0.04380167577729206
1789997428178310000,65.76630981445312,-0.1215465548362882,-0.0310278613084685,0.12173402245180713
1789997428188380000,65.7763798828125,-0.14256631065859598,-0.007409866211252459,0.1005570795724932
1789997428198451000,65.78645092773438,-0.09967505192436328,-0.02775898585952579,0.14994854866577678
1789997428208521000,65.79652099609375,-0.07347465789970142,-0.01698088459427471,0.06079402577924896
1789997428218592000,65.80659204101562,-0.049146341297245974,-0.003893045538920783,-0.04462482537498959
1789997428228662000,65.816662109375,-0.02719389011907653,0.007890558650422808,-0.02406014628550858
1789997428238732000,65.82673193359375,-0.039684904549385974,-0.03720237821245014,0.016316100780382325
1789997428248802800,65.836802734375,-0.04820404942377278,-0.1236737978863103,0.024728829823027022
1789997428258873000,65.846873046875,-0.11385793124840607,-0.21808642337997425,0.10536135552740097
1789997428268944100,65.85694409179688,-0.19408618109428083,-0.26505159512949444,0.048652708782113474
1789997428279014100,65.86701416015624,-0.21926856147618362,-0.3530866433192011,0.11404454604468783
1789997428289084000,65.877083984375,-0.26596880054649424,-0.47345113373428743,0.1220410521245417
1789997428299155000,65.88715502929688,-0.246661847648783,-0.5182183074189521,-0.019042384858309034
1789997428309225000,65.89722485351562,-0.22709139038083065,-0.513400303528847,0.04517240520889664
1789997428319296000,65.9072958984375,-0.2309553420291023,-0.4767817328063541,0.07545214292051894
1789997428329366000,65.91736596679688,-0.20853846003892917,-0.4501578907244591,0.09111832767615191
1789997428339437000,65.92743701171875,-0.19618321044545053,-0.4440876113849977,0.10055419736000529
1789997428349506800,65.9375068359375,-0.19111417111779216,-0.4536815909923629,0.07523245245279601
1789997428359576800,65.94757690429688,-0.16591598941508956,-0.4133067145236961,-0.09636699988593941
1789997428369647900,65.95764794921875,-0.10806614719675468,-0.353634096754281,-0.05636055482318554
1789997428379718000,65.9677177734375,-0.08007080116513998,-0.29551625883705185,-0.018144728556289135
1789997428389789000,65.97778881835937,-0.05951512250252018,-0.26945088082177315,-0.042653836573002986
1789997428399859000,65.98785888671875,0.012293535525135662,-0.23733618684462768,0.019708462601141424
1789997428409928700,65.9979287109375,0.045359269618228844,-0.18145974072644833,0.019577558850944494
1789997428419999700,66.00799975585937,0.09688804217234931,-0.13176408404725268,0.002623007653732766
1789997428430070000,66.01807006835938,0.12539595048150148,-0.0719792185435074,-0.016396623687681165
1789997428440141000,66.02814111328125,0.17718601082058003,-0.03402790800073954,-0.02873609930062683
1789997428450210800,66.0382109375,0.3005601886726853,0.08940975912020019,-0.09005848850620315
1789997428460281900,66.04828173828125,0.3462339774011837,0.1987844590638185,-0.015940881610915877
1789997428470352000,66.05835180664063,0.35160966255357,0.2752162675347243,-0.08331290751416506
1789997428480422000,66.068421875,0.3643766405520481,0.2883596080590269,-0.07739493065509308
1789997428490493000,66.07849291992187,0.4187928076831954,0.3350313021220254,-0.07798415970428889
1789997428500563000,66.08856298828125,0.4699208920555023,0.42341694689017045,-0.08206095758832697
1789997428510634000,66.09863403320313,0.47278717744457477,0.5190901518703371,-0.032794093151631225
1789997428520703700,66.10870385742187,0.4648561841224584,0.5693691305745733,0.016448557247717294
1789997428530773800,66.11877368164062,0.43926807255041433,0.5950418375075109,-0.029356443980023853
1789997428540844800,66.1288447265625,0.45603640462224976,0.6385723446105992,-0.09086911595780198
1789997428550914800,66.13891479492187,0.43004664190645653,0.6825788462934784,-0.13986768894596452
1789997428560985900,66.14898583984375,0.4173286539382479,0.6975409537830259,-0.1501630076467831
1789997428571055900,66.15905590820313,0.3950633584503645,0.7035552604559662,-0.12213125407965787
1789997428581127000,66.169126953125,0.35909346765992034,0.64991642374664,-0.05802648199747739
1789997428591196700,66.17919677734375,0.36473761275638883,0.6354112676800726,-0.04668634282977845
1789997428601267000,66.18926684570313,0.3462176601075853,0.6306846239934584,-0.02988921179205979
1789997428611338000,66.199337890625,0.30334643157905905,0.6152961006893574,-0.08727495800380249
1789997428621408000,66.20940795898437,0.25439598696073973,0.5614680506562714,-0.059096666297456586
1789997428631478800,66.21947875976562,0.23915585378664186,0.5118452032213766,0.04054029707420515
1789997428641548800,66.229548828125,0.20012742859567967,0.43671448774291793,0.01736619786917105
1789997428651619000,66.239619140625,0.1793538396857643,0.3917745046203597,0.02641537805090476
1789997428661689900,66.24968994140625,0.15778684961682912,0.36578458513984063,0.050234089885552544
1789997428671760000,66.259759765625,0.12773040290069648,0.30657212135711315,0.10428167532443243
1789997428681831000,66.26983081054688,0.06573541348486979,0.25037005296628984,0.06503087884491353
1789997428691901000,66.27990087890625,0.02826096267936819,0.21911770367295308,-0.05931159546149054
1789997428701971700,66.2899716796875,-0.016109058844014,0.19024900454596289,-0.12689572690557335
1789997428712041700,66.30004174804688,-0.012820615306832518,0.15347585462714777,-0.008492458031778803
1789997428722112000,66.31011206054687,-0.03271324847166944,0.16258274514682475,0.0042474059188046314
1789997428732183000,66.32018310546874,-0.1084044247761646,0.09183227538614405,0.07402743364843219
1789997428742252800,66.33025268554688,-0.09696723963508515,0.03988448444147619,0.08787510841169634
1789997428752323800,66.34032373046875,-0.04657162332444128,0.05068973157716263,0.1293180909023532
1789997428762393900,66.35039379882812,-0.09708109085408664,0.0775765431049369,0.028838408954318655
1789997428772463900,66.3604638671875,-0.13028313885975387,0.05148258934178876,0.03872625901746242
1789997428782535000,66.37053491210938,-0.1208826446758462,0.04908009135331231,0.10276575955745454
1789997428792605000,66.38060498046875,-0.0591092882274947,0.04671452160253575,0.0666322345601055
1789997428802676000,66.39067602539062,-0.04087696794856109,0.03569946495399192,0.08484545102707113
1789997428812745700,66.40074584960938,-0.024471033902075643,0.0583714639921524,0.13090021541167676
1789997428822816800,66.41081665039063,-0.04228784363774373,0.1006053226768092,0.06572080583530267
1789997428832887000,66.42088696289062,-0.05942401764172178,0.07063002874048721,0.0682906170135692
1789997428842956800,66.43095678710938,-0.07849566182817555,0.03035670323895758,0.07966030989034785
1789997428853027800,66.44102783203125,-0.097002613852155,0.051699324829473835,0.05097445767240003
1789997428863097900,66.45109790039062,-0.12296415323128365,0.04448475270729374,0.07822631668129235
1789997428873169000,66.4611689453125,-0.0943344273961936,0.03979603600043842,0.03382970816813213
1789997428883239000,66.47123901367188,-0.07549498207859914,0.003295018866078844,0.05802207209377806
1789997428893309000,66.48130883789062,0.009865100563394116,-0.02935907801008342,0.11590053215019044
1789997428903380000,66.4913798828125,-0.030667889599456235,0.023913780753840173,0.10971108870843782
1789997428913449700,66.50144970703126,-0.10163168565948676,0.11387404792801564,0.0649437575878976
1789997428923520800,66.51152075195313,-0.11741720712158642,0.17601471578498903,0.04358854362333745
1789997428933590800,66.5215908203125,-0.10760697560712167,0.19118621643007205,0.000914526693743291
1789997428943661800,66.53166186523437,-0.08682599701820969,0.1527741064955326,0.048822460410297634
1789997428953731800,66.54173193359375,-0.10379382983442838,0.1559883634795076,0.0556042137139412
1789997428963801900,66.5518017578125,-0.07161337040895127,0.13192230055300924,0.07421033583730578
1789997428973873000,66.56187280273437,-0.035489298327503895,0.09046873858055632,0.1022436189260309
1789997428983943000,66.57194287109375,-0.05033492382077286,0.04770930718656158,0.0865952026311501
1789997428994013700,66.582013671875,-0.0962654957201085,-0.007351928498862337,0.06239679991593334
1789997429004084000,66.592083984375,-0.13381204384207304,-0.030719828214322734,0.06877145915361159
1789997429014155000,66.60215502929688,-0.15544271982709085,-0.09748172618689468,0.10588608163312088
1789997429024224800,66.61222485351563,-0.2114342707298617,-0.13793021584672938,0.05670561814365782
1789997429034294800,66.62229467773437,-0.24268812131584538,-0.14057030787998268,-0.01806037686376275
1789997429044365800,66.63236572265625,-0.2786154256464144,-0.1528461021093926,-0.020600752538290763
1789997429054436000,66.64243603515625,-0.31811524765373833,-0.19065748849984537,-0.09249830315563538
1789997429064507000,66.6525068359375,-0.331558519616618,-0.2745113159836895,-0.02828790366360457
1789997429074577000,66.66257690429687,-0.30716973121212776,-0.30425336690714716,0.023425689624981653
1789997429084647000,66.67264697265625,-0.3069763559733455,-0.35567734081860664,0.03210417791733764
1789997429094718000,66.68271801757813,-0.3089171074032688,-0.3994915016222181,0.06608095805654489
1789997429104787700,66.69278759765625,-0.2988452719441403,-0.3709226305043817,0.06141501205594972
1789997429114858800,66.70285864257812,-0.33478604027837966,-0.379304528112784,0.017920461155677813
1789997429124929000,66.71292895507813,-0.3826616204842062,-0.3777559999174997,-0.05824989382335989
1789997429135000000,66.723,-0.3512281954206459,-0.39788728181049293,-0.03306971073365211
1789997429145069800,66.73306982421875,-0.3328192893588642,-0.4223904023304223,-0.014735780846768739
1789997429155139800,66.74313989257813,-0.3073404049366786,-0.4526296267549659,-0.027302894403343794
1789997429165211000,66.7532109375,-0.24744224470107828,-0.47132998462295295,-0.05248456143407471
1789997429175281000,66.76328100585937,-0.20251161117317834,-0.5078296561639265,0.007515160632409144
1789997429185352000,66.77335205078126,-0.1599034622979738,-0.5207273424478447,0.052742225173486534
1789997429195422000,66.783421875,-0.1445684882270814,-0.4798905617905982,0.03535282188381705
1789997429205491700,66.79349169921875,-0.18195290517324011,-0.43813127019689724,-0.0038165572718207195
1789997429215562800,66.80356274414062,-0.1501081719466808,-0.4197422509420191,-0.05566344364519624
1789997429225633000,66.81363305664063,-0.12700238163102487,-0.3852675858262948,0.0024674620366004533
1789997429235704000,66.8237041015625,-0.09899059656139628,-0.33729764586920163,-0.038559924609974504
1789997429245773800,66.83377392578124,-0.028478075040983403,-0.2882394072029561,-0.07303542039863177
1789997429255844900,66.84384497070313,0.053977041225402304,-0.21046209360673987,-0.04127929033258793
1789997429265915000,66.85391479492188,0.11872244091662582,-0.14221261980368918,0.012778329632050582
1789997429275984600,66.86398461914062,0.10805205705185073,-0.05785234886064668,-0.05762753297455579
1789997429286055700,66.8740556640625,0.12198061394273754,0.028842059533698297,-0.08343090391040911
1789997429296126000,66.8841259765625,0.16236120073843308,0.09037544009435852,-0.09269252624551287
1789997429306197000,66.89419702148437,0.19741214476685612,0.13926671352361242,-0.10729993523441372
1789997429316266800,66.90426684570312,0.24280948731854218,0.17724876461446107,-0.014249693006413208
1789997429326337800,66.914337890625,0.28302714797208706,0.2667537093419638,-0.04209713421964375
1789997429336407800,66.92440771484375,0.32588952841074187,0.35726594518787835,-0.07359884346304138
1789997429346478000,66.93447802734374,0.3425492450516896,0.4154278160984179,-0.0765374376472282
1789997429356548400,66.94454833984375,0.3295059160149256,0.4410646778650958,-0.04018119869434717
1789997429366618400,66.95461840820313,0.3364419504477832,0.500633675331029,-0.05575672585188968
1789997429376689400,66.964689453125,0.3584540940450522,0.5593282864048154,-0.056696236423249786
1789997429386759200,66.97475927734375,0.34314877247588826,0.5842733674700988,-0.06995770801766656
1789997429396829400,66.98482934570312,0.3645784693022647,0.5508469131798602,-0.04534964114610032
1789997429406900500,66.994900390625,0.3867272905649802,0.5681189961477822,-0.05769452303603351
1789997429416970500,67.00497045898437,0.3978217849910727,0.5933946195973286,-0.08210053811426862
1789997429427041300,67.01504125976562,0.359709245278867,0.5637844054625831,-0.05269659304523478
1789997429437111300,67.025111328125,0.3071591677181165,0.5167266489640726,0.022876678460674368
1789997429447181600,67.035181640625,0.26051684952921067,0.5295125313503602,0.01315194249605569
1789997429457252400,67.04525244140625,0.26413262731970255,0.5417728563286216,0.0024144765421163735
1789997429467322400,67.055322265625,0.23358370113481047,0.47453564603609677,-0.00996768563023514
1789997429477393400,67.06539331054688,0.16651989761091857,0.40522880363998603,0.008645560406405156
1789997429487463400,67.07546337890625,0.11719836388246507,0.3910905765159807,-0.009253431798478953
1789997429497534200,67.0855341796875,0.09909134821624646,0.3515916130133998,0.052541183017241776
1789997429507604500,67.0956044921875,0.11940454844552362,0.2883325313921468,0.02923154270019209
1789997429517674500,67.10567456054687,0.09688582674022536,0.24025176174837423,0.002915896716178466
1789997429527745500,67.11574560546875,0.04036963289071507,0.23611637287585488,-0.046690388898358394
1789997429537815300,67.12581518554687,0.030559015396125187,0.19895868491263713,0.021171256856740622
1789997429547886300,67.13588623046876,0.01420252753990389,0.13852725310741634,0.043933394138593276
1789997429557956400,67.14595629882812,-0.026430807252233852,0.09786327959010763,0.01438729165724683
1789997429568027400,67.15602734375,-0.07155475905088513,0.07793682699314977,-0.014153868669483193
1789997429578097400,67.16609741210938,-0.1306624877444347,-0.005727575662110864,0.016975778108664064
1789997429588167400,67.17616748046875,-0.13923260430548887,-0.12215991198782575,0.015993444262380252
1789997429598238500,67.18623852539062,-0.13576658306751446,-0.22267654729342815,0.057627648206540136
1789997429608308200,67.19630810546874,-0.1840715019037828,-0.2605500796367272,-0.03575242582622909
1789997429618379300,67.20637915039063,-0.21213772816315993,-0.31825643352106653,0.0003378908780517093
1789997429628449500,67.21644946289062,-0.2867399377728474,-0.35761579505210384,0.11674050178187276
1789997429638520600,67.2265205078125,-0.31737699238551026,-0.38553482307444653,0.017479968365316446
1789997429648590300,67.23659033203126,-0.3126292562248921,-0.40495428610462375,0.008787830885870693
1789997429658660400,67.24666040039062,-0.30180621465336477,-0.4016606847174498,0.006382166722334594
1789997429668731400,67.2567314453125,-0.2644812620811475,-0.4048738630613465,-0.011083970830065293
1789997429678801400,67.26680151367188,-0.2395248751460686,-0.38488065135338434,0.08371281586107292
1789997429688872400,67.27687255859375,-0.16012051883047645,-0.3349573066076466,0.053623172136837496
1789997429698942500,67.2869423828125,-0.12213951787812391,-0.3059903586263863,0.027283831604470142
1789997429709012200,67.29701220703124,-0.12475167235860044,-0.24846499471793337,0.07942375386398678
1789997429719083300,67.30708325195313,-0.096005852914965,-0.19260987177117553,0.06401218470348849
1789997429729153300,67.3171533203125,-0.04826899698212664,-0.12943883187433886,0.06240277664925243
1789997429739224300,67.32722436523437,0.009244271132339452,-0.061611654566600116,0.014964425578195968
1789997429749294300,67.33729443359375,0.0496471310596861,0.03535030081021421,-0.07620009355715694
1789997429759365400,67.34736547851563,0.06132027335274102,0.11881208970225807,-0.14187589492786365
1789997429769435400,67.35743530273437,0.12367277772634351,0.13692409076058484,-0.11892063108745342
1789997429779505400,67.36750537109376,0.18323587770811556,0.1720182990722054,-0.015344719303405674
1789997429789576200,67.377576171875,0.15511621612529278,0.23366015721481911,-0.022187030950089805
1789997429799646500,67.387646484375,0.163633678103447,0.2821038195122286,-0.09830324879618334
1789997429809717500,67.39771752929687,0.2723376849425209,0.3063385915884174,-0.09946806813932191
1789997429819787300,67.40778735351563,0.3048193978526421,0.30275615249603327,-0.011674654260785637
1789997429829858300,67.4178583984375,0.2742759287577003,0.3125419236217752,0.025617818768652593
1789997429839928300,67.42792822265625,0.3030267009563722,0.3575057389412645,0.02079959657702207
1789997429849998600,67.43799853515625,0.3072121664005443,0.36655893485851093,0.03124248073704812
1789997429860069400,67.4480693359375,0.31173535959504667,0.3898140722734215,-0.11920878509974009
1789997429870139400,67.45813940429687,0.29461707552606653,0.402525835295615,-0.16238287856200323
1789997429880210400,67.46821044921874,0.26668944074816703,0.3797662355302992,-0.08298397963788316
1789997429890280400,67.47828051757813,0.2119585185998689,0.3520783153797496,-0.061356688464522226
1789997429900350200,67.48835009765625,0.1908954035191571,0.42097710100451685,-0.13958115144574673
1789997429910421200,67.49842114257812,0.19543404994208063,0.38197879410002433,-0.044141262570728194
1789997429920491500,67.50849145507813,0.22529131793472004,0.3155915705482897,0.0752329912982269
1789997429930562600,67.5185625,0.21440480876097662,0.297662986471377,0.09638104614669332
1789997429940632300,67.52863232421875,0.1413677164503653,0.2975112051714651,0.08657496247366855
1789997429950703400,67.53870336914062,0.10537373479195493,0.3242360013542114,-0.016205319346487203
1789997429960773400,67.5487734375,0.12444182126113372,0.33701200346082444,-0.02602433713404634
1789997429970843400,67.55884350585937,0.11716575840282571,0.32158883566854773,0.024877269250682284
1789997429980914400,67.56891455078124,0.07517993439242356,0.3270244061986388,0.06915721802897833
1789997429990984400,67.578984375,0.06457150382273234,0.3081094365162729,0.0696034991765277
1789997430001055500,67.58905541992188,0.0836662347079678,0.29437570804647234,0.04048292758666865
1789997430011125200,67.59912524414062,0.07000269161998378,0.2764787839560302,0.001741672903200264
1789997430021196300,67.6091962890625,0.013990353274610826,0.27046309309518907,-0.028000883233861726
1789997430031266600,67.6192666015625,-0.005767477353032138,0.2310357340791921,0.01640756235711163
1789997430041336300,67.62933642578125,-0.012214099376074275,0.20261635303876144,0.038358128189066566
1789997430051407400,67.63940747070312,0.006643146064277474,0.2091860220654496,-0.01467473014961657
1789997430061477400,67.64947729492188,0.014648045255095457,0.2175330321174556,0.04715221244471371
1789997430071548400,67.65954833984375,-0.022815638284509946,0.19793716226976682,0.08023749995025764
1789997430081618400,67.66961840820312,-0.02950805688402358,0.1556685817820894,0.12670712969654857
1789997430091688400,67.6796884765625,-0.029904164143978063,0.16679441916605534,0.0997618081601873
1789997430101759500,67.68975952148438,-0.027094201565763767,0.16667587460546568,0.05078841519938407
1789997430111829200,67.69982934570312,-0.06171307071339603,0.14089805813071243,0.019161366926607387
1789997430121900300,67.709900390625,-0.08612553394038447,0.12458853353437918,0.0451733184981805
1789997430131970300,67.71997021484376,-0.0817848990949044,0.12635261197046632,0.04679992155310785
1789997430142041300,67.73004125976563,-0.0325768941808716,0.11586714579750032,0.05768901094757266
1789997430152111400,67.740111328125,-0.053075794725407015,0.0973517090029129,0.03951786376775017
1789997430162181400,67.75018139648438,-0.0858039757783078,0.05296098862226218,0.07253783286690567
1789997430172252400,67.76025244140625,-0.1258073592723418,0.06645922520381789,0.06613164941807159
1789997430182322200,67.770322265625,-0.12905112262863758,0.09891711016148293,0.020468503156530805
1789997430192393200,67.78039331054687,-0.13940968874488635,0.09466784053556912,0.00907026649830735
1789997430202463500,67.79046337890625,-0.15674769296224605,0.06976713346602474,0.0762495712362436
1789997430212534500,67.80053442382813,-0.1418181486749876,0.05495171151324706,0.08640366682490072
1789997430222604300,67.81060424804687,-0.12063393816514595,0.07180037003897297,0.05552644271667204
1789997430232674300,67.82067431640625,-0.08511638597641502,0.07658071793093982,0.020602124253622976
1789997430242745300,67.83074536132813,-0.10609756857898178,0.08238368446784179,-0.010089469315938395
1789997430252815400,67.8408154296875,-0.11433243701098927,0.10853073481484796,-0.005053128065081477
1789997430262886400,67.85088647460938,-0.13404263472796504,0.11411384129341029,0.005674975961607419
1789997430272956400,67.86095629882813,-0.14608997036503044,0.11087857701297353,-0.05706366658175704
1789997430283027500,67.87102734375,-0.15319059097058033,0.10363603424221524,-0.07827875171162459
1789997430293097500,67.88109741210937,-0.18782576610529705,0.07809063930892633,-0.010483468001497546
1789997430303167200,67.89116723632813,-0.1818527444269712,0.04630804642616721,-0.00976834095045334
1789997430313238300,67.90123828125,-0.15254138446693843,0.01308910622768958,0.007615629433130963
1789997430323308500,67.91130859375,-0.1435008043762356,0.007889338573086225,-0.056122851775377264
1789997430333379300,67.92137939453124,-0.17019353984294527,-0.047566021658279035,-0.07310325608890458
1789997430343449300,67.93144946289063,-0.16822554455383137,-0.10350791704855261,0.01180907143891433
1789997430353519600,67.94151953125,-0.17368220746080246,-0.11650082640989666,0.08960283856515454
1789997430363590700,67.95159057617188,-0.20739488654760907,-0.09231067064504937,-0.0024475754994462084
1789997430373660700,67.96166064453125,-0.24743352951373718,-0.10279665890925774,-0.056207687726030305
1789997430383731700,67.97173168945312,-0.24471965511600957,-0.14852956281277116,-0.0158901351407426
1789997430393801700,67.9818017578125,-0.23643567596171045,-0.16483289330718892,-0.02036530375239674
1789997430403872800,67.99187280273438,-0.22477390884943968,-0.13425078310249092,-0.07652396893876655
1789997430413942500,68.00194262695312,-0.21754415431015675,-0.09191958103810462,-0.07154791036287483
1789997430424012500,68.01201245117187,-0.22531605678007774,-0.09237353541362062,-0.022637686681887783
1789997430434083600,68.02208349609376,-0.19737916780236128,-0.11905275456481414,0.05378553580923617
1789997430444153600,68.03215356445313,-0.17466449393315664,-0.10181816866836312,0.06710127177582895
1789997430454224600,68.042224609375,-0.1635418300607744,-0.07267802334348364,0.001463103289295022
1789997430464294700,68.05229467773438,-0.12816692541207533,-0.07083431530810581,-0.02673558705576576
1789997430474365700,68.06236572265625,-0.144008220429468,-0.0926054566220318,0.02171309336707926
1789997430484435500,68.072435546875,-0.17317042017456447,-0.060177844072512435,0.03195275839565752
1789997430494505700,68.08250561523438,-0.16443322208423986,-0.04038594107889104,0.0606287937772141
1789997430504576800,68.09257666015625,-0.16536145903118435,-0.01220011563094314,0.019409924735327773
1789997430514646500,68.102646484375,-0.16244196305884656,-0.02084130293863466,-0.02227467085525374
1789997430524717600,68.11271752929687,-0.18889550324211968,-0.06480640210882783,0.03658447581270037
1789997430534787600,68.12278759765626,-0.1871894467859555,-0.10733088712590381,-0.003685275316951157
1789997430544858600,68.13285864257813,-0.20851895418164795,-0.12513068422791226,0.013693259376213343
1789997430554928600,68.1429287109375,-0.23119123974726827,-0.13066107996458318,0.029939877300753776
1789997430564998700,68.15299853515624,-0.21488543629656848,-0.12726382551566293,0.022485128145219756
1789997430575069700,68.16306958007813,-0.17848925313733913,-0.15910359024201806,0.0026295490452842023
1789997430585139500,68.17313940429688,-0.14494840386880564,-0.22774254629583313,0.07783670019402725
1789997430595210500,68.18321044921875,-0.1245925946457164,-0.26821823507369136,0.07594411216225588
1789997430605280500,68.19328051757813,-0.11280774031692939,-0.25909122427712195,0.060914533198271316
1789997430615350800,68.20335083007812,-0.1026283947017095,-0.23169455987841092,0.038180114804289816
1789997430625421600,68.21342163085937,-0.11509870070913139,-0.20058006179169732,0.058521232124205
1789997430635491600,68.22349169921876,-0.13266702296808344,-0.14671526296806595,-0.06546646306596943
1789997430645562600,68.23356274414063,-0.10138804173440216,-0.10145127425361501,-0.134837594849047
1789997430655632600,68.24363256835937,-0.05041248991256526,-0.12471329253906482,-0.047896269068222405
1789997430665703400,68.25370336914062,-0.020522920374628745,-0.16516699444961092,0.04194673702156404
1789997430675773700,68.26377368164063,0.015470099060248389,-0.11069032848578014,0.09580176684857487
1789997430685843700,68.27384375,0.03798850512323205,-0.017839783979491212,0.07312001516838716
1789997430695914800,68.28391479492187,0.06794061657798753,0.013759524322000205,0.020271477965425617
1789997430705984500,68.29398461914063,0.10789014267346779,0.021024332052366174,-0.029395805289872942
1789997430716055600,68.3040556640625,0.14553857239665324,0.011678090479491495,0.03511931407846124
1789997430726125800,68.31412573242187,0.14332863027898315,0.05716780011371939,0.04416011952770595
1789997430736196600,68.32419653320312,0.15257466747045584,0.09819198561299554,0.05251863033224198
1789997430746266600,68.3342666015625,0.2069817947253816,0.14290435211870542,0.0171093137301043
1789997430756336600,68.34433666992187,0.21019332279479996,0.19288937642066492,-0.02568329294851238
1789997430766407700,68.35440771484375,0.18300900658645292,0.2219387285137295,-0.05731506204225109
1789997430776477700,68.36447778320313,0.16928343483710057,0.25618051708531175,-0.030087447891710636
1789997430786548700,68.374548828125,0.1513347016108864,0.24695924057430518,0.009585491224222585
1789997430796618800,68.38461865234375,0.14398858210447518,0.22863308039454153,-0.03243978424651039
1789997430806689800,68.39468969726562,0.1253591652281031,0.25283965816820575,-0.06842952791692092
1789997430816759600,68.40475952148438,0.0853567747427573,0.2678360277681411,-0.07830698542304564
1789997430826829600,68.41482958984375,0.06255316160508415,0.2475304987780247,-0.051041137920589966
1789997430836900600,68.42490063476562,0.025532081703838746,0.18945783028073404,-0.02537517231757553
1789997430846970600,68.434970703125,-0.010476040923329256,0.12841669586736154,-0.025749667834920623
1789997430857041700,68.44504174804688,-0.02905001128279693,0.11310684316358333,-0.03613812070392846
1789997430867111700,68.45511157226562,-0.03490947581625964,0.07623590672522627,-0.018211852589880322
1789997430877182700,68.4651826171875,-0.07618411595945848,0.012880253784710602,-0.04713528811975083
1789997430887252500,68.47525244140625,-0.11916640551565165,-0.05551685223460747,-0.058063805703754925
1789997430897322800,68.48532275390625,-0.15707138735716478,-0.08009040424101184,-0.019479865980588342
1789997430907393800,68.49539379882812,-0.17303128750109723,-0.10760049361616957,0.032115752650839685
1789997430917463600,68.50546362304688,-0.2005122028851103,-0.19094269885143358,0.13722997793219818
1789997430927534600,68.51553466796875,-0.19581934624093852,-0.2686547703617021,0.09434592516590144
1789997430937604600,68.5256044921875,-0.16344696358573735,-0.29184942845545225,-0.047489525649937685
1789997430947674600,68.53567456054688,-0.1734961108687,-0.33214345734905437,-0.023038426327147227
1789997430957745700,68.54574560546875,-0.20046990216025032,-0.34637567301686123,-0.03072579232557404
1789997430967815700,68.55581567382812,-0.21095431432501582,-0.39514393227561917,0.012321100222725801
1789997430977886700,68.56588671875,-0.24330350934469805,-0.4413736062729206,0.06952424737223833
1789997430987956500,68.57595654296875,-0.2387990300688722,-0.47842805325136156,0.037105587998328395
1789997430998027500,68.58602758789063,-0.24147249881287192,-0.451038321006404,-0.024528949783098088
1789997431008097500,68.59609765625,-0.23170124708355558,-0.4767236157077007,0.01975527917613306
1789997431018167800,68.60616772460938,-0.20554648930760305,-0.5181668164472856,0.06415098576925904
1789997431028238600,68.61623852539063,-0.19771453271484082,-0.4833770321186041,0.05711404004383561
1789997431038308600,68.62630859375,-0.1454039468958335,-0.4452887484936872,-0.011802190975331119
1789997431048379600,68.63637963867187,-0.08691999346253355,-0.4135779526422489,-0.07113455937343817
1789997431058449700,68.64644970703125,-0.09784658686748204,-0.37771227576166516,-0.028458252464626736
1789997431068520400,68.6565205078125,-0.09227967797522094,-0.3587178811393349,0.012995272881681239
1789997431078590700,68.6665908203125,-0.05979604842641105,-0.3344903818878926,0.014419710040902574
1789997431088660700,68.67666064453125,-0.00795350655987458,-0.2957812312521944,0.03517611243806486
1789997431098731500,68.6867314453125,0.01169418815106123,-0.28083141765250835,0.0368176600907396
1789997431108801500,68.69680151367187,0.07312908683887705,-0.24597733048649909,0.0003564816171001611
1789997431118872600,68.70687255859374,0.14504372127601728,-0.17991541029923067,-0.07695889147053074
1789997431128942800,68.71694287109375,0.1764070123260495,-0.13894403893868754,-0.10368019328257853
1789997431139013600,68.727013671875,0.15733001055836582,-0.14874303087074148,-0.05649763006441202
1789997431149083600,68.73708374023437,0.1509646054204387,-0.15296105577457722,0.03167200715472704
1789997431159153700,68.74715356445313,0.13134835237275455,-0.15211794545646753,0.11361992409411319
1789997431169224700,68.757224609375,0.1611778285299248,-0.10077956205892308,0.050423141589437545
1789997431179294500,68.76729443359375,0.1905626154769583,-0.03791773929887309,-0.06813974770770148
1789997431189365500,68.77736547851562,0.201197890337416,-0.04576655857601798,-0.06838674836506226
1789997431199435800,68.78743579101562,0.18169878496788353,-0.06782463872130988,0.05031952088006119
1789997431209505500,68.79750561523437,0.1929685620220917,-0.03968158508919832,0.12525232223672608
1789997431219576600,68.80757666015624,0.19078353683197205,-0.016280528853307302,0.10474452328812316
1789997431229646600,68.817646484375,0.20823006730036162,-0.01810639990417699,0.06089813226804979
1789997431239717600,68.82771752929688,0.19986364101244106,-0.02173079331371671,-0.00636366688631486
1789997431249787600,68.83778759765624,0.19074561647128854,-0.02630340848899829,0.034467191648296834
1789997431259858700,68.84785864257813,0.18025883643232646,-0.00827604931416438,0.054327251691195795
1789997431269928700,68.8579287109375,0.19464143488049715,0.012199163152454376,-0.01621364315446468
1789997431279998500,68.86799853515625,0.20722788029804284,0.012199014934364986,-0.037576337768616595
1789997431290069500,68.87806958007812,0.24419526215613266,0.028959952814105724,0.0015814186582488805
1789997431300139800,68.88813989257812,0.21488201147271083,0.034775332972002033,0.06654803239125448
1789997431310210800,68.8982109375,0.23024170973859281,0.033968724901963086,0.08413654140172432
1789997431320280600,68.90828051757812,0.230114476107867,0.059167231214217915,-0.007949903419097609
1789997431330351600,68.9183515625,0.20735151935350934,0.07018309782028218,-0.05536941507050503
1789997431340421600,68.92842163085938,0.2469531177803798,0.09887211163740196,-0.07052112229086759
1789997431350491600,68.93849169921874,0.27475868000899045,0.15122823930196852,-0.073519728747236
1789997431360562700,68.94856274414063,0.27301802620385934,0.15590532421464642,-0.04917780308066771
1789997431370632700,68.9586328125,0.2751096744017866,0.17873493747150332,-0.054578322238604905
1789997431380703700,68.96870385742187,0.30543247666032225,0.1830684082059688,-0.03812113266958215
1789997431390773500,68.9787734375,0.29853638637057034,0.1903764660857628,0.02020864863775553
1789997431400844500,68.98884448242187,0.319944648730801,0.2478486819194885,0.08002637502665867
1789997431410914600,68.99891455078125,0.32330077111156547,0.3509279092144711,-0.04805230449081625
1789997431420984800,69.00898486328126,0.36140017500844124,0.40166957344216275,-0.15958184264772116
1789997431431055600,69.0190556640625,0.38536304728467646,0.393380671042487,-0.08935788387365984
1789997431441125600,69.02912573242187,0.3597840738374054,0.42215737969626277,-0.04645597557523707
1789997431451196700,69.03919677734375,0.35315612899904125,0.43919420183899904,-0.10028873242108663
1789997431461266400,69.04926635742187,0.39227263079300806,0.4100605494343717,0.032034093319965574
1789997431471337500,69.05933740234374,0.3823454975299654,0.4490377366891304,-0.08278503381054281
1789997431481407700,69.06940771484375,0.3793106610096082,0.44799828824522864,-0.13173322285878622
1789997431491477800,69.07947778320313,0.3476832966023783,0.4289003614211873,-0.053383228399551966
1789997431501548500,69.08954858398438,0.3010766627830708,0.4260541454224909,-0.00996292954363121
1789997431511618600,69.09961865234375,0.3212902982559811,0.43283435059931336,-0.06404257998713511
1789997431521689600,69.10968969726562,0.35627844384418705,0.437300663929941,-0.04310787783510785
1789997431531759600,69.11975952148437,0.32459844683937694,0.43941551003837326,0.014774237692233443
1789997431541830700,69.12983056640626,0.2798127409195599,0.4123861196035178,0.09391632372438768
1789997431551900700,69.13990063476562,0.2953252342303461,0.41909726947438986,0.05763301728258923
1789997431561970700,69.149970703125,0.28990846442787543,0.4761075802087977,-0.03871547847761233
1789997431572041500,69.16004150390626,0.28381530800160876,0.5178468891943352,-0.11772763870150174
1789997431582111500,69.17011157226563,0.2500044127831905,0.47683105259096287,0.015265898832776778
1789997431592182500,69.1801826171875,0.21703848094534461,0.4453964033973128,0.057605095515059504
1789997431602252800,69.19025268554688,0.25447123489054757,0.49227731440483663,0.0200711053137405
1789997431612322600,69.20032250976563,0.30697781559964743,0.5322789748275639,0.06162092190282701
1789997431622393600,69.2103935546875,0.2977363397551587,0.5048102155717471,0.08676964686329366
1789997431632463600,69.22046362304687,0.19840044184374667,0.49228674684892904,0.07900273518962757
1789997431642534700,69.23053466796875,0.2034651728103812,0.5308977064033111,0.07782944699161437
1789997431652604700,69.24060473632812,0.2651273552475616,0.6301500854408307,-0.11129273842722359
1789997431662675700,69.25067578125,0.28123488000581937,0.6426477035743161,-0.1267766182322732
1789997431672745700,69.26074584960938,0.2511539331599137,0.6124456938975827,-0.0997129051893335
1789997431682815500,69.2708154296875,0.2120718129734666,0.5528953757118181,0.013518634015935442
1789997431692886500,69.28088647460937,0.20788467623818213,0.5390814029554005,0.014212652020535335
1789997431702956800,69.29095678710938,0.22327560999061483,0.5612756623063503,-0.014424371670181433
1789997431713027800,69.30102783203125,0.22000945565677998,0.5506735272452217,-0.05183184671232904
1789997431723097600,69.31109765625,0.15720491519315896,0.45463338960368105,0.05002089925006951
1789997431733168600,69.32116870117187,0.137007142582417,0.4411218377746688,0.05582810461555508
1789997431743238700,69.33123876953125,0.14787028896138904,0.4998490523226313,0.029300693640006967
1789997431753308400,69.34130834960938,0.18123395441162513,0.503470382865133,0.007285433127953834
1789997431763379500,69.35137939453125,0.18770365009020798,0.4665802215955764,0.05564617632992333
1789997431773449700,69.36144970703126,0.10738308209285027,0.45899944398658626,0.07785901658655037
1789997431783520800,69.37152075195313,0.07467580432276574,0.45692020052111676,0.0858549713182779
1789997431793590500,69.38159057617187,0.06435693542692522,0.41879096643183117,0.061645962076966716
1789997431803661600,69.39166162109375,-0.0076905099062588795,0.4189320123936899,-0.03820296861333369
1789997431813731600,69.40173168945313,0.00437681618697218,0.44150724515066053,-0.06262679112387756
1789997431823801600,69.41180151367188,0.0061238068612122585,0.4275453423342973,-0.06627523174573062
1789997431833872600,69.42187255859375,0.008519134043836902,0.38873977682012867,-0.03682193214154141
1789997431843942700,69.43194262695313,0.03320282094692332,0.4107249624679355,-0.04385545694387355
1789997431854013700,69.442013671875,0.051741971269579135,0.4071605841661247,-0.010543558795650991
1789997431864083500,69.45208349609375,0.0515668301210319,0.410002079024007,-0.08576211730859555
1789997431874153700,69.46215380859375,0.041997201008312876,0.38890853012465354,-0.002096242864342561
1789997431884224800,69.47222485351563,0.021522767533082677,0.4243156395096769,-0.02662670423611087
1789997431894294800,69.48229467773437,0.03235708569029673,0.4548117634750484,-0.025926400596749638
1789997431904365600,69.49236547851562,0.02974958071430104,0.46767752047390065,0.032840799501620326
1789997431914435600,69.502435546875,0.017723092173749472,0.4770667430377593,0.06426971148602802
1789997431924506600,69.51250659179688,-0.0018540196860245956,0.45993736411363983,0.07721112579193662
1789997431934576400,69.52257641601562,0.011574038479356587,0.4205816064510523,0.1489159977817352
1789997431944646700,69.53264672851563,-0.03624009998366278,0.4064465594242941,0.1497207248823945
1789997431954717700,69.5427177734375,-0.06148560017633189,0.43583579997306215,0.042405848935557634
1789997431964787700,69.55278759765625,-0.09874796443918013,0.39226188747592466,0.09972213445088852
1789997431974858500,69.5628583984375,-0.1558358458118449,0.3814742419963589,0.08095776464274035
1789997431984928500,69.57292846679688,-0.17455202738057696,0.3598292327226121,0.047001188279677295
1789997431994999600,69.58299951171875,-0.249228229808072,0.28758420342966406,0.0616618199089783
1789997432005069800,69.59306982421874,-0.2810142619832945,0.24316199437911584,0.02572633081459532
1789997432015139600,69.6031396484375,-0.2891919939205896,0.2080337963187036,0.030360135961532
1789997432025210600,69.61321069335938,-0.3225753438683651,0.14943039015308346,0.06928866048054272
1789997432035280600,69.62328076171875,-0.3462851554022209,0.061909338593175635,0.1885537136886149
1789997432045351700,69.6333515625,-0.37261920820768635,0.016656976691469507,0.18430044668385923
1789997432055421700,69.64342163085938,-0.33954230186507456,-0.012836435745200991,0.09134891140301353
1789997432065492700,69.65349267578125,-0.3758413020570741,-0.04584770525289664,0.11570387207732581
1789997432075562800,69.66356274414062,-0.4315664303663489,-0.02509557497183757,0.07727290852980968
1789997432085632500,69.67363256835938,-0.47154516969619437,-0.037574532497637356,0.03376745600026479
1789997432095703600,69.68370361328125,-0.40453379460787053,-0.10480412246775843,0.05669882309218519
1789997432105773600,69.69377368164062,-0.38646219540671733,-0.09708275275457769,0.07798060904773624
1789997432115844600,69.7038447265625,-0.4067981840259975,-0.11484390510784516,0.09235785164121463
1789997432125914600,69.71391455078125,-0.43894965840008554,-0.18648318998157434,0.0996993260995286
1789997432135985700,69.72398559570313,-0.45856241256148167,-0.22634659091360446,0.07853974408736733
1789997432146055700,69.7340556640625,-0.41478054385026314,-0.23515687487939688,0.03669480027317426
1789997432156125400,69.74412548828126,-0.4027282540464614,-0.2749500075723226,0.040625857268688476
1789997432166196500,69.75419653320313,-0.4282139489394685,-0.3294927032625983,0.10477558027317012
1789997432176266800,69.76426684570312,-0.43678144939016494,-0.3656364585945871,0.11065599460511515
1789997432186337800,69.774337890625,-0.392352303916763,-0.32865386532706803,0.025929223820461096
1789997432196407600,69.78440747070313,-0.33695731137474605,-0.29660044681058934,-0.03470650430966645
1789997432206478600,69.794478515625,-0.37282348983665947,-0.3882467801216502,0.06825644369789764
1789997432216548600,69.80454858398437,-0.45439374946385175,-0.4294917279500081,0.1147467459918318
1789997432226618600,69.81461865234375,-0.4473283024323635,-0.42200334314587257,0.16147625243811467
1789997432236689700,69.82468969726563,-0.3737337969294379,-0.355683223667211,0.04888322331169121
1789997432246759700,69.834759765625,-0.35383084386394603,-0.32464890541193103,0.023487558837648533
1789997432256830700,69.84483081054688,-0.40104189531539236,-0.2844881108578558,0.02631420770452253
1789997432266900500,69.854900390625,-0.4105210766010433,-0.26576532457693003,0.04937819154491494
1789997432276970800,69.864970703125,-0.37570572807429403,-0.26151344440238405,0.04614232403314753
1789997432287041800,69.87504174804687,-0.3232335536925163,-0.2597933704308542,0.00928282504891954
1789997432297111600,69.88511157226563,-0.3152600424056711,-0.2640795799166537,0.015119806276636697
1789997432307182600,69.8951826171875,-0.33131359458121884,-0.30437408844622166,0.026416840812955478
1789997432317252600,69.90525268554687,-0.37154993203762876,-0.3720708565256543,0.059790989964955965
1789997432327323600,69.91532373046876,-0.34769071699003634,-0.3359143718974538,-0.08807028702844501
1789997432337393400,69.92539331054688,-0.3288485436853013,-0.33710084863122036,-0.04648603308243419
1789997432347463700,69.93546362304687,-0.29769241864290813,-0.3784987579228923,-0.0004121661020709342
1789997432357535000,69.94553491210938,-0.32665113445929134,-0.42005813476923454,0.004051601312177
1789997432367605000,69.95560498046875,-0.3589804286458157,-0.41033748270892867,-0.02548443802921937
1789997432377675800,69.96567578125,-0.30763013181992865,-0.4108066488792966,0.008577294323859157
1789997432387745800,69.97574584960938,-0.2907711850064579,-0.3963796914293816,-0.051316834441054955
1789997432397816800,69.98581689453125,-0.3152581262378989,-0.4057606802462995,-0.02867902086436805
1789997432407887000,69.99588720703125,-0.29652334110555445,-0.41315110307852254,0.008825975839835838
1789997432417956900,70.00595678710937,-0.30208822386077394,-0.41136507161753644,-0.005528822947339537
1789997432428028000,70.01602783203126,-0.28032830614642684,-0.39266100338641047,-0.07938007595269037
1789997432438098000,70.02609790039062,-0.24275534881170968,-0.38849600729105127,-0.045294804399984095
1789997432448169000,70.0361689453125,-0.21954440728467325,-0.36589890701231836,-0.02787061500094889
1789997432458238700,70.04623876953124,-0.20602104677999308,-0.3703926949642592,-0.014441358924436227
1789997432468309800,70.05630981445313,-0.20838490292009618,-0.36428955504771504,-0.048668249251315666
1789997432478380000,70.06638012695312,-0.15395275335952133,-0.35425331159089984,-0.012444226782277914
1789997432488449800,70.07644970703124,-0.1316781537096817,-0.3725539092301364,0.01756766159629558
1789997432498520800,70.08652075195313,-0.10820460322330314,-0.3752984438049438,0.0021134704193440314
1789997432508590800,70.0965908203125,-0.09774133716304198,-0.3786901396016834,-0.011740759287288014
1789997432518662000,70.10666186523437,-0.0791561826739497,-0.3580514149777928,-0.008938589107056362
1789997432528732000,70.11673193359375,-0.07221806557376327,-0.34292202531844984,-0.006420768931394183
1789997432538803000,70.12680297851563,-0.04676518358105995,-0.32782109195054565,0.019808041499299302
1789997432548873000,70.136873046875,-0.032735650335769945,-0.31224206742215194,0.09420478659903846
1789997432558942700,70.14694262695312,-0.01779899484844665,-0.2856060485548858,0.1185326257730717
1789997432569013800,70.157013671875,0.02180581418758178,-0.24244703522033587,0.007818176515454762
1789997432579084000,70.167083984375,0.04559750223760684,-0.19810887153132778,-0.016182315589954158
1789997432589155000,70.17715502929687,0.08752466000824313,-0.15730239761780226,-0.01473334296815933
1789997432599224800,70.18722485351563,0.09848851078554055,-0.11473889906672086,-0.02352939960210648
1789997432609294800,70.197294921875,0.11270020708137134,-0.05339988892903729,-0.0481954771954975
1789997432619366000,70.20736596679687,0.10841168658009266,-0.016789721280247933,-0.040907365940196186
1789997432629436000,70.21743579101563,0.12287313685388826,0.02682901416423237,-0.07381441073848809
1789997432639507000,70.2275068359375,0.12183344020886284,0.0371349450916572,-0.06305749483389013
1789997432649577000,70.23757690429687,0.1113917228573173,0.04953445545714243,-0.04553226813171957
1789997432659648000,70.24764794921875,0.16695196285771574,0.07210122446244328,-0.10756298027408187
1789997432669717800,70.2577177734375,0.1866367965886484,0.10057716313679668,-0.08668552984751147
1789997432679787800,70.26778784179687,0.20704350623801934,0.11122474087519353,-0.06521309338867547
1789997432689858800,70.27785888671875,0.21472663389942256,0.08673015846414203,-0.048839349462435816
1789997432699928800,70.2879287109375,0.2140593567839769,0.09146644217265724,-0.030784191496488096
1789997432709999900,70.29799975585938,0.18821514216258584,0.08586422755127121,-0.005826079205892338
1789997432720070000,70.30806982421875,0.1886463936574493,0.06517087652029564,0.0315028164084593
1789997432730141000,70.31814086914062,0.21148219923488068,0.07514560564266182,-0.00020620345649650633
1789997432740210700,70.32821069335938,0.2086873679881812,0.0748286739127604,0.00073501855677279
1789997432750281000,70.33828100585937,0.22949759322794266,0.091874869040562,0.050459669171204174
1789997432760352000,70.34835205078124,0.2072466894518583,0.09161864295189515,0.0920342470250762
1789997432770422000,70.35842211914063,0.2188283061410715,0.117462435346037,0.03599560248484195
1789997432780492800,70.36849291992188,0.231008918046869,0.11546859754978969,0.006989662142515756
1789997432790562800,70.37856274414062,0.21710849427107193,0.13797652831915416,-0.01673141831517348
1789997432800633900,70.3886337890625,0.20105187809646355,0.1394716090949249,-0.038715317129435114
1789997432810704000,70.39870385742188,0.18017318543389912,0.14332507368397984,-0.0710608981108578
1789997432820774000,70.40877392578125,0.16554154791455797,0.12866324431028328,-0.04480134352277773
1789997432830845000,70.41884497070312,0.14497980684523976,0.10971655223525437,-0.05418191041735208
1789997432840915000,70.4289150390625,0.1422727421592389,0.134096226217765,-0.06803537417902365
1789997432850985700,70.43898583984375,0.0901254230869859,0.11310892564103449,-0.02713601009119489
1789997432861055700,70.4490556640625,0.1005432937811625,0.09860896938820823,-0.07262869491629338
1789997432871126000,70.4591259765625,0.08421075486394082,0.09063001545833306,-0.1254691486024603
1789997432881197000,70.46919702148438,0.08923690123741602,0.0713604098080808,-0.11278134302387588
1789997432891266800,70.47926684570312,0.1119112410195567,0.07341383361426365,-0.09564088314612114
1789997432901337900,70.489337890625,0.11530281074740222,0.044647714156244245,0.039523707146229006
1789997432911407900,70.49940795898438,0.10142960929943723,0.037958532040046476,0.012729597532780662
1789997432921479000,70.50947900390625,0.059561687516665865,-0.02255107588557259,0.05093352073400934
1789997432931549000,70.519548828125,0.05537618372403298,-0.03832667784971673,0.06584118213474666
1789997432941619000,70.52961889648438,0.03185180885199688,-0.08299121917272145,0.14242818368229707
1789997432951690000,70.53968994140625,0.04510533699867965,-0.10689325192550993,0.18080532511873157
1789997432961759700,70.549759765625,0.08893348427549214,-0.07957495064841266,0.05007458526898371
1789997432971830800,70.55983081054687,0.11887970612167148,-0.0655113437954704,-0.00521917527472795
1789997432981901000,70.56990112304688,0.1324683087799748,-0.09391455455474816,-0.03910490255329576
1789997432991972000,70.57997216796875,0.0985693214708357,-0.11066730211145408,0.028353866034564787
1789997433002041900,70.59004174804687,0.09628997433116863,-0.08715454027179953,0.12138299720803192
1789997433012112000,70.60011181640625,0.07429066591290355,-0.0944801673675478,0.07228142099560654
1789997433022183000,70.61018286132813,0.07997803860327951,-0.09234764513330261,-0.041214270070180865
1789997433032252700,70.62025268554687,0.09781961909677603,-0.07607754742707398,-0.06105691105809019
1789997433042323700,70.63032373046875,0.15519077827649191,-0.048520103468800785,-0.026238690170734238
1789997433052394000,70.64039404296875,0.22888647949312346,-0.02251748218459268,0.017170513531363018
1789997433062465000,70.65046508789062,0.2103029878592427,0.020343811935486796,-0.01795065161732233
1789997433072534800,70.66053466796875,0.19810566679541064,0.06690774202447282,-0.1493519740028662
1789997433082604800,70.67060473632813,0.20921448383124716,0.08629801140766459,-0.12706719638883573
1789997433092675800,70.68067578125,0.23592283075122966,0.12347597356172477,-0.0632654948008724
1789997433102745900,70.69074584960937,0.23332624611784908,0.18201697778318524,-0.08866536288337022
1789997433112817000,70.70081689453124,0.23440993414295616,0.2201617892145109,-0.046465548937183535
1789997433122887000,70.71088696289063,0.2517395092310819,0.26406922613716755,-0.01836134598285034
1789997433132957000,70.72095703125,0.27505854563349535,0.32237798088392877,-0.04153928865657975
1789997433143027700,70.73102783203124,0.3174098974359496,0.3846955057005996,-0.019821977092767815
1789997433153098000,70.74109790039063,0.33627328697837316,0.4209016298246552,-0.01737858273022355
1789997433163169000,70.7511689453125,0.3342740840125291,0.4413481111844644,-0.09244798410961122
1789997433173239000,70.76123901367187,0.32450277291024177,0.45995677904106036,-0.08077312003845462
1789997433183309800,70.77130981445312,0.3097433793322731,0.48222995828710913,-0.10922303048445131
1789997433193379800,70.7813798828125,0.3108311365339805,0.5120157075042305,-0.1570030042138378
1789997433203449900,70.79144995117187,0.33172847417467555,0.5220962563615177,-0.14353446002819575
1789997433213520600,70.80152075195312,0.34283954647156073,0.5361451854885905,-0.1079127517254898
1789997433223591000,70.8115908203125,0.37659473795811105,0.5352520610636285,-0.06894820732982067
1789997433233662000,70.82166186523438,0.34923832344100475,0.5085225020522494,-0.03641912646194376
1789997433243732000,70.83173193359374,0.3295383291758493,0.4951081931212614,0.006578748712551796
1789997433253802800,70.841802734375,0.30722125913372655,0.5281840258783992,-0.02565171516150467
1789997433263872800,70.85187280273438,0.319965644497255,0.5491777504663321,-0.051149672185282935
1789997433273943000,70.86194311523437,0.314696484433673,0.5613669006394229,-0.04269717543629842
1789997433284014000,70.87201416015625,0.3086970816434676,0.5476385664751923,0.019877102725423458
1789997433294083800,70.88208374023438,0.29394709314439044,0.5612564613183192,-0.0041218568941381985
1789997433304155000,70.89215478515625,0.26603112419096125,0.5616010905516378,-0.020418856804288517
1789997433314225000,70.90222485351562,0.23604434538245087,0.5656041746476764,-0.037802857234538405
1789997433324295700,70.91229565429687,0.22525026535621917,0.5328183116982746,-0.005908506771825546
1789997433334366000,70.92236596679687,0.18803449334726755,0.49546901294521645,0.04180274355461268
1789997433344436000,70.93243603515624,0.15337509338999475,0.4968556917554836,0.03460789198825877
1789997433354506800,70.9425068359375,0.14446329410149403,0.48162694635942205,0.01995120833340552
1789997433364576800,70.95257666015625,0.13224588714288957,0.48457919413092093,0.005655590253524555
1789997433374647800,70.96264770507813,0.10619165182823079,0.47348564060043297,0.023987643920839078
1789997433384717800,70.9727177734375,0.06104556850892434,0.4654305546298179,0.032460017697066294
1789997433394787800,70.98278784179688,0.02229262978361271,0.42344876049371405,0.04195840542410575
1789997433404859000,70.99285888671875,-0.016658612932376166,0.4023838738183088,0.05401281537848428
1789997433414929000,71.00292895507812,-0.0260233056294293,0.3893977087295805,0.05664220900172059
1789997433424999700,71.01299975585937,-0.05576057822036861,0.33136266656364943,0.11796146705297528
1789997433435069700,71.02306958007813,-0.06927630875533428,0.31354071908704484,0.1387493524617917
1789997433445140700,71.033140625,-0.08216823900913295,0.3187058149032207,0.10538409501709813
1789997433455210800,71.04321069335937,-0.0595882802886394,0.2966239142494978,0.09130210246003914
1789997433465280800,71.05328076171875,-0.0738393119700823,0.24854163071935226,0.10562976035742028
1789997433475351800,71.06335180664063,-0.12454771081167945,0.21139557299727876,0.12648629990083363
1789997433485421800,71.073421875,-0.15653091456757987,0.16498191228491405,0.13356821293486865
1789997433495492600,71.08349267578124,-0.15926246545458805,0.1308670489481561,0.10659405344394032
1789997433505563000,71.09356298828125,-0.16261794176169922,0.13466048791812546,0.07394059395046636
1789997433515634000,71.10363403320312,-0.17304147314476853,0.10531744521954758,0.08194549790496607
1789997433525704000,71.11370385742188,-0.20638391348480428,0.08490240536839973,0.0748514054712883
1789997433535773700,71.12377368164063,-0.2264205466594375,0.08799152066554286,0.092142411222191
1789997433545844700,71.1338447265625,-0.19209898603139805,0.0746624362222283,0.08629368606581637
1789997433555914800,71.14391479492187,-0.19916611046693344,0.053821785817052825,0.08345937161787213
1789997433565985800,71.15398583984376,-0.23592861301356088,0.05454202994179946,0.034900344953632416
1789997433576055800,71.16405590820312,-0.24636423897224677,0.034395649207120106,0.02407030377323191
1789997433586126800,71.174126953125,-0.23520691270811414,0.007369333916722078,0.023828646547096256
1789997433596196900,71.18419677734374,-0.25720686542969023,-0.00448752052020772,0.008307499171631792
1789997433606266600,71.1942666015625,-0.2717310475721068,-0.01344036949409087,0.05170447251782687
1789997433616337700,71.20433764648438,-0.28600911954259606,-0.05053213119109297,0.0767683524034904
1789997433626408000,71.21440795898438,-0.293929312154668,-0.07089760736547591,0.05886594278007727
1789997433636479000,71.22447900390625,-0.2887609334528619,-0.06138677849702695,0.06412827230589734
1789997433646548700,71.234548828125,-0.2926680929118625,-0.073191659079345,0.03498690904164787
1789997433656618800,71.24461865234375,-0.26677319104801717,-0.09946702926409867,0.012634878919532997
1789997433666689800,71.25468969726562,-0.279774353101809,-0.11925634432384037,-0.012603499774155947
1789997433676759800,71.264759765625,-0.26852349264877967,-0.133980615071326,-0.08951071282671043
1789997433686830800,71.27483081054687,-0.24032697324136312,-0.13216390109213122,-0.10952832402770578
1789997433696900900,71.28490087890626,-0.2431692239668463,-0.11670966930549179,0.0017427145276509117
1789997433706972000,71.29497192382813,-0.27482682338139053,-0.14992054073332414,0.1168045827856093
1789997433717041700,71.30504174804688,-0.3091037789857822,-0.1681890466081606,0.07298830536968516
1789997433727112000,71.31511181640624,-0.2918975186323863,-0.1410054879610727,0.010176670991570717
1789997433737183000,71.32518286132813,-0.2521051742484791,-0.14900232501907923,-0.004184893302619031
1789997433747252700,71.33525268554688,-0.2303978269688109,-0.1752045808607935,0.06758805433439877
1789997433757323800,71.34532373046875,-0.22198931695777885,-0.18955541311950472,0.09688341356712585
1789997433767393800,71.35539379882813,-0.2150977443277863,-0.17698249466623836,0.08285992549709956
1789997433777464800,71.36546484375,-0.186027892008406,-0.15080424647940138,0.02738784463050427
1789997433787534600,71.37553466796875,-0.20206947953009866,-0.1489804746122461,0.05585230663040911
1789997433797604900,71.38560498046876,-0.19147510368496357,-0.1675821125861302,0.04627376964970087
1789997433807676000,71.39567602539063,-0.20274295116685154,-0.1705138625783586,0.03592874554795549
1789997433817745700,71.40574560546875,-0.1987245517542464,-0.1689677527771297,0.046464478818184725
1789997433827816700,71.41581665039062,-0.16882535549739175,-0.17118580950316725,0.020525981986759905
1789997433837886700,71.42588671875,-0.1412248354425029,-0.1799080965161928,0.02428416914751373
1789997433847957800,71.43595776367188,-0.11972659749514636,-0.19489732656594771,0.09530641314697794
1789997433858027800,71.44602783203125,-0.14345667430875939,-0.18368621330083132,0.09614262746016392
1789997433868097800,71.45609790039063,-0.11761014443615772,-0.1798847718847951,0.0901169839149465
1789997433878168800,71.4661689453125,-0.08212197960033278,-0.15889722281287122,0.07192183746079457
1789997433888238800,71.47623876953125,-0.0660910994660381,-0.16631972177149706,0.08489026772938571
1789997433898309600,71.4863095703125,-0.046988755848201245,-0.17909438746617623,0.08786902246105124
1789997433908380000,71.4963798828125,-0.04169107022747182,-0.16363958335781895,0.06713999584755283
1789997433918451000,71.50645092773438,-0.027132815172336663,-0.13618469479999024,0.03982908109408196
1789997433928520700,71.51652075195312,-0.009477698033554964,-0.14676921357553602,0.09123626670628525
1789997433938590700,71.5265908203125,-0.03093689584606423,-0.15629062161963544,0.1255118466297517
1789997433948661800,71.53666186523438,-0.023579123397663434,-0.16017089208788501,0.10705129637159502
1789997433958731800,71.54673168945313,0.018682125217447082,-0.09740007444586228,0.01923437238444875
1789997433968802800,71.556802734375,0.0676532107073568,-0.05310591837263062,0.008750416843566838
1789997433978872800,71.56687280273438,0.0723965720736712,-0.026664909784362912,0.010599517013621069
1789997433988942800,71.57694287109375,0.08736598770737762,0.007445629627427471,0.0205120167576021
1789997433999014000,71.58701391601562,0.08351890753540302,0.06762618702406224,-0.005957604199333607
1789997434009083600,71.59708374023438,0.07927224427328988,0.12568658780367592,-0.04401741663905377
1789997434019154700,71.60715478515625,0.06874554055338267,0.16805015916325602,-0.046170976270586875
1789997434029225000,71.61722485351562,0.06958156601621103,0.17902478525174806,-0.0024636434795682104
1789997434039296000,71.6272958984375,0.11386355585615765,0.19962263121468757,0.05578606861604557
1789997434049365800,71.63736572265626,0.13193130164929798,0.25321032151164513,0.05078435878029975
1789997434059435800,71.64743579101562,0.14664695563649816,0.28779157283618884,-0.06256758643252625
1789997434069506800,71.6575068359375,0.14151525253576255,0.2981351936259817,-0.0973692380817344
1789997434079576800,71.66757690429688,0.1173958182798794,0.3165716617309451,-0.07476431409287433
1789997434089647900,71.67764794921875,0.09789562889465751,0.2823505727430889,-0.04800957696282464
1789997434099718000,71.6877177734375,0.08193944931630835,0.28394066531393347,-0.0978889256747391
1789997434109789000,71.69778881835937,0.056560651064522585,0.28158993257957116,-0.04253989571968061
1789997434119858700,71.70785864257813,0.03737020105578466,0.24414808177058359,0.004800537204496209
1789997434129928700,71.7179287109375,0.03723040985463323,0.24071962302036684,-0.07278472047768181
1789997434139999700,71.72799975585937,0.038155801721224715,0.21667278660194458,-0.07286995296256871
1789997434150069800,71.73806982421875,0.05846887954313855,0.1810791327168148,-0.07085918680289507
1789997434160140800,71.74814086914063,0.029661576023472656,0.18778043995410895,-0.1404053774987371
1789997434170210800,71.7582109375,0.008519304229092653,0.1716088175783692,-0.14392485657668683
1789997434180281900,71.76828173828125,-0.007024448987652278,0.16001685858959297,-0.05066060793390659
1789997434190351600,71.7783515625,-0.017733627978294152,0.16045001553970092,-0.04418846343211562
1789997434200422000,71.788421875,-0.045523141044590446,0.1438744077653712,-0.07146444846182128
1789997434210493000,71.79849291992187,-0.050942864159303575,0.10876328387571337,-0.035036551554752125
1789997434220562700,71.80856274414063,-0.03421243245887661,0.09652076973022893,-0.016227001523472104
1789997434230633700,71.8186337890625,-0.036416465425610105,0.09040590502703559,0.029787893278200014
1789997434240703700,71.82870385742187,-0.05492656006960499,0.0466826179394853,0.058440079202001366
1789997434250774000,71.83877392578125,-0.10025297150877574,0.0321016210601561,0.003790539687171176
1789997434260844800,71.8488447265625,-0.12323342337372009,0.015288692974509238,-0.012950295008456422
1789997434270914800,71.85891479492187,-0.10354001523383416,-0.01586157226145781,0.0014975370512282497
1789997434280985900,71.86898583984375,-0.12040957386125122,-0.032674981539834995,0.04822109895165071
1789997434291055600,71.8790556640625,-0.14008547827383822,-0.04461655936800479,0.03435568115934444
1789997434301126700,71.88912670898438,-0.1592960142240894,-0.08738159686894896,0.006129378892163109
1789997434311197000,71.89919702148437,-0.15149633427862946,-0.13366954074844647,0.05494782677888785
1789997434321267000,71.90926684570313,-0.14461400451636305,-0.095889239217581,0.025678930070653985
1789997434331337700,71.91933764648438,-0.15402484068810376,-0.11822446174066958,0.059978420339910535
1789997434341407700,71.92940771484375,-0.159021383197376,-0.14412012971408886,0.028886702791644053
1789997434351478800,71.93947875976562,-0.15525665047213572,-0.16331680529878725,0.007436781866275013
1789997434361549000,71.94954907226563,-0.14265763919166208,-0.17332899714444958,0.006237178704024256
1789997434371619800,71.95961987304688,-0.11611903115258904,-0.2067198910242903,0.05144360871537335
1789997434381690000,71.96969018554688,-0.14053994220883592,-0.2072709954428127,0.05386765608311779
1789997434391760100,71.97976000976563,-0.13960578673434929,-0.19935201877072664,0.032608062841436726
1789997434401831200,71.9898310546875,-0.09556351054855135,-0.20200942121572024,0.04219197995140711
1789997434411901000,71.99990087890625,-0.07013778667932524,-0.15937987166545073,0.030664153536649724
1789997434421972000,72.00997192382812,-0.05288109274434434,-0.1458022014620987,0.016295771819925354
1789997434432042200,72.02004223632812,-0.03144237857212241,-0.12981647612245284,-0.03325062295731219
1789997434442113300,72.03011328125,-0.016872700841916076,-0.10519075798345047,-0.0349095986349592
1789997434452183000,72.04018310546876,-0.022956817738157217,-0.08060839679510888,-0.03487028121816432
1789997434462253000,72.05025317382812,-0.0057375096169631394,-0.06922456563521058,-0.04631914656226393
1789997434472324000,72.06032397460937,0.0017997250962712148,-0.06614803205310617,-0.034122049037909594
1789997434482393900,72.07039379882812,0.021826105185092263,-0.03148129721765573,-0.09057629549902221
1789997434492465000,72.08046484375,0.024864128768377847,-0.008381823518329935,-0.1034794479652754
1789997434502535200,72.09053515625,0.04027640218615634,-0.0063564559546381745,-0.1018508811655049
1789997434512605000,72.10060498046874,0.06738262342628373,-0.005211387799843668,-0.11143289381392818
1789997434522676000,72.11067602539063,0.059352856336601124,-0.0022602046996813238,-0.032691771482104316
1789997434532746000,72.12074609375,0.06649734063412265,0.044510423336106254,-0.035576141724878635
1789997434542817000,72.13081713867187,0.07165309828199856,0.04325148447783484,-0.0258403969065918
1789997434552887000,72.14088696289062,0.07492988346385827,0.060339938204485355,-0.0272877053882223
1789997434562958000,72.1509580078125,0.058866357050595695,0.07753839291501079,0.020341961709201866
1789997434573028000,72.16102807617187,0.04724327177952262,0.09380265945549347,0.002727568502569056
1789997434583097900,72.17109790039062,0.02694590644437197,0.13153092563154817,-0.07245101459044292
1789997434593169000,72.1811689453125,-0.011047446621297809,0.12673767841195058,-0.06545391263708182
1789997434603239200,72.1912392578125,-0.0035764351348871845,0.11147665399933288,-0.08486487940466013
1789997434613310200,72.20131030273437,-0.006976889659095988,0.08120456591286847,-0.0367586414869712
1789997434623380000,72.2113798828125,-0.025019520221920732,0.08563807650830094,0.02857447164471332
1789997434633451000,72.22145092773438,-0.028695885278932305,0.07435529401699299,-0.01048815913391551
1789997434643521000,72.23152099609375,-0.02902985001646432,0.050086963802527903,0.010548365656282761
1789997434653591000,72.24159106445312,-0.034676528223938685,0.017329042122338323,0.010209497426920995
1789997434663662000,72.251662109375,-0.04102725881250489,0.0008858806212846686,-0.012121068256148943
1789997434673732000,72.26173217773437,-0.06490223344911589,0.0008182640892683401,-0.030622132103984814
1789997434683803100,72.27180322265625,-0.08916877476909711,0.0053204598180617785,-0.017618358655196835
1789997434693873000,72.28187280273437,-0.07924497723007407,-0.00606890546622462,-0.05571852434683433
1789997434703944000,72.29194384765626,-0.07378409935031653,-0.05071465699560411,0.01158897759548367
1789997434714014000,72.30201391601562,-0.07684856515976411,-0.053577248298665295,-0.0022862462676580477
1789997434724084200,72.31208422851563,-0.05926656225615751,-0.09146545824504397,0.021198398122262443
1789997434734155000,72.32215502929688,-0.057385660801714554,-0.11548879700416566,0.06365052465337913
1789997434744225000,72.33222509765625,-0.06643092907046022,-0.10885822402447008,0.06043361536865009
1789997434754296000,72.34229614257812,-0.07405326426606643,-0.10349305429198266,0.06395806342880703
1789997434764366000,72.35236596679688,-0.07464487741808856,-0.09789159953329032,0.08054884335453674
1789997434774436000,72.36243603515625,-0.0699324682663063,-0.09761875955562954,0.06720766562136944
1789997434784507100,72.37250708007812,-0.0432132223772709,-0.1057144260522607,0.02217515183226116
1789997434794577200,72.3825771484375,-0.042208086573969246,-0.10333253950725615,-0.009161215410570543
1789997434804648200,72.39264819335938,-0.04965424024090852,-0.09487295190161163,-0.03389440934529901
1789997434814718000,72.40271801757812,-0.032886386967617115,-0.10199031478528049,-0.03412333881168246
1789997434824789000,72.4127890625,-0.03511005125084396,-0.09650324742445662,-0.0068585913215183794
1789997434834859000,72.42285888671876,-0.057985311763771065,-0.0897187893845182,-0.01709233661033302
1789997434844929000,72.43292895507813,-0.06000311088900386,-0.10003284285519826,0.01756355210854549
1789997434855000000,72.443,-0.08662546662541182,-0.09530277922543007,0.03563540293055316
1789997434865070000,72.45307006835938,-0.07778872488697247,-0.10608689897539476,0.011150348351337052
1789997434875141000,72.46314111328125,-0.040319905196239805,-0.08699443781766775,-0.06625060727509523
1789997434885211000,72.4732109375,-0.03025644808469058,-0.06830487310553536,-0.034598381325053607
1789997434895282000,72.48328198242187,-0.027690514777462347,-0.03863340348259543,-0.06641946231151447
1789997434905352200,72.49335229492188,-0.0034668407383508927,-0.028292397831568873,-0.1282357913195748
1789997434915422000,72.503421875,0.012278500773206483,-0.0008166475677712701,-0.11540008447206693
1789997434925493000,72.51349291992187,0.016659942717791903,0.010514948953008207,-0.11442489499758768
1789997434935563000,72.52356298828126,0.008776365255180933,0.0001289941577003888,-0.12258507451074284
1789997434945634000,72.53363403320313,0.03795007721941468,0.0037973220784813244,-0.08250293784433076
1789997434955704000,72.5437041015625,0.05279071446683921,0.02676117174710809,-0.08975076256134033
1789997434965775000,72.55377514648437,0.047817898549637514,0.054906239643339405,-0.13789132187922548
1789997434975845000,72.56384521484375,0.07112718885401201,0.0605176667949529,-0.15814437301701142
1789997434985915000,72.57391479492188,0.06853654975634071,0.05630049645481519,-0.1185018681148595
1789997434995986000,72.58398583984375,0.09394572871882081,0.04165159190397372,-0.09971155993595272
1789997435006056200,72.59405615234375,0.07852113229444166,0.02453726013028813,-0.08829381599760291
1789997435016127200,72.60412719726563,0.055740724588140486,0.01947620553312998,-0.03110250414103575
1789997435026197000,72.61419702148437,0.021216182146172078,0.015887123377244215,-0.016960004699165383
1789997435036268000,72.62426806640624,0.033200786400810985,0.01915534213752022,-0.040562844571232076
1789997435046338000,72.63433813476563,0.018798970972970928,0.039916907126924236,-0.0693346076260979
1789997435056407800,72.64440771484375,0.016173930223164407,0.03197782110399036,-0.08653964506020372
1789997435066478800,72.65447875976562,0.02172264654890844,0.015838726863333166,-0.11211826222911146
1789997435076549000,72.66454907226563,-0.004977110791709131,-0.00491891638967602,-0.10184759718529175
1789997435086620200,72.6746201171875,-0.009845475499099992,-0.007253500237982448,-0.08083436096935125
1789997435096690000,72.68468994140625,-0.01898220495058314,-0.022267966960714494,-0.05788300824033054
1789997435106760000,72.69476000976563,-0.04082044008715252,-0.030953025221653465,-0.023635723117144836
1789997435116831000,72.7048310546875,-0.032195943165535666,-0.05473304960322546,-0.007859199847334639
1789997435126901200,72.7149013671875,-0.039809919911163144,-0.08751385336838677,0.0007684972268687001
1789997435136972000,72.72497192382812,-0.040815063186056925,-0.09398144208068879,-0.021947682477996253
1789997435147042000,72.7350419921875,-0.02425863529278385,-0.12262598956639141,0.0023757984902268506
1789997435157113000,72.74511303710938,0.0014000280967855754,-0.12693004457927468,0.021135735522760362
1789997435167183000,72.75518310546875,-0.0077171770288877095,-0.10726961956631441,0.029190165191717916
1789997435177253000,72.76525317382813,0.009040568151219999,-0.12866671267400853,0.06129543158319322
1789997435187324200,72.77532421875,0.003402698303414988,-0.13499439663473636,0.09474090214973238
1789997435197394200,72.78539428710937,0.0159829568375366,-0.13684552124439348,0.13775808737799183
1789997435207465000,72.79546484375,0.050083820613789604,-0.13194476969541882,0.15991868240285403
1789997435217535000,72.80553491210938,0.06189803586221474,-0.09882774055692968,0.12010161784286559
1789997435227606000,72.81560595703125,0.11218609150797353,-0.06579819279215085,0.1046097718253087
1789997435237676000,72.82567602539062,0.15340495861698084,-0.0475915195974346,0.12368747438620238
1789997435247746000,72.83574609375,0.16419671814164988,0.008095260196208572,0.06488574693468716
1789997435257817000,72.84581713867188,0.19435167321873437,0.0347839485812721,0.051397291883357385
1789997435267887000,72.85588720703124,0.19024878486818192,0.0586077831272925,0.038102866865729855
1789997435277958100,72.86595825195313,0.2057163041896005,0.10219902455589194,-0.012104452378737494
1789997435288028000,72.87602783203126,0.2078012516059528,0.13453488694710733,-0.03163159690649504
1789997435298099000,72.88609887695313,0.2081637993352353,0.14422508878231854,-0.03130837675580249
1789997435308169200,72.89616918945312,0.21520985456301595,0.15745280907357204,0.0065587559719463145
1789997435318239000,72.90623901367188,0.24302715988621507,0.174755430310729,0.04181130268520037
1789997435328310000,72.91631005859375,0.22735736258474618,0.21891941578402493,-0.0030848952393026027
1789997435338380000,72.92638012695312,0.2187735719319785,0.24137780443870582,0.008616554203844117
1789997435348451000,72.936451171875,0.21425158805491767,0.2639467413024989,-0.01863961177923542
1789997435358521300,72.94652124023438,0.17800158052538914,0.29644104100033475,-0.06815301667491633
1789997435368591000,72.95659106445312,0.16125608441796682,0.3099520085744521,-0.08732681667271823
1789997435378662100,72.966662109375,0.14461920339147666,0.3148672945361815,-0.08187379436652574
1789997435388732200,72.97673217773438,0.14676187838179636,0.30094179583728686,-0.06992145979691157
1789997435398803200,72.98680322265625,0.16314041351750655,0.28200604283075753,-0.09849028665968504
1789997435408873000,72.996873046875,0.17272575315600666,0.26786771966593276,-0.0456709187118372
1789997435418944000,73.00694409179688,0.1850710010817265,0.2541949851087756,-0.008563496216281895
1789997435429014300,73.01701416015625,0.15576686629545222,0.23517507741730656,-0.04870294921887234
1789997435439084000,73.027083984375,0.1340964903200353,0.2148426792936248,-0.0727719007535584
1789997435449155000,73.03715502929687,0.09659211642168503,0.19241632162062014,-0.06888482666960904
1789997435459225000,73.04722509765625,0.10301612628718694,0.18386735933652693,-0.08076875821727308
1789997435469296000,73.05729614257812,0.11655395789316722,0.18019858429844124,-0.03624555141579899
1789997435479366100,73.0673662109375,0.11942262071029879,0.17984449254929294,-0.029728039237418975
1789997435489437200,73.07743725585938,0.1324852818717935,0.16306413136635461,0.0006499681504076114
1789997435499507200,73.08750708007813,0.1361516294329062,0.15854347679120365,0.04340348055249111
1789997435509577000,73.09757690429687,0.10617093108893502,0.1431913133732188,0.04973627427147289
1789997435519648000,73.10764794921874,0.09415601906537657,0.12658420668086473,0.027235833080234
1789997435529718300,73.11771826171875,0.07482386297086853,0.12970385304115542,0.0015105439446463182
1789997435539789300,73.12778930664062,0.060641434130770645,0.12553006559229093,-0.03989434704618659
1789997435549859000,73.13785913085937,0.04287389868905844,0.10110866126829389,-0.04973427972197503
1789997435559930000,73.14793017578126,0.030449622128998093,0.09002000898401112,-0.007375048312502578
1789997435570000100,73.15800024414062,0.04046463948433574,0.08643307118118178,0.04654828883348347
1789997435580070100,73.16807006835937,0.02073434801295259,0.08311287084783633,0.046082369826136976
1789997435590141200,73.17814111328126,-0.0022049987642590134,0.07703456581193573,0.03636747888764396
1789997435600211200,73.18821118164063,-0.016870948143891167,0.06773910577877733,0.023835555514763438
1789997435610282200,73.1982822265625,-0.03138854750349774,0.05479011384205274,0.012946850687895391
1789997435620352000,73.20835205078124,-0.02923026699103355,0.05930236593815146,-0.06289240101412247
1789997435630422000,73.21842211914063,-0.01965110834436729,0.017917688192942403,0.13511325604408553
1789997435640493000,73.2284931640625,-0.07343591637231477,0.044167800219438856,-0.01109916098699471
1789997435650563300,73.23856323242188,-0.06318269976948551,-0.004013869719253749,0.09134572503541297
1789997435660634000,73.24863403320313,-0.008879574426919685,-0.03731624780638569,-0.045182502557211936
1789997435670704000,73.2587041015625,-0.00972448774218916,-0.09479982738744144,-0.006016626695699378
1789997435680775200,73.26877514648437,0.008256439295851568,-0.1288801864897518,0.061041371675847715
1789997435690845000,73.27884497070312,-0.0034921591532964978,-0.10377654113853675,0.1674748854977963
1789997435700915200,73.28891528320312,-0.0011639154280396239,-0.08576900306535624,0.14718554862811986
1789997435710986200,73.298986328125,-0.022135047733708432,-0.08119804028988716,0.04072384662505323
1789997435721056300,73.30905615234374,-0.044825638865199406,-0.04453404022299728,-0.1030239033992754
1789997435731127000,73.319126953125,-0.033452055735637504,-0.02556991121638723,-0.07728199482172701
1789997435741197000,73.32919702148438,0.02184162929057101,0.0012404560077418363,0.004158375173578359
1789997435751268000,73.33926806640625,0.03857139199216156,-0.011789497147661632,0.07198241770266176
1789997435761338000,73.34933813476563,0.04095463865829767,-0.025740128343247567,0.0557492280027839
1789997435771408100,73.359408203125,0.0571266657969524,0.013412747265749148,0.03889569997525234
1789997435781479200,73.36947924804687,0.08258076150573657,0.014009268240362468,0.0718918535113136
1789997435791549200,73.37954907226562,0.09715211348245952,0.034136979171000906,0.0625565573551906
1789997435801620200,73.3896201171875,0.11407225930406639,0.052326896635512064,0.08628384451047891
1789997435811690000,73.39968994140625,0.1315814744751827,0.06444473412255383,0.10470907836262316
1789997435821760300,73.40976025390626,0.13161847223187778,0.1294170656476165,0.03443294904122308
1789997435831831300,73.41983129882813,0.146657522631407,0.16403800879419503,0.014831469270915233
1789997435841901000,73.42990112304688,0.1528181471497568,0.207259005172608,0.020085949609011566
1789997435851972000,73.43997216796875,0.19092311221062186,0.23723371571585322,-0.02830576271580014
1789997435862042000,73.4500419921875,0.2246882512549977,0.2427393276812481,-0.012412892888164988
1789997435872113200,73.46011303710938,0.21914877492259416,0.28026399777014155,-0.026862336741945405
1789997435882183200,73.47018310546875,0.19535564307355202,0.3225043987903033,-0.08114480909430057
1789997435892253200,73.48025317382813,0.23144830149221404,0.3046600361943742,0.06715452883426482
1789997435902324200,73.49032421875,0.25572348626519026,0.32803350204773163,0.041887775011854575
1789997435912394000,73.50039404296875,0.24279646748532632,0.43380448542757666,-0.23434889089690522
1789997435922465000,73.51046508789062,0.25467331404137405,0.4343455650510579,0.06047162784109264
1789997435932535300,73.52053540039063,0.2456374983587023,0.46845764212396135,0.170609881641294
1789997435942606300,73.5306064453125,0.20913283671949312,0.47352222347714096,0.008358179737847585
1789997435952676000,73.54067602539062,0.22917473886866252,0.47189166437936036,0.041606285445022935
1789997435962746000,73.55074609375,0.21989207631877927,0.4861424402081307,0.08360989384842085
1789997435972817200,73.56081713867188,0.1791641315816143,0.4534998990261367,0.08367127182724235
1789997435982887000,73.57088696289063,0.1609535283730844,0.4275957833186622,0.0637688368800091
1789997435992958000,73.5809580078125,0.14132482348934777,0.4416786943571205,0.07097923801504215
1789997436003028200,73.5910283203125,0.14271737110080002,0.4325730288133532,0.04955976435792621
1789997436013098200,73.60109814453125,0.11469639891722486,0.4059695775187006,0.0570952754343252
1789997436023169000,73.6111689453125,0.08282840547117147,0.37292967200462157,0.18614907811679166
1789997436033239000,73.62123901367187,0.07237972998998912,0.33599685396960066,0.24664019872650764
1789997436043310000,73.63131005859375,0.07642992026818103,0.3068057970637937,0.22935199475134768
1789997436053380000,73.64138012695312,0.031834911502333474,0.30491589816951625,0.13347954118704486
1789997436063451100,73.651451171875,-0.022340583386713533,0.2662673222125561,0.06692361891982374
1789997436073521200,73.66152124023438,-0.05715782497055029,0.18887990287471737,-0.010641663046245356
1789997436083591200,73.67159106445312,-0.04775616529001639,0.14896633841726198,-0.06889636739042733
1789997436093662000,73.68166186523437,-0.023147897745749105,0.17198043706423352,-0.12294940792954613
1789997436103732200,73.69173217773438,0.01612486384722855,0.1878380209161914,0.018239053749202254
1789997436113803300,73.70180322265625,-0.016722418741312285,0.17618742530189324,0.2782413689845377
1789997436123873300,73.71187329101562,-0.1279765022500535,-0.0036631173008981758,0.42136723135499343
1789997436133944000,73.72194409179687,-0.16896354455528048,0.005557582643973104,0.35871177392000736
1789997436144014000,73.73201416015625,-0.07507494028418969,0.17382099835521123,0.21722101024100343
1789997436154084000,73.742083984375,-0.06472858032436227,0.18324607867375253,0.0038566678598852236
1789997436164155100,73.75215502929687,-0.11821979432993404,0.037140138530706586,0.1195213557652161
1789997436174225200,73.76222509765626,-0.10393871302124649,0.05233718927883968,0.2619521790551416
1789997436184296200,73.77229614257813,-0.09082015974078904,0.16552190332325342,0.23432126168859146
1789997436194366200,73.7823662109375,-0.10889579062888308,0.17381602289234985,0.17137598768968879
1789997436204437000,73.79243701171875,-0.1628865028944214,0.16446474580433884,0.14332341634432624
1789997436214507000,73.80250708007813,-0.23486353486395228,0.1373811981701889,0.04659731943349136
1789997436224577300,73.81257739257812,-0.25929047076452233,0.09949537576205898,0.010690975937110948
1789997436234648300,73.8226484375,-0.24897749207973374,0.09465215251938495,0.06173932594151225
1789997436244718000,73.83271801757813,-0.2088172871038187,0.08358370211596415,0.020944389934707593
1789997436254789000,73.8427890625,-0.20527183649994823,0.03313305104426991,0.005315729743255195
1789997436264859100,73.85285913085937,-0.2142026706689052,0.0031280615060920915,0.02256875451973368
1789997436274930200,73.86293017578124,-0.23497509623685706,-0.005303727242569239,0.03427501382049269
1789997436285000200,73.87300024414063,-0.25745645391296484,-0.01409159079385716,-0.05253581461709716
1789997436295070200,73.8830703125,-0.3021182008704309,-0.004501234064970913,-0.14515732490490246
1789997436305141200,73.89314135742187,-0.30255828775816773,-0.0019107059097970998,-0.07902973087625072
1789997436315211000,73.9032109375,-0.2697222965094479,-0.002243923536893095,0.06285462623602493
1789997436325282000,73.91328198242188,-0.2055625444945947,-0.04394183437926671,0.19090542346483427
1789997436335352000,73.92335205078125,-0.1788460763498905,-0.04299825643339202,0.18813797983299876
1789997436345422000,73.93342211914063,-0.1485246353376265,-0.03785629553709935,0.1521173141471813
1789997436355492900,73.94349291992188,-0.19191953396882155,-0.06665880701486576,0.05082868613419119
1789997436365562600,73.95356274414063,-0.3032170587302571,-0.107866323407395,-0.02576120743845084
1789997436375633700,73.96363354492188,-0.30467091329965373,-0.062234792495923494,-0.07205508395586037
1789997436385703700,73.97370361328124,-0.265609267790431,-0.01673663423747455,-0.07045623571584121
1789997436395774700,73.98377465820313,-0.2256678042106474,-0.015179336619696284,-0.12380049273099349
1789997436405844700,73.9938447265625,-0.2219434890192198,0.013233411216546141,-0.0879821305292977
1789997436415914800,74.00391479492187,-0.2192716990723657,0.0205720688354901,0.0076051064967041625
1789997436425985800,74.01398583984376,-0.23934880374949807,0.0024556001289651247,0.018256376708543062
1789997436436055800,74.02405590820312,-0.26825375047105365,-0.007639535214004246,0.03992039412029813
1789997436446126600,74.03412670898437,-0.2662631715559521,0.0005609448479287665,0.058166371404748035
1789997436456196900,74.04419677734376,-0.2654826207247739,0.007462436492063141,0.04234616834606008
1789997436466268000,74.05426782226563,-0.24464364382502332,-0.010383717652600566,0.05694984493532324
1789997436476338000,74.064337890625,-0.23603203571231898,0.0019035367599214768,-0.004162930184195058
1789997436486407700,74.07440771484374,-0.23417791675742264,-0.0018369699598059068,-0.004330047426644367
1789997436496478700,74.08447875976563,-0.24292713909321112,-0.04401193786121018,0.05019918923009639
1789997436506549000,74.09454907226562,-0.2625824868826808,-0.0728803442929387,0.05627074401236925
1789997436516619800,74.10461987304687,-0.2608333439080454,-0.10579329397550809,0.06733099832261036
1789997436526689800,74.11468969726562,-0.2513113705188882,-0.11857658565673553,0.05403306021719445
1789997436536759800,74.124759765625,-0.24095165528568677,-0.17718238221022942,0.14602977852465454
1789997436546830800,74.13483081054687,-0.24418599674233707,-0.23149671669189498,0.15399778654256463
1789997436556900900,74.14490087890626,-0.24104051838910717,-0.2637452511407896,0.06341789895414426
1789997436566972000,74.15497192382813,-0.2795538759631999,-0.3138259701585613,0.05846331887728968
1789997436577042000,74.1650419921875,-0.2705154452970665,-0.36670079896786045,0.022659430120727082
1789997436587113000,74.17511303710937,-0.28895788423082636,-0.40678281110700226,0.05707968750977969
1789997436597182700,74.1851826171875,-0.30530208331168435,-0.4218749414269029,0.048924529354736415
1789997436607252700,74.19525268554688,-0.3486621599240517,-0.4138724500983926,-0.019651436887743012
1789997436617323800,74.20532373046875,-0.3684091404477026,-0.4000116686004589,-0.054427666403845665
1789997436627393800,74.21539379882813,-0.37118802016842645,-0.42627798813395695,-0.046816063593842105
1789997436637464800,74.22546484375,-0.3533884971194436,-0.4663635534015164,-0.0393085392091476
1789997436647534800,74.23553491210937,-0.3844474239493212,-0.5429581953742388,0.02399399625949111
1789997436657606000,74.24560595703124,-0.3875419417513791,-0.5872163660949777,0.05159259219639623
1789997436667675600,74.25567553710937,-0.3609429425197367,-0.5799574125724618,0.002842166174047092
1789997436677746000,74.26574584960937,-0.35803968967164224,-0.610475824852964,0.028978520701209962
1789997436687817000,74.27581689453125,-0.3825849093335574,-0.6294315946214086,-0.01716881697594279
1789997436697886700,74.28588671875,-0.38627163982975043,-0.603558813633367,-0.11672588684617542
1789997436707957800,74.29595776367188,-0.3753251367031053,-0.5886128980049831,-0.06506139793997986
1789997436718027800,74.30602783203125,-0.3135071026914211,-0.5637457967781216,-0.06399306760049167
1789997436728097800,74.31609790039063,-0.283642025148252,-0.554482570467621,-0.07293556733548333
1789997436738168800,74.3261689453125,-0.2837278720665142,-0.5253967313900034,-0.03821330642216162
1789997436748238800,74.33623876953125,-0.22802103009197738,-0.5533259482767025,0.011039010565656664
1789997436758310000,74.34630981445312,-0.16969540888570134,-0.5392793715145225,0.016750073453206765
1789997436768379600,74.35637963867188,-0.16606432071206848,-0.4963640325966306,-0.04185164967346004
1789997436778450700,74.36645068359375,-0.17524538654954994,-0.4582632773371644,-0.07304801949017185
1789997436788520700,74.37652075195312,-0.12098009239203818,-0.44681301810073126,-0.1092984298060608
1789997436798591000,74.38659106445313,-0.07980638458042374,-0.4132332393162893,-0.04531147845805983
1789997436808661800,74.39666186523438,-0.07531672570575003,-0.3811597473038851,0.03490010178963506
1789997436818731800,74.40673168945312,-0.05103031384763288,-0.3522300111480632,0.04668074245259639
1789997436828802800,74.416802734375,-0.02384402462859043,-0.31307653371572886,0.07293043197359236
1789997436838872800,74.42687280273438,0.011763114403463493,-0.27748983565955815,0.12182440140482689
1789997436848943600,74.43694360351563,0.0660382464097124,-0.23343270244435294,0.09478849415685708
1789997436859014000,74.44701391601562,0.13590086457076675,-0.22113597415980502,0.08996125661168969
1789997436869084000,74.457083984375,0.10370389716185455,-0.160139792307276,0.04917589616460008
1789997436879154700,74.46715478515625,0.12548862748476586,-0.12590231455934334,0.01878254018623075
1789997436889224700,74.477224609375,0.172378544727487,-0.1041089993787595,0.06267804892473129
1789997436899295700,74.48729565429687,0.18905536762318353,-0.0621792246822588,0.03979811775522852
1789997436909366000,74.49736596679688,0.21303152602732262,-0.057720497125993815,0.009253427199243392
1789997436919435800,74.50743579101562,0.19799919461368146,-0.03398986669578659,0.025631854759711824
1789997436929506800,74.5175068359375,0.21303471064229249,0.012159468661019902,-0.021786167007564253
1789997436939576800,74.52757690429688,0.239945164922404,0.00444440024941498,-0.012824362721299864
1789997436949648000,74.53764794921875,0.23860492324033533,-0.01163783064315183,0.0279023356812803
1789997436959717600,74.54771752929688,0.2649231016838046,-0.008795079578847842,-0.012419908739977871
1789997436969788700,74.55778857421875,0.28825060595804597,0.011439400875324173,-0.01383313632770738
1789997436979859000,74.56785888671875,0.315112255311214,0.04122417012768834,-0.0033384981003502672
1789997436989928700,74.5779287109375,0.3103137147151487,0.0431594263407469,-0.010690286001278837
1789997436999999700,74.58799975585937,0.26890967538786625,0.024790526138934437,0.007375625939400905
1789997437010069800,74.59806982421875,0.23848743486949472,0.03368118181218034,-0.02214242443510177
1789997437020140800,74.60814086914063,0.24167193523134828,0.01025811005423518,-0.010376734087058574
1789997437030210800,74.6182109375,0.2449453414464605,0.001463173978201364,0.016096609330745925
1789997437040281900,74.62828173828125,0.2464494536250025,0.02543285052579703,-0.0032922885458028343
1789997437050351900,74.63835180664063,0.22120625416800396,0.06673117152049858,-0.11500738745912273
1789997437060421600,74.64842163085937,0.21988498981283644,0.07809018143315226,-0.09167273962495955
1789997437070492700,74.65849267578125,0.22565883348562654,0.08415516852124014,-0.04675576720812115
1789997437080563000,74.66856298828125,0.21997897626216836,0.08512976503425165,-0.07450717426021425
1789997437090634000,74.67863403320312,0.21995252753767539,0.0817004861642076,-0.11198278826760003
1789997437100703700,74.68870385742187,0.21934287845950673,0.09054952707240721,-0.07623886696823581
1789997437110774800,74.69877490234374,0.25506527510124544,0.07443963646395632,-0.01866417968361917
1789997437120844800,74.7088447265625,0.2577766420982679,0.0705522158264787,0.02104232070689276
1789997437130914800,74.71891479492187,0.24650439650276493,0.11468058308049352,-0.02354906773782672
1789997437140985600,74.72898559570312,0.2662582395097599,0.12287794667527528,-0.05401430274528133
1789997437151056000,74.73905590820313,0.28405241323201996,0.11132736697190494,-0.02853113535255866
1789997437161127000,74.749126953125,0.3033213751139265,0.1352853006724917,-0.026771457749532226
1789997437171196700,74.75919677734375,0.30864416618188717,0.15825451939377652,-0.023047094711172042
1789997437181267700,74.76926782226562,0.28912182346989235,0.18664689490108063,-0.03125636416537856
1789997437191337700,74.77933764648438,0.28052895677094664,0.24125487039018365,-0.11515603872119018
1789997437201408000,74.78940795898437,0.29506776924627665,0.2480491458190697,-0.11821490685230122
1789997437211478800,74.79947875976562,0.31008320733571254,0.25682347278855977,-0.03582106475537377
1789997437221548800,74.809548828125,0.3070457081037555,0.29717076482554367,-0.02446912768086818
1789997437231619800,74.81961987304688,0.3098392592950961,0.3414152555744408,-0.019151730566330842
1789997437241689600,74.82968969726562,0.29263160049130094,0.35321392766912846,-0.005390317137875251
1789997437251760600,74.8397607421875,0.2723536789582612,0.36883967937256384,-0.03700869774212268
1789997437261831000,74.84983081054688,0.26286916910864344,0.4026690367626235,-0.07685636203896433
1789997437271901000,74.85990087890625,0.2574757462413601,0.3955267488621324,-0.0241736006710796
1789997437281971700,74.8699716796875,0.2205417792874788,0.40963471032523424,-0.011921107205204824
1789997437292041700,74.88004174804688,0.22929155506568183,0.42398918415427234,-0.03848927473402762
1789997437302112800,74.89011279296875,0.20907371555027135,0.4023864026160944,-0.019464219691256484
1789997437312182800,74.90018286132812,0.18502773725852173,0.4038946761482104,-0.047281056247742106
1789997437322252800,74.91025268554688,0.18047868231563136,0.38278556716309625,-0.03933859148039783
1789997437332323800,74.92032373046875,0.16928916528509214,0.3372673815049856,0.02296422919101903
1789997437342393900,74.93039379882812,0.12820061898437599,0.3285472596359708,0.0013640429044653975
1789997437352464600,74.94046459960937,0.10079495254161593,0.31323636458382076,0.009106595084883326
1789997437362534700,74.95053466796875,0.06604523295280652,0.3015768891267256,-0.031684790467026235
1789997437372605400,74.96060546875,0.025792679035968442,0.2839683107657768,-0.06771697986419505
1789997437382675700,74.97067578125,0.0132812229063251,0.25634325185998535,-0.062334029522756684
1789997437392745700,74.98074584960938,0.020433916372157083,0.2305789778853664,-0.06017341481300276
1789997437402816800,74.99081665039063,0.015791549043581755,0.2033568701926543,-0.03557942593041493
1789997437412886500,75.00088647460937,0.009819128033150798,0.1725145515863236,0.01239499349279833
1789997437422957600,75.01095751953125,-0.011965819490036422,0.15279639400423897,0.017243487127076594
1789997437433027800,75.02102783203125,-0.021358930079137042,0.1311073592404915,0.033289958241072844
1789997437443099000,75.03109887695312,-0.03414150290863064,0.11770838700347129,0.06450735237882782
1789997437453168600,75.04116870117187,-0.03651974078474386,0.11603083573623772,0.009377565053404733
1789997437463238700,75.05123876953125,-0.04657829836260315,0.10338872480467419,0.023280580222499906
1789997437473309700,75.06130981445312,-0.0807032311159156,0.08820128645975252,0.0075600936243661035
1789997437483379700,75.07137963867187,-0.11228487872728285,0.06253927705358885,-0.027863712784485024
1789997437493450800,75.08145068359374,-0.1443461901782062,0.05128586623993022,-0.006786100428677084
1789997437503520800,75.09152075195313,-0.15419740060823783,0.05349445058701697,-0.02346599923713257
1789997437513590500,75.10159057617187,-0.16871852338557008,0.023458009284699776,-0.024102022410561072
1789997437523661600,75.11166162109375,-0.18480055665972145,-0.021722839069431187,-0.028163237109531298
1789997437533731600,75.12173168945313,-0.20348354751440248,-0.03458629917246343,-0.02460333587655695
1789997437543802600,75.131802734375,-0.2418199884128262,-0.06048676644212529,-0.05088478686068294
1789997437553872600,75.14187255859375,-0.25512601684208774,-0.08239754037746297,-0.027938438791451838
1789997437563943700,75.15194360351562,-0.28218414746094966,-0.12134043425889122,0.0004385935045597616
1789997437574013700,75.162013671875,-0.28225944685817955,-0.1399051028707613,-0.010388293354515415
1789997437584083500,75.17208349609375,-0.27363181964939276,-0.17585536832939835,0.012090452652530125
1789997437594154500,75.18215454101562,-0.22646687264285031,-0.2219961685161031,0.056981365839628845
1789997437604224800,75.19222485351563,-0.21810228365972065,-0.2633984564030043,0.1449693394897402
1789997437614295800,75.2022958984375,-0.24881907402287215,-0.257581906225703,0.14172252226184137
1789997437624365600,75.21236547851562,-0.2169689708079904,-0.21686692938207533,0.1294796309656715
1789997437634435600,75.222435546875,-0.18712679108650454,-0.18028426976670775,0.054789192700553664
1789997437644506600,75.23250659179688,-0.19579073673367192,-0.18911390305048428,0.02484236388839036
1789997437654577000,75.24257690429687,-0.17634245880014834,-0.23923119130400855,0.0944382560377789
1789997437664647700,75.25264770507812,-0.1258828456899124,-0.22145399165468257,0.1303384842708706
1789997437674717700,75.2627177734375,-0.12770179144623459,-0.17211759681350222,0.06449244122847267
1789997437684788700,75.27278881835937,-0.14136518539651316,-0.15373281546383774,0.0027262226496677215
1789997437694858500,75.2828583984375,-0.15229950587897886,-0.13313099737930445,-0.007930637610590608
1789997437704928500,75.29292846679688,-0.15268541697029897,-0.12393000746315243,0.0631894001703988
1789997437714999600,75.30299951171875,-0.11258814857266897,-0.0698314447432894,0.05778345297258975
1789997437725069800,75.31306982421874,-0.09930276513593611,-0.030634270408250765,0.030742800845317875
1789997437735140600,75.323140625,-0.10481201367193838,0.0004560167455044629,-0.03752897547325117
1789997437745210600,75.33321069335938,-0.0978933925131976,0.017969265818952047,-0.08319946220794963
1789997437755281700,75.34328173828125,-0.10508760949408703,0.0490060146874012,-0.039665678170870446
1789997437765351700,75.3533515625,-0.06588137637228061,0.05891120713263952,0.005147192315718225
1789997437775421700,75.36342163085938,-0.0674005587075793,0.0712047631941104,0.03033240658961099
1789997437785492700,75.37349267578125,-0.0801732665857363,0.08579596330701908,0.06307017570993603
1789997437795562800,75.38356274414062,-0.08025393372335109,0.08879536688907026,0.09093882202691368
1789997437805633800,75.3936337890625,-0.059053166176277566,0.09003748073099427,0.11733081215204733
1789997437815703600,75.40370361328125,-0.06550659516807378,0.10766248079882533,0.05918958731101936
1789997437825774600,75.41377465820312,-0.033559519762014926,0.12065911411793687,0.0036432232437893066
1789997437835844900,75.42384497070313,-0.04336878282350121,0.07639735524905503,0.06882055375117746
1789997437845914600,75.43391455078125,-0.05496008363040465,0.07735026582030774,0.07638000993968685
1789997437855985700,75.44398559570313,-0.06119374724676816,0.07542264154275147,0.06695454036023088
1789997437866055700,75.4540556640625,-0.09190687496893354,0.04186052652953237,0.08541934562958534
1789997437876126700,75.46412670898438,-0.08985252290977214,0.045749529197583495,-0.0353470568691708
1789997437886196700,75.47419677734375,-0.12036753858189703,0.02422131799267319,-0.028779219436384652
1789997437896266800,75.48426684570312,-0.131099260860422,-0.021591932798367675,0.031357103503188065
1789997437906337800,75.494337890625,-0.13444273267148046,-0.07028856199921117,0.03155260580449652
1789997437916407600,75.50440747070313,-0.17028414282368085,-0.0772041872875317,-0.02782730818389726
1789997437926478600,75.514478515625,-0.18209981105596112,-0.0775116408287537,-0.019569024387053012
1789997437936548600,75.52454858398437,-0.1740699760566516,-0.10975071544432438,0.018883256072432183
1789997437946619600,75.53461962890626,-0.18689540927299053,-0.15082502107579232,0.00036830369633757956
1789997437956689700,75.54468969726562,-0.21020435087560477,-0.19085712444915953,0.0447746402580095
1789997437966759700,75.554759765625,-0.24748247626662406,-0.2145303896153439,0.029175183691714287
1789997437976830700,75.56483081054688,-0.28086030846236626,-0.250092039912193,-0.011445320180191107
1789997437986900500,75.574900390625,-0.2790208350259132,-0.27764113462121937,0.035286447302172605
1789997437996971500,75.58497143554688,-0.2903202234662671,-0.3342268166752247,0.08649400511321544
1789997438007041800,75.59504174804688,-0.31195693133977126,-0.3565437817382701,0.07413932612484123
1789997438017112800,75.60511279296875,-0.3111372313662005,-0.3805768475299036,0.08330898091611848
1789997438027182600,75.6151826171875,-0.3231584000416963,-0.41115608110405016,0.06671314187089084
1789997438037252600,75.62525268554687,-0.3359267132323888,-0.43860840685603225,-0.0060837269221370935
1789997438047323600,75.63532373046876,-0.3379740871445322,-0.49595309254716546,-0.014692885280721704
1789997438057393700,75.6453935546875,-0.3318410930725724,-0.49515836184074424,-0.04967639679210704
1789997438067464700,75.65546459960937,-0.3586477667677269,-0.5044019062752361,-0.04217701107013374
1789997438077534700,75.66553466796876,-0.3588384392079261,-0.5462509342825483,0.004801301331652572
1789997438087604700,75.67560473632813,-0.3718685989665088,-0.5775572078902929,0.020962780554065245
1789997438097675500,75.68567553710938,-0.3682183881396904,-0.6029225961435858,0.07261595118377678
1789997438107745500,75.69574560546874,-0.36253747474191533,-0.6055478581439747,0.10299561067286525
1789997438117816600,75.70581665039063,-0.3353019349325668,-0.5933505561498644,0.08638293825092484
1789997438127886800,75.71588696289062,-0.31689919927738774,-0.5902421538624164,0.05610667974000499
1789997438137957600,75.72595751953125,-0.2739241241283063,-0.5814721792260935,0.04617238933843185
1789997438148027600,75.73602758789062,-0.22260061007125312,-0.5907817911276438,0.10161194361583291
1789997438158097700,75.74609765625,-0.2350703494537252,-0.5705630114989737,0.10194976601207427
1789997438168168700,75.75616870117187,-0.21784614362188298,-0.5382963354568691,0.069625414708364
1789997438178238700,75.76623876953126,-0.1955120585897353,-0.5225935816988003,0.0855226412333567
1789997438188309800,75.77630981445313,-0.154539741727555,-0.5141745394069508,0.08337571165577848
1789997438198379800,75.7863798828125,-0.12702016643180525,-0.47514800945131336,0.036477729162894455
1789997438208450600,75.79645043945312,-0.12230546377201829,-0.44547415749862096,0.013965111617843681
1789997438218520600,75.8065205078125,-0.09754242742742669,-0.4175891097935221,0.01654636951527836
1789997438228590800,75.8165908203125,-0.02927011429452663,-0.3902719994173216,0.02678510910681125
1789997438238662000,75.82666186523437,0.009352812295601169,-0.3576623725465967,0.019876323635041784
1789997438248731600,75.83673168945313,0.03245541325981186,-0.3162469016366949,-0.04061101878312851
1789997438258802700,75.846802734375,0.03479809983565643,-0.29128142649524175,-0.08832382181577964
1789997438268872700,75.85687280273437,0.056022286382100994,-0.2889237459860931,-0.0548504872594685
1789997438278943700,75.86694384765624,0.10523638418050628,-0.26637016670099484,-0.02576666331346048
1789997438289013500,75.87701342773437,0.10218442688207006,-0.2451347519220277,0.0002858220181510948
1789997438299083800,75.88708374023437,0.1206000673833651,-0.22176325003114372,-0.009072967750480556
1789997438309154800,75.89715478515625,0.11900921777131708,-0.16933792515567483,-0.007949851045168148
1789997438319224600,75.907224609375,0.1501723969417496,-0.14470420364341702,0.005900918173230021
1789997438329295600,75.91729565429688,0.19827508590908885,-0.14848004256719194,0.06627331167644664
1789997438339365600,75.92736572265625,0.17210306973999046,-0.12165557695413907,0.04746149542452453
1789997438349435600,75.937435546875,0.1492783685908847,-0.09200676922545778,0.006274437938372359
1789997438359506700,75.94750659179688,0.16348739351819103,-0.08652745712966337,0.01069010108125595
1789997438369576400,75.95757641601563,0.1908600180352305,-0.09233677066075308,0.04155044382920233
1789997438379647500,75.9676474609375,0.1778886346647281,-0.08783436793670497,0.0326515116795502
1789997438389717500,75.97771752929688,0.15110884496478214,-0.06738622785024433,-0.017828883172851633
1789997438399788500,75.98778857421875,0.16015295816293637,-0.06145104011091764,-0.01080401824945758
1789997438409858600,75.99785864257812,0.16586330601403826,-0.0837893660063862,0.046041056860894096
1789997438419928600,76.00792846679687,0.169527740987311,-0.0656282238692435,-0.0008488637200005009
1789997438429999600,76.01799951171876,0.17236769828830617,-0.06124007403886622,-0.021422492517049745
1789997438440069400,76.0280693359375,0.165131215584785,-0.08334974399330147,0.03773851115577351
1789997438450140400,76.03814038085937,0.178618107086072,-0.07037506322997715,0.04393018985638833
1789997438460210700,76.04821069335938,0.19943896768185906,-0.03853577494412232,0.043020024011704745
1789997438470281700,76.05828173828125,0.22245312146253465,-0.02740038467006615,0.04007511783392993
1789997438480351500,76.0683515625,0.19648149045494584,-0.030230614299253774,0.012570444520844664
1789997438490421500,76.07842138671874,0.21783296190645002,-0.023081253218502015,-0.053212117013698795
1789997438500492500,76.08849243164063,0.21517141112516205,0.007114257171363974,-0.0180185982410037
1789997438510562600,76.0985625,0.23420910200419956,0.04339581214288521,-0.010976853819992737
1789997438520633300,76.10863330078125,0.2281284068941776,0.0290170513350002,0.01757317571730665
1789997438530703600,76.11870361328126,0.2217288165942778,0.06595379476940486,-0.008451768276132568
1789997438540774700,76.12877465820313,0.20457317286488175,0.10026690723161763,-0.02163610761776231
1789997438550844400,76.13884448242187,0.19621660632051727,0.10686563753415039,-0.021411908202139243
1789997438560914400,76.14891455078126,0.18330800229214836,0.10698730101797568,-0.02723264920864702
1789997438570985500,76.1589853515625,0.18402940555478037,0.1165225625834978,-0.022727930378500297
1789997438581055700,76.1690556640625,0.1731221488375104,0.10256405732939695,-0.02545036988728463
1789997438591126500,76.17912646484375,0.14284282409671312,0.08126893210354878,-0.033088911367592636
1789997438601196500,76.18919653320313,0.11198977701851151,0.07338740597026511,-0.05143558899202642
1789997438611266600,76.1992666015625,0.1347308636574663,0.07771591508437083,-0.041387055089739756
1789997438621337600,76.20933764648437,0.12941219017026317,0.05292943815570818,0.011600524886024281
1789997438631407600,76.21940771484375,0.09944058471003465,0.04440164443369365,-0.022034069554551672
1789997438641478700,76.22947875976563,0.08791065779741658,0.027700195141041474,-0.024020068246256653
1789997438651548700,76.23954858398437,0.06116681532824065,0.02423132456490406,-0.006305213750219292
1789997438661619700,76.24961962890625,0.08103278574489615,-0.022673412099618064,-0.006889610534046373
1789997438671689500,76.259689453125,0.05646958005441112,-0.0736324167908109,0.07255243258802367
1789997438681759500,76.26975952148437,0.05489510626058383,-0.08261489604073494,0.09721071910249166
1789997438691830500,76.27983056640625,0.045721138385406895,-0.08755653429009898,0.08707206739644434
1789997438701900500,76.28990063476563,0.036725060190434346,-0.1167352128590458,0.07011394468690174
1789997438711971600,76.2999716796875,0.03067474836877659,-0.11940624897892624,0.03074466189043436
1789997438722041600,76.31004150390625,0.022200550348576743,-0.11182426028760235,-0.030930658276066884
1789997438732112600,76.32011254882812,-0.007126068619126089,-0.0964992594890141,-0.08864058739231179
1789997438742182400,76.33018237304688,0.016041681267934423,-0.10608158202334893,-0.04835431401165435
1789997438752252700,76.34025268554687,-0.00017778193370637276,-0.09231364984575267,-0.042801683702519196
1789997438762323700,76.35032373046874,-0.00525259198936992,-0.11774087529658521,0.03522479211459592
1789997438772393500,76.3603935546875,-0.024618432898445886,-0.15853358272898124,0.1083529360110893
1789997438782464500,76.37046459960938,-0.02225032250141003,-0.1621600380308408,0.01809394682672344
1789997438792534500,76.38053442382812,0.016533346652367106,-0.11151120784983784,-0.026821806157707646
1789997438802604500,76.3906044921875,0.00640039625726081,-0.1346786845724592,0.06554684136591317
1789997438812675600,76.40067553710938,-0.0435700843350293,-0.16078028628875146,0.023895795657969895
1789997438822745600,76.41074560546875,-0.03264188541718211,-0.1325952618135403,-0.03873055922874623
1789997438832816600,76.42081665039062,-0.00320863821221639,-0.10510975291639978,0.032919388310872974
1789997438842886400,76.43088647460938,-0.005602242489563274,-0.09904934006784621,0.019288066122605294
1789997438852957400,76.44095751953125,-0.02963843486050794,-0.09342322872310677,0.006147889603086273
1789997438863027500,76.45102734375,-0.0009163181964507807,-0.09489662035073641,0.06625218775430748
1789997438873097700,76.46109765625,-0.0026066080425280118,-0.06354072837075671,0.07525386913449536
1789997438883168500,76.47116845703125,0.02810620634408534,-0.024104023462369797,0.05037527889120443
1789997438893238500,76.48123852539062,0.052087653181231826,0.012183670109755218,0.037138203189250964
1789997438903309600,76.4913095703125,0.08905313076780984,0.04336934690207544,0.04510220573736495
1789997438913379300,76.50137939453126,0.13436630626719054,0.08912157205081647,0.06211009787824869
1789997438923450400,76.51145043945313,0.13645279863216533,0.14950562535378698,0.033991564404120996
1789997438933520600,76.52152075195312,0.15922789773898538,0.19946446009796356,0.027103134678458554
1789997438943590700,76.53159057617188,0.19212561811249132,0.23235838679680118,-4.644681882597788e-06
1789997438953661400,76.54166137695313,0.19759753347068068,0.2625582220705575,-0.034882949909806525
1789997438963731500,76.5517314453125,0.21690751982167222,0.3042077948532174,-0.03426878693377449
1789997438973802500,76.56180249023437,0.2277780082399463,0.34331186699787203,-0.03194283831650299
1789997438983872800,76.57187280273438,0.23744270934013303,0.33473010032909334,-0.027037116704386657
1789997438993943600,76.58194360351563,0.24555577132375656,0.34384120545284574,-0.007784197986894775
1789997439004013600,76.592013671875,0.22423607350404123,0.3409069819454592,0.005712242287122141
1789997439014083600,76.60208349609375,0.20788025060024118,0.3553822778398646,-0.00784846726947012
1789997439024154600,76.61215454101563,0.18715379533627077,0.3568825695369726,-0.023850739813145762
1789997439034224400,76.62222436523437,0.16802378017150194,0.3250018249641692,-0.017302309825797946
1789997439044295400,76.63229541015625,0.11218644681832189,0.3107992929061124,-0.03988382188033089
1789997439054365700,76.64236572265625,0.07838067122432676,0.2905745748198174,-0.04561085341726373
1789997439064435500,76.652435546875,0.07481677106134153,0.24709141989397823,-0.026012329049583782
1789997439074506500,76.66250659179687,0.05295586069018916,0.17395004803718375,-0.014877729542185684
1789997439084576500,76.67257641601563,0.042890919610429686,0.12097005573658619,-0.029000472153435004
1789997439094647600,76.6826474609375,0.013083693995612487,0.07311922331896244,-0.026600457819363828
1789997439104717600,76.69271752929687,-0.06119738693119672,-0.012416687793071987,0.009437695790444595
1789997439114788600,76.70278857421874,-0.10379102159901406,-0.07701506796353333,0.020190004884446434
1789997439124858600,76.71285864257813,-0.14244069904525458,-0.1438220982239163,0.03228471608475873
1789997439134928400,76.72292846679687,-0.14903654193558413,-0.1853565345762434,0.025326909933694172
1789997439144999400,76.73299951171875,-0.1740243746939191,-0.22347198423375614,0.0245237847324472
1789997439155069700,76.74306958007813,-0.20047464483079527,-0.2701626393774825,0.026769227982163895
1789997439165140700,76.753140625,-0.20726436772120851,-0.32012543276341,0.06162679213579679
1789997439175210500,76.76321044921875,-0.23014050036150055,-0.3434885142483019,0.05046056412849529
1789997439185281500,76.77328149414062,-0.23885479601976245,-0.3429249352440519,0.03907268749516268
1789997439195351600,76.7833515625,-0.2612852085596457,-0.340247120090224,0.02571803742324198
1789997439205421600,76.79342163085937,-0.2828806456328895,-0.3376561570077516,0.014848411089193452
1789997439215492600,76.80349267578126,-0.274396571035362,-0.3411012327819432,0.015711884776983178
1789997439225562600,76.81356274414063,-0.2703838566898637,-0.3378774253417057,0.021591710679386308
1789997439235633700,76.82363354492188,-0.2746180075650652,-0.31386762305420035,-0.012483885904337369
1789997439245703400,76.83370336914062,-0.2706081062930621,-0.2927987942698986,-0.0498287722044549
1789997439255773400,76.8437734375,-0.25942629714917326,-0.3004690484739952,-0.022047039237592138
1789997439265844500,76.85384448242188,-0.24426326621409114,-0.30482589528405696,0.009771131002549317
1789997439275914500,76.86391455078125,-0.21228828827790877,-0.2927143038526439,0.02113360047112761
1789997439285985500,76.87398559570312,-0.20615991577609621,-0.2822251307931998,0.023870749071323822
1789997439296055600,76.8840556640625,-0.19244231624393052,-0.26748300324236624,-0.015700922532438957
1789997439306126600,76.89412670898437,-0.15506095203042253,-0.27765006771800443,-0.01809073930594965
1789997439316196400,76.9041962890625,-0.13805587155789945,-0.29892018774891305,-0.013157506532461526
1789997439326266600,76.9142666015625,-0.12816669307491252,-0.30425809222381334,0.00573273427942226
1789997439336337700,76.92433764648437,-0.15156001423175877,-0.29192985692967827,0.00957824088880635
1789997439346407700,76.93440771484374,-0.16563849438450776,-0.29093919523747375,0.016031197631904973
1789997439356478500,76.944478515625,-0.1462160382103112,-0.3109749786461109,0.05128211170213843
1789997439366548000,76.9545478515625,-0.11316977221755446,-0.3173579644443074,0.06841234350525872
1789997439376619000,76.96461889648438,-0.09102860401176782,-0.3033724861790136,0.06372224250839299
1789997439386689300,76.97468920898437,-0.11908876687101058,-0.2701526005846467,0.029572195459987054
1789997439396759000,76.98475903320312,-0.12558129486239072,-0.27467512283404194,0.019052406460572806
1789997439406830000,76.994830078125,-0.11493850939045044,-0.2923443274348471,0.032430191476977635
1789997439416900000,77.00490014648437,-0.12414411181775728,-0.3136761767343921,0.050740957981564076
1789997439426971100,77.01497119140625,-0.1404498287489117,-0.3152879050546229,0.0397666355193487
1789997439437041200,77.02504125976563,-0.1830365530509474,-0.3211673860894535,0.018861459268194634
1789997439447112200,77.0351123046875,-0.1535076152334751,-0.31751650150528316,-0.0025917390515383266
1789997439457182200,77.04518212890625,-0.14985896794883005,-0.3513646396207368,0.03587366088385426
1789997439467252000,77.055251953125,-0.1429286361819303,-0.40752942567926764,0.02862990483338755
1789997439477323000,77.06532299804688,-0.14692734858681286,-0.3872818299350285,-0.011198991454784868
1789997439487393000,77.07539306640625,-0.17374754959215427,-0.3700238435322171,-0.045319136748332
1789997439497464000,77.08546411132812,-0.15366680741811434,-0.3726251690179319,-0.03300450925156816
1789997439507534000,77.0955341796875,-0.1763338136818826,-0.3954895323850834,0.0176500101808442
1789997439517605000,77.10560522460938,-0.14017493616667315,-0.4148545792111406,0.03508672386579127
1789997439527675100,77.11567504882812,-0.10660741859231096,-0.40655967916814895,0.04773144538302945
1789997439537745200,77.1257451171875,-0.09820842000693025,-0.404023417123758,0.05205618357368242
1789997439547816000,77.13581591796876,-0.07417791365109098,-0.3802575437835488,0.01969034319853932
1789997439557886200,77.14588623046875,-0.06728600119031007,-0.3764953716346758,0.014167943998658493
1789997439567957200,77.15595727539062,-0.033420551986012265,-0.37223990167173654,0.043261179292942244
1789997439578027000,77.16602709960938,-0.05412798590021655,-0.3394367461384119,0.0388630205121344
1789997439588097000,77.17609692382813,-0.04733271947593464,-0.30144760010618077,0.028211230567353952
1789997439598168000,77.18616796875,-0.027090252123460126,-0.2593102012599273,0.048883292424417336
1789997439608238300,77.19623828125,-0.016061832540992898,-0.2534389922100545,0.05892213165600127
1789997439618309000,77.20630908203125,0.042868081586508774,-0.22083941380031824,0.0415607599545882
1789997439628379100,77.21637915039062,0.047783306418538084,-0.18151815335117172,0.024130080858061512
1789997439638450200,77.2264501953125,0.07288099158245542,-0.1447362194619233,0.016902170857339867
1789997439648520200,77.23652026367188,0.05517974700130046,-0.11725022059748443,0.00871596497978542
1789997439658590000,77.24658984375,0.04561758531710961,-0.09380720130890456,-0.0036839847604918743
1789997439668661000,77.25666088867187,0.07735625811944123,-0.060609024031794946,-0.0006587632726178238
1789997439678731300,77.26673120117188,0.12631540420573614,-0.04351410580496766,0.013518082631449987
1789997439688802300,77.27680224609375,0.1384541860494078,-0.024705601720499317,0.004785202943450008
1789997439698872000,77.2868720703125,0.12127414130069138,-0.014048810193783364,-0.021459242918161186
1789997439708943000,77.29694311523437,0.13531779405830557,-0.01234595520675384,-0.013805313164810307
1789997439719013000,77.30701318359375,0.14062739206470323,-0.0242853650241123,-0.0009299676139635269
1789997439729083100,77.31708325195312,0.15056084135033823,-0.038353797960220176,0.0016788408439792582
1789997439739154200,77.327154296875,0.1438065825680854,-0.049734930733430036,0.006227537576512612
1789997439749224200,77.33722412109375,0.12277745029043091,-0.06922931987886777,0.01686762523123564
1789997439759295200,77.34729516601563,0.10832006009153054,-0.10258028543588889,0.016994799363293983
1789997439769365000,77.35736499023437,0.09346707630363693,-0.1585020401050761,0.06521859437531108
1789997439779435300,77.36743530273438,0.07947666733349108,-0.18960446828595678,0.07951465680871357
1789997439789506300,77.37750634765625,0.05682831765634423,-0.19919572209098113,0.06136591541159576
1789997439799576000,77.387576171875,0.047007224730731094,-0.17834495473240608,0.010987037035466973
1789997439809647000,77.39764721679687,0.009715352416996803,-0.18119298928186467,-0.0025309031227480345
1789997439819717000,77.40771704101563,-0.02232563704178326,-0.19609919454230235,0.0012064866993892252
1789997439829788200,77.4177880859375,-0.012744076519168783,-0.21146211673860654,0.02222066459856267
1789997439839858200,77.42785815429687,-0.022941869342168925,-0.23674813426040897,0.026843563191699383
1789997439849928200,77.43792822265625,-0.014059990761502512,-0.25941662008511795,0.029178623355349053
1789997439859999200,77.44799926757813,-0.0566263569772358,-0.25671347268249406,0.010089728638204976
1789997439870069000,77.45806909179687,-0.06757970312444256,-0.23182294801346498,-0.015310917294551026
1789997439880140000,77.46814013671874,-0.0662980325701054,-0.2413788955047759,0.015129598822465756
1789997439890210000,77.4782099609375,-0.054567122281588415,-0.2612039081645333,0.024577182078676547
1789997439900281000,77.48828100585938,-0.04125560463806812,-0.27146708068561753,0.033016752024124955
1789997439910351000,77.49835107421875,-0.018814742232706298,-0.27541336644432723,0.039529766886573545
1789997439920421000,77.50842114257813,0.00019849249658945444,-0.27295664538126413,0.044018875875821394
1789997439930492200,77.5184921875,-0.015984379064469315,-0.2822993904160864,0.047285319875207905
1789997439940562000,77.52856201171875,-0.006737334785170606,-0.2971580234175755,0.04144418928625215
1789997439950633000,77.53863305664062,-0.011789033486908468,-0.323692650928844,0.044235974045019194
1789997439960703200,77.548703125,0.02092628849397859,-0.33144361736323824,0.04481610198356825
1789997439970773200,77.55877319335937,0.026931457906482673,-0.32963885264686565,0.031986017307552496
1789997439980844000,77.56884399414062,0.014181015449229688,-0.34243798888530913,0.03690734156518307
1789997439990914000,77.5789140625,-0.002366593663458113,-0.3439432334992616,0.04262871556926005
1789997440000985000,77.58898510742188,-0.002962156714766776,-0.3255607207246099,0.03865341752121889
1789997440011055000,77.59905517578125,0.03418071990232512,-0.2954892441861629,0.01770468780782544
1789997440021126100,77.60912622070313,0.03910649364324996,-0.2985087305399233,0.029860062136931893
1789997440031196200,77.61919604492188,0.059078180069257025,-0.28442523402079667,0.01858031150796975
1789997440041266200,77.62926611328125,0.0641463284823,-0.24732376005006337,0.015186124601743765
1789997440051337200,77.63933715820312,0.06704564487587428,-0.20653053230670665,0.03687677721246611
1789997440061407000,77.64940698242188,0.05498916723490647,-0.1656519585018482,0.02391038466459962
1789997440071478000,77.65947802734375,0.06285984043288846,-0.14586011659592638,0.031193779286056975
1789997440081548300,77.66954833984374,0.1010267975202201,-0.1425251549921312,0.015956437327896447
1789997440091619000,77.679619140625,0.13967226584400452,-0.14295557203415024,0.03935594456254462
1789997440101689000,77.68968920898438,0.16329918131378032,-0.13805291519311777,0.03785655316940878
1789997440111759000,77.69975903320312,0.16179731366395964,-0.10858657869807091,0.010426134350900507
1789997440121830100,77.709830078125,0.15466259512082964,-0.11312928281477064,0.012203512182111928
1789997440131900200,77.71990014648438,0.13607920001508628,-0.10898217700265443,0.011016425811403928
1789997440141971200,77.72997119140625,0.15029374491017472,-0.10999790052154977,-0.0033102368136007547
1789997440152041200,77.74004125976562,0.17176982808288274,-0.11360408805818718,0.022699949291982942
1789997440162112300,77.7501123046875,0.17727293095955107,-0.11434489815909032,0.01854938443786312
1789997440172182000,77.76018212890625,0.18423004514555083,-0.09191203167084949,-0.016721148154824568
1789997440182252300,77.77025219726562,0.18449008581463294,-0.051554777969312675,-0.03459434524270151
1789997440192323300,77.7803232421875,0.19675074464824624,-0.04231718830272422,-0.022302793677238503
1789997440202393000,77.79039306640625,0.19744398700243707,-0.04447627520700332,0.00584243743898335
1789997440212464000,77.80046411132813,0.19868711890128807,-0.043280821707866235,0.020175917887154057
1789997440222534100,77.8105341796875,0.2054803541985887,-0.03946825183975355,0.02301872216837682
1789997440232604000,77.82060400390625,0.21644738583436313,-0.016360464154096515,0.008523695170723829
1789997440242675000,77.83067504882813,0.21938279922451476,0.01085130301686425,0.012732343304579301
1789997440252745200,77.8407451171875,0.22771191150417835,0.045773503548502674,-0.007485496871254827
1789997440262816300,77.85081616210938,0.21884363461955134,0.07265007667297345,-0.029593728464641287
1789997440272886000,77.86088598632813,0.2076800034018171,0.061757960226754824,-0.017953205933725874
1789997440282957000,77.87095703125,0.2140410837677348,0.05836412012140574,0.009609705555118798
1789997440293027000,77.88102709960937,0.20663021169134466,0.05287057083872824,0.009470777072918685
1789997440303097000,77.89109716796875,0.21286939569434088,0.048524969764230375,0.005855113394013482
1789997440313168100,77.90116821289062,0.18856155040786807,0.055967196587767526,-0.019104930652501986
1789997440323238100,77.91123803710937,0.1881634476332817,0.04769200269117496,-0.027152865507805615
1789997440333309200,77.92130908203124,0.17402849150659766,0.048706085535158344,-0.004081501089625934
1789997440343379000,77.93137890625,0.15796379891579018,0.04500266887391642,0.00585053090466548
1789997440353450000,77.94144995117188,0.16106364029361483,0.04629515690412678,-0.015035182209395053
1789997440363520500,77.9515205078125,0.17040596469386954,0.04291765812099553,-0.034221840416099845
1789997440373590800,77.9615908203125,0.16824887070419356,0.016161660867472692,-0.02035077940818957
1789997440383661600,77.97166162109374,0.16298234108722665,0.010138957356333874,-0.01367890783029466
1789997440393731600,77.98173168945313,0.17167522744305636,0.0212142868187739,0.028984942053071727
1789997440403802600,77.991802734375,0.1606747583256312,0.05420676359149932,0.005750978327885407
1789997440413872600,78.00187255859375,0.17607106185461982,0.07787249367187171,-0.06062656464358721
1789997440423943400,78.011943359375,0.1806155822828548,0.07537179605576158,-0.06260670921851222
1789997440434013700,78.022013671875,0.1737035406041104,0.04524206338834914,-0.005915131506001328
1789997440444083700,78.03208374023437,0.1678165706808014,0.05046139690864665,0.014443599539294449
1789997440454154800,78.04215478515626,0.1620855377919379,0.0994918399304505,0.03016600390392364
1789997440464224500,78.052224609375,0.17831257092191144,0.13300780222640762,0.01718156917053673
1789997440474295600,78.06229565429688,0.21411846898177458,0.17251922063080083,-0.04985728087271881
1789997440484365800,78.07236572265624,0.2514887905218456,0.1760828721716517,0.017963682247416027
1789997440494435600,78.082435546875,0.263552508532638,0.20233156246709225,0.0029074358401928375
1789997440504506600,78.09250659179688,0.26198306387243087,0.23306994718038831,-0.04965376197004432
1789997440514576600,78.10257666015625,0.2601389353878088,0.2597886035057747,-0.009821138226681566
1789997440524647700,78.11264770507813,0.26531418251006067,0.2545877941552851,0.03680365129927353
1789997440534717400,78.12271752929688,0.26150541557155027,0.2639948692735901,0.02465141943421238
1789997440544788500,78.13278857421875,0.261417225873733,0.3100837380056175,0.004292850849730162
1789997440554858800,78.14285864257812,0.2453093082703376,0.3312837171018454,-0.023022369953211847
1789997440564928500,78.15292846679688,0.2319840824934928,0.34353354971057126,-0.057523589667196055
1789997440574999600,78.16299951171875,0.23073127814354563,0.3490988646339914,-0.03794881958027629
1789997440585069600,78.17306958007812,0.2335057770434908,0.3485091082092952,0.0022303729135956874
1789997440595140600,78.183140625,0.22294844127107463,0.3499260442278955,-0.02883933078382489
1789997440605210600,78.19321069335938,0.22006232887593605,0.36458089566539115,-0.055088216682845394
1789997440615281700,78.20328173828125,0.20950391959175477,0.34746337457132515,-0.014865735972564841
1789997440625351700,78.2133515625,0.1731146390489838,0.3321375225172346,0.008517190619234378
1789997440635421400,78.22342138671875,0.15554126334342838,0.33704290696495726,-0.019827267372215882
1789997440645492500,78.23349243164063,0.15935688383575017,0.32970034303535,-0.0009332811110129065
1789997440655562800,78.24356274414062,0.15984649217808897,0.3165707818136011,-0.022413558447114342
1789997440665633800,78.2536337890625,0.16213230387487543,0.2948974326880239,-0.013630697893759853
1789997440675703600,78.26370361328125,0.1392582399538463,0.27819196456561474,-0.0018981204606559985
1789997440685773600,78.27377368164062,0.11038273302866056,0.2635453870435689,-0.03410658214088563
1789997440695844600,78.2838447265625,0.10306856723960345,0.2538959760265776,-0.04076257756340564
1789997440705914600,78.29391455078125,0.09107302999077951,0.22055537877510686,0.0075110442839297995
1789997440715985700,78.30398559570312,0.085016659056829,0.22260653284767087,0.0024914449176793776
1789997440726055700,78.3140556640625,0.08399891693847929,0.2507719452344979,-0.03732034911964742
1789997440736126700,78.32412670898438,0.11168518509322635,0.27149140371008684,-0.02656437109205021
1789997440746196500,78.33419653320313,0.09249236259642751,0.261356786267306,-0.043313030558682936
1789997440756266500,78.3442666015625,0.0829595103863587,0.2357956900257093,-0.04083524369034145
1789997440766337500,78.35433764648438,0.07065221412321201,0.24386080651144273,-0.03379827308406386
1789997440776407800,78.36440771484375,0.06623419691470274,0.2232550440176444,0.004738106498575482
1789997440786478600,78.374478515625,0.05246925399234201,0.2270375012382606,-0.020658461563335923
1789997440796548600,78.38454858398437,0.040941695581352924,0.22478917241481902,0.011484010217846034
1789997440806619600,78.39461962890626,0.03216619598848041,0.2352395339448356,0.013947149585832206
1789997440816689700,78.40468969726562,0.033502676721369896,0.24820857353088543,0.019039729717125593
1789997440826759700,78.414759765625,0.019796962423594237,0.26369823387307056,-0.0013496596825287549
1789997440836830700,78.42483081054688,0.02054695047290616,0.25836488859231854,-0.012923064574012608
1789997440846900700,78.43490063476563,0.012515369526303862,0.22267103877421707,0.009941108321428577
1789997440856971800,78.4449716796875,-0.027890093604034893,0.1998319835204536,0.02416918449132159
1789997440867041500,78.45504150390624,-0.033828026327700926,0.17798916938247622,0.03971451638321048
1789997440877111600,78.46511157226563,-0.03556348527010792,0.13956589887113752,0.052177744661798864
1789997440887182600,78.4751826171875,-0.05156212889949089,0.09650295545982963,0.03566243852206495
1789997440897252600,78.48525268554687,-0.08181182273348349,0.05725071814972455,0.05776113542071455
1789997440907323600,78.49532373046875,-0.11613605518136728,0.02046326170722625,0.059850983701639805
1789997440917393700,78.5053935546875,-0.14105453968214446,0.0028482509575257155,0.03460778410345821
1789997440927464700,78.51546459960937,-0.14343182625970724,-0.024578793034089465,0.02136879261203395
1789997440937534500,78.52553442382812,-0.17662573285952546,-0.08122607416985496,0.027806006482273583
1789997440947604700,78.53560473632812,-0.2270149340317227,-0.11620839448532098,0.01195649590782475
1789997440957675800,78.54567578125,-0.25448477634920047,-0.14579100906666526,0.007448227518877168
1789997440967745500,78.55574560546874,-0.2492412422250784,-0.16957235145089988,-0.0469009731410038
1789997440977816600,78.56581665039063,-0.2430950393538035,-0.2263223495478778,-0.016759819336593772
1789997440987886600,78.57588647460938,-0.27680436053086377,-0.29943566574604874,0.06167531737981087
1789997440997957600,78.58595751953125,-0.2828464452518348,-0.3321751987325046,0.08146522535043814
1789997441008027600,78.59602758789063,-0.2578127818052317,-0.3266182299320855,0.0437056668631549
1789997441018097700,78.60609765625,-0.24423322484118365,-0.3393672711831733,0.042260710603679585
1789997441028168700,78.61616870117187,-0.2664503218390695,-0.3733884251459403,0.026049801109779416
1789997441038238500,78.62623852539062,-0.27546561812222403,-0.34868081712718096,-0.01457731783325902
1789997441048309500,78.6363095703125,-0.2777041075227021,-0.3255619306629331,0.011662172598845003
1789997441058379800,78.6463798828125,-0.25402406346082634,-0.30175234320591865,0.006486678102507758
1789997441068449800,78.65644970703126,-0.19994277751413603,-0.2609611605977599,-0.01597052679201119
1789997441078520600,78.6665205078125,-0.15881126669708043,-0.23092193643065181,-0.018919647811849016
1789997441088590600,78.67659057617188,-0.13698202452443398,-0.2044964898231145,-0.010659016220521808
1789997441098661600,78.68666162109375,-0.11402115624034855,-0.1805784417355939,-0.025765728710773116
1789997441108731600,78.69673168945313,-0.09647414397955308,-0.16054636557401505,-0.0017150981666068659
1789997441118802400,78.70680249023438,-0.06024275122479389,-0.10497142588313835,-0.0008621999722414421
1789997441128872700,78.71687280273437,-0.0473613884327695,-0.048813577846916686,-0.04852504391478181
1789997441138942700,78.72694262695312,-0.020811539327532446,-0.01285411886312435,-0.032483880184458865
1789997441149013500,78.73701342773437,0.0019206646827811505,0.025421244049575017,-0.04033922694820186
1789997441159083500,78.74708349609375,0.02322819490939051,0.05492110078137514,-0.03101464049508872
1789997441169154600,78.75715454101562,0.05797657691301016,0.09641717908796209,-0.010281565914596617
1789997441179224800,78.76722485351563,0.08771548083993766,0.1335485629748754,0.025195642629146517
1789997441189295600,78.77729565429688,0.10647955047740604,0.1629771905948272,-0.004901075397975516
1789997441199365600,78.78736572265625,0.13532132365806973,0.18224854483473965,-0.028924146881810168
1789997441209435600,78.797435546875,0.15362273405166232,0.19889776534144618,-0.012880396818707932
1789997441219506700,78.80750659179688,0.14130419806882993,0.21699871172869376,-0.004415694134983695
1789997441229576700,78.81757666015625,0.12192695349844804,0.22999276348282544,0.0024588468251554923
1789997441239647700,78.82764770507812,0.11030928664786292,0.2494657510563485,-0.027518989807300116
1789997441249717800,78.8377177734375,0.11718432864909713,0.2532511880747411,-0.07339730329523561
1789997441259788500,78.84778857421875,0.12336635563165345,0.239035525719697,-0.07017539877019469
1789997441269858600,78.85785864257812,0.09253436263763519,0.20850839754059677,-0.06777151060051778
1789997441279928600,78.86792846679687,0.06156401508337904,0.16597903883528017,-0.06732353235427639
1789997441289999600,78.87799951171876,0.027700768513520636,0.12125070822270534,-0.05197837476592786
1789997441300069600,78.88806958007812,0.006466537798293279,0.08792404605546174,-0.055563594531941075
1789997441310140700,78.898140625,-0.0376133205484147,0.033526442462244246,-0.006490827285633
1789997441320210700,78.90821069335938,-0.0620134617047997,-0.02216332728788871,-0.007533566295694319
1789997441330280400,78.91828051757813,-0.06706709672710595,-0.0719232197686036,-0.002715675959957114
1789997441340351500,78.9283515625,-0.07493521450871204,-0.11344350047579853,0.00760464729976688
1789997441350421800,78.938421875,-0.1088137640814201,-0.16299562898029482,0.008256854141861848
1789997441360493000,78.9484931640625,-0.16514977957259486,-0.20044322272255055,0.01317717721308484
1789997441370563000,78.95856298828124,-0.1887043607927612,-0.23616717132920684,-0.006069612396338361
1789997441380634000,78.96863403320313,-0.18700639856477597,-0.2709305987412897,-0.024748741229958595
1789997441390703900,78.97870385742188,-0.23737058567991937,-0.30557410714862093,-0.057524605173503635
1789997441400774000,78.98877392578125,-0.27168550920226986,-0.3392475948453957,-0.03833955030673765
1789997441410845000,78.99884497070312,-0.2980394808574253,-0.39426320724364466,0.006793707018819193
1789997441420915000,79.0089150390625,-0.28206220990158565,-0.4259364356314312,0.006690708898555175
1789997441430986000,79.01898608398437,-0.22997427441066162,-0.41771682122808296,0.001780563157272666
1789997441441056000,79.02905590820312,-0.22626790501754518,-0.45567294262091357,0.034537390883490775
1789997441451127000,79.039126953125,-0.27047110735389274,-0.497893917355037,0.07366030329501413
1789997441461196800,79.04919677734375,-0.2582865610205969,-0.484712241775111,0.06893544918202268
1789997441471267000,79.05926708984374,-0.2273426605296438,-0.44165357539091166,0.082683420868274
1789997441481338000,79.06933813476563,-0.1790270820068573,-0.40658442857669846,-0.024393216649032753
1789997441491408100,79.079408203125,-0.13411068535889523,-0.38173432489809594,-0.16147983900215682
1789997441501479000,79.08947900390625,-0.12749784267157024,-0.3516575653370047,-0.2461169438818307
1789997441511549000,79.099548828125,-0.09165826639739186,-0.28571858301249564,-0.3672447085808986
1789997441521620000,79.10961987304688,-0.053191778075000404,-0.278076020162489,-0.1605706465934871
1789997441531690200,79.11969018554687,-0.016437350327547017,-0.2739293403301127,0.12691620465367318
1789997441541760000,79.12976000976562,-0.09054282004005072,-0.32937751804654397,0.17379591168356107
1789997441551831000,79.1398310546875,-0.05153887364417417,-0.15252355423515998,0.12916070930843357
1789997441561901000,79.14990112304687,0.16093816363732488,0.01321022420660768,0.0681589998759015
1789997441571971800,79.15997192382812,0.24924488144263302,0.019587808070099914,-0.08490739095115223
1789997441582041900,79.17004174804687,0.29260283942681714,0.024641849231359987,-0.08551465306205613
1789997441592112000,79.18011206054688,0.3197345863682388,0.0977163842989251,0.092925787481987
1789997441602183200,79.19018310546875,0.2835540402944094,0.19174493685380758,0.08213878394222118
1789997441612253000,79.2002529296875,0.21379537053614914,0.2445235121847359,0.057221616502479096
1789997441622324000,79.21032397460938,0.26039737064572743,0.3678575929837489,-0.014221810140918955
1789997441632394000,79.22039404296875,0.34543655408185825,0.45851863456178427,-0.05933359935804272
1789997441642465000,79.23046508789062,0.3996126011357938,0.47016762556822933,-0.025692569333497887
1789997441652535000,79.24053515625,0.3880252701877823,0.4694037235419591,-0.012173806755609981
1789997441662605000,79.25060498046875,0.36613899470205946,0.4997968377770959,-0.06323280562608345
1789997441672676000,79.26067602539062,0.36874335462236124,0.5633973213105204,-0.20910271987817106
1789997441682745900,79.27074584960937,0.36119129769935093,0.5275489094232853,-0.06947545616224901
1789997441692817000,79.28081689453126,0.3411256325273453,0.5187176084720361,0.06609115990305879
1789997441702887200,79.29088720703125,0.29318783228454576,0.47500982960674404,0.10719064072629997
1789997441712958200,79.30095825195312,0.2827088155724839,0.5366503736220954,0.041514459002631295
1789997441723028000,79.31102807617188,0.3280102075238087,0.5925660422790131,0.05695505961152704
1789997441733098000,79.32109790039063,0.33867827999803873,0.606814579292555,-0.01960902318691698
1789997441743169000,79.3311689453125,0.29564120538526717,0.5921374519221636,-0.03600004190876709
1789997441753239000,79.34123901367188,0.2523325330379352,0.5686131229851378,0.010120638721882956
1789997441763310000,79.35131005859375,0.17057599980746008,0.5333514540989527,0.054968775710965936
1789997441773380000,79.36138012695312,0.11344655090306234,0.5386170925027371,0.02821392433573941
1789997441783451100,79.371451171875,0.1059421402704421,0.4834871500230549,0.10415322761027485
1789997441793521000,79.38152099609376,0.11901891116501091,0.35723964120151014,0.2507201807518989
1789997441803591000,79.3915908203125,0.12053780622240472,0.35915565798645566,0.12679735034133802
1789997441813662000,79.40166186523437,0.16328694252668233,0.391254274001297,0.022424142472225263
1789997441823732000,79.41173193359376,0.09830911053430466,0.35289683274332134,0.018212506783685502
1789997441833803000,79.42180297851563,-0.025346808760849358,0.2006459661841056,0.04805705053429354
1789997441843873000,79.431873046875,-0.0763584688007145,0.109174058836705,0.06374551698161365
1789997441853943000,79.44194311523438,-0.0787869933691997,0.06835653921711551,0.06991632349182848
1789997441864013800,79.45201391601563,-0.0679646391170449,0.03718700187394459,-0.01619710953372146
1789997441874084000,79.462083984375,-0.08285251143122349,-0.018363037405643302,0.07796334261378343
1789997441884155100,79.47215502929687,-0.1273726779500538,-0.11214332191099047,0.11059847153102842
1789997441894225200,79.48222509765625,-0.17067793392677325,-0.13968781753563905,0.0545420958409803
1789997441904296000,79.4922958984375,-0.14629749555107918,-0.1579112012070851,0.08202377622197604
1789997441914366000,79.50236596679687,-0.16880176037429856,-0.18389171257083317,0.08335783557530066
1789997441924436000,79.51243603515626,-0.17491518876354126,-0.18876320083672693,-0.01084189789147586
1789997441934507000,79.52250708007813,-0.17762436229786308,-0.17081832715078177,-0.08811235030781675
1789997441944577000,79.53257690429687,-0.18298333290846105,-0.20482216204655088,-0.039812357307391834
1789997441954648000,79.54264794921875,-0.2580288718598227,-0.2625888198020462,0.03207790761440824
1789997441964718000,79.55271801757813,-0.33012161411851637,-0.2762108217774553,0.0720342485341862
1789997441974788900,79.56278881835938,-0.30661451707617754,-0.2643340321909683,0.09189418734987975
1789997441984859000,79.57285888671875,-0.21053885125141927,-0.24062869147636548,0.07994104735788322
1789997441994929200,79.58292919921875,-0.1625164137065447,-0.20851464460796906,0.04541266491234887
1789997442005000200,79.59300024414063,-0.14298353338171405,-0.24741404853384025,0.0784046121236454
1789997442015070000,79.60307006835937,-0.14138959696596562,-0.209445257956435,-0.07226982694254203
1789997442025141000,79.61314111328124,-0.1504571156387725,-0.2008167798636042,-0.020092343488499986
1789997442035211000,79.6232109375,-0.19472381133907518,-0.25244324738702467,0.10364975882320383
1789997442045281000,79.63328100585937,-0.2432576259767214,-0.20387497300116159,-0.02608222708352807
1789997442055352000,79.64335205078125,-0.18480739178985253,-0.1787021362639794,0.013803191597178455
1789997442065422000,79.65342211914063,-0.1350838884262175,-0.21397613846693384,0.05405477345451645
1789997442075493000,79.6634931640625,-0.12175196396048212,-0.2763272705455707,0.10283516322864178
1789997442085563000,79.67356298828125,-0.07013250607741003,-0.2522713931812042,0.087446079109972
1789997442095634000,79.68363403320312,-0.008283660560302013,-0.2166340594650881,0.06644958664083601
1789997442105704200,79.6937041015625,-0.035196646395222145,-0.21911401280952617,0.046632789122986795
1789997442115774000,79.70377392578125,-0.06929423433924617,-0.2488556909875071,0.07295800320356985
1789997442125845000,79.71384497070312,-0.09251971747218438,-0.2646629295677869,0.13752726606509566
1789997442135915000,79.7239150390625,-0.0820080122624646,-0.23440758691266333,0.06964996672053889
1789997442145986000,79.73398608398438,-0.03831527657990728,-0.17769958733398433,-0.04183151909887677
1789997442156055800,79.74405590820312,0.004640479185534154,-0.1519631822256171,-0.09306494118782314
1789997442166126800,79.754126953125,0.0023742914035882632,-0.18183505301689618,-0.08702693045081204
1789997442176197000,79.76419702148438,-0.06321251483441531,-0.22334217095219558,0.015312948394613996
1789997442186267000,79.77426684570312,-0.11146672869059465,-0.2231907186016966,0.07106033970410464
1789997442196338000,79.784337890625,-0.06457004226487217,-0.14096843835908396,-0.018194024694007566
1789997442206408000,79.79440795898438,-0.007273333644572061,-0.16175109220913444,-0.004318056233531968
1789997442216479000,79.80447900390625,-0.025223942537162806,-0.20217521254169712,-0.09966403715064459
1789997442226549000,79.81454907226562,0.0025453149413397365,-0.2350235601551289,0.002420423804857664
1789997442236620000,79.8246201171875,0.0412692210614602,-0.20004493995523454,0.058244576381742755
1789997442246690000,79.83468994140625,0.0031321944125136387,-0.1614157455016813,-0.016527759015001812
1789997442256760000,79.84476000976562,0.03542187492830661,-0.14447968612979256,-0.03576734904870825
1789997442266830800,79.85483081054687,0.066459831033556,-0.11472587512380698,-0.0411999322070253
1789997442276901000,79.86490112304688,0.046479628603807575,-0.11173951951968893,-0.03355703976249235
1789997442286972200,79.87497216796875,0.03402366737087384,-0.11387864153956433,0.04813712890937247
1789997442297042000,79.8850419921875,0.03686392906550448,-0.05764219796743511,-0.05062477094689036
1789997442307113000,79.89511303710937,0.08742395352502261,-0.0008884753103053679,-0.17003640155735628
1789997442317183000,79.90518286132813,0.13822472219572168,0.005060277826159355,-0.08752222796346922
1789997442327253000,79.9152529296875,0.15685621144550463,0.0018919335036342855,0.007010705527953013
1789997442337324000,79.92532397460937,0.17621046004817412,0.09238907023421916,-0.12879147890858278
1789997442347394000,79.93539404296875,0.22802008949399621,0.15639244902411348,-0.10623564351870385
1789997442357465000,79.94546508789062,0.24672602101429422,0.1650689607363709,-0.029612995236466415
1789997442367534300,79.95553442382813,0.23569044276784698,0.1791306062362169,-0.03838918614577776
1789997442377604400,79.96560424804687,0.2826988915335064,0.24416244954504532,-0.010107783521433137
1789997442387675400,79.97567529296875,0.30986773583368465,0.30226413323770085,-0.03451561229093351
1789997442397745400,79.98574536132813,0.31757576660656855,0.3351906258988758,-0.10364724285155907
1789997442407816400,79.99581640625,0.3490458661351532,0.3856195749414328,-0.11718884095775169
1789997442417886200,80.00588623046875,0.34954497969185894,0.41279249106133414,-0.07894822351991916
1789997442427957200,80.01595727539062,0.33842497145451195,0.42467264394888893,-0.08479459511896567
1789997442438027300,80.02602734375,0.3498719338604429,0.4707275427574341,-0.10650103231985379
1789997442448097300,80.03609716796875,0.4116255199904657,0.500430308605375,-0.043152288686184266
1789997442458168300,80.04616821289062,0.42010252205868154,0.5241203583232602,-0.03020530727364882
1789997442468238300,80.05623828125,0.3861783826123892,0.5312035404477399,-0.035603432408148485
1789997442478309400,80.06630932617188,0.3716998530738455,0.5600808172808487,-0.060353404547049
1789997442488379100,80.07637915039062,0.35308995881353306,0.5479394334572738,-0.00021550857593792333
1789997442498450200,80.0864501953125,0.3486112541157863,0.5320040255350403,0.037377196260772884
1789997442508520400,80.0965205078125,0.31602163368300484,0.5814991573569579,-0.06050783275516707
1789997442518590200,80.10659008789062,0.2959577697050265,0.6027114727597666,-0.0179292834844843
1789997442528661200,80.1166611328125,0.29395075692900074,0.5494813796760711,0.052618293782135186
1789997442538731300,80.12673120117188,0.24598144180472883,0.5274998818717516,-0.0031420914376470003
1789997442548802300,80.13680224609375,0.22607948149474827,0.5099418273177029,-0.022513658062346224
1789997442558872300,80.14687231445312,0.23138009038063775,0.4621324379903705,0.04212316922113361
1789997442568942300,80.1569423828125,0.18449324991323948,0.4141986515174476,0.016196629120986853
1789997442579013400,80.16701342773437,0.13746602806090424,0.4203368885181587,-0.05425179662795086
1789997442589083100,80.17708325195312,0.08012876187654491,0.39882172011210626,-0.04674023538630055
1789997442599154200,80.187154296875,0.022821032656683126,0.33637382130825044,-0.014330918781924556
1789997442609224200,80.19722412109375,0.0022257625880029606,0.3241530935658214,-0.09932877995164106
1789997442619295200,80.20729516601563,-0.011712143029062752,0.31280882028924273,-0.1719183989560568
1789997442629365200,80.217365234375,0.005585215842324393,0.28612298419660215,-0.18650168899555575
1789997442639435300,80.22743530273438,-0.03006590611977114,0.1871776804555134,-0.0035149063825958755
1789997442649506300,80.23750634765625,-0.08252180853738411,0.12171598763892932,0.07668770431288151
1789997442659576000,80.247576171875,-0.08785186171511782,0.18574578913666132,0.10700013895104239
1789997442669647000,80.25764721679687,0.015876617147530078,0.25037073294371937,0.059445022728276
1789997442679717400,80.26771728515625,0.06799419046308859,0.2152068066388881,0.010827472632266662
1789997442689788400,80.27778833007812,0.0262328874573431,0.1659752759743732,0.010989577930576672
1789997442699858200,80.28785815429687,-0.021705787946469383,0.17717357793398245,0.048496729914474936
1789997442709928200,80.29792822265625,-0.036042478009187744,0.21226761607564573,0.09922155851445758
1789997442719999200,80.30799926757813,-0.030122849668197508,0.24430370281423108,0.06188762573188772
1789997442730069500,80.31806958007813,-0.009087477342155618,0.2694353501412787,0.03176324991375513
1789997442740140300,80.32814038085938,-0.0016297730921608123,0.2512871241111611,0.06683242711079626
1789997442750210300,80.33821020507813,0.01363483152447877,0.22651532304412678,0.0769277987051513
1789997442760281300,80.34828125,0.03525569194314209,0.21960233787379776,0.03840123460032486
1789997442770351400,80.35835131835937,0.026224870322818762,0.20586594793952223,0.020473874847776897
1789997442780421400,80.36842138671875,0.006649109818842985,0.1887548194706185,0.022461351100736923
1789997442790492400,80.37849243164062,-0.02681566950221928,0.17935020337154212,0.03193258902313689
1789997442800562400,80.3885625,-0.06524172945215685,0.16845481752696817,0.06435400968369072
1789997442810633200,80.39863330078126,-0.0712154323064206,0.1714426967130559,0.04692912521404641
1789997442820703200,80.408703125,-0.07659356472942425,0.16676547252623755,0.03934126320637959
1789997442830773200,80.41877319335937,-0.0897307502446229,0.15443736308333972,0.002812174670443046
1789997442840844300,80.42884423828124,-0.12262485701370386,0.12074924853062245,0.046664014894405456
1789997442850914300,80.43891430664063,-0.13751885468164304,0.09847289917741528,0.07069167938307731
1789997442860985300,80.4489853515625,-0.11570662193907444,0.13068560485488995,0.0235631490514209
1789997442871055400,80.45905541992188,-0.12136224064143365,0.14217657341724718,0.021595119783620675
1789997442881126400,80.46912646484375,-0.15008973764486305,0.11124638501230802,-0.018001114425709546
1789997442891196200,80.47919604492188,-0.14398481787921658,0.07540322144234152,0.021366162059283128
1789997442901266400,80.48926635742187,-0.15147191129866366,0.07027278223342877,-0.04559894866434239
1789997442911337500,80.49933740234376,-0.15477500026903585,0.057581294151410764,-0.028210238831393654
1789997442921407200,80.5094072265625,-0.15399154400453388,0.07580073792853892,0.020630924439951313
1789997442931478300,80.51947827148437,-0.15645874256114514,0.0729555726501204,0.060954471838390464
1789997442941548300,80.52954833984376,-0.1341021099622009,0.08846764400457587,0.030434920377045697
1789997442951619300,80.53961938476563,-0.09515331548425286,0.10887936395314951,-0.009119083864744523
1789997442961689300,80.549689453125,-0.06616588777705124,0.07701100280692938,0.09869399044061539
1789997442971759400,80.55975927734374,-0.06732015772219661,0.06602863377556682,0.1003589969342959
1789997442981830400,80.56983032226563,-0.07094539902655549,0.1509227835169315,-0.026040202941424635
1789997442991900200,80.57990014648438,-0.05055866645440349,0.1667823056705789,0.03791058863478971
1789997443001971200,80.58997119140625,-0.04398765146609585,0.1649771994116422,0.024368190161581663
1789997443012041200,80.60004125976562,-0.030749942189165443,0.15656559538180823,-0.03632672059699379
1789997443022111200,80.610111328125,-0.020900471701196476,0.14083661809647594,0.013484694031517646
1789997443032182300,80.62018237304687,-0.0064411704574627564,0.11903659728515205,0.0253994706297919
1789997443042252300,80.63025219726562,-0.021419555259147273,0.11831824439256503,-0.03379111360283318
1789997443052323300,80.6403232421875,-0.0491480936407683,0.09119251947312998,-0.025061714054837318
1789997443062393000,80.65039306640625,-0.09188063898082513,0.046817221579488484,0.010007091953570168
1789997443072464100,80.66046411132812,-0.11875143342273148,0.02028349743194955,0.016007170619037187
1789997443082534400,80.67053442382813,-0.13989083887384712,-0.02149265415396263,0.041429832851328716
1789997443092604400,80.6806044921875,-0.15510389631691243,-0.021215785963455882,-0.04157810682088942
1789997443102675200,80.69067529296875,-0.1487211156334727,-0.03828056892407744,-0.026092880144768304
1789997443112745200,80.7007451171875,-0.1851644682021573,-0.08000197495646805,0.012908121998840208
1789997443122816300,80.71081616210938,-0.18944653663944383,-0.09082300966161107,-0.03451238264593712
1789997443132886500,80.72088647460937,-0.20272894724553173,-0.09812381143620873,-0.0465310394171471
1789997443142957300,80.73095727539062,-0.22018915583792587,-0.15392872032446286,-0.04012134269640722
1789997443153027300,80.74102734375,-0.26236693793024396,-0.19942280988901717,-0.029254563096687173
1789997443163097300,80.75109741210937,-0.2817084170709459,-0.23166938778279986,-0.014845367770089239
1789997443173168000,80.76116821289062,-0.26065319668863607,-0.21829535843521314,-0.08787352303577786
1789997443183238100,80.77123803710937,-0.23119547510060987,-0.2275319847051201,-0.0916884704049209
1789997443193309200,80.78130908203126,-0.24614690803878692,-0.25567103196138785,-0.09488607098388534
1789997443203379500,80.79137939453125,-0.29439949616078104,-0.2916973296187069,-0.014862577960020858
1789997443213450200,80.8014501953125,-0.29995831738701423,-0.3034243320804171,0.04834770469780949
1789997443223520300,80.81152026367188,-0.2655642694702146,-0.25562140930330346,0.01464865496024873
1789997443233590300,80.82159033203125,-0.2166672608606342,-0.23708619565177094,-0.03508253835829904
1789997443243661300,80.83166137695312,-0.19672746974669758,-0.224248776959189,-0.03220906273910283
1789997443253731300,80.8417314453125,-0.20666767125069585,-0.2102499710537993,0.02334911806821873
1789997443263802400,80.85180224609375,-0.2076877368991804,-0.16749330833715054,0.017315127432773463
1789997443273872400,80.86187231445312,-0.17418572288375175,-0.11258411709380696,0.030207391782589046
1789997443283942100,80.87194213867187,-0.14181077682572055,-0.05984224487462119,-0.040307128841609426
1789997443294013200,80.88201318359376,-0.1106520391680189,-0.038999500383269006,-0.012608963590657392
1789997443304083500,80.89208349609375,-0.1060100268227428,-0.03306710736383735,0.04662722695611823
1789997443314154500,80.90215454101562,-0.09095451288702328,0.002945331518547967,0.012394271518336502
1789997443324224300,80.91222436523438,-0.03520603667421131,0.04003954046259564,-0.032902524076800735
1789997443334295300,80.92229541015625,-0.002884385572738157,0.03304135958308149,-0.041394203901318684
1789997443344365300,80.932365234375,-0.052880198380341095,-0.00520329384378144,-0.035703859830748176
1789997443354435300,80.94243530273438,-0.08401175917276163,-0.00030930427272835253,-0.10256802447332206
1789997443364507100,80.95250708007812,-0.07903435164922722,-0.04067038352606143,-0.021837014868246313
1789997443374577400,80.96257739257813,-0.08450382181429755,-0.10627116335945304,-0.024925563212221752
1789997443384648400,80.9726484375,-0.09305365594036076,-0.14363778065366709,0.0030119743456662636
1789997443394718200,80.98271826171874,-0.07474483807550064,-0.14125551653135685,-0.0019552710641832795
1789997443404789200,80.99278930664063,-0.08332062127321967,-0.1726797807477172,-0.00439796151114967
1789997443414859300,81.002859375,-0.10782268167301255,-0.19559191073789886,-0.06387540992054752
1789997443424929000,81.01292895507812,-0.14397516775083138,-0.22670998965467523,-0.058358303858705655
1789997443435000000,81.023,-0.20429495414140847,-0.27976028021975835,-0.0011684699593352457
1789997443445070300,81.0330703125,-0.22732993395110543,-0.2984612847738702,0.019126069629261864
1789997443455141400,81.04314135742187,-0.22896119864373524,-0.2986506884485988,0.001823811261769153
1789997443465211100,81.05321118164062,-0.21646974979664507,-0.3431670440441191,-0.00609424285932948
1789997443475281200,81.06328125,-0.2296444051482453,-0.3793690163302495,-0.02323408938794543
1789997443485352200,81.07335229492188,-0.26865741523389747,-0.43024258574129964,0.07110690113928488
1789997443495422500,81.08342236328124,-0.2881795174738217,-0.4428684719207956,0.11217550906254184
1789997443505493200,81.0934931640625,-0.2667900444614399,-0.42155978041245123,0.10930162682335855
1789997443515563300,81.10356323242188,-0.2417979646870806,-0.41340938741439087,0.0544875809078178
1789997443525634300,81.11363427734375,-0.2397647170582186,-0.43092242982351225,0.049962760452616675
1789997443535704000,81.1237041015625,-0.25786306392768565,-0.46218519970661504,0.11205918375041792
1789997443545774300,81.1337744140625,-0.24068325080848377,-0.4578532771755416,0.11820359408100287
1789997443555845400,81.14384545898437,-0.1762611587781843,-0.4041161440567879,0.02530808912963417
1789997443565915400,81.15391528320312,-0.13572475829083877,-0.40811212243538664,0.02844070729498261
1789997443575986200,81.16398608398437,-0.15624360982621754,-0.45769662293722224,0.05434562994020833
1789997443586056200,81.17405615234375,-0.17838321434023374,-0.46603445474163435,0.07485273284928826
1789997443596127200,81.18412719726562,-0.1309313714223189,-0.40001340996783885,0.05792865028153978
1789997443606197200,81.194197265625,-0.0805751130606353,-0.35717759032841145,0.06963434119502393
1789997443616267300,81.20426733398438,-0.05755343410192563,-0.331923003569814,0.037625811623573924
1789997443626338300,81.21433837890625,-0.03166750200569708,-0.30222461071830303,0.0328285534684828
1789997443636408300,81.224408203125,0.025001808408767406,-0.25383401436478376,0.06855545245652467
1789997443646479400,81.23447924804688,0.06371366208681506,-0.18731540290876936,0.023135895371826743
1789997443656549000,81.24454907226563,0.06234205943964468,-0.13554243820927483,0.01976429551200555
1789997443666620200,81.2546201171875,0.05771799437344325,-0.09560117518933875,-0.023567399192447436
1789997443676690400,81.2646904296875,0.08259080852714723,-0.06073581962112944,-0.034164340582876186
1789997443686760200,81.27476025390625,0.11953377030755387,-0.02037551481726213,-0.02602456179919484
1789997443696831200,81.28483129882812,0.15344960557366882,-0.0018746006748502672,0.010403676763569758
1789997443706901200,81.2949013671875,0.16425406523734298,0.02615152324088306,-0.027702713585336828
1789997443716972300,81.30497216796876,0.16481806335893714,0.05744554088477219,-0.0403730976697486
1789997443727042300,81.31504223632813,0.14937582007278197,0.07982342151977143,-0.04800986005731227
1789997443737112300,81.3251123046875,0.16151687372665877,0.09455331943563891,-0.04054525138153033
1789997443747183400,81.33518334960938,0.15694483992706945,0.13349337616804122,-0.040597424938785556
1789997443757253000,81.34525317382813,0.12935540061497872,0.13665756192841425,-0.04932511312829417
1789997443767324200,81.35532421875,0.139311199527298,0.1713223646955235,-0.12788877310991126
1789997443777394200,81.36539428710938,0.1456796002525573,0.1515300259421148,-0.028955620920725914
1789997443787465200,81.37546533203125,0.14244487430291264,0.1345091969410355,0.0179673446604951
1789997443797535200,81.38553515625,0.1291693845256113,0.17506432779643785,-0.012981339824111355
1789997443807605200,81.39560522460937,0.12623608842179967,0.19583106228836827,-0.007866108213312146
1789997443817676300,81.40567626953126,0.132341025805041,0.19267365812464707,-0.021230188106207276
1789997443827746000,81.41574609375,0.1317644907439231,0.16226703377339327,0.014795677955304313
1789997443837817000,81.42581713867187,0.1506952093522629,0.1658249751187132,-0.01393978519327337
1789997443847887400,81.43588745117188,0.17218388810694243,0.17782880797801023,-0.018487794866525055
1789997443857958400,81.44595849609375,0.17860495275145646,0.1664244431551991,0.01568910912853688
1789997443868028200,81.45602807617188,0.16453247642141253,0.1481917625479269,0.03164820365657365
1789997443878098200,81.46609814453124,0.16315424440176607,0.15890583571618144,0.00419199497491083
1789997443888169200,81.47616918945313,0.20053934578863336,0.15816946192122294,0.008107241019432991
1789997443898239200,81.4862392578125,0.20199776234973374,0.14433621619793433,-0.028881985994725627
1789997443908310300,81.49631030273437,0.18901242612131192,0.12322535801583016,-0.06901943875864866
1789997443918380300,81.50638037109375,0.19672874500087975,0.13209575539115367,-0.1023744172772768
1789997443928451300,81.51645141601563,0.1708819530765015,0.12052814106265039,-0.05592669702901919
1789997443938521000,81.52652099609375,0.11803196514172404,0.1118407065341456,-0.0787561410959285
1789997443948591400,81.53659130859376,0.10738696150971154,0.0962334164750958,0.025936687663178942
1789997443958662100,81.546662109375,0.1312216321381176,0.08934706585059778,0.01415926078085677
1789997443968732400,81.556732421875,0.13335261983356053,0.08992936066016995,0.0025082193056205704
1789997443978803200,81.56680322265625,0.12431208203124901,0.09032409271042376,9.576442501194133e-05
1789997443988873200,81.57687329101563,0.10073641315655912,0.06274682471031366,0.0058870610982460995
1789997443998943200,81.58694311523438,0.05642260348716212,0.055913512969884886,-0.022852328632320073
1789997444009014300,81.59701416015625,0.02260148160255473,0.023751728697863055,-0.009742132423812923
1789997444019084300,81.60708422851563,-0.019083783410231276,-0.005831436024174414,0.004903749697222661
1789997444029155300,81.6171552734375,-0.029776756272374683,-0.015659407435982552,-0.024535628994064567
1789997444039225300,81.62722534179687,-0.04821994622716337,-0.04023226749398965,-0.030014749897434165
1789997444049296100,81.63729614257812,-0.0716070943739636,-0.09874832663570104,-0.025461679352396013
1789997444059366100,81.6473662109375,-0.08259914001307068,-0.11484977667789804,-0.06324532346112174
1789997444069436400,81.6574365234375,-0.0681503709741974,-0.1368262913297182,-0.005162668621745383
1789997444079507500,81.66750756835937,-0.0881787282081165,-0.1802281307868317,0.039904177193758904
1789997444089577200,81.6775771484375,-0.09960651144136488,-0.18464396182942852,0.0009238770482459258
1789997444099648300,81.68764819335938,-0.08122181155250628,-0.20639649356441303,0.017354940893479755
1789997444109718300,81.69771826171875,-0.07691897675475405,-0.22139366367271934,0.007877489168676265
1789997444119789300,81.70778930664062,-0.0639210375350508,-0.22918204274456994,0.05631965601678331
1789997444129859300,81.717859375,-0.07722893155772138,-0.21220696606621384,0.06552863542510289
1789997444139929300,81.72792944335937,-0.06944404438993773,-0.19511662122971804,0.02427136671835326
1789997444150000400,81.73800048828124,-0.046121754595354884,-0.21738294092099608,0.07102395544412031
1789997444160070100,81.74807006835937,-0.045611972092153875,-0.21859181408120998,0.05483276594217739
1789997444170141200,81.75814111328125,-0.015465081932953416,-0.19609905412435258,0.06246279106357234
1789997444180211200,81.76821118164062,0.007577889697699886,-0.1732313552731948,0.06593428702774129
1789997444190281200,81.77828125,0.01666968169338856,-0.1379090662097427,0.04167797256235668
1789997444200352300,81.78835229492188,0.038237395994279895,-0.10576752787397858,0.01588848537034133
1789997444210422300,81.79842236328125,0.07133255876026866,-0.07928888109623997,0.03419722139321576
1789997444220493300,81.80849340820312,0.10012700968024028,-0.045937060930106695,0.002248337459030169
1789997444230563000,81.81856298828124,0.11454384206301231,-0.028593742692063967,0.02730704615442078
1789997444240634000,81.82863403320313,0.137744169019159,-6.717004726394683e-05,-0.013197715908627726
1789997444250704400,81.83870434570312,0.17733490725749054,0.0003410201462576164,-0.006616381043917909
1789997444260774100,81.84877416992188,0.1866037389306598,0.02307133929245991,-0.042285278555958185
1789997444270845200,81.85884521484375,0.18624870196517945,0.06357776916398493,-0.00410969643303886
1789997444280915200,81.86891528320312,0.16171609205263737,0.10821154502282186,0.005860205779967543
1789997444290986200,81.878986328125,0.16761437341660199,0.15933466754959463,0.015840215330044673
1789997444301056300,81.88905615234376,0.19687509878862738,0.18638220530555405,0.047998451514714775
1789997444311127300,81.89912719726563,0.21481801034034606,0.20672628464558046,0.051037740908747575
1789997444321197300,81.909197265625,0.24846455331727285,0.2359716584430416,0.0025906638655741627
1789997444331267300,81.91926733398438,0.2666127510275685,0.28746794813604537,-0.0493221131825403
1789997444341338000,81.92933813476563,0.27382656770321595,0.3342564831427598,-0.09912642133324348
1789997444351408000,81.939408203125,0.25008560275712505,0.3556476566942245,-0.06725518152807587
1789997444361479200,81.94947924804687,0.23792845967737283,0.39900730862263467,-0.11929007437704708
1789997444371549200,81.95954907226563,0.2730805643894661,0.4499016889566355,-0.09020491541745525
1789997444381620200,81.9696201171875,0.29447345444415246,0.4732190731582769,-0.02676639321433416
1789997444391690000,81.97968994140625,0.30870190075364673,0.49620628815468226,0.00036286366392080575
1789997444401760000,81.98976000976562,0.3100938331675833,0.5224794259452471,0.005491508193977423
1789997444411831000,81.9998310546875,0.31243982684826693,0.5336083595778149,-0.01100164886967798
1789997444421901300,82.0099013671875,0.32578988029073624,0.5488187715392197,-0.021611612253846536
1789997444431972000,82.01997216796875,0.3040699956423884,0.5560928692960365,-0.0006277478803053437
1789997444442042000,82.0300419921875,0.2942275021667124,0.5724352289116541,0.003536392292904939
1789997444452112100,82.04011206054687,0.28613145103625476,0.5646701275673134,0.00494030156662164
1789997444462183200,82.05018310546875,0.2785761049774994,0.5504510912295757,-0.05516720811643053
1789997444472253200,82.06025317382813,0.2625037570782585,0.547397704962054,-0.05756688431304113
1789997444482324200,82.07032421875,0.24363817394323295,0.5451674649044242,-0.08883206932382726
1789997444492394200,82.08039428710937,0.2334725007353129,0.5219694678885065,-0.08920112487682995
1789997444502465000,82.09046508789062,0.2226055948839238,0.4848330834639335,-0.08342315950552404
1789997444512535000,82.10053515625,0.20875245772458143,0.4718858194128654,-0.08601416830138853
1789997444522605000,82.11060498046875,0.17374766275337467,0.4433319526182284,-0.012228974451152204
1789997444532676000,82.12067602539062,0.14835793943572287,0.42597285233568266,0.01170726145584167
1789997444542746000,82.13074609375,0.12881167833301974,0.404238668084789,-0.011597104734988968
1789997444552817200,82.14081713867188,0.10553182902263043,0.3831375432684743,-0.032039623243275334
1789997444562887200,82.15088720703125,0.05946228119656214,0.36476326217719207,-0.04086118702063172
1789997444572958200,82.16095825195312,0.02298191114613915,0.3619271253221423,-0.020115338546811017
1789997444583028000,82.17102807617188,0.015050055797649292,0.3409028452256205,0.03165459200194822
1789997444593098200,82.18109814453125,0.020853902624560043,0.31005468454748986,0.0785405739671559
1789997444603169300,82.19116918945312,0.03178237526504695,0.3031302407222968,0.05493927536751741
1789997444613239000,82.20123901367188,0.019366121588557522,0.2962855035287249,0.05743145837603659
1789997444623310000,82.21131005859375,0.009703950836121989,0.3002547118271004,0.04870489911357126
1789997444633380000,82.22138012695312,0.020344176565550095,0.2828615819014938,0.08073546534080626
1789997444643450000,82.2314501953125,0.034670464935670865,0.25492649803983974,0.05274540970346189
1789997444653521200,82.24152124023438,0.014644475127840206,0.2339252974057366,0.015813863444207314
1789997444663591200,82.25159106445312,-0.0004650618477229037,0.2230307675170103,0.05183881246068978
1789997444673662200,82.261662109375,-0.01203274727022841,0.2251688235556346,-0.004589028859091715
1789997444683732000,82.27173193359376,-0.03080016772703384,0.21070327604849387,-0.012495749088647567
1789997444693803000,82.28180297851563,-0.01782456488602754,0.2000190990313747,-0.018736892125100026
1789997444703873300,82.29187329101562,-0.024478332210165845,0.1675922399776036,-0.03079481733581913
1789997444713943300,82.301943359375,-0.03612810124024972,0.1316361532283007,-0.038201374581180274
1789997444724014000,82.31201416015625,-0.03485706777565991,0.08941111034485193,-0.002869682819971415
1789997444734084000,82.322083984375,-0.037599601069897425,0.05252021006309044,0.05583577499530002
1789997444744155100,82.33215502929687,-0.05382906549049388,0.03686868279162281,0.06283329477500697
1789997444754225000,82.34222485351563,-0.07548017096074243,0.03931779261210952,0.020787885791710526
1789997444764296000,82.3522958984375,-0.10234065625221325,0.03825361337972644,-0.029940261479628968
1789997444774366200,82.3623662109375,-0.1252913856674386,0.024359667841265677,-0.018524603620079808
1789997444784436200,82.37243627929688,-0.12260288063920688,0.017417634985986048,0.0028387118917972643
1789997444794507000,82.38250708007813,-0.11721632188609894,0.020570094338481178,0.00892117140252942
1789997444804577000,82.39257690429687,-0.12637246635230223,0.02400137192472905,0.021188195924986622
1789997444814648000,82.40264794921875,-0.1278793730847108,0.034841052795602255,-0.006564921910495531
1789997444824718300,82.41271826171875,-0.13946172897136697,0.035421698434681154,-0.029351843237425814
1789997444834788000,82.4227880859375,-0.11131448879023301,0.029369206896635566,-0.018802499743332552
1789997444844859100,82.43285913085937,-0.09867756076930288,0.015674570106345403,0.011150468969615381
1789997444854929200,82.44292919921875,-0.12940248698203327,0.015541174521443568,0.003324452402364609
1789997444865000000,82.453,-0.1413597803844441,0.01486430295128258,-0.019822932970134984
1789997444875070200,82.4630703125,-0.14632327346135088,-0.002275497018300212,-0.009628991522917709
1789997444885141200,82.47314135742188,-0.14865782173586048,-0.02681670467237297,-0.004846981176280908
1789997444895211300,82.48321118164063,-0.14098938537442704,-0.04355748359570765,0.03191366407012869
1789997444905281000,82.49328100585937,-0.13850177680701087,-0.07519230621047808,0.06684117937026451
1789997444915352000,82.50335205078125,-0.15001205744890767,-0.0970704416608123,0.06250883080864247
1789997444925422000,82.51342211914063,-0.14790341844135899,-0.11796323052946277,0.02861648053893613
1789997444935493000,82.5234931640625,-0.1460042246014315,-0.16019907078524773,0.01886435337826447
1789997444945563100,82.53356323242187,-0.15826246440861433,-0.1996657843144397,0.027642618466660007
1789997444955634200,82.54363427734376,-0.1770336148278257,-0.22221004596890798,0.024370162509982363
1789997444965704200,82.5537041015625,-0.2000222366309951,-0.229082538943834,0.00830575614030033
1789997444975774000,82.56377392578125,-0.21030906985220515,-0.26058729486840454,0.0046572062667232465
1789997444985845000,82.57384497070312,-0.21463607622059014,-0.2963455197916701,0.0023295014052614263
1789997444995915300,82.58391528320313,-0.22378286870592734,-0.32523414012498636,0.015156494541481836
1789997445005986300,82.593986328125,-0.2202943657755845,-0.321463700824026,-0.0007581992974944359
1789997445016056000,82.60405615234374,-0.21066958791514587,-0.30806774046902663,0.019794599472334057
1789997445026127000,82.61412719726563,-0.19477379403115075,-0.307477497216295,0.036964867373553145
1789997445036197000,82.62419702148438,-0.19143936832778063,-0.3241749430079057,0.04802454127306881
1789997445046267100,82.63426708984375,-0.18624294814728878,-0.3288796876070343,0.017476555179641005
1789997445056338200,82.64433813476562,-0.18492207735140226,-0.33027665637942766,-0.019517787104813982
1789997445066408200,82.654408203125,-0.16783367481456363,-0.3276411104261413,-0.011200010857245635
1789997445076479200,82.66447924804687,-0.14032068354116517,-0.3091578906125538,-0.027206457695316506
1789997445086549000,82.67454907226562,-0.13497135527161694,-0.2932488903621893,-0.022729883799228207
1789997445096619000,82.68461889648438,-0.129148785057469,-0.2608961379278033,-0.04968547244139018
1789997445106690000,82.69468994140625,-0.11994645276328246,-0.22274146679298973,-0.03957388068430199
1789997445116760000,82.70476000976562,-0.0909209611356444,-0.1661425861305263,-0.07238762290738544
1789997445126831000,82.7148310546875,-0.06026104467064347,-0.08889426554157351,-0.06778778767289047
1789997445136901000,82.72490112304688,-0.03217157099723357,-0.029215087267297622,-0.03025443944782401
1789997445146972200,82.73497216796875,0.009420607160025178,0.043034987285192255,-0.015045525685720757
1789997445157042000,82.7450419921875,0.05649008361314649,0.11364889519735022,-0.007411331343831091
1789997445167112200,82.7551123046875,0.12412414772897148,0.1888491387662264,-0.030756824448118347
1789997445177183200,82.76518334960937,0.1901510306715358,0.2570023230457218,-0.04019626318610461
1789997445187253200,82.77525317382812,0.2555771319457573,0.3143902135108467,-0.06118596616815794
1789997445197324000,82.78532397460937,0.2940087876231484,0.3764849183368486,-0.09254634733712322
1789997445207394000,82.79539404296875,0.325274048586817,0.4111630620911733,-0.07221878985842786
1789997445217465000,82.80546508789062,0.35118446686880833,0.44950623464442874,-0.053690665899114344
1789997445227535000,82.81553515625,0.3694137988663699,0.5005092489746802,-0.04983921772166723
1789997445237605000,82.82560522460938,0.3813383269768268,0.5583389604165381,-0.0636769211572163
1789997445247676200,82.83567626953125,0.39431141767968036,0.6007296273963557,-0.02060883478636535
1789997445257746200,82.84574609375,0.40607641084730345,0.6548393188956637,-0.023424465645635186
1789997445267817000,82.85581689453124,0.4244808200205954,0.698671788009499,-0.031468149874185836
1789997445277887200,82.86588720703125,0.43439298777265856,0.7407056244826307,-0.048244496208642955
1789997445287957200,82.87595727539062,0.4345479546476352,0.7745218679817012,-0.07338905592486147
1789997445298028300,82.8860283203125,0.4174965450718114,0.8069637989288804,-0.062313139093331804
1789997445308098000,82.89609814453125,0.3994145985116561,0.8422127798755449,-0.04650149281884395
1789997445318169000,82.90616918945312,0.3886245331025176,0.8677152293390812,-0.08326227040450077
1789997445328239000,82.91623901367187,0.369100528934688,0.8672578166198383,-0.06481477928660376
1789997445338310100,82.92631005859376,0.3508451930385561,0.8530927743321215,-0.04207815159342836
1789997445348380200,82.93638012695313,0.32327701231036127,0.850804162167764,-0.024420863012427706
1789997445358450200,82.9464501953125,0.28598334133105524,0.8471540180219546,-0.043319884696157315
1789997445368520700,82.95652075195312,0.28097273792620414,0.8120525913758745,0.01061504793099406
1789997445378590700,82.9665908203125,0.2536410868943704,0.7889534813506512,0.04369682023847966
1789997445388661800,82.97666186523438,0.2377301208349847,0.7721412739452014,0.04186186732658506
1789997445398731800,82.98673168945312,0.22732464720183268,0.748707356692317,0.02829769408824612
1789997445408802800,82.996802734375,0.21384678175580096,0.6953544848954262,0.03490026625363219
1789997445418872800,83.00687280273438,0.19765240782660176,0.631425576679558,0.04970883437942778
1789997445428942600,83.01694262695312,0.16771101359432028,0.5866987706563802,0.0648692887500241
1789997445439013600,83.027013671875,0.131321627291528,0.5546622078740413,0.02644079753674565
1789997445449084000,83.037083984375,0.10224098499327414,0.49835190465464657,0.02231426626532288
1789997445459155000,83.04715502929687,0.06352121354625205,0.43710475660280385,0.035040192014680685
1789997445469224700,83.057224609375,0.027421108705390645,0.38423392792705957,0.036890393448720624
1789997445479295700,83.06729565429687,-0.01200202460980618,0.34017771659740953,0.03546512593287708
1789997445489365800,83.07736572265625,-0.051633367625238305,0.2864102823874857,0.0494738666043153
1789997445499435800,83.08743579101562,-0.05920422218457968,0.19870066213007462,0.13016182249319344
1789997445509506800,83.0975068359375,-0.0845237947093817,0.1252535910672145,0.13396111313057738
1789997445519576800,83.10757690429688,-0.14982528693766528,0.05293494583458316,0.10401771523170852
1789997445529647900,83.11764794921875,-0.2196333224632821,-0.030894699276852598,0.09287385410321634
1789997445539717600,83.12771752929687,-0.29711944122755646,-0.11609106087993398,0.10012692286955885
1789997445549787600,83.13778759765626,-0.33904788219484655,-0.192837955212904,0.09948077449956003
1789997445559858700,83.14785864257813,-0.362588189186879,-0.23813968183957587,0.06215315538638663
1789997445569928700,83.1579287109375,-0.3795474479053009,-0.3085539596855558,0.05852364771697618
1789997445579999700,83.16799975585937,-0.4152211108954668,-0.3793194998005201,0.11345194095618534
1789997445590069800,83.17806982421875,-0.4428988454474683,-0.42910702871053286,0.11076737446597235
1789997445600140800,83.18814086914062,-0.4495343706157811,-0.4577018539474543,0.06979149460831517
1789997445610210600,83.19821044921875,-0.4624145963629879,-0.5015820486415324,0.08524574041225895
1789997445620280800,83.20828076171875,-0.46199167192037344,-0.5242015183705508,0.08645189567049308
1789997445630352000,83.21835180664063,-0.47236287484267153,-0.5239342215212269,0.05830242370688805
1789997445640422000,83.228421875,-0.4453011821052346,-0.5384558921647515,0.042017602097703055
1789997445650492700,83.23849267578125,-0.40611655908041594,-0.5367987687304056,0.04930997262028182
1789997445660562700,83.24856274414063,-0.3876006609710285,-0.5143440012983866,0.026561028903112932
1789997445670633700,83.2586337890625,-0.3626782207912259,-0.492238641112709,0.018031520953606803
1789997445680703700,83.26870385742187,-0.3512416622424227,-0.47991410980169497,0.032334148595068515
1789997445690773800,83.27877368164063,-0.34371937149523907,-0.4752795315344587,0.03489313681724699
1789997445700844800,83.2888447265625,-0.30766406982003563,-0.46358198473321466,0.019082871672616374
1789997445710914800,83.29891479492187,-0.27801672916246006,-0.4648778970563701,0.0336753525121658
1789997445720985600,83.30898559570312,-0.2543832096191099,-0.4367297847567852,0.02750227920794527
1789997445731055600,83.3190556640625,-0.24667690349149496,-0.4062689489067721,0.005329009459030515
1789997445741126700,83.32912670898438,-0.24561024026526748,-0.3946854344960203,0.032506767642132804
1789997445751197000,83.33919702148438,-0.23401435703790874,-0.3684741900426336,0.04038677696195978
1789997445761266700,83.3492666015625,-0.23447056873606215,-0.36217094047752724,0.07999495466527683
1789997445771337700,83.35933764648438,-0.22665838147280545,-0.341066842156887,0.06606561651713273
1789997445781407700,83.36940771484375,-0.22693382605478135,-0.31997507307603507,0.055128512132702735
1789997445791478500,83.379478515625,-0.20697894308945325,-0.30816244356666866,0.051344498024619614
1789997445801548800,83.389548828125,-0.18937789997118676,-0.280545038221333,0.03027880118643019
1789997445811618800,83.39961889648437,-0.17050382449757803,-0.26161753026420415,0.034450103911994046
1789997445821689900,83.40968994140626,-0.14404048610768086,-0.25159569823590605,0.03502603939132785
1789997445831759600,83.41975952148438,-0.1525149768291849,-0.2197041494444125,0.005630787575070009
1789997445841830700,83.42983056640625,-0.13494915248197323,-0.2028476933029123,0.0006667880914230413
1789997445851901000,83.43990087890624,-0.11112566158488998,-0.19068422285149303,-0.004219757354528879
1789997445861972000,83.44997192382813,-0.0869828440510107,-0.16617332407737107,0.005759648797739684
1789997445872041700,83.46004174804688,-0.051977103872151036,-0.1574522888872347,0.04595161088290339
1789997445882111700,83.47011181640624,-0.010125991869768198,-0.14176983961808245,0.025825775384280117
1789997445892182800,83.48018286132813,0.028326492433389663,-0.11635538299609856,0.027680054197007167
1789997445902252800,83.49025268554688,0.05158381017565753,-0.07916572103448838,0.01897712717306454
1789997445912323800,83.50032373046875,0.08799680412783366,-0.03906271519861208,-0.016698315785128058
1789997445922393900,83.51039379882812,0.12334170560719972,-0.006276684210407583,-0.026050840778100368
1789997445932465000,83.52046484375,0.1542997210642625,0.0377357163733386,-0.025715472968255368
1789997445942534700,83.53053466796875,0.1885246266924345,0.07603865224569405,-0.01015448749126638
1789997445952604700,83.54060473632812,0.20795277755379488,0.12158961672955569,-0.026850178060465277
1789997445962675700,83.55067578125,0.22041367657577357,0.18525000858244628,-0.05621221396729921
1789997445972745700,83.56074584960938,0.23933180736419318,0.2514280777477904,-0.08560885640414519
1789997445982816800,83.57081665039063,0.2602505435264131,0.2912279772552858,-0.047443227897289324
1789997445992886800,83.58088671875,0.2654791947506917,0.34941644551100204,-0.06425789088273447
1789997446002957800,83.59095776367188,0.2686536863991894,0.4044265640281364,-0.08865240683808381
1789997446013027600,83.60102758789063,0.2736657343643394,0.4599102684043875,-0.08460180161893308
1789997446023097900,83.61109790039062,0.2807750234786181,0.49239993623457107,-0.07788025274690157
1789997446033169000,83.6211689453125,0.2781364643959148,0.508193004737888,-0.05927738119612441
1789997446043238700,83.63123876953125,0.25842363367406024,0.534486309848012,-0.06442322863373792
1789997446053309700,83.64130981445312,0.25247803591668383,0.5698552359037536,-0.08883555023182689
1789997446063379700,83.65137963867187,0.2579736341332422,0.5919768755832526,-0.07199932587023113
1789997446073449700,83.66144970703125,0.27304092864416607,0.622461826557149,-0.07611238523621694
1789997446083520800,83.67152075195312,0.30150185073887364,0.6713664239551094,-0.10389016663422698
1789997446093590800,83.6815908203125,0.33417741077480956,0.7073294388494454,-0.0853369892841151
1789997446103661800,83.69166186523438,0.3639284451922021,0.7584557944635585,-0.09500611058299066
1789997446113731800,83.70173193359375,0.39132899225842854,0.7914968803468981,-0.09998422954395844
1789997446123802600,83.711802734375,0.4055733829869608,0.8130906110889821,-0.0903846733045215
1789997446133872600,83.72187255859374,0.38574134927406023,0.8546362607909159,-0.08245306582093975
1789997446143943000,83.73194287109375,0.3698194028761041,0.8818595790801674,-0.06573216554267489
1789997446154013700,83.742013671875,0.3705020296696204,0.8946598927778322,-0.044553962936595484
1789997446164083700,83.75208374023437,0.3744975559596516,0.8890825840207546,-0.026584845923584188
1789997446174154800,83.76215478515626,0.3564054432817158,0.8510325514150812,0.016941543741736013
1789997446184224800,83.77222485351562,0.31161322099644206,0.8126793783785398,0.04920995636894065
1789997446194295600,83.78229565429687,0.2641218721317305,0.7632621436639128,0.03777987651514184
1789997446204365800,83.79236572265626,0.22717484904495328,0.7020620888441367,0.021883112423621492
1789997446214435800,83.80243579101563,0.1813369595381691,0.6452098341214402,-0.009700422804778504
1789997446224507000,83.8125068359375,0.131422518539709,0.5665053315543264,-0.0003951272941031676
1789997446234576600,83.82257666015624,0.10298525614338497,0.4708903417703499,0.04949184138314663
1789997446244647700,83.83264770507813,0.07823251537593419,0.38758371872073794,0.04753790484587728
1789997446254718000,83.84271801757812,0.02762940731982451,0.2911634584279932,0.05663264659077087
1789997446264787700,83.85278759765625,-0.05640385255911724,0.20760439877806103,0.05986334060467935
1789997446274858800,83.86285864257812,-0.12124673656640363,0.15156040646874386,0.04646976911566946
1789997446284928800,83.8729287109375,-0.16436157783990243,0.04232085307110425,0.11018880100614821
1789997446294999800,83.88299975585937,-0.1986214347654831,-0.024177245667679363,0.08073419497121266
1789997446305069600,83.89306958007812,-0.24096129625247506,-0.08904620938265503,0.09046210236176981
1789997446315140600,83.903140625,-0.2637174020260722,-0.12792191521153848,0.07697826596318899
1789997446325211000,83.9132109375,-0.2736456412457563,-0.1784441157137007,0.10588652018182924
1789997446335280600,83.92328076171874,-0.2996402709223999,-0.20559983592739636,0.05356312295194685
1789997446345351700,83.9333515625,-0.3010975999162695,-0.22647648251728505,-0.005615298847116179
1789997446355421700,83.94342163085938,-0.3167512099374059,-0.26566946249145657,0.0029014112057284083
1789997446365492500,83.95349243164063,-0.34287224284463735,-0.29135804616011574,0.02377548618606193
1789997446375562500,83.9635625,-0.34347591630125085,-0.31998644004606436,0.062219511351483174
1789997446385633500,83.97363354492188,-0.31699692163986676,-0.3449942831956479,0.07674839275627462
1789997446395703600,83.98370361328125,-0.3198881744234734,-0.36335589994558115,0.06699137881196307
1789997446405773300,83.99377319335937,-0.3527441009530291,-0.3531346354482481,0.02706068447426907
1789997446415844400,84.00384423828125,-0.4051911466990953,-0.33159844043602565,0.010211124706022789
1789997446425914600,84.01391455078125,-0.39278587721774166,-0.3308098651583803,0.017133851647122854
1789997446435985700,84.02398559570312,-0.35081999381797874,-0.3635679390137341,0.0398252584993702
1789997446446055400,84.03405541992187,-0.34641820284395347,-0.3671273591945596,0.05485167321793924
1789997446456125400,84.04412548828125,-0.34443534421591243,-0.3580132459746749,0.05732196620657348
1789997446466196500,84.05419653320313,-0.31581250937743166,-0.36376943823723884,0.09572889923179975
1789997446476266500,84.0642666015625,-0.2822825299265955,-0.34781246129335,0.0769701910447694
1789997446486337500,84.07433764648438,-0.29059361659507715,-0.3294941306073213,0.04875023183111893
1789997446496407600,84.08440747070313,-0.2858395100315379,-0.3280614136276032,0.04240616675343978
1789997446506478600,84.094478515625,-0.27683949007270364,-0.34868279353759785,0.07836869864913629
1789997446516548400,84.10454833984375,-0.2759465086200546,-0.3550457610931034,0.08649450541306074
1789997446526618400,84.11461840820313,-0.2610345725949511,-0.33918898945478937,0.046340715784679534
1789997446536689400,84.124689453125,-0.25696507720897166,-0.3254913193275894,0.008011161027905752
1789997446546759700,84.134759765625,-0.25373280931213055,-0.3081341341734443,-0.007230180136268564
1789997446556830500,84.14483056640626,-0.2721729827990566,-0.29513481130872843,0.0016060547015606323
1789997446566900500,84.154900390625,-0.21720750067221664,-0.3050715424491916,0.01815667266961244
1789997446576971500,84.16497143554687,-0.16360984323932154,-0.3195607161978521,0.03348613221508451
1789997446587041500,84.17504150390624,-0.16988116919208357,-0.32741914731255106,0.02144033612879707
1789997446597111600,84.18511157226563,-0.21672979159353836,-0.3440684286359249,0.06370500926165872
1789997446607182600,84.1951826171875,-0.23898090276261255,-0.34509041564863124,0.07560788047484478
1789997446617252600,84.20525268554688,-0.2297666061774849,-0.3447727901534863,0.07681776283599112
1789997446627323400,84.21532348632813,-0.20028762696323318,-0.33393127549638135,0.0833534662642874
1789997446637393400,84.22539331054688,-0.18803565323990595,-0.3370498042196014,0.0791196663445965
1789997446647464400,84.23546435546875,-0.18670471963465496,-0.33434166440992286,0.03699411955828065
1789997446657534700,84.24553466796876,-0.20132082574616592,-0.3422640322477331,0.028175605323138776
1789997446667604500,84.2556044921875,-0.18417325179970698,-0.36723568641662174,0.030862671352994676
1789997446677675500,84.26567553710937,-0.20061900649536793,-0.40192771315729,0.05366455728275443
1789997446687745500,84.27574560546876,-0.22753835242661438,-0.420821905150233,0.01562128788184887
1789997446697816600,84.28581665039063,-0.2320784142431946,-0.4535009264206144,0.008346851446276853
1789997446707886300,84.29588623046875,-0.23836245284616714,-0.4701977498103758,0.0024074880253040394
1789997446717956600,84.30595654296874,-0.21954274944563731,-0.4704401762612136,0.027493886936408394
1789997446728027600,84.31602758789063,-0.2094732599406034,-0.4634608955922403,0.02859217583782715
1789997446738097400,84.32609741210938,-0.2147757493953536,-0.4730289416023541,0.04764476766581291
1789997446748168400,84.33616845703125,-0.2205584694458912,-0.4710888670550573,0.05611227807396521
1789997446758238500,84.34623852539063,-0.20684103849412008,-0.47292089494480627,0.08793149527119101
1789997446768309500,84.3563095703125,-0.18316792324653544,-0.45315136481965135,0.06577305141500685
1789997446778379500,84.36637963867187,-0.1787159962238812,-0.4193779376218085,0.0010712488508179247
1789997446788449500,84.37644946289062,-0.1930257543169098,-0.4083325602059836,0.010158526390814113
1789997446798520600,84.3865205078125,-0.1831932826545453,-0.37402660712525343,0.0050534149785836585
1789997446808590300,84.39659033203125,-0.14457409506360447,-0.32430457485244096,0.03513731009477493
1789997446818661400,84.40666137695312,-0.12174302032868614,-0.27398885636479753,0.06299913599202797
1789997446828731600,84.41673168945313,-0.12234466002319976,-0.23717346409756035,0.02761186738217788
1789997446838802700,84.426802734375,-0.1268776259112268,-0.22110145112817955,0.04857960246626906
1789997446848872400,84.43687255859375,-0.08468074753579986,-0.18222990463616476,0.05694482467005433
1789997446858942500,84.4469423828125,-0.014439937620508951,-0.14017818651961364,0.052091190741200465
1789997446869013500,84.45701342773438,0.004268966316722778,-0.11371578848248044,0.02360275969798705
1789997446879083500,84.46708349609375,-0.0008230612185777727,-0.0932857316266209,-0.03849916633459957
1789997446889154600,84.47715454101562,-0.0021104311290931206,-0.08871153466679149,-0.04812402801370474
1789997446899224600,84.487224609375,0.020062121085735858,-0.08245889317063224,-0.03500884171055879
1789997446909295600,84.49729565429688,0.0497151230095275,-0.07569951585761807,-0.0030148857209632775
1789997446919365400,84.50736547851562,0.05671832578880345,-0.07425770844986566,0.013389299058285632
1789997446929435400,84.51743530273437,0.07600245355404664,-0.06222044211352098,-0.02842145986173371
1789997446939506400,84.52750634765626,0.09450372582825034,-0.03362265298622145,-0.0689168455798381
1789997446949576700,84.53757666015625,0.08428102505660769,-0.03903018253631873,-0.03357232824727012
1789997446959647500,84.5476474609375,0.04751698642749371,-0.03106668677407999,-0.014922880262628923
1789997446969717500,84.55771752929688,0.0381240623937531,0.0029650237262177784,-0.04800136831680035
1789997446979788500,84.56778857421875,0.04536754116183466,0.01619152744895448,-0.042448605004096814
1789997446989858300,84.5778583984375,0.07414278839136192,0.02211806907347846,-0.0010799971320060526
1789997446999928600,84.58792846679688,0.10196738008876842,0.03324290782404415,0.02081608183516613
1789997447009999600,84.59799951171875,0.11306098659097795,0.06305569159845105,-0.015371134646199
1789997447020069600,84.60806958007812,0.11018904834984483,0.052316715336781616,-0.008937253696955173
1789997447030140400,84.61814038085937,0.1017885533806847,0.02981130558471744,0.03136871165667341
1789997447040210400,84.62821044921876,0.07514293420012569,0.02047646072192519,0.04741448897598759
1789997447050280400,84.63828051757812,0.06788713411112313,0.040639974082259174,0.03984723834770985
1789997447060351500,84.6483515625,0.07490597561115261,0.044511371971225365,0.00695530133576262
1789997447070421500,84.65842138671874,0.08367627848763877,0.028119654919116176,-0.02530290131348608
1789997447080492500,84.66849243164063,0.09765940231467653,0.01798038281625477,-0.017603799084515964
1789997447090562600,84.6785625,0.09764319965239389,0.05120111425202591,-0.013129995805257698
1789997447100633600,84.68863354492187,0.08916099104767919,0.06816266519401991,0.007202214603693025
1789997447110703400,84.69870336914063,0.08799988979130005,0.09014144587436136,-0.00040557396872795116
1789997447120773600,84.70877368164062,0.07794329062658652,0.14943084781230695,-0.03311077428903948
1789997447130844700,84.7188447265625,0.12159205457230435,0.15545617990360328,-0.016764028210084447
1789997447140914400,84.72891455078125,0.1071562960660779,0.17564609306284895,0.04495847666359967
1789997447150985500,84.7389853515625,0.11813809753179691,0.2727736623574216,0.013185457672183392
1789997447161055500,84.74905541992187,0.14097316911870353,0.34357141633024335,-0.04299225515166082
1789997447171126500,84.75912646484375,0.15260730499282335,0.3655565947813087,-0.04849284229388842
1789997447181196500,84.76919653320313,0.14169205849028713,0.3400835554657427,-0.019932126897989656
1789997447191266600,84.7792666015625,0.12411101239573226,0.33978700319534755,-0.04158630029935054
1789997447201337600,84.78933764648437,0.137602936778935,0.3546449152842349,-0.09918681733538748
