time,seconds_elapsed,z,y,x
1791103681354415000,0.0344150390625,-0.2950822412967682,-0.2875548303127289,0.013381319120526314
1791103681364387300,0.04438720703125,-0.2414427101612091,-0.3127097189426422,0.02678394317626953
1791103681374359000,0.054359130859375,-0.2285839021205902,-0.30349302291870117,0.016992032527923584
1791103681384331300,0.064331298828125,-0.18482737243175507,-0.3076787292957306,-0.04838351160287857
1791103681394303200,0.07430322265625,-0.1857576221227646,-0.28318190574645996,-0.04142254218459129
1791103681404275200,0.084275146484375,-0.17339521646499634,-0.279512882232666,-0.02178492397069931
1791103681414247200,0.0942470703125,-0.12724503874778748,-0.25062263011932373,-0.08083918690681458
1791103681424219100,0.10421923828125,-0.14429645240306854,-0.22748056054115295,-0.05607471987605095
1791103681434191000,0.114191162109375,-0.11532126367092133,-0.24557141959667206,-0.022037126123905182
1791103681444163300,0.124163330078125,-0.09441225230693817,-0.2576746940612793,-0.020957479253411293
1791103681454135300,0.13413525390625,-0.0857926681637764,-0.2624579966068268,0.027047064155340195
1791103681464107300,0.144107177734375,-0.11323680728673935,-0.2737777531147003,0.05235668271780014
1791103681474079200,0.154079345703125,-0.08385122567415237,-0.2573377788066864,0.050210971385240555
1791103681484051200,0.16405126953125,-0.013171195983886719,-0.2200053334236145,0.048823464661836624
1791103681494023400,0.1740234375,0.0463336780667305,-0.1760820895433426,-0.018544921651482582
1791103681503995100,0.1839951171875,0.07410618662834167,-0.23613370954990387,0.06955084949731827
1791103681513967400,0.19396728515625,0.09824321419000626,-0.1520467847585678,-0.01715501770377159
1791103681523939000,0.20393896484375,0.1686430722475052,-0.13416153192520142,-0.09176267683506012
1791103681533911300,0.213911376953125,0.08058911561965942,-0.19560624659061432,-0.0018929748330265284
1791103681543883300,0.22388330078125,0.06287110596895218,-0.19851255416870117,0.028864137828350067
1791103681553855200,0.233855224609375,0.10504412651062012,-0.15022066235542297,0.040410008281469345
1791103681563827200,0.2438271484375,0.16871364414691925,-0.14943182468414307,-0.0028040423057973385
1791103681573799200,0.253799072265625,0.1700177937746048,-0.1220068633556366,0.024143951013684273
1791103681583771100,0.263771240234375,0.2408783882856369,-0.08479931205511093,0.024508273229002953
1791103681593743400,0.273743408203125,0.15957528352737427,-0.12649428844451904,0.02154523879289627
1791103681603715000,0.283715087890625,0.18969003856182098,-0.12061163783073425,0.0027662254869937897
1791103681613687300,0.293687255859375,0.2330833226442337,-0.09091685712337494,0.00936181005090475
1791103681623659000,0.303658935546875,0.21119479835033417,-0.0799371749162674,0.027113642543554306
1791103681633631200,0.31363134765625,0.22195956110954285,-0.11713940650224686,0.04490409046411514
1791103681643603200,0.323603271484375,0.2439202517271042,-0.09651109576225281,0.03475957736372948
1791103681653575200,0.3335751953125,0.20934151113033295,-0.10951610654592514,0.04556801915168762
1791103681663547400,0.34354736328125,0.14404159784317017,-0.08280166983604431,0.054618772119283676
1791103681673519000,0.35351904296875,0.2521475553512573,-0.11047804355621338,0.06854283809661865
1791103681683491300,0.3634912109375,0.21388272941112518,-0.08647097647190094,0.09673799574375153
1791103681693463300,0.37346337890625,0.19391967356204987,-0.08687497675418854,0.06502480804920197
1791103681703435300,0.383435302734375,0.18774619698524475,-0.07698959112167358,0.03147749975323677
1791103681713407200,0.3934072265625,0.2795275151729584,-0.0799824520945549,0.012235627509653568
1791103681723379200,0.403379150390625,0.18287473917007446,-0.06931675970554352,0.08675993233919144
1791103681733351200,0.41335107421875,0.22373215854167938,-0.07499808073043823,-0.016031431034207344
1791103681743323400,0.423323486328125,0.18197272717952728,-0.03230414539575577,-0.029917951673269272
1791103681753295000,0.433295166015625,0.2318476140499115,-0.01781574822962284,-0.04354481399059296
1791103681763267300,0.443267333984375,0.2487269937992096,-0.03946458548307419,0.017139839008450508
1791103681773239000,0.453239013671875,0.25746747851371765,-0.055145811289548874,0.0051534827798604965
1791103681783211300,0.463211181640625,0.2171054184436798,-0.08104158937931061,0.09710285067558289
1791103681793183000,0.473182861328125,0.14166711270809174,-0.08258222788572311,0.18472909927368164
1791103681803155200,0.4831552734375,0.15512913465499878,-0.09350091964006424,0.2038372904062271
1791103681813127200,0.493127197265625,0.18526093661785126,-0.042704321444034576,0.17704933881759644
1791103681823099100,0.50309912109375,0.23137517273426056,-0.00040852889651432633,0.09457097947597504
1791103681833071000,0.513071044921875,0.3156554400920868,0.03951917961239815,0.04963386431336403
1791103681843043000,0.52304296875,0.34697872400283813,0.10087281465530396,0.017463145777583122
1791103681853015300,0.533015380859375,0.34870845079421997,0.13983486592769623,-0.020832045003771782
1791103681862987300,0.5429873046875,0.3747267425060272,0.16902737319469452,-0.08875144273042679
1791103681872959200,0.552959228515625,0.37995344400405884,0.18523776531219482,-0.03136058524250984
1791103681882931200,0.56293115234375,0.33758842945098877,0.20022310316562653,-0.0285288468003273
1791103681892903200,0.572903076171875,0.3973047435283661,0.16816557943820953,0.010065151378512383
1791103681902875100,0.582875244140625,0.3489995300769806,0.16600094735622406,0.08504165709018707
1791103681912847400,0.592847412109375,0.3392060399055481,0.15281137824058533,0.07799094170331955
1791103681922819000,0.602819091796875,0.24918346107006073,0.1471063643693924,0.07553337514400482
1791103681932791300,0.612791259765625,0.331186443567276,0.16197878122329712,0.08648775517940521
1791103681942763000,0.622762939453125,0.34309184551239014,0.1772349625825882,0.07835179567337036
1791103681952735200,0.6327353515625,0.2912544906139374,0.1394558995962143,0.05863188952207565
1791103681962707200,0.642707275390625,0.2761290669441223,0.08790961652994156,0.024710938334465027
1791103681972679200,0.65267919921875,0.2455839365720749,0.10646066069602966,-0.027776770293712616
1791103681982651100,0.662651123046875,0.2919037640094757,0.08838099241256714,-0.06473532319068909
1791103681992623000,0.672623046875,0.21736347675323486,0.04174797981977463,0.08174679428339005
1791103682002595000,0.682594970703125,0.18052130937576294,0.03032807819545269,0.08338277041912079
1791103682012567300,0.6925673828125,0.1845453381538391,0.03183089941740036,-0.03778386488556862
1791103682022539300,0.702539306640625,0.13199079036712646,0.02598526142537594,-0.04513312503695488
1791103682032511200,0.71251123046875,0.15730732679367065,0.04456959664821625,-0.03804272413253784
1791103682042483200,0.722483154296875,0.13357511162757874,0.08168767392635345,-0.03520059958100319
1791103682052455200,0.732455078125,0.14588317275047302,0.09919369220733643,-0.07866338640451431
1791103682062427400,0.742427490234375,0.15832093358039856,0.12241219729185104,-0.05233297869563103
1791103682072399000,0.752399169921875,0.24690085649490356,0.12407480925321579,-0.060206349939107895
1791103682082371300,0.762371337890625,0.2239004671573639,0.15511874854564667,-0.012684103101491928
1791103682092343000,0.772343017578125,0.25630927085876465,0.1580847054719925,0.0019206717843189836
1791103682102315300,0.782315185546875,0.3009220063686371,0.1665778011083603,-0.02809741534292698
1791103682112287200,0.792287353515625,0.26291871070861816,0.2354402095079422,0.04511474817991257
1791103682122259200,0.80225927734375,0.2508434057235718,0.2506875991821289,0.03916604444384575
1791103682132231200,0.812231201171875,0.2622923254966736,0.2315719723701477,0.05145999416708946
1791103682142203100,0.822203125,0.25647440552711487,0.2727356553077698,0.053700778633356094
1791103682152175000,0.832175048828125,0.2643307149410248,0.2608947157859802,0.011383416131138802
1791103682162147300,0.842147216796875,0.24367177486419678,0.22995756566524506,0.06072859466075897
1791103682172119000,0.852119140625,0.21303823590278625,0.2478604018688202,0.023428626358509064
1791103682182091300,0.86209130859375,0.1678481251001358,0.2659547030925751,-0.03525039926171303
1791103682192063000,0.87206298828125,0.1318190097808838,0.2169773131608963,0.028291825205087662
1791103682202035200,0.88203515625,0.11232121288776398,0.20906613767147064,0.009875800460577011
1791103682212007200,0.892007080078125,0.08904092758893967,0.22224850952625275,0.007316235918551683
1791103682221979100,0.901979248046875,0.08335907012224197,0.22886700928211212,0.04634486138820648
1791103682231951400,0.911951416015625,0.09589830040931702,0.21701885759830475,0.01925305649638176
1791103682241923000,0.921923095703125,0.046124085783958435,0.22308394312858582,0.06855056434869766
1791103682251895300,0.931895263671875,0.06965897232294083,0.2200186550617218,0.09663253277540207
1791103682261867300,0.9418671875,0.07905486971139908,0.24614745378494263,0.03624588996171951
1791103682271839000,0.9518388671875,0.07913956046104431,0.25256726145744324,0.09346390515565872
1791103682281810700,0.961810791015625,0.14883555471897125,0.25976020097732544,0.10260280966758728
1791103682291783000,0.971782958984375,0.11668906360864639,0.25877031683921814,0.04614831879734993
1791103682301754600,0.981754638671875,0.09103616327047348,0.251386433839798,0.09564822912216187
1791103682311726800,0.991726806640625,0.04234665632247925,0.24462786316871643,0.07315357029438019
1791103682321698800,1.00169873046875,-0.01158874575048685,0.24855069816112518,-0.03477928414940834
1791103682331670800,1.0116708984375,-0.011276623234152794,0.22006924450397491,-0.020771857351064682
1791103682341642800,1.021642822265625,0.015958726406097412,0.20288653671741486,-0.009619870223104954
1791103682351614700,1.03161474609375,0.011759454384446144,0.21022966504096985,-0.058634549379348755
1791103682361586700,1.041586669921875,-0.06558699905872345,0.17212356626987457,-0.012088088318705559
1791103682371559000,1.051558837890625,-0.10433519631624222,0.13381026685237885,0.007163903210312128
1791103682381529900,1.06152978515625,-0.11143305152654648,0.10748863965272903,0.0568837895989418
1791103682391501800,1.071501708984375,-0.14643338322639465,0.10124140232801437,0.12224042415618896
1791103682401473800,1.081473876953125,-0.15286198258399963,0.06738782674074173,0.10405422747135162
1791103682411445800,1.09144580078125,-0.18295250833034515,0.057378869503736496,0.1441608965396881
1791103682421417700,1.101417724609375,-0.16028207540512085,0.06000581383705139,0.16427282989025116
1791103682431389700,1.1113896484375,-0.11249085515737534,0.06755667179822922,0.11316916346549988
1791103682441362000,1.12136181640625,-0.08543314039707184,0.08998368680477142,0.08837433904409409
1791103682451334000,1.131333984375,-0.12580959498882294,0.1065639927983284,0.04433257877826691
1791103682461305900,1.141305908203125,-0.1326211541891098,0.10421215742826462,0.03886430710554123
1791103682471277800,1.15127783203125,-0.14735110104084015,0.0812932550907135,0.035784896463155746
1791103682481249800,1.161249755859375,-0.1328539252281189,0.11644618213176727,0.052793972194194794
1791103682491222000,1.171221923828125,-0.1413494050502777,0.08041627705097198,0.10871236771345139
1791103682501193700,1.18119384765625,-0.15157434344291687,0.09289026260375977,0.12982137501239777
1791103682511166000,1.191166015625,-0.1842811554670334,0.10500897467136383,0.12074719369411469
1791103682521137700,1.2011376953125,-0.1043194830417633,0.14706827700138092,-0.004352404270321131
1791103682531110000,1.21110986328125,-0.12941338121891022,0.1860007643699646,0.006097041070461273
1791103682541081900,1.221081787109375,-0.07459567487239838,0.16397801041603088,-0.06406953185796738
1791103682551053800,1.2310537109375,-0.0688544288277626,0.2153426706790924,-0.07752195745706558
1791103682561025800,1.24102587890625,-0.07007762044668198,0.1779729276895523,0.004950284026563168
1791103682570997800,1.250997802734375,-0.16121365129947662,0.20068968832492828,-0.023429425433278084
1791103682580969700,1.2609697265625,-0.12226492911577225,0.19860044121742249,-0.050522562116384506
1791103682590942000,1.27094189453125,-0.21444864571094513,0.1385328471660614,0.12845703959465027
1791103682600913700,1.28091357421875,-0.32197192311286926,0.10849478840827942,0.04157833755016327
1791103682610886000,1.290885986328125,-0.29392510652542114,0.0487225316464901,0.10005549341440201
1791103682620857600,1.300857666015625,-0.2125447541475296,0.07608704268932343,0.05541825294494629
1791103682630829800,1.310829833984375,-0.23863014578819275,0.05197478458285332,0.10764124244451523
1791103682640801800,1.3208017578125,-0.2724243402481079,0.029386650770902634,0.06783869862556458
1791103682650773800,1.330773681640625,-0.3296724557876587,-0.010705641470849514,0.10579273849725723
1791103682660746000,1.34074609375,-0.32967883348464966,0.02622973918914795,0.01846529357135296
1791103682670717700,1.3507177734375,-0.31481680274009705,0.05060352385044098,-0.050463173538446426
1791103682680690000,1.36068994140625,-0.33997541666030884,0.07331522554159164,-0.04362896829843521
1791103682690662000,1.370661865234375,-0.25014618039131165,0.07985807955265045,-0.035422440618276596
1791103682700633900,1.3806337890625,-0.2719031572341919,0.09447111189365387,-0.031028224155306816
1791103682710605800,1.390605712890625,-0.3484189510345459,0.08107966929674149,-0.09401944279670715
1791103682720577800,1.400577880859375,-0.337986022233963,0.06421946734189987,-0.09190142899751663
1791103682730549800,1.4105498046875,-0.40169230103492737,0.09746663272380829,-0.09739792346954346
1791103682740522000,1.42052197265625,-0.3328637182712555,0.0872930958867073,-0.03392760828137398
1791103682750493700,1.43049365234375,-0.34821921586990356,0.07815898209810257,0.01179354265332222
1791103682760466000,1.4404658203125,-0.32860398292541504,0.060992248356342316,0.026490196585655212
1791103682770437600,1.450437744140625,-0.3096713125705719,0.0651417151093483,-0.04420554265379906
1791103682780409900,1.460409912109375,-0.26871562004089355,0.04410647600889206,-0.08285386860370636
1791103682790381800,1.4703818359375,-0.2570216655731201,0.04869670048356056,-0.03898761421442032
1791103682800353800,1.480353759765625,-0.30594101548194885,0.045148834586143494,-0.07129362225532532
1791103682810325800,1.49032568359375,-0.3479318618774414,0.01968315802514553,-0.13188906013965607
1791103682820297700,1.500297607421875,-0.3957318961620331,-0.033176861703395844,-0.19777193665504456
1791103682830269700,1.510269775390625,-0.45108383893966675,-0.10687292367219925,-0.12439705431461334
1791103682840242000,1.520241943359375,-0.48798486590385437,-0.16221579909324646,-0.09132485091686249
1791103682850214000,1.5302138671875,-0.5337238311767578,-0.20978732407093048,-0.07236581295728683
1791103682860185900,1.540185791015625,-0.5951512455940247,-0.28294435143470764,0.04223533719778061
1791103682870157800,1.55015771484375,-0.6423792243003845,-0.30510184168815613,0.0024458470288664103
1791103682880129800,1.5601298828125,-0.6446034908294678,-0.3081594407558441,-0.04752863571047783
1791103682890102000,1.57010205078125,-0.6111720204353333,-0.30905506014823914,-0.06203088164329529
1791103682900073700,1.58007373046875,-0.5688821077346802,-0.3100753128528595,-0.02082991413772106
1791103682910046000,1.5900458984375,-0.44975703954696655,-0.2611636817455292,-0.06129451468586922
1791103682920017700,1.600017578125,-0.4344151020050049,-0.22340592741966248,-0.1057053878903389
1791103682929990000,1.609989990234375,-0.362866073846817,-0.18810199201107025,-0.13691231608390808
1791103682939961600,1.619961669921875,-0.3783276081085205,-0.09551267325878143,-0.10046029090881348
1791103682949933800,1.629933837890625,-0.3187446892261505,-0.027935493737459183,-0.08774343132972717
1791103682959905800,1.63990576171875,-0.2742302119731903,-0.02515382319688797,-0.02418869361281395
1791103682969877800,1.649877685546875,-0.262971431016922,0.006591590121388435,-0.01305375061929226
1791103682979849700,1.659849609375,-0.24100302159786224,0.03822914510965347,-0.015033011324703693
1791103682989821700,1.66982177734375,-0.25087058544158936,0.0299626924097538,-0.03594361990690231
1791103682999793700,1.679793701171875,-0.21547876298427582,0.025597238913178444,-0.09204737097024918
1791103683009766000,1.689765869140625,-0.22159764170646667,0.02293008379638195,-0.05934721231460571
1791103683019737600,1.699737548828125,-0.2120712399482727,0.03237178921699524,-0.0951765850186348
1791103683029709800,1.709709716796875,-0.24868011474609375,-0.02275458164513111,-0.11984970420598984
1791103683039681800,1.719681884765625,-0.32440656423568726,-0.0779816135764122,-0.12342926114797592
1791103683049653800,1.72965380859375,-0.37270140647888184,-0.11240270733833313,-0.15534484386444092
1791103683059626000,1.7396259765625,-0.43768972158432007,-0.16494634747505188,-0.11685018986463547
1791103683069597700,1.74959765625,-0.4887411892414093,-0.20873643457889557,-0.11749707162380219
1791103683079570000,1.75956982421875,-0.5753765106201172,-0.273954838514328,-0.0029643645975738764
1791103683089541600,1.769541748046875,-0.6161742210388184,-0.33905982971191406,-0.0014919028617441654
1791103683099513900,1.779513916015625,-0.7047451138496399,-0.4029413163661957,0.10265181213617325
1791103683109485800,1.78948583984375,-0.7595053315162659,-0.42352837324142456,0.10566198080778122
1791103683119457800,1.799457763671875,-0.7079941630363464,-0.47489380836486816,0.11550768464803696
1791103683129429800,1.8094296875,-0.6318458914756775,-0.48657843470573425,0.03972610831260681
1791103683139401700,1.819401611328125,-0.6255033016204834,-0.4422623813152313,0.021880265325307846
1791103683149373700,1.829373779296875,-0.6166507005691528,-0.42690712213516235,0.030856981873512268
1791103683159346000,1.839345947265625,-0.6024930477142334,-0.3768271803855896,-0.014355769380927086
1791103683169317600,1.849317626953125,-0.44713008403778076,-0.3449973464012146,-0.04543246328830719
1791103683179289900,1.859289794921875,-0.38211727142333984,-0.3189636170864105,-0.015321698039770126
1791103683189261600,1.869261474609375,-0.44982200860977173,-0.32130399346351624,0.032518792897462845
1791103683199233800,1.87923388671875,-0.4699307382106781,-0.334174782037735,-0.02797091379761696
1791103683209205800,1.889205810546875,-0.5176082849502563,-0.36171481013298035,0.07803887873888016
1791103683219176700,1.8991767578125,-0.45408228039741516,-0.4217917025089264,0.13696131110191345
1791103683229149000,1.90914892578125,-0.5061902403831482,-0.39985767006874084,0.1170153021812439
1791103683239120600,1.91912060546875,-0.4301210045814514,-0.44435030221939087,0.11850614100694656
1791103683249092900,1.9290927734375,-0.4954949617385864,-0.43289923667907715,0.09209184348583221
1791103683259064600,1.939064697265625,-0.5097878575325012,-0.442217081785202,0.029635123908519745
1791103683269036800,1.949036865234375,-0.43861356377601624,-0.42125561833381653,0.04110535979270935
1791103683279008500,1.959008544921875,-0.43941730260849,-0.3915722966194153,0.06484104692935944
1791103683288980500,1.96898046875,-0.4455204904079437,-0.3996469974517822,0.055207863450050354
1791103683298952700,1.97895263671875,-0.46540629863739014,-0.39076828956604004,0.04541648179292679
1791103683308924400,1.98892431640625,-0.40581968426704407,-0.3922090530395508,0.08467493951320648
1791103683318896600,1.998896728515625,-0.39699262380599976,-0.38376203179359436,0.0985950157046318
1791103683328868600,2.00886865234375,-0.30712318420410156,-0.4035349488258362,0.12319383770227432
1791103683338840600,2.018840576171875,-0.25169989466667175,-0.38677486777305603,0.1273619532585144
1791103683348812500,2.0288125,-0.22049055993556976,-0.3496088683605194,0.0926300659775734
1791103683358784500,2.038784423828125,-0.20673586428165436,-0.3102438747882843,0.1028590053319931
1791103683368756500,2.048756591796875,-0.15825913846492767,-0.2703191041946411,0.10038332641124725
1791103683378728700,2.058728759765625,-0.11744034290313721,-0.22207248210906982,0.07809906452894211
1791103683388700400,2.068700439453125,-0.09823495894670486,-0.1867387294769287,0.07939069718122482
1791103683398672600,2.078672607421875,-0.038778819143772125,-0.17691458761692047,0.10571364313364029
1791103683408644400,2.088644287109375,0.009151953272521496,-0.16940101981163025,0.012823387049138546
1791103683418616600,2.098616455078125,0.0011824434623122215,-0.14170387387275696,0.08169752359390259
1791103683428588500,2.108588623046875,-0.011627627536654472,-0.09111019968986511,0.02207760512828827
1791103683438560500,2.118560546875,0.015607455745339394,-0.08479584753513336,0.0680813193321228
1791103683448532500,2.128532470703125,-0.020137492567300797,-0.08736952394247055,0.07460153102874756
1791103683458504400,2.13850439453125,0.0028631645254790783,-0.07644949853420258,0.11072065681219101
1791103683468476400,2.148476318359375,0.05715649574995041,-0.07919308543205261,0.13057930767536163
1791103683478448600,2.15844873046875,0.04051147401332855,-0.06383037567138672,0.0917389765381813
1791103683488420600,2.168420654296875,0.04746871441602707,-0.058211907744407654,0.056104280054569244
1791103683498392600,2.178392578125,0.03522030636668205,-0.02701377496123314,0.05205387994647026
1791103683508364500,2.188364501953125,0.059790629893541336,-0.012282499112188816,0.02040167711675167
1791103683518336500,2.19833642578125,0.02430720441043377,-0.00023568976030219346,0.04669053852558136
1791103683528308700,2.208308837890625,0.02299533039331436,-0.02304380014538765,0.04652835428714752
1791103683538280400,2.218280517578125,0.05886678025126457,-0.036847762763500214,0.01089525781571865
1791103683548252700,2.228252685546875,0.01582956314086914,-0.035952676087617874,0.022463496774435043
1791103683558224400,2.238224365234375,-0.032104939222335815,-0.0513385534286499,0.013085441663861275
1791103683568196600,2.248196533203125,-0.05132710188627243,-0.08736153692007065,0.06637343019247055
1791103683578168600,2.25816845703125,-0.07562658190727234,-0.11251509189605713,0.05284563824534416
1791103683588140500,2.268140625,-0.13514050841331482,-0.08994906395673752,0.04300579056143761
1791103683598112500,2.278112548828125,-0.16361743211746216,-0.12464872002601624,0.0801403746008873
1791103683608084500,2.28808447265625,-0.270518034696579,-0.15235917270183563,0.022461898624897003
1791103683618056400,2.298056396484375,-0.3315097689628601,-0.15060842037200928,-0.02719992958009243
1791103683628028700,2.308028564453125,-0.3079974949359894,-0.18115487694740295,-0.050823234021663666
1791103683638000400,2.31800048828125,-0.2822186350822449,-0.19757352769374847,-0.0010197244118899107
1791103683647972600,2.32797265625,-0.2719036936759949,-0.1818006932735443,-0.00942066591233015
1791103683657944300,2.3379443359375,-0.27031591534614563,-0.16808408498764038,-0.06167827919125557
1791103683667916500,2.34791650390625,-0.36588796973228455,-0.143401637673378,-0.06631910055875778
1791103683677888500,2.357888427734375,-0.46681085228919983,-0.16558070480823517,0.016142750158905983
1791103683687860500,2.367860595703125,-0.4294368624687195,-0.19992616772651672,0.04731371998786926
1791103683697832700,2.377832763671875,-0.43820902705192566,-0.2192804217338562,0.07294025272130966
1791103683707804400,2.387804443359375,-0.47413960099220276,-0.2163408249616623,0.06876175105571747
1791103683717776600,2.397776611328125,-0.4906615912914276,-0.25168362259864807,0.06884963810443878
1791103683727748600,2.40774853515625,-0.5179145336151123,-0.2794247269630432,0.12007766962051392
1791103683737720600,2.417720458984375,-0.485589861869812,-0.2760065495967865,0.0924212783575058
1791103683747692500,2.427692626953125,-0.4782600402832031,-0.27486830949783325,0.08166024088859558
1791103683757664500,2.43766455078125,-0.5529992580413818,-0.2818484604358673,0.12325268983840942
1791103683767636500,2.447636474609375,-0.6118564605712891,-0.292484313249588,0.14238403737545013
1791103683777608700,2.457608642578125,-0.6477510929107666,-0.27542704343795776,0.09599337726831436
1791103683787580400,2.467580322265625,-0.59879070520401,-0.3256968855857849,0.09557872265577316
1791103683797552600,2.477552734375,-0.6418018341064453,-0.32876056432724,0.11334893107414246
1791103683807524400,2.4875244140625,-0.6062486171722412,-0.3370848298072815,0.08278729021549225
1791103683817496600,2.49749658203125,-0.5844317674636841,-0.33316197991371155,0.05668698251247406
1791103683827468500,2.507468505859375,-0.6341508626937866,-0.31855508685112,0.0497736819088459
1791103683837440500,2.5174404296875,-0.5859095454216003,-0.3251442611217499,0.05880232900381088
1791103683847412500,2.52741259765625,-0.5832493305206299,-0.3133411407470703,0.11835434287786484
1791103683857384400,2.537384521484375,-0.5404406189918518,-0.30401262640953064,0.13736052811145782
1791103683867355600,2.547355712890625,-0.5770691633224487,-0.29952120780944824,0.18671847879886627
1791103683877327400,2.557327392578125,-0.5326932072639465,-0.3156767189502716,0.19747552275657654
1791103683887299600,2.567299560546875,-0.5233750939369202,-0.3018096387386322,0.20510920882225037
1791103683897271600,2.577271484375,-0.475758820772171,-0.29972225427627563,0.11092811822891235
1791103683907243500,2.587243408203125,-0.5171283483505249,-0.2797173857688904,0.23038606345653534
1791103683917215500,2.597215576171875,-0.5034818053245544,-0.2865196466445923,0.23320342600345612
1791103683927187500,2.6071875,-0.4899657070636749,-0.29918456077575684,0.1704188734292984
1791103683937159400,2.617159423828125,-0.5834953784942627,-0.3297502100467682,0.15744315087795258
1791103683947131600,2.627131591796875,-0.5728321075439453,-0.402395635843277,0.2339504510164261
1791103683957103600,2.637103515625,-0.6200762987136841,-0.44425174593925476,0.20143911242485046
1791103683967075600,2.64707568359375,-0.6925968527793884,-0.4782184958457947,0.1868591010570526
1791103683977047600,2.657047607421875,-0.7530998587608337,-0.5739189386367798,0.18974968791007996
1791103683987019500,2.66701953125,-0.7736362814903259,-0.644367516040802,0.11354360729455948
1791103683996991700,2.67699169921875,-0.8738467693328857,-0.7644912600517273,0.08974000811576843
1791103684006963500,2.68696337890625,-0.935004711151123,-0.830403208732605,0.004589425399899483
1791103684016935700,2.696935791015625,-1.044022560119629,-0.8587959408760071,-0.0977499932050705
1791103684026907400,2.706907470703125,-1.1453709602355957,-0.925004780292511,0.010603908449411392
1791103684036879600,2.716879638671875,-1.1767845153808594,-0.8974360227584839,-0.13370800018310547
1791103684046851600,2.7268515625,-1.089221477508545,-0.8584084510803223,-0.2251415103673935
1791103684056823600,2.736823486328125,-1.0480420589447021,-0.8450026512145996,0.08566590398550034
1791103684066795500,2.74679541015625,-1.0029691457748413,-0.8087903261184692,0.06561549752950668
1791103684076767500,2.756767578125,-0.9894613027572632,-0.8491571545600891,0.27199822664260864
1791103684086739500,2.766739501953125,-0.8781195878982544,-0.80052649974823,0.27227625250816345
1791103684096711700,2.776711669921875,-0.8973736763000488,-0.7382304072380066,0.4415832757949829
1791103684106683400,2.786683349609375,-0.8498261570930481,-0.6697801947593689,0.4230838716030121
1791103684116655600,2.796655517578125,-0.6918639540672302,-0.6023127436637878,0.42879024147987366
1791103684126627300,2.80662744140625,-0.5171299576759338,-0.488350510597229,0.29304999113082886
1791103684136599600,2.816599609375,-0.32386142015457153,-0.4045887589454651,0.24929291009902954
1791103684146571500,2.826571533203125,-0.16469493508338928,-0.27635568380355835,0.13887345790863037
1791103684156543500,2.83654345703125,-0.08399636298418045,-0.22060294449329376,0.15828657150268555
1791103684166515700,2.846515625,-0.13890115916728973,-0.24770620465278625,0.22284533083438873
1791103684176487400,2.8564873046875,-0.2955879867076874,-0.30223309993743896,0.2599330544471741
1791103684186459600,2.866459716796875,-0.3427658677101135,-0.3733445703983307,0.1900855153799057
1791103684196431600,2.876431640625,-0.47044339776039124,-0.4828111231327057,0.299397349357605
1791103684206403600,2.886403564453125,-0.5787762999534607,-0.5915674567222595,0.3649500012397766
1791103684216375600,2.89637548828125,-0.6934847235679626,-0.6937646269798279,0.43321746587753296
1791103684226347500,2.906347412109375,-0.6221016645431519,-0.7595681548118591,0.4702990651130676
1791103684236319500,2.916319580078125,-0.6221200227737427,-0.7589668035507202,0.45941632986068726
1791103684246291700,2.926291748046875,-0.660804033279419,-0.7893718481063843,0.5188769698143005
1791103684256263400,2.936263427734375,-0.6184059977531433,-0.8322429060935974,0.5532469153404236
1791103684266235600,2.946235595703125,-0.6267099976539612,-0.8258161544799805,0.5539942383766174
1791103684276207400,2.956207275390625,-0.5442545413970947,-0.8593317866325378,0.5355268120765686
1791103684286179300,2.966179443359375,-0.5512458682060242,-0.8943254351615906,0.5079119801521301
1791103684296151300,2.9761513671875,-0.54842209815979,-0.8746827840805054,0.410387247800827
1791103684306123500,2.98612353515625,-0.5135756731033325,-0.8951371908187866,0.354681134223938
1791103684316095200,2.99609521484375,-0.5140875577926636,-0.8762481808662415,0.35318470001220703
1791103684326067500,3.0060673828125,-0.4918046295642853,-0.8191473484039307,0.2623618543148041
1791103684336039400,3.016039306640625,-0.524219274520874,-0.7667443156242371,0.2410600185394287
1791103684346011400,3.026011474609375,-0.46313756704330444,-0.7229776382446289,0.26407530903816223
1791103684355983600,3.035983642578125,-0.31370946764945984,-0.6694318652153015,0.2774662375450134
1791103684365955300,3.045955322265625,-0.35886120796203613,-0.6056481003761292,0.32876962423324585
1791103684375927600,3.055927490234375,-0.29552939534187317,-0.5737109184265137,0.33870482444763184
1791103684385899300,3.065899169921875,-0.23038393259048462,-0.5597211122512817,0.33826035261154175
1791103684395871500,3.07587158203125,-0.21137508749961853,-0.5533670783042908,0.31909143924713135
1791103684405842400,3.085842529296875,-0.17673055827617645,-0.5552768111228943,0.29615896940231323
1791103684415814400,3.095814453125,-0.2699318826198578,-0.5312545895576477,0.29225876927375793
1791103684425786400,3.105786376953125,-0.10113859921693802,-0.5147722363471985,0.24171888828277588
1791103684435758300,3.11575830078125,-0.048468999564647675,-0.46497035026550293,0.2145266830921173
1791103684445730600,3.12573046875,-0.1081208810210228,-0.424655944108963,0.17710979282855988
1791103684455702300,3.135702392578125,-0.12539547681808472,-0.4503248333930969,0.20633132755756378
1791103684465674500,3.145674560546875,-0.06790075451135635,-0.47789785265922546,0.19524246454238892
1791103684475646500,3.155646484375,-0.13555996119976044,-0.4974939227104187,0.16067010164260864
1791103684485618400,3.165618408203125,-0.26871800422668457,-0.5630513429641724,0.2552530765533447
1791103684495590400,3.17559033203125,-0.2504862844944,-0.6050070524215698,0.21628090739250183
1791103684505562400,3.185562255859375,-0.3053079843521118,-0.6023942232131958,0.26787087321281433
1791103684515534300,3.195534423828125,-0.32754218578338623,-0.6116015911102295,0.2160920798778534
1791103684525506600,3.205506591796875,-0.3075615465641022,-0.6437699198722839,0.1605372130870819
1791103684535478300,3.215478271484375,-0.31331050395965576,-0.6371312141418457,0.1336534023284912
1791103684545450500,3.225450439453125,-0.32331493496894836,-0.6229099035263062,0.18984583020210266
1791103684555422200,3.235422119140625,-0.2758483588695526,-0.6452738046646118,0.2131386399269104
1791103684565394400,3.24539453125,-0.2776089608669281,-0.6653969287872314,0.2512098550796509
1791103684575366400,3.255366455078125,-0.2920001745223999,-0.6762405037879944,0.28604134917259216
1791103684585338400,3.26533837890625,-0.29202839732170105,-0.6801801323890686,0.21932010352611542
1791103684595310300,3.275310302734375,-0.31653639674186707,-0.6979271769523621,0.3044067621231079
1791103684605282300,3.2852822265625,-0.2783288359642029,-0.6908045411109924,0.2696133553981781
1791103684615254500,3.295254638671875,-0.24899038672447205,-0.6630256175994873,0.21225287020206451
1791103684625226500,3.3052265625,-0.2981310188770294,-0.6502733826637268,0.28546929359436035
1791103684635198500,3.315198486328125,-0.26602235436439514,-0.6248739957809448,0.2105545699596405
1791103684645170400,3.32517041015625,-0.24641457200050354,-0.5956921577453613,0.21541644632816315
1791103684655142400,3.335142333984375,-0.22005806863307953,-0.5964223742485046,0.2466910034418106
1791103684665114400,3.3451142578125,-0.1655985563993454,-0.5730296969413757,0.23362207412719727
1791103684675086600,3.355086669921875,-0.13974644243717194,-0.5524178743362427,0.2147461175918579
1791103684685058300,3.365058349609375,-0.17053471505641937,-0.5336650013923645,0.1962488740682602
1791103684695030500,3.375030517578125,-0.18207979202270508,-0.5339928269386292,0.20976388454437256
1791103684705002200,3.385002197265625,-0.12171737849712372,-0.5129415988922119,0.14351961016654968
1791103684714974500,3.394974365234375,-0.0646522268652916,-0.4790608584880829,0.1702502965927124
1791103684724946400,3.404946533203125,-0.05011270195245743,-0.42872872948646545,0.19528374075889587
1791103684734918400,3.41491845703125,-0.03828533738851547,-0.4022694230079651,0.21574054658412933
1791103684744890400,3.424890380859375,0.035465583205223083,-0.3659431040287018,0.18453335762023926
1791103684754862300,3.4348623046875,0.050279147922992706,-0.38520386815071106,0.23009711503982544
1791103684764834300,3.444834228515625,0.019628562033176422,-0.385130912065506,0.1714700162410736
1791103684774806500,3.454806640625,-0.05022561922669411,-0.3776061534881592,0.2044612616300583
1791103684784778200,3.4647783203125,-0.000030892668291926384,-0.36721768975257874,0.1641189008951187
1791103684794750500,3.47475048828125,-0.08989260345697403,-0.36905208230018616,0.18534855544567108
1791103684804722400,3.484722412109375,-0.039328232407569885,-0.4029383957386017,0.2087358981370926
1791103684814694400,3.4946943359375,-0.06359256058931351,-0.42310813069343567,0.19167010486125946
1791103684824666600,3.50466650390625,-0.02966601587831974,-0.4162725806236267,0.11229698359966278
1791103684834638300,3.514638427734375,-0.12323032319545746,-0.4059600234031677,0.1428660750389099
1791103684844610600,3.524610595703125,-0.06820115447044373,-0.42330706119537354,0.14842967689037323
1791103684854582300,3.534582275390625,-0.10470377653837204,-0.41729816794395447,0.17141543328762054
1791103684864554500,3.544554443359375,-0.15192508697509766,-0.4563771188259125,0.15387292206287384
1791103684874526500,3.5545263671875,-0.1917923390865326,-0.430033415555954,0.10419564694166183
1791103684884497400,3.564497314453125,-0.19903160631656647,-0.43319565057754517,0.19772931933403015
1791103684894469400,3.574469482421875,-0.16708965599536896,-0.4765649437904358,0.2170199304819107
1791103684904441300,3.58444140625,-0.16216467320919037,-0.4926528334617615,0.1760977953672409
1791103684914413600,3.59441357421875,-0.2087220549583435,-0.46663081645965576,0.188849538564682
1791103684924385300,3.60438525390625,-0.22616921365261078,-0.5045089721679688,0.16417188942432404
1791103684934357500,3.614357421875,-0.24064908921718597,-0.5062980651855469,0.09821631759405136
1791103684944329500,3.62432958984375,-0.21368351578712463,-0.49214470386505127,0.06660699099302292
1791103684954301400,3.634301513671875,-0.22893784940242767,-0.5053287148475647,0.06208973750472069
1791103684964273400,3.6442734375,-0.2509762942790985,-0.5132156610488892,0.11057231575250626
1791103684974245400,3.654245361328125,-0.32765695452690125,-0.5335115790367126,0.04649373143911362
1791103684984217300,3.66421728515625,-0.3251565098762512,-0.5654503703117371,0.05812375620007515
1791103684994189600,3.674189453125,-0.30966171622276306,-0.58817458152771,0.0505065843462944
1791103685004161300,3.684161376953125,-0.34357067942619324,-0.6006197929382324,0.13141581416130066
1791103685014133500,3.694133544921875,-0.3971334993839264,-0.6112266182899475,0.15221190452575684
1791103685024105200,3.704105224609375,-0.4008353054523468,-0.6200011968612671,0.06058930978178978
1791103685034077400,3.714077392578125,-0.43723592162132263,-0.6333617568016052,0.10582869499921799
1791103685044049400,3.72404931640625,-0.42301303148269653,-0.6087469458580017,0.04360393434762955
1791103685054021400,3.734021484375,-0.36398062109947205,-0.6240825057029724,0.04543858766555786
1791103685063993300,3.743993408203125,-0.3741501569747925,-0.5797704458236694,0.06610099226236343
1791103685073965300,3.75396533203125,-0.31678009033203125,-0.5303935408592224,0.07640662044286728
1791103685083937300,3.763937255859375,-0.2677291929721832,-0.4938928186893463,0.04020068421959877
1791103685093909500,3.773909423828125,-0.31667327880859375,-0.508819043636322,0.09095041453838348
1791103685103881500,3.783881591796875,-0.28318750858306885,-0.48790442943573,0.04861307516694069
1791103685113853400,3.793853515625,-0.25214648246765137,-0.5216847658157349,0.13482145965099335
1791103685123825400,3.803825439453125,-0.30930060148239136,-0.5162050127983093,0.16375350952148438
1791103685133797400,3.81379736328125,-0.3170245587825775,-0.49679484963417053,0.13341903686523438
1791103685143769600,3.82376953125,-0.2428310215473175,-0.5102760195732117,0.07327234745025635
1791103685153741300,3.8337412109375,-0.3020669221878052,-0.4994308650493622,0.07400019466876984
1791103685163713500,3.843713623046875,-0.25722914934158325,-0.5035427808761597,0.1488794982433319
1791103685173685200,3.853685302734375,-0.3076134920120239,-0.5046855211257935,0.05174415558576584
1791103685183657500,3.863657470703125,-0.3100132644176483,-0.5214676856994629,0.07722075283527374
1791103685193629400,3.87362939453125,-0.3359313905239105,-0.5498804450035095,0.1142304316163063
1791103685203601400,3.883601318359375,-0.3084830045700073,-0.6066380143165588,0.1085887923836708
1791103685213573400,3.893573486328125,-0.3441177010536194,-0.6289219856262207,0.11492179334163666
1791103685223545300,3.90354541015625,-0.32740262150764465,-0.6645114421844482,0.11779161542654037
1791103685233517300,3.913517333984375,-0.4192470610141754,-0.6630938053131104,0.12668897211551666
1791103685243489500,3.923489501953125,-0.394243985414505,-0.6869887709617615,0.0907895565032959
1791103685253461200,3.933461181640625,-0.35660526156425476,-0.6779031157493591,0.11729360371828079
1791103685263433500,3.94343359375,-0.3685024082660675,-0.6830073595046997,0.20029181241989136
1791103685273405400,3.953405517578125,-0.34954094886779785,-0.7326963543891907,0.205081507563591
1791103685283376600,3.963376708984375,-0.33174917101860046,-0.7617902755737305,0.21704895794391632
1791103685293348900,3.973348876953125,-0.3646376132965088,-0.7544620633125305,0.1599084436893463
1791103685303320800,3.98332080078125,-0.4095723330974579,-0.7776827216148376,0.22166875004768372
1791103685313292800,3.993292724609375,-0.33753594756126404,-0.7793133854866028,0.1473577618598938
1791103685323264800,4.0032646484375,-0.2485874444246292,-0.7190529704093933,0.0457424558699131
1791103685333236700,4.01323681640625,-0.2601817846298218,-0.6544502377510071,0.10031195729970932
1791103685343208700,4.023208740234375,-0.20737023651599884,-0.6525210738182068,0.0640849769115448
1791103685353181000,4.033180908203125,-0.18406064808368683,-0.6570015549659729,0.1450730413198471
1791103685363152600,4.043152587890625,-0.1575869619846344,-0.6369157433509827,0.1265840381383896
1791103685373124900,4.053124755859375,-0.12334643304347992,-0.6345064043998718,0.08122614771127701
1791103685383096600,4.0630966796875,-0.2401372343301773,-0.6415794491767883,0.20270277559757233
1791103685393068800,4.07306884765625,-0.21403053402900696,-0.6283430457115173,0.15040256083011627
1791103685403040800,4.083040771484375,-0.13368456065654755,-0.5781557559967041,0.15374402701854706
1791103685413012700,4.0930126953125,-0.052679456770420074,-0.5442478656768799,0.22538810968399048
1791103685422985000,4.10298486328125,-0.0015877765836194158,-0.507179319858551,0.20871485769748688
1791103685432956700,4.112956787109375,0.020746290683746338,-0.5069404244422913,0.12238183617591858
1791103685442929000,4.122928955078125,-0.01227717287838459,-0.47094088792800903,0.1328240931034088
1791103685452900900,4.13290087890625,0.07497704029083252,-0.48543086647987366,0.12288730591535568
1791103685462872800,4.142872802734375,0.07312401384115219,-0.44485870003700256,0.1125049740076065
1791103685472844800,4.1528447265625,0.09455127269029617,-0.43963223695755005,0.08924039453268051
1791103685482816800,4.162816650390625,0.0106491819024086,-0.41653889417648315,0.2191813588142395
1791103685492788700,4.172788818359375,0.09141752868890762,-0.43034765124320984,0.16078674793243408
1791103685502761000,4.182760986328125,0.035889025777578354,-0.39070382714271545,0.1437702178955078
1791103685512732700,4.192732666015625,0.10494638979434967,-0.4198382794857025,0.27868595719337463
1791103685522705000,4.202704833984375,0.1468786597251892,-0.4045426845550537,0.15644925832748413
1791103685532676600,4.212676513671875,0.17701312899589539,-0.3943398594856262,0.11756817251443863
1791103685542648800,4.22264892578125,0.10541776567697525,-0.3767573833465576,0.13596582412719727
1791103685552620800,4.232620849609375,0.040221456438302994,-0.36860358715057373,0.27472132444381714
1791103685562592800,4.2425927734375,0.15907087922096252,-0.38362035155296326,0.18299272656440735
1791103685572564700,4.252564697265625,0.1878359466791153,-0.37938007712364197,0.24706332385540009
1791103685582536700,4.26253662109375,0.12944826483726501,-0.3382565975189209,0.21790063381195068
1791103685592508700,4.2725087890625,0.12191711366176605,-0.3656299114227295,0.14818386733531952
1791103685602481000,4.28248095703125,0.14684084057807922,-0.35943514108657837,0.0535641573369503
1791103685612452900,4.292452880859375,0.1904599517583847,-0.362935334444046,0.07760851085186005
1791103685622424800,4.3024248046875,0.16585394740104675,-0.37137195467948914,0.10015296936035156
1791103685632396800,4.312396728515625,0.10178335011005402,-0.3468117415904999,0.050211504101753235
1791103685642368800,4.32236865234375,0.09351796656847,-0.3550744652748108,0.050162769854068756
1791103685652341000,4.332341064453125,0.1319575011730194,-0.37625059485435486,0.12756328284740448
1791103685662312700,4.342312744140625,0.12557709217071533,-0.3339225947856903,0.08109032362699509
1791103685672285000,4.352284912109375,0.15129737555980682,-0.33312416076660156,0.03952743485569954
1791103685682256000,4.362255859375,0.14292307198047638,-0.33764514327049255,0.04884263873100281
1791103685692227800,4.372227783203125,0.14752927422523499,-0.2988508939743042,0.08585978299379349
1791103685702199800,4.38219970703125,0.13036173582077026,-0.33486106991767883,0.04610730707645416
1791103685712171800,4.392171875,0.10117881745100021,-0.3620910942554474,0.09647247940301895
1791103685722144000,4.40214404296875,0.1336163878440857,-0.330696165561676,0.14496704936027527
1791103685732115700,4.41211572265625,0.11865022033452988,-0.3369431495666504,0.030306773260235786
1791103685742088000,4.422087890625,0.1303369700908661,-0.3838539123535156,0.03497716039419174
1791103685752059600,4.4320595703125,0.13533678650856018,-0.3500187397003174,-0.01601438596844673
1791103685762031900,4.442031982421875,0.08948034793138504,-0.3621230721473694,0.036073580384254456
1791103685772003800,4.45200390625,0.07051331549882889,-0.3264563977718353,0.07840452343225479
1791103685781975800,4.461975830078125,0.12408466637134552,-0.32695308327674866,0.023623304441571236
1791103685791947800,4.47194775390625,0.12820270657539368,-0.3142346441745758,0.001478320686146617
1791103685801919700,4.481919677734375,0.12160392850637436,-0.3487963378429413,0.006730606779456139
1791103685811891700,4.4918916015625,0.10939573496580124,-0.31756144762039185,-0.0046701193787157536
1791103685821864000,4.501864013671875,0.15513579547405243,-0.28838279843330383,-0.008187090046703815
1791103685831835600,4.511835693359375,0.1997637152671814,-0.18928657472133636,-0.09623731672763824
1791103685841808000,4.521807861328125,0.25472602248191833,-0.1607966125011444,-0.05275509133934975
1791103685851779600,4.531779541015625,0.33568692207336426,-0.14401470124721527,0.03981691971421242
1791103685861751800,4.541751708984375,0.3893642723560333,-0.10329736024141312,-0.0070464578457176685
1791103685871723800,4.551723876953125,0.36382055282592773,-0.05066797137260437,-0.04477972164750099
1791103685881695700,4.56169580078125,0.36053475737571716,-0.029808495193719864,0.0007366303470917046
1791103685891668000,4.57166796875,0.38238146901130676,-0.01847940869629383,0.005017928313463926
1791103685901639700,4.5816396484375,0.4261976480484009,0.02538498491048813,-0.036255475133657455
1791103685911612000,4.59161181640625,0.45356321334838867,0.06271451711654663,-0.011234278790652752
1791103685921583900,4.601583984375,0.4405131936073303,0.056477658450603485,-0.0021204089280217886
1791103685931555800,4.611555908203125,0.3718681037425995,0.06732285022735596,-0.04427904635667801
1791103685941527800,4.62152783203125,0.3635507822036743,0.04374561458826065,-0.012585832737386227
1791103685951499800,4.631499755859375,0.3805827498435974,0.049910303205251694,-0.026611903682351112
1791103685961471700,4.6414716796875,0.3779717981815338,0.002133192028850317,0.03363785520195961
1791103685971444000,4.65144384765625,0.3323097825050354,0.0070917317643761635,-0.05422089248895645
1791103685981415700,4.661415771484375,0.300030380487442,-0.010090450756251812,-0.031241541728377342
1791103685991388000,4.671387939453125,0.2891007959842682,-0.025960493832826614,-0.1127513125538826
1791103686001359600,4.681359619140625,0.27480199933052063,-0.057860635221004486,-0.11430979520082474
1791103686011331800,4.691331787109375,0.2727300524711609,-0.033844515681266785,-0.08335854113101959
1791103686021303800,4.7013037109375,0.24469417333602905,-0.06653615087270737,-0.00609411159530282
1791103686031274800,4.711274658203125,0.24997654557228088,-0.05524487793445587,-0.05976372957229614
1791103686041247000,4.7212470703125,0.21362440288066864,-0.05379611998796463,-0.02575037069618702
1791103686051218700,4.73121875,0.19928140938282013,-0.08851015567779541,-0.0593501441180706
1791103686061191000,4.74119091796875,0.1481684297323227,-0.11813250184059143,0.005849367007613182
1791103686071162600,4.75116259765625,0.14409379661083221,-0.09010113030672073,-0.05572904273867607
1791103686081134800,4.761134765625,0.17141330242156982,-0.08313430100679398,0.01956464722752571
1791103686091106800,4.77110693359375,0.1320648193359375,-0.058938417583703995,-0.03455398231744766
1791103686101078800,4.781078857421875,0.18881678581237793,-0.031193073838949203,-0.1202787384390831
1791103686111050800,4.79105078125,0.18163983523845673,-0.022819561883807182,-0.053221408277750015
1791103686121022700,4.801022705078125,0.1957138478755951,0.00012729909212794155,-0.09827303886413574
1791103686130994700,4.81099462890625,0.19466881453990936,0.05574049428105354,-0.12559813261032104
1791103686140967000,4.820966796875,0.1815498173236847,0.03749224916100502,-0.06143566220998764
1791103686150938600,4.830938720703125,0.13814190030097961,0.03682432696223259,-0.09118397533893585
1791103686160910800,4.840910888671875,0.11984091997146606,0.039621710777282715,-0.11299712210893631
1791103686170882800,4.8508828125,0.1296067237854004,0.02803696133196354,-0.028688902035355568
1791103686180854800,4.860854736328125,0.09232300519943237,0.04614086449146271,-0.06428125500679016
1791103686190827000,4.870826904296875,0.1435403823852539,0.02323075383901596,0.02646915800869465
1791103686200798700,4.880798828125,0.17071980237960815,0.048661813139915466,-0.07618611305952072
1791103686210771000,4.89077099609375,0.13875281810760498,0.025364212691783905,-0.026555445045232773
1791103686220742700,4.90074267578125,0.07958058267831802,0.07119641453027725,-0.05180380865931511
1791103686230715000,4.91071484375,0.0676054060459137,0.06493665277957916,-0.10638982057571411
1791103686240686800,4.920686767578125,0.054542072117328644,0.05433780699968338,-0.07120067626237869
1791103686250658800,4.930658935546875,0.028615666553378105,0.034450650215148926,-0.061942197382450104
1791103686260630800,4.940630859375,-0.002273007994517684,-0.005907423794269562,0.012419651262462139
1791103686270602800,4.950602783203125,-0.021338311955332756,-0.042086999863386154,-0.03742619976401329
1791103686280574700,4.96057470703125,-0.07786337286233902,-0.097487673163414,0.025608956813812256
1791103686290547000,4.970546875,-0.12176211923360825,-0.1494310349225998,0.0004924184759147465
1791103686300518700,4.9805185546875,-0.16691015660762787,-0.14273211359977722,0.029861493036150932
1791103686310491000,4.990490966796875,-0.19605553150177002,-0.16575194895267487,0.08460809290409088
1791103686320462600,5.000462646484375,-0.2092221975326538,-0.13659167289733887,0.06364049762487411
1791103686330434800,5.010434814453125,-0.17819397151470184,-0.14595401287078857,0.02087545394897461
1791103686340406800,5.02040673828125,-0.1821620762348175,-0.1476248800754547,0.06801287084817886
1791103686350378800,5.030378662109375,-0.1922980695962906,-0.15140603482723236,-0.022900788113474846
1791103686360350000,5.040349853515625,-0.20475713908672333,-0.17255020141601562,-0.06069743633270264
1791103686370321700,5.05032177734375,-0.22460168600082397,-0.16352981328964233,0.015310512855648994
1791103686380294000,5.0602939453125,-0.19020776450634003,-0.1574159860610962,0.04790254309773445
1791103686390265600,5.070265625,-0.2160358875989914,-0.18373307585716248,0.07320524007081985
1791103686400237800,5.08023779296875,-0.23228836059570312,-0.17998814582824707,0.01624048873782158
1791103686410209800,5.090209716796875,-0.23199115693569183,-0.17758676409721375,0.02755466289818287
1791103686420181800,5.100181640625,-0.24903298914432526,-0.17690393328666687,0.02527020312845707
1791103686430153700,5.11015380859375,-0.2671147882938385,-0.1607888787984848,-0.0021949773654341698
1791103686440125700,5.120125732421875,-0.20910687744617462,-0.14795483648777008,-0.03443307429552078
1791103686450098000,5.130097900390625,-0.15264280140399933,-0.12028273195028305,0.04993906244635582
1791103686460070000,5.14006982421875,-0.1669093519449234,-0.1142357587814331,0.010241452604532242
1791103686470041900,5.150041748046875,-0.16081099212169647,-0.12900644540786743,-0.05741056054830551
1791103686480013800,5.160013916015625,-0.24341797828674316,-0.13565850257873535,0.0351254977285862
1791103686489985800,5.16998583984375,-0.30522143840789795,-0.13482412695884705,0.056888315826654434
1791103686499957800,5.179957763671875,-0.22506481409072876,-0.16385045647621155,0.020650416612625122
1791103686509930000,5.189929931640625,-0.21637730300426483,-0.15992654860019684,0.026163959875702858
1791103686519901700,5.199901611328125,-0.25271347165107727,-0.16596446931362152,0.004728708881884813
1791103686529874000,5.2098740234375,-0.2228945940732956,-0.1610032618045807,-0.055455002933740616
1791103686539845600,5.219845703125,-0.24197694659233093,-0.17111794650554657,-0.014741129241883755
1791103686549817900,5.22981787109375,-0.2215275913476944,-0.19265733659267426,0.0008333030855283141
1791103686559789800,5.239789794921875,-0.21759943664073944,-0.17708636820316315,-0.08618069440126419
1791103686569761800,5.24976171875,-0.23628737032413483,-0.19732798635959625,-0.06770367920398712
1791103686579733800,5.259733642578125,-0.23055411875247955,-0.19708776473999023,-0.002395247109234333
1791103686589705700,5.269705810546875,-0.25517478585243225,-0.19207090139389038,-0.008762066252529621
1791103686599677700,5.279677734375,-0.23328492045402527,-0.1846931427717209,-0.043952811509370804
1791103686609650000,5.28964990234375,-0.20149344205856323,-0.19845476746559143,0.023979900404810905
1791103686619621600,5.29962158203125,-0.2392117828130722,-0.18881039321422577,-0.011426026001572609
1791103686629593900,5.30959375,-0.20152059197425842,-0.1941811889410019,0.014211426489055157
1791103686639565800,5.31956591796875,-0.2298116236925125,-0.14771968126296997,-0.04151974618434906
1791103686649537800,5.329537841796875,-0.19558387994766235,-0.1150144711136818,-0.15366731584072113
1791103686659510000,5.339510009765625,-0.1862628161907196,-0.13772830367088318,0.02015773206949234
1791103686669480700,5.349480712890625,-0.126682847738266,-0.11676549911499023,0.021399565041065216
1791103686679453000,5.359452880859375,-0.13658101856708527,-0.1152014210820198,-0.019275959581136703
1791103686689424600,5.369424560546875,-0.17751406133174896,-0.15038977563381195,0.049980342388153076
1791103686699396900,5.37939697265625,-0.26083266735076904,-0.1675109714269638,0.04741811379790306
1791103686709368800,5.389368896484375,-0.22629837691783905,-0.1357029676437378,-0.05901165306568146
1791103686719340800,5.3993408203125,-0.142074853181839,-0.17478911578655243,0.1443105787038803
1791103686729313000,5.40931298828125,-0.12704157829284668,-0.12862375378608704,0.026820428669452667
1791103686739284700,5.41928466796875,-0.13274793326854706,-0.12159913778305054,-0.04717203974723816
1791103686749257000,5.429257080078125,-0.14532311260700226,-0.1145409569144249,0.002636795863509178
1791103686759228700,5.439228759765625,-0.14985473453998566,-0.11093663424253464,0.03122822754085064
1791103686769201000,5.449200927734375,-0.07143423706293106,-0.12175333499908447,0.01480238139629364
1791103686779172900,5.4591728515625,-0.11087538301944733,-0.10117002576589584,0.014282000251114368
1791103686789144800,5.469144775390625,-0.21159639954566956,-0.1216750368475914,0.05101684480905533
1791103686799116800,5.47911669921875,-0.17163434624671936,-0.13194631040096283,0.025297898799180984
1791103686809088800,5.4890888671875,-0.1656816452741623,-0.11279445886611938,-0.04934358224272728
1791103686819060700,5.499060791015625,-0.1813303828239441,-0.15690971910953522,0.14454519748687744
1791103686829033000,5.509032958984375,-0.15755847096443176,-0.13627581298351288,-0.0745948776602745
1791103686839004700,5.519004638671875,-0.14061543345451355,-0.15936222672462463,0.024340493604540825
1791103686848977000,5.528976806640625,-0.21086643636226654,-0.1642608493566513,0.11956368386745453
1791103686858948600,5.538948486328125,-0.18186967074871063,-0.17055974900722504,0.03201625496149063
1791103686868920800,5.5489208984375,-0.19054384529590607,-0.17736519873142242,-0.048598162829875946
1791103686878892800,5.558892822265625,-0.19200991094112396,-0.18838882446289062,0.025972478091716766
1791103686888864800,5.56886474609375,-0.23182125389575958,-0.1907249391078949,0.026218287646770477
1791103686898836700,5.578836669921875,-0.20733533799648285,-0.19764356315135956,0.03489353507757187
1791103686908808700,5.58880859375,-0.24443717300891876,-0.1996140480041504,0.009210809133946896
1791103686918781000,5.598781005859375,-0.20945389568805695,-0.23508335649967194,0.03593749552965164
1791103686928753000,5.6087529296875,-0.2519584596157074,-0.22347143292427063,0.026430008932948112
1791103686938724900,5.618724853515625,-0.2636726498603821,-0.19251617789268494,0.027220169082283974
1791103686948696800,5.62869677734375,-0.30411940813064575,-0.2321418970823288,0.08713037520647049
1791103686958668800,5.638668701171875,-0.2236189842224121,-0.27219557762145996,0.0011707255616784096
1791103686968640800,5.648640869140625,-0.3208424746990204,-0.21170905232429504,0.04397278279066086
1791103686978611700,5.65861181640625,-0.22096434235572815,-0.23890472948551178,0.025134647265076637
1791103686988583700,5.668583740234375,-0.24807505309581757,-0.23789671063423157,0.038482144474983215
1791103686998556000,5.678555908203125,-0.23000496625900269,-0.19406934082508087,-0.08564379811286926
1791103687008528000,5.68852783203125,-0.20070034265518188,-0.19970831274986267,0.0008586031035520136
1791103687018499800,5.698499755859375,-0.16290050745010376,-0.20240530371665955,-0.12252058833837509
1791103687028471800,5.708471923828125,-0.18997685611248016,-0.1732330322265625,-0.06372624635696411
1791103687038443800,5.71844384765625,-0.1840159147977829,-0.2078205794095993,-0.09233792126178741
1791103687048416000,5.728416015625,-0.23452462255954742,-0.20554782450199127,-0.027039872482419014
1791103687058387700,5.7383876953125,-0.23041057586669922,-0.18968284130096436,0.04477812349796295
1791103687068360000,5.74835986328125,-0.2040330320596695,-0.24929077923297882,0.07591873407363892
1791103687078331600,5.75833154296875,-0.19666431844234467,-0.2816806733608246,0.0797739252448082
1791103687088303900,5.768303955078125,-0.15421965718269348,-0.2382245510816574,-0.029503297060728073
1791103687098275800,5.77827587890625,-0.15165743231773376,-0.24822472035884857,-0.005246960092335939
1791103687108247800,5.788247802734375,-0.1806320995092392,-0.27660709619522095,0.0997241958975792
1791103687118219800,5.7982197265625,-0.19408026337623596,-0.24605290591716766,-0.056291501969099045
1791103687128191700,5.808191650390625,-0.17563892900943756,-0.26338982582092285,0.12013866007328033
1791103687138163700,5.818163818359375,-0.16002428531646729,-0.2460654228925705,-0.06817958503961563
1791103687148136000,5.828135986328125,-0.17326126992702484,-0.2659887969493866,0.07065445929765701
1791103687158107600,5.838107666015625,-0.20634359121322632,-0.25983476638793945,-0.012355469167232513
1791103687168080000,5.848079833984375,-0.17545944452285767,-0.2648007571697235,-0.020504476502537727
1791103687178051600,5.858051513671875,-0.11796365678310394,-0.27644598484039307,0.09091419726610184
1791103687188023800,5.86802392578125,-0.09305936843156815,-0.24832405149936676,0.0191918034106493
1791103687197995800,5.877995849609375,-0.1021663174033165,-0.2666796147823334,0.026632942259311676
1791103687207967700,5.8879677734375,-0.08923107385635376,-0.2624500095844269,-0.07972705364227295
1791103687217940000,5.89793994140625,-0.11024288088083267,-0.28532201051712036,0.03654735907912254
1791103687227911700,5.90791162109375,-0.11047936975955963,-0.2875255346298218,0.03353399038314819
1791103687237884000,5.9178837890625,-0.12046542763710022,-0.2555084526538849,0.05103069171309471
1791103687247854600,5.9278544921875,-0.06855695694684982,-0.2744944095611572,0.17337098717689514
1791103687257826800,5.937826904296875,-0.101764976978302,-0.24762257933616638,0.009249957278370857
1791103687267798800,5.947798828125,-0.11338594555854797,-0.2501946687698364,-0.009653426706790924
1791103687277770500,5.9577705078125,-0.08145198225975037,-0.2834700644016266,0.059593554586172104
1791103687287742700,5.96774267578125,-0.02949237823486328,-0.18788067996501923,-0.12454725801944733
1791103687297714400,5.97771435546875,0.01366308145225048,-0.20671509206295013,0.023324763402342796
1791103687307686700,5.987686767578125,-0.024458738043904305,-0.19900524616241455,-0.005723399575799704
1791103687317658600,5.99765869140625,-0.0489632822573185,-0.24234525859355927,0.12947329878807068
1791103687327630600,6.007630615234375,-0.03873887285590172,-0.24160383641719818,-0.06318722665309906
1791103687337602600,6.0176025390625,-0.04676111415028572,-0.2609602212905884,0.06489510834217072
1791103687347574500,6.027574462890625,-0.038601722568273544,-0.22594764828681946,-0.05228317901492119
1791103687357546500,6.03754638671875,-0.02190769650042057,-0.21300388872623444,0.022421153262257576
1791103687367518700,6.047518798828125,-0.04330353066325188,-0.19555751979351044,0.11049508303403854
1791103687377490400,6.057490478515625,0.042274750769138336,-0.12952710688114166,-0.10332532227039337
1791103687387462700,6.067462646484375,0.02845800668001175,-0.1488768309354782,0.09952978789806366
1791103687397434400,6.077434326171875,0.024168452247977257,-0.14524507522583008,0.023252591490745544
1791103687407406600,6.087406494140625,0.04182840511202812,-0.18808016180992126,0.007302653975784779
1791103687417378600,6.097378662109375,0.03922463580965996,-0.15021826326847076,-0.10695894062519073
1791103687427350500,6.1073505859375,-0.015516108833253384,-0.16850300133228302,0.022435268387198448
1791103687437322500,6.117322509765625,0.01709642820060253,-0.13504250347614288,0.04737337306141853
1791103687447294500,6.12729443359375,-0.024539431557059288,-0.16119740903377533,0.11468290537595749
1791103687457266700,6.1372666015625,0.03568422794342041,-0.12742958962917328,-0.05359878018498421
1791103687467238700,6.14723876953125,0.03997564688324928,-0.15824130177497864,-0.05353299900889397
1791103687477210600,6.157210693359375,-0.060439907014369965,-0.20213019847869873,0.04674140736460686
1791103687487182600,6.1671826171875,-0.044606614857912064,-0.18126699328422546,-0.12499520182609558
1791103687497154600,6.177154541015625,-0.009829993359744549,-0.1660238653421402,-0.056124523282051086
1791103687507126500,6.18712646484375,0.00040266994619742036,-0.16849634051322937,0.07884448021650314
1791103687517098800,6.1970986328125,0.003620301140472293,-0.1362888664007187,-0.05775091424584389
1791103687527069700,6.207069580078125,0.05317666754126549,-0.2125609964132309,0.10953474789857864
1791103687537041700,6.217041748046875,-0.061527542769908905,-0.12981471419334412,0.020434701815247536
1791103687547013600,6.227013671875,0.009737581945955753,-0.18944236636161804,0.06455902010202408
1791103687556985600,6.236985595703125,0.008436094969511032,-0.23734331130981445,0.07511498779058456
1791103687566957600,6.24695751953125,-0.009082178585231304,-0.1759803593158722,-0.10132262855768204
1791103687576929500,6.256929443359375,-0.015293735079467297,-0.1524159014225006,-0.04551315680146217
1791103687586901800,6.26690185546875,0.02810540422797203,-0.1508563607931137,0.040825195610523224
1791103687596873500,6.27687353515625,0.0036160401068627834,-0.12021882086992264,0.03526424616575241
1791103687606845700,6.286845703125,0.050885818898677826,-0.12910792231559753,-0.019714849069714546
1791103687616817400,6.2968173828125,0.023495739325881004,-0.15213626623153687,0.033074330538511276
1791103687626789600,6.30678955078125,-0.025549301877617836,-0.12933962047100067,0.0717649981379509
1791103687636761600,6.31676171875,0.0030597057193517685,-0.14411722123622894,-0.06453531980514526
1791103687646733600,6.326733642578125,0.0348392054438591,-0.0999327227473259,-0.05585980415344238
1791103687656705500,6.33670556640625,0.03997271507978439,-0.10938961058855057,0.09143217653036118
1791103687666677500,6.346677490234375,0.05555913224816322,-0.09388148784637451,0.06900569796562195
1791103687676649500,6.3566494140625,0.01830017752945423,-0.07960455119609833,-0.040162865072488785
1791103687686621700,6.36662158203125,0.012083294801414013,-0.056588977575302124,-0.018731342628598213
1791103687696593400,6.376593505859375,0.032820530235767365,-0.12739284336566925,0.07497917115688324
1791103687706565600,6.386565673828125,0.05447176471352577,-0.09358987212181091,0.01890444941818714
1791103687716537600,6.39653759765625,0.06927627325057983,-0.09651189297437668,0.026815369725227356
1791103687726509600,6.406509521484375,-0.03327326849102974,-0.09771963208913803,0.03610420972108841
1791103687736481800,6.416481689453125,-0.02179024927318096,-0.13286671042442322,0.018088988959789276
1791103687746453500,6.42645361328125,-0.05276574194431305,-0.12580187618732452,0.010095776990056038
1791103687756425700,6.43642578125,0.005317800212651491,-0.14534920454025269,0.028448686003684998
1791103687766397400,6.4463974609375,-0.06190863996744156,-0.09912765026092529,-0.011233479715883732
1791103687776369700,6.45636962890625,-0.040227048099040985,-0.1504630148410797,0.07270562648773193
1791103687786340400,6.46634033203125,-0.04817924648523331,-0.14888854324817657,-0.0041249701753258705
1791103687796312600,6.4763125,-0.02720552124083042,-0.13756291568279266,-0.04267609119415283
1791103687806284500,6.486284423828125,-0.04842985048890114,-0.132492795586586,0.036185700446367264
1791103687816256500,6.496256591796875,-0.00504109775647521,-0.12335602194070816,0.02696077711880207
1791103687826228700,6.506228759765625,-0.015733955428004265,-0.09137598425149918,-0.04067978635430336
1791103687836200400,6.516200439453125,0.014058827422559261,-0.09339546412229538,0.030593860894441605
1791103687846172700,6.526172607421875,-0.03355582803487778,-0.09424660354852676,0.04825834184885025
1791103687856144600,6.53614453125,0.04412059113383293,-0.05130632966756821,-0.027652932330965996
1791103687866116600,6.54611669921875,0.034087661653757095,-0.06017891690135002,-0.009737848304212093
1791103687876088600,6.556088623046875,0.009287774562835693,-0.020897025242447853,-0.07484601438045502
1791103687886060500,6.566060546875,0.034981951117515564,-0.07494428008794785,0.017702830955386162
1791103687896032500,6.576032470703125,-0.0017321199411526322,0.00016431703988928348,-0.06886614859104156
1791103687906004700,6.586004638671875,0.04591182991862297,-0.022251509130001068,-0.1034771203994751
1791103687915976400,6.5959765625,0.02039608545601368,-0.04439356178045273,-0.02653813362121582
1791103687925948700,6.60594873046875,0.021823806688189507,-0.0422409288585186,-0.004217382054775953
1791103687935920400,6.61592041015625,0.004795021377503872,-0.044500090181827545,-0.023935692384839058
1791103687945892600,6.625892578125,-0.017528926953673363,-0.06580564379692078,-0.09753561019897461
1791103687955864600,6.635864501953125,-0.016981646418571472,-0.0952460914850235,0.10384677350521088
1791103687965836500,6.64583642578125,-0.04488731175661087,-0.039559394121170044,-0.03870292007923126
1791103687975808500,6.65580859375,-0.019628295674920082,-0.09329506009817123,0.029446039348840714
1791103687985780500,6.665780517578125,-0.04649852588772774,-0.08176863193511963,0.03530552610754967
1791103687995752400,6.67575244140625,-0.029775472357869148,-0.050880491733551025,0.0516461506485939
1791103688005724700,6.685724609375,-0.022493325173854828,-0.018935874104499817,-0.10390163213014603
1791103688015696600,6.695696533203125,-0.018674351274967194,-0.033299099653959274,-0.09855081140995026
1791103688025668600,6.705668701171875,0.002680737990885973,-0.005637113004922867,-0.054549526423215866
1791103688035639600,6.7156396484375,0.026993267238140106,0.052804891020059586,-0.11788695305585861
1791103688045611500,6.725611572265625,0.048891376703977585,-0.018383268266916275,-0.04344893991947174
1791103688055583500,6.73558349609375,-0.04259539768099785,-0.05964948236942291,-0.029880667105317116
1791103688065555500,6.745555419921875,-0.08901908993721008,-0.10801941156387329,-0.03616759181022644
1791103688075527700,6.755527587890625,-0.13936641812324524,-0.08168234676122665,-0.045225270092487335
1791103688085499600,6.765499755859375,-0.10986178368330002,-0.08432739973068237,0.02322516217827797
1791103688095471600,6.7754716796875,-0.06597582250833511,-0.09956813603639603,0.007894407957792282
1791103688105443600,6.785443603515625,-0.059913668781518936,-0.12787780165672302,0.026452645659446716
1791103688115415600,6.79541552734375,-0.05696208402514458,-0.09702561795711517,-0.027544276788830757
1791103688125387800,6.8053876953125,-0.10469578951597214,-0.1347367763519287,0.07424706965684891
1791103688135359500,6.815359375,-0.12102948874235153,-0.11043143272399902,0.02997654117643833
1791103688145331700,6.825331787109375,-0.08039683848619461,-0.06600537896156311,-0.15577761828899384
1791103688155303400,6.835303466796875,-0.09369853138923645,-0.104381263256073,0.08104638010263443
1791103688165275600,6.845275634765625,-0.08230339735746384,-0.06623654067516327,-0.06539445370435715
1791103688175247600,6.85524755859375,-0.04674060642719269,-0.08457400649785995,0.04315359517931938
1791103688185219600,6.865219482421875,-0.055754076689481735,-0.06589779257774353,-0.03954794257879257
1791103688195191600,6.875191650390625,-0.10298310965299606,-0.08800628781318665,0.01606418751180172
1791103688205163500,6.88516357421875,-0.06191370263695717,-0.14844273030757904,0.0661848783493042
1791103688215135500,6.895135498046875,-0.127466082572937,-0.1412106603384018,0.14184634387493134
1791103688225107700,6.905107666015625,-0.07700104266405106,-0.16994217038154602,0.03459952399134636
1791103688235079400,6.915079345703125,-0.07412616163492203,-0.1284000426530838,-0.13563133776187897
1791103688245051600,6.9250517578125,-0.047380298376083374,-0.18873289227485657,0.018037322908639908
1791103688255023400,6.9350234375,-0.11246875673532486,-0.1337740421295166,0.012479039840400219
1791103688264995600,6.94499560546875,-0.10737652331590652,-0.15345799922943115,0.006876814644783735
1791103688274966500,6.954966552734375,-0.11833570152521133,-0.14846697449684143,0.021443773061037064
1791103688284938800,6.964938720703125,-0.08567069470882416,-0.1707456409931183,0.010274475440382957
1791103688294911000,6.974910888671875,-0.08978953957557678,-0.1631212830543518,-0.04807218909263611
1791103688304882700,6.984882568359375,-0.0713500827550888,-0.1888551414012909,0.026134397834539413
1791103688314855000,6.99485498046875,-0.13582387566566467,-0.16170234978199005,0.042268626391887665
1791103688324826600,7.00482666015625,-0.09489455074071884,-0.15015195310115814,0.015181083232164383
1791103688334798800,7.014798828125,-0.07693872600793839,-0.20368069410324097,0.1911097764968872
1791103688344770800,7.024770751953125,-0.0520554780960083,-0.17054510116577148,-0.05853095278143883
1791103688354742800,7.03474267578125,-0.0885935127735138,-0.1915838122367859,0.07885034382343292
1791103688364714800,7.04471484375,-0.0637534111738205,-0.21565638482570648,-0.09367136657238007
1791103688374686700,7.054686767578125,-0.08681212365627289,-0.17336459457874298,-0.11869682371616364
1791103688384658700,7.06465869140625,-0.04794755205512047,-0.17495130002498627,-0.06621603667736053
1791103688394631000,7.074630859375,-0.0764327198266983,-0.20914949476718903,0.10969134420156479
1791103688404603000,7.084602783203125,-0.11091719567775726,-0.17429430782794952,-0.05019685626029968
1791103688414574800,7.094574951171875,-0.05907370522618294,-0.18214130401611328,-0.0024104269687086344
1791103688424546800,7.104546875,-0.0827646553516388,-0.24475941061973572,0.11712928861379623
1791103688434518800,7.114518798828125,-0.13563212752342224,-0.27271780371665955,0.08847500383853912
1791103688444491000,7.124490966796875,-0.14537982642650604,-0.2737412750720978,0.12908048927783966
1791103688454462700,7.134462646484375,-0.09343221038579941,-0.22890855371952057,0.013075055554509163
1791103688464435000,7.14443505859375,-0.0752449557185173,-0.2402922362089157,0.07455945760011673
1791103688474406700,7.15440673828125,-0.04800401255488396,-0.18949882686138153,-0.055152200162410736
1791103688484379000,7.16437890625,-0.0041036647744476795,-0.15784822404384613,-0.018098309636116028
1791103688494350600,7.1743505859375,-0.05567178502678871,-0.1571265012025833,0.04729534313082695
1791103688504322800,7.18432275390625,0.023682959377765656,-0.13100196421146393,-0.20192886888980865
1791103688514294000,7.1942939453125,0.06336858868598938,-0.17522934079170227,0.09895826876163483
1791103688524265700,7.204265625,-0.013466806150972843,-0.12447561323642731,0.04962534457445145
1791103688534238000,7.214238037109375,0.043787695467472076,-0.1587827205657959,-0.07108429819345474
1791103688544209700,7.224209716796875,0.06412758678197861,-0.15693049132823944,0.048961151391267776
1791103688554182000,7.234181884765625,0.010236658155918121,-0.15194186568260193,0.14896178245544434
1791103688564153900,7.24415380859375,0.06151476129889488,-0.13143126666545868,-0.028063857927918434
1791103688574125800,7.254125732421875,0.06349455565214157,-0.09770418703556061,-0.10871156305074692
1791103688584097800,7.264097900390625,0.09148836880922318,-0.08521875739097595,-0.04339567571878433
1791103688594069800,7.27406982421875,0.07883835583925247,-0.09936307370662689,-0.03599927946925163
1791103688604041700,7.284041748046875,0.05091644451022148,-0.10679195821285248,0.018933476880192757
1791103688614013700,7.294013671875,0.07404519617557526,-0.07221826910972595,0.051173437386751175
1791103688623985700,7.303985595703125,0.11517266184091568,-0.11945316195487976,0.15251444280147552
1791103688633958000,7.3139580078125,0.10009171068668365,-0.11424801498651505,0.07607825845479965
1791103688643929600,7.3239296875,-0.03135446086525917,-0.15043504536151886,0.1358337253332138
1791103688653901800,7.33390185546875,-0.013570403680205345,-0.0907333642244339,0.019955597817897797
1791103688663873800,7.343873779296875,0.10505398362874985,-0.13827292621135712,-0.013941382057964802
1791103688673845800,7.353845703125,0.008162056095898151,-0.1326936036348343,-0.013861486688256264
1791103688683818000,7.36381787109375,0.05621054023504257,-0.11452098935842514,-0.09451025724411011
1791103688693789700,7.373789794921875,0.04626389965415001,-0.10285687446594238,-0.135162353515625
1791103688703762000,7.383761962890625,0.06460615992546082,-0.14136084914207458,-0.009417736902832985
1791103688713733600,7.393733642578125,0.02895095758140087,-0.10311653465032578,-0.06532787531614304
1791103688723705900,7.403705810546875,0.1187085434794426,-0.18326222896575928,0.010719755664467812
1791103688733677800,7.413677734375,0.0669366866350174,-0.19204001128673553,0.08959273248910904
1791103688743648800,7.423648681640625,0.0781661719083786,-0.13748915493488312,0.0158306285738945
1791103688753620700,7.433620849609375,0.09549349546432495,-0.17171183228492737,0.10373970866203308
1791103688763592700,7.4435927734375,0.07803381234407425,-0.1288948655128479,0.011492871679365635
1791103688773565000,7.45356494140625,0.09342848509550095,-0.11407304555177689,-0.06549245864152908
1791103688783536600,7.46353662109375,0.10438206791877747,-0.10025123506784439,-0.0105903260409832
1791103688793508900,7.4735087890625,0.13050155341625214,-0.0895000547170639,-0.07954968512058258
1791103688803480800,7.483480712890625,0.12967810034751892,-0.06709328293800354,-0.009766876697540283
1791103688813452800,7.493452880859375,0.164007306098938,-0.0470639131963253,-0.05119900405406952
1791103688823424800,7.5034248046875,0.2102443128824234,-0.08284454792737961,-0.011182080954313278
1791103688833396700,7.513396728515625,0.18081292510032654,-0.043660394847393036,-0.01672518439590931
1791103688843368700,7.52336865234375,0.15439197421073914,-0.011721637099981308,-0.06519045680761337
1791103688853341000,7.5333408203125,0.17053206264972687,-0.032936111092567444,0.06797026097774506
1791103688863312600,7.543312744140625,0.1756482571363449,-0.031378693878650665,0.03759637847542763
1791103688873284900,7.553284912109375,0.2207707315683365,-0.007518103811889887,-0.10906630009412766
1791103688883256600,7.563256591796875,0.20643572509288788,-0.05116917937994003,-0.07756137102842331
1791103688893228800,7.573228759765625,0.10026215761899948,-0.04001399502158165,0.07866578549146652
1791103688903200800,7.58320068359375,0.17588448524475098,0.007518636528402567,-0.14353585243225098
1791103688913172700,7.5931728515625,0.21851316094398499,-0.004506601020693779,0.020372916013002396
1791103688923144700,7.603144775390625,0.20641416311264038,0.053692787885665894,-0.06814416497945786
1791103688933116700,7.61311669921875,0.17043618857860565,0.017547834664583206,0.03375423327088356
1791103688943089000,7.6230888671875,0.14753566682338715,0.06018104776740074,-0.10207949578762054
1791103688953060900,7.633060791015625,0.12949727475643158,0.020844561979174614,0.09205029904842377
1791103688963032800,7.64303271484375,0.1687418818473816,0.0736827403306961,-0.07608624547719955
1791103688973003800,7.653003662109375,0.19958820939064026,0.04959551617503166,-0.050044525414705276
1791103688982975700,7.662975830078125,0.20139223337173462,0.07768547534942627,-0.09487191587686539
1791103688992947700,7.67294775390625,0.19217370450496674,0.0726502314209938,-0.09361490607261658
1791103689002919700,7.682919677734375,0.1955668330192566,0.09971487522125244,-0.037878405302762985
1791103689012891600,7.6928916015625,0.2323320358991623,0.07571526616811752,0.06385088711977005
1791103689022864000,7.70286376953125,0.21570299565792084,0.0809694156050682,-0.024885375052690506
1791103689032835800,7.7128359375,0.18528783321380615,0.052567072212696075,-0.04176688939332962
1791103689042807800,7.722807861328125,0.15809722244739532,0.0873279795050621,-0.01974494196474552
1791103689052779800,7.73277978515625,0.20856519043445587,0.03953968733549118,0.09244604408740997
1791103689062751700,7.742751708984375,0.22848670184612274,0.09239890426397324,-0.1520470529794693
1791103689072724000,7.752723876953125,0.1879587173461914,0.05630694702267647,-0.022367089986801147
1791103689082695700,7.76269580078125,0.16265442967414856,0.044681984931230545,0.02123897522687912
1791103689092668000,7.77266796875,0.14335156977176666,0.10909239947795868,-0.04966156184673309
1791103689102639600,7.7826396484375,0.1731451451778412,0.09543171525001526,0.10288217663764954
1791103689112611800,7.79261181640625,0.15163373947143555,0.08355507999658585,-0.009345831349492073
1791103689122583800,7.802583740234375,0.11777617037296295,0.02786358818411827,0.13719381392002106
1791103689132555800,7.8125556640625,0.20429028570652008,0.10118813812732697,-0.0024202808272093534
1791103689142527700,7.82252783203125,0.18721888959407806,0.11017230898141861,0.022162027657032013
1791103689152499700,7.832499755859375,0.15234772861003876,0.08761294186115265,-0.0022154836915433407
1791103689162471700,7.8424716796875,0.13309307396411896,0.13430240750312805,-0.03497130051255226
1791103689172444000,7.85244384765625,0.18813049793243408,0.14440111815929413,0.03808320313692093
1791103689182415600,7.86241552734375,0.16506218910217285,0.12395896017551422,0.027574902400374413
1791103689192386800,7.87238671875,0.15062226355075836,0.11957273632287979,0.010496316477656364
1791103689202358800,7.88235888671875,0.16432476043701172,0.1376928836107254,-0.01215866208076477
1791103689212330800,7.892330810546875,0.153523251414299,0.12796781957149506,0.003585680155083537
1791103689222302700,7.902302734375,0.15784822404384613,0.13076786696910858,0.05687659978866577
1791103689232274700,7.912274658203125,0.13093698024749756,0.1258159875869751,0.02225337363779545
1791103689242247000,7.922246826171875,0.11037097871303558,0.11827071756124496,0.027119768783450127
1791103689252218600,7.932218505859375,0.10091090202331543,0.1345953643321991,0.017357951030135155
1791103689262190800,7.94219091796875,0.1360156238079071,0.12036769092082977,0.016584835946559906
1791103689272162600,7.95216259765625,0.1858854442834854,0.14735031127929688,-0.056718140840530396
1791103689282135300,7.96213525390625,0.17783071100711823,0.15050961077213287,0.08542222529649734
1791103689292107000,7.97210693359375,0.14103089272975922,0.12569427490234375,0.0566779263317585
1791103689302079200,7.982079345703125,0.1106700524687767,0.11999324709177017,-0.009021458216011524
1791103689312051200,7.99205126953125,0.11746857315301895,0.16773094236850739,-0.10375888645648956
1791103689322023200,8.002023193359374,0.15367132425308228,0.16189782321453094,-0.024118918925523758
1791103689331995100,8.0119951171875,0.1899006962776184,0.12016236037015915,0.1490297019481659
1791103689341967000,8.021967041015625,0.146351620554924,0.11869895458221436,0.13653014600276947
1791103689351939300,8.031939208984374,0.13627448678016663,0.11172759532928467,0.1273832619190216
1791103689361911300,8.041911376953125,0.08737911283969879,0.07005312293767929,0.1924317628145218
1791103689371883300,8.05188330078125,0.06081914156675339,0.09624025225639343,-0.05940846726298332
1791103689381855200,8.061855224609374,0.1222582682967186,0.07742422074079514,-0.027028420940041542
1791103689391827200,8.0718271484375,0.13792911171913147,0.11180189996957779,-0.1796232908964157
1791103689401799200,8.081799072265625,0.14698384702205658,0.12420397251844406,-0.03636360168457031
1791103689411770000,8.09177001953125,0.08907954394817352,0.18361243605613708,-0.003049053018912673
1791103689421742000,8.1017421875,0.13688088953495026,0.18829268217086792,-0.049794986844062805
1791103689431714300,8.11171435546875,0.05278944596648216,0.18170082569122314,0.04543912038207054
1791103689441686300,8.121686279296876,0.03498115390539169,0.12037967145442963,0.15957793593406677
1791103689451658200,8.131658203125,-0.011356517672538757,0.11871705949306488,0.05156172811985016
1791103689461630200,8.141630126953125,0.020660005509853363,0.12553715705871582,-0.02695731446146965
1791103689471602200,8.151602294921876,0.026022545993328094,0.09861072897911072,0.06873805075883865
1791103689481574400,8.161574462890625,0.07964369654655457,0.07294238358736038,0.04767404496669769
1791103689491546000,8.171546142578125,0.06498245894908905,0.09532572329044342,-0.09454222023487091
1791103689501518300,8.181518310546876,0.06953007727861404,0.08376413583755493,-0.09128943085670471
1791103689511490000,8.191489990234375,0.033597107976675034,0.10177270323038101,0.004171309061348438
1791103689521462300,8.201462158203125,0.035364650189876556,0.05871924012899399,0.08328983187675476
1791103689531434200,8.211434326171876,0.029632460325956345,0.0671183168888092,-0.0207513514906168
1791103689541406200,8.22140625,0.004978513345122337,0.05603743717074394,0.07916192710399628
1791103689551378200,8.231378173828125,-0.006810235325247049,0.04002730920910835,0.028236432000994682
1791103689561350100,8.24135009765625,-0.0073503246530890465,0.05053720995783806,0.03653963655233383
1791103689571322000,8.251322021484375,-0.01901470310986042,0.07975714653730392,0.023500798270106316
1791103689581294300,8.26129443359375,-0.019999008625745773,0.1440328061580658,-0.1316123604774475
1791103689591266000,8.27126611328125,0.030065489932894707,0.10738185048103333,0.07040306180715561
1791103689601238300,8.28123828125,0.016580041497945786,0.18345265090465546,0.07017376273870468
1791103689611210000,8.2912099609375,0.09935534745454788,0.23216186463832855,-0.07106272131204605
1791103689621181200,8.30118115234375,0.031916920095682144,0.17326313257217407,0.012170113623142242
1791103689631153200,8.311153076171875,0.027992485091090202,0.1287742257118225,0.03208150342106819
1791103689641125000,8.321125,-0.02207893691956997,0.08941429853439331,0.24630297720432281
1791103689651097300,8.331097412109376,0.07523056864738464,0.16528776288032532,-0.15549132227897644
1791103689661069000,8.341069091796875,0.003326021833345294,0.17589886486530304,0.0989883616566658
1791103689671041300,8.351041259765625,0.06519658118486404,0.1827911138534546,0.05404858663678169
1791103689681013000,8.361012939453126,-0.01570546068251133,0.17881369590759277,0.02996322512626648
1791103689690985200,8.370985107421875,0.07757788151502609,0.1887129247188568,-0.10309522598981857
1791103689700957200,8.380957275390625,0.01739976368844509,0.16996480524539948,-0.049969423562288284
1791103689710929200,8.39092919921875,-0.009847304783761501,0.11543577909469604,0.020309798419475555
1791103689720901400,8.4009013671875,-0.009414007887244225,0.06858038902282715,0.08749469369649887
1791103689730873000,8.410873046875,-0.06955750286579132,0.10548674315214157,-0.17753057181835175
1791103689740845300,8.42084521484375,-0.06316858530044556,0.036018189042806625,0.006185191683471203
1791103689750817300,8.4308173828125,-0.12079060077667236,0.01582184061408043,0.048111334443092346
1791103689760789200,8.440789306640625,-0.13650405406951904,-0.006804376374930143,0.02202487550675869
1791103689770761200,8.45076123046875,-0.1967277079820633,-0.047317180782556534,-0.005093029234558344
1791103689780733200,8.460733154296875,-0.1477002501487732,-0.05638338252902031,-0.02612374536693096
1791103689790705200,8.470705078125,-0.18417489528656006,-0.02562866359949112,-0.08102880418300629
1791103689800677400,8.480677490234376,-0.16158942878246307,-0.012496350333094597,-0.051595814526081085
1791103689810649000,8.490649169921875,-0.10700634121894836,-0.04060415178537369,0.014844193123281002
1791103689820620300,8.500620361328124,-0.12880244851112366,-0.02575250156223774,0.11774394661188126
1791103689830592300,8.51059228515625,-0.10639861226081848,0.03032408282160759,-0.12576378881931305
1791103689840564200,8.520564208984375,-0.13261237740516663,-0.051289018243551254,0.24040727317333221
1791103689850536200,8.5305361328125,-0.06125164031982422,0.002290318487212062,0.010582337155938148
1791103689860508200,8.540508056640626,-0.132960706949234,0.0031065773218870163,0.1422594040632248
1791103689870480400,8.55048046875,0.000494016392622143,0.042938146740198135,-0.11185489594936371
1791103689880452000,8.5604521484375,-0.02256309986114502,0.08089938014745712,-0.06246737390756607
1791103689890424300,8.57042431640625,0.017519071698188782,0.11934636533260345,0.045883070677518845
1791103689900396000,8.58039599609375,-0.012092082761228085,0.16256122291088104,-0.03379977494478226
1791103689910368300,8.5903681640625,0.03370603173971176,0.1437254697084427,0.03128335252404213
1791103689920340200,8.60034033203125,-0.013281716965138912,0.2015933096408844,-0.006200105417519808
1791103689930312200,8.610312255859375,-0.014946458861231804,0.21858373284339905,-0.05859034135937691
1791103689940284200,8.6202841796875,0.01133920717984438,0.11981721222400665,0.21490058302879333
1791103689950256000,8.630256103515626,-0.01721201092004776,0.1623106151819229,0.009049953892827034
1791103689960228000,8.64022802734375,-0.06555663794279099,0.14234329760074615,0.15019802749156952
1791103689970200300,8.650200439453124,-0.04717417061328888,0.11578545719385147,0.10527315735816956
1791103689980172000,8.660172119140626,-0.06766000390052795,0.13087785243988037,0.12885598838329315
1791103689990144300,8.670144287109375,-0.09571001678705215,0.1422242522239685,0.10861862450838089
1791103690000116200,8.6801162109375,-0.055098939687013626,0.15173573791980743,-0.030956052243709564
1791103690010088200,8.690088134765626,-0.0721311867237091,0.1641889363527298,-0.06453212350606918
1791103690020059100,8.70005908203125,-0.17412492632865906,0.1573278307914734,-0.20278958976268768
1791103690030031000,8.710031005859374,-0.10746254026889801,0.11035607010126114,-0.15568706393241882
1791103690040003300,8.72000341796875,-0.021868014708161354,0.0961339920759201,-0.07282546907663345
1791103690049975000,8.72997509765625,-0.0926806703209877,0.10989747196435928,0.059173841029405594
1791103690059947300,8.739947265625,-0.1325165033340454,0.03614841774106026,-0.06923659145832062
1791103690069919200,8.749919189453125,-0.18868842720985413,0.0006625944515690207,-0.09310997277498245
1791103690079891200,8.75989111328125,-0.3384385108947754,-0.019362512975931168,0.03965553268790245
1791103690089863400,8.769863525390624,-0.3216280937194824,-0.10690860450267792,-0.019515911117196083
1791103690099835100,8.779835205078125,-0.39253050088882446,-0.10514666140079498,-0.0855947956442833
1791103690109807400,8.789807373046875,-0.3676384687423706,-0.10085976868867874,0.004811533261090517
1791103690119779000,8.799779052734374,-0.33223146200180054,-0.06667729467153549,-0.037823013961315155
1791103690129751300,8.809751220703125,-0.259865403175354,-0.07651874423027039,-0.07418128848075867
1791103690139723300,8.81972314453125,-0.24618980288505554,-0.02996615506708622,-0.08977702260017395
1791103690149695200,8.8296953125,-0.29157698154449463,-0.08171137422323227,0.10573228448629379
1791103690159667200,8.839667236328125,-0.33298593759536743,-0.08511888980865479,0.027876105159521103
1791103690169639200,8.84963916015625,-0.32550644874572754,-0.07277274131774902,-0.05139261856675148
1791103690179611100,8.859611083984374,-0.29725325107574463,-0.14223544299602509,0.12921178340911865
1791103690189583400,8.869583251953125,-0.3307315707206726,-0.08193507790565491,-0.17224660515785217
1791103690199555000,8.87955517578125,-0.2953712046146393,-0.10881196707487106,0.09963551163673401
1791103690209526300,8.8895263671875,-0.29836300015449524,-0.11624138802289963,-0.20887598395347595
1791103690219498200,8.899498291015625,-0.3032280504703522,-0.14145193994045258,-0.24201716482639313
1791103690229470200,8.90947021484375,-0.3599216938018799,-0.08384083956480026,0.010689661838114262
1791103690239442200,8.919442138671876,-0.2947533428668976,-0.09145934134721756,-0.07319724559783936
1791103690249414100,8.9294140625,-0.2866986095905304,-0.11902172863483429,-0.14519846439361572
1791103690259386400,8.939386474609375,-0.29053008556365967,-0.12013998627662659,0.0935315489768982
1791103690269358000,8.949358154296876,-0.3806690573692322,-0.0734313428401947,0.016773121431469917
1791103690279329800,8.959329833984375,-0.3511092960834503,-0.10275301337242126,-0.03585973009467125
1791103690289301800,8.9693017578125,-0.2271319478750229,-0.13489443063735962,0.03146445006132126
1791103690299273700,8.979273681640626,-0.14889174699783325,-0.07850972563028336,0.007095992565155029
1791103690309246000,8.989245849609375,-0.19393831491470337,-0.04266996681690216,0.09383488446474075
1791103690319217700,8.9992177734375,-0.19937488436698914,-0.08852480351924896,0.10183235257863998
1791103690329190000,9.00918994140625,-0.18271762132644653,-0.06427938491106033,-0.011811385862529278
1791103690339161600,9.01916162109375,-0.16726861894130707,-0.07695550471544266,-0.01044331956654787
1791103690349133800,9.0291337890625,-0.20000632107257843,-0.07637599855661392,-0.00458702864125371
1791103690359105800,9.039105712890626,-0.21367312967777252,-0.11121892929077148,-0.06749675422906876
1791103690369077800,9.049077880859375,-0.21808572113513947,-0.1326690912246704,0.08607176691293716
1791103690379049700,9.0590498046875,-0.15463538467884064,-0.1228707954287529,-0.04506095126271248
1791103690389021700,9.069021728515626,-0.21034738421440125,-0.18569663166999817,0.14651833474636078
1791103690398993000,9.078992919921875,-0.20062550902366638,-0.1620301753282547,-0.04171868413686752
1791103690408964600,9.088964599609374,-0.23246200382709503,-0.19923454523086548,0.09961101412773132
1791103690418936800,9.098936767578126,-0.19645819067955017,-0.14394332468509674,-0.10763192176818848
1791103690428908800,9.10890869140625,-0.16931898891925812,-0.1831786036491394,0.15054742991924286
1791103690438880800,9.118880859375,-0.06132301315665245,-0.12735982239246368,-0.056225720793008804
1791103690448852700,9.128852783203126,-0.07555787265300751,-0.15738855302333832,-0.046366699039936066
1791103690458824700,9.13882470703125,-0.10788092762231827,-0.16414526104927063,0.10820689797401428
1791103690468796700,9.148796630859374,-0.10316020995378494,-0.12622371315956116,0.09283246845006943
1791103690478769000,9.158768798828126,-0.024100009351968765,-0.15964078903198242,0.05337294191122055
1791103690488740600,9.16874072265625,-0.03712446615099907,-0.16619695723056793,0.04481274634599686
1791103690498712800,9.178712890625,-0.06978707015514374,-0.12428120523691177,-0.0083673857152462
1791103690508684500,9.1886845703125,-0.08082747459411621,-0.17405276000499725,0.0792817696928978
1791103690518656800,9.19865673828125,-0.04914224520325661,-0.13631363213062286,-0.17406366765499115
1791103690528628700,9.208628662109374,0.03768159821629524,-0.13691550493240356,0.05531811714172363
1791103690538600700,9.2186005859375,-0.00968431867659092,-0.12629055976867676,0.09608791768550873
1791103690548572700,9.22857275390625,0.06771060079336166,-0.10753471404314041,-0.2315583974123001
1791103690558544600,9.238544677734374,-0.03154594078660011,-0.11845900118350983,0.09043748676776886
1791103690568516600,9.2485166015625,0.0266510508954525,-0.06492813676595688,-0.11888164281845093
1791103690578488600,9.258488525390625,-0.029698774218559265,-0.08423978090286255,0.022524483501911163
1791103690588459800,9.268459716796874,0.1000048965215683,-0.11664565652608871,0.04524470865726471
1791103690598431700,9.278431640625,0.044136300683021545,-0.08487334847450256,0.015515576116740704
1791103690608403700,9.28840380859375,0.05856557562947273,-0.06903952360153198,-0.03560379892587662
1791103690618375700,9.298375732421874,0.05034705996513367,-0.09040739387273788,0.056347429752349854
1791103690628347600,9.30834765625,0.14914953708648682,-0.06179891899228096,-0.1275201439857483
1791103690638319600,9.318319580078125,0.05614928901195526,-0.028320854529738426,-0.05144614726305008
1791103690648291800,9.328291748046874,0.08226291835308075,-0.033246103674173355,0.028838306665420532
1791103690658263800,9.338263916015626,0.15100470185279846,-0.036611273884773254,0.029706496745347977
1791103690668235800,9.34823583984375,0.1599459946155548,-0.020866133272647858,-0.04994971677660942
1791103690678207700,9.358207763671874,0.11788908392190933,-0.06712444126605988,0.06876494735479355
1791103690688179700,9.3681796875,0.10121317207813263,-0.07892118394374847,-0.05259982869029045
1791103690698151700,9.378151611328125,0.106481172144413,-0.09530282020568848,-0.07032556086778641
1791103690708123600,9.38812353515625,0.06293768435716629,-0.07244330644607544,0.08853066712617874
1791103690718096000,9.398095947265626,0.10198255628347397,-0.05291035398840904,0.06743789464235306
1791103690728067600,9.408067626953125,0.06698542833328247,-0.05278358608484268,0.08096222579479218
1791103690738039800,9.418039794921874,0.16040459275245667,-0.06850981712341309,-0.011955196037888527
1791103690748011500,9.428011474609375,0.09837929904460907,-0.022768428549170494,-0.2001970112323761
1791103690757983700,9.437983642578125,0.13933604955673218,-0.07704072445631027,0.09516912698745728
1791103690767955000,9.447954833984374,0.13832245767116547,-0.026816433295607567,-0.18022862076759338
1791103690777926700,9.4579267578125,0.22352497279644012,-0.06042739003896713,0.005112203769385815
1791103690787899000,9.46789892578125,0.09377682209014893,-0.023798273876309395,0.1005130261182785
1791103690797870600,9.47787060546875,0.09465939551591873,-0.05107437074184418,0.11810879409313202
1791103690807842800,9.4878427734375,0.12595713138580322,-0.028773324564099312,-0.033013876527547836
1791103690817814500,9.497814453125,0.170563742518425,-0.07478822022676468,-0.017429856583476067
1791103690827786800,9.507786865234374,0.08835702389478683,-0.023001190274953842,-0.14807601273059845
1791103690837758700,9.5177587890625,0.10788358747959137,-0.03842994570732117,-0.004218979738652706
1791103690847730700,9.527730712890625,0.14379152655601501,-0.03421948850154877,0.023989222943782806
1791103690857702700,9.53770263671875,0.18793128430843353,0.004562261048704386,-0.10477754473686218
1791103690867674600,9.547674560546875,0.1856020838022232,-0.026912307366728783,0.04592461511492729
1791103690877646600,9.557646484375,0.14779531955718994,0.04060521721839905,-0.08660626411437988
1791103690887618800,9.567618896484374,0.15403138101100922,0.011274492368102074,0.13843616843223572
1791103690897590500,9.577590576171875,0.1567872166633606,0.018334532156586647,-0.04697496443986893
1791103690907562800,9.587562744140625,0.17540937662124634,0.04555283859372139,-0.14052090048789978
1791103690917534500,9.597534423828124,0.17444904148578644,0.06962408870458603,-0.020302608609199524
1791103690927506700,9.607506591796875,0.18394000828266144,0.027847876772284508,0.19818152487277985
1791103690937478700,9.617478759765625,0.26149871945381165,0.10283104330301285,-0.05326215550303459
1791103690947449600,9.62744970703125,0.25716230273246765,0.012309662997722626,0.19527362287044525
1791103690957421800,9.637421875,0.08251698315143585,0.08257077634334564,-0.22064076364040375
1791103690967393500,9.6473935546875,0.07022596150636673,0.03213396668434143,0.12750576436519623
1791103690977365800,9.65736572265625,0.12336427718400955,0.08993920683860779,-0.1533072590827942
1791103690987337500,9.66733740234375,0.20892392098903656,0.09245216846466064,-0.15377944707870483
1791103690997309700,9.677309814453125,0.18500180542469025,0.12368199229240417,0.06999346613883972
1791103691007281700,9.68728173828125,0.23985467851161957,0.14913488924503326,0.02136787213385105
1791103691017253600,9.697253662109375,0.171793594956398,0.19205573201179504,-0.05500492826104164
1791103691027225900,9.707225830078125,0.1581486314535141,0.08547361940145493,0.11899349838495255
1791103691037197600,9.717197509765626,0.02971501834690571,0.06890875846147537,0.13466326892375946
1791103691047169800,9.727169677734375,0.06167721375823021,0.017900170758366585,-0.003059173235669732
1791103691057141800,9.737141845703125,0.11125621944665909,0.042149584740400314,0.049131594598293304
1791103691067113700,9.74711376953125,-0.00012969593808520585,0.07565321773290634,0.006326871924102306
1791103691077085700,9.757085693359375,0.028237231075763702,0.03568848967552185,0.003343598684296012
1791103691087057700,9.7670576171875,0.05798846855759621,0.10032527148723602,-0.2049960196018219
1791103691097029600,9.777029541015626,0.0799022912979126,0.05591386556625366,0.07487184554338455
1791103691107001900,9.787001953125,-0.0327981598675251,0.07745590806007385,-0.07247606664896011
1791103691116973600,9.7969736328125,0.021951638162136078,0.06458964198827744,-0.08512714505195618
1791103691126944800,9.80694482421875,0.03810051456093788,0.03666453808546066,0.1135457381606102
1791103691136916700,9.816916748046875,-0.023385483771562576,0.019711652770638466,0.15435095131397247
1791103691146888700,9.826888671875,-0.13984578847885132,-0.034203775227069855,0.1879110485315323
1791103691156860700,9.836860595703126,-0.1790831983089447,-0.0401839055120945,-0.04374481737613678
1791103691166832600,9.84683251953125,-0.15891268849372864,-0.0454963780939579,-0.19669735431671143
1791103691176804900,9.856804931640625,-0.13033750653266907,-0.06494864076375961,0.04637708514928818
1791103691186776600,9.866776611328126,-0.13789048790931702,-0.02827504649758339,0.06977242231369019
1791103691196748800,9.876748779296875,-0.11117871850728989,-0.004535097163170576,-0.10614561289548874
1791103691206720500,9.886720458984374,-0.09112431854009628,0.01194188091903925,-0.001811482128687203
1791103691216692700,9.896692626953126,-0.12053200602531433,0.016532370820641518,0.05269969627261162
1791103691226664700,9.906664794921875,-0.07205288857221603,-0.016204535961151123,-0.035845350474119186
1791103691236636700,9.91663671875,-0.10648942738771439,-0.021441642194986343,0.045999184250831604
1791103691246608600,9.926608642578126,-0.09307748079299927,0.00863130483776331,0.022305572405457497
1791103691256580600,9.93658056640625,-0.1482459306716919,0.022406505420804024,0.07904262095689774
1791103691266552600,9.946552490234374,-0.09039807319641113,0.0010543455136939883,0.1273326575756073
1791103691276524800,9.95652490234375,-0.02587660402059555,0.06650978326797485,-0.02093484252691269
1791103691286497000,9.9664970703125,-0.01371980644762516,0.048713210970163345,0.16291674971580505
1791103691296468000,9.976468017578124,-0.08782945573329926,0.08155424892902374,-0.10681406408548355
1791103691306440200,9.986440185546876,0.005705023650079966,0.10404358059167862,-0.2883591055870056
1791103691316412000,9.996411865234375,-0.07313333451747894,0.13353756070137024,0.19067886471748352
1791103691326384000,10.006384033203124,-0.07031331211328506,0.18018335103988647,-0.023027287796139717
1791103691336355800,10.01635595703125,-0.02033962681889534,0.09461785107851028,0.0457746796309948
1791103691346328000,10.026328125,-0.011051053181290627,0.05137477442622185,-0.021827800199389458
1791103691356300000,10.036300048828124,-0.10387260466814041,0.09314032644033432,-0.0005278385360725224
1791103691366272000,10.04627197265625,-0.15986795723438263,0.058589544147253036,0.11787044256925583
1791103691376244000,10.056243896484375,-0.1313771903514862,0.08267410844564438,0.04591129720211029
1791103691386216000,10.0662158203125,-0.031797610223293304,0.07630755752325058,-0.004868790972977877
1791103691396188000,10.07618798828125,-0.07402709126472473,0.04802984371781349,0.015061507001519203
1791103691406160100,10.08616015625,-0.09114695340394974,-0.005751895252615213,0.13453836739063263
1791103691416132000,10.096132080078124,-0.0956631451845169,0.07486944645643234,-0.20876066386699677
1791103691426104000,10.10610400390625,-0.06280399858951569,-0.007574296556413174,0.1436583697795868
1791103691436076000,10.116075927734375,-0.06849969923496246,0.016395751386880875,-0.00646668765693903
1791103691446048000,10.126048095703124,-0.08584513515233994,0.03475744649767876,-0.08149006217718124
1791103691456020200,10.136020263671876,-0.09696702659130096,-0.025378327816724777,0.06822219491004944
1791103691465991000,10.145990966796875,-0.14332707226276398,-0.0512850247323513,0.03798306733369827
1791103691475963100,10.155963134765624,-0.12525619566440582,-0.048958487808704376,0.2430129200220108
1791103691485934800,10.165934814453125,-0.09714412689208984,-0.06851913779973984,0.033721476793289185
1791103691495907000,10.175906982421875,-0.1396085023880005,-0.057311758399009705,-0.08134599030017853
1791103691505879000,10.185879150390624,-0.25004738569259644,-0.13289093971252441,0.3186432123184204
1791103691515851000,10.19585107421875,-0.09501998871564865,-0.06082899495959282,-0.07187286019325256
1791103691525823200,10.2058232421875,-0.07340524345636368,-0.07751157134771347,-0.1457984745502472
1791103691535795000,10.215794921875,-0.13905508816242218,-0.07797735929489136,-0.08232816308736801
1791103691545767200,10.22576708984375,-0.14543601870536804,-0.09803815186023712,-0.018932677805423737
1791103691555739000,10.23573876953125,-0.040703486651182175,-0.10483666509389877,-0.08862227946519852
1791103691565711000,10.245711181640624,-0.1163196861743927,-0.06778224557638168,-0.12420503795146942
1791103691575683000,10.25568310546875,-0.18145234882831573,-0.09085880219936371,0.027097132056951523
1791103691585655000,10.265655029296875,-0.05019179731607437,-0.19449038803577423,0.25592711567878723
1791103691595627000,10.275626953125,-0.09844455122947693,-0.11909230053424835,-0.26637575030326843
1791103691605599000,10.285598876953125,-0.12473207712173462,-0.18081851303577423,0.05874533951282501
1791103691615571000,10.295571044921875,-0.19927741587162018,-0.17909172177314758,0.1611470729112625
1791103691625543200,10.305543212890624,-0.11596175283193588,-0.12921497225761414,-0.008700015023350716
1791103691635515000,10.315514892578125,0.02177507057785988,-0.10086110234260559,-0.04380473867058754
1791103691645486000,10.325486083984375,-0.06472466886043549,-0.07663405686616898,0.03852448984980583
1791103691655458000,10.3354580078125,-0.09654384851455688,-0.033135317265987396,-0.036314863711595535
1791103691665430000,10.345429931640625,0.038963112980127335,0.004087952431291342,-0.16984257102012634
1791103691675402000,10.355402099609375,0.05206453427672386,0.009124255739152431,-0.018699385225772858
1791103691685374000,10.3653740234375,0.06615611910820007,-0.013038303703069687,-0.0512101911008358
1791103691695346200,10.37534619140625,0.07221134752035141,-0.032592032104730606,-0.061046574264764786
1791103691705318000,10.38531787109375,0.06414622813463211,-0.02454262785613537,-0.17754575610160828
1791103691715290000,10.3952900390625,-0.038412369787693024,-0.05997278913855553,0.17742325365543365
1791103691725261800,10.40526171875,0.037996385246515274,-0.032881252467632294,0.04524710774421692
1791103691735234000,10.415234130859375,0.010065416805446148,-0.04105262830853462,0.10662471503019333
1791103691745206000,10.4252060546875,-0.011903797276318073,0.017541974782943726,-0.038362834602594376
1791103691755178000,10.435177978515625,-0.052677325904369354,-0.020237892866134644,0.004831506870687008
1791103691765150000,10.44514990234375,0.012467588298022747,-0.01569800265133381,0.036068256944417953
1791103691775122000,10.455121826171874,0.09717635065317154,0.03338991478085518,-0.08159499615430832
1791103691785094100,10.46509423828125,0.046609845012426376,-0.010106430388987064,0.09860673546791077
1791103691795066000,10.475066162109375,0.03796122968196869,-0.07376956194639206,0.015687882900238037
1791103691805037000,10.485037109375,-0.017585385590791702,-0.036257341504096985,-0.21746893227100372
1791103691815009000,10.495009033203125,-0.016519321128726006,-0.0788455456495285,0.04749508202075958
1791103691824981000,10.50498095703125,-0.04165317118167877,-0.12316028028726578,0.1322946548461914
1791103691834953000,10.514952880859376,0.01363218855112791,-0.10936963558197021,0.010428406298160553
1791103691844925000,10.524925048828125,0.022832877933979034,-0.09362955391407013,-0.10163847357034683
1791103691854897000,10.53489697265625,-0.05206666141748428,-0.03157257288694382,-0.09819208085536957
1791103691864869000,10.544869140625,-0.09733188152313232,-0.05047782137989998,0.1122698187828064
1791103691874841000,10.554841064453125,0.03870159015059471,-0.07837390154600143,-0.0018764632986858487
1791103691884813000,10.56481298828125,0.1646813601255417,-0.062242068350315094,-0.21214447915554047
1791103691894785000,10.574784912109376,0.06617449223995209,-0.0662301555275917,0.21417300403118134
1791103691904757000,10.584757080078125,0.025944780558347702,0.023859793320298195,0.11756258457899094
1791103691914729200,10.594729248046875,0.13053937256336212,0.0033076461404561996,0.005033640656620264
1791103691924701000,10.604700927734376,0.21916989982128143,-0.03578862547874451,0.05846863612532616
1791103691934673200,10.614673095703125,0.1411595195531845,0.015251656994223595,0.05747607722878456
1791103691944644900,10.624644775390625,0.04553605988621712,0.08401447534561157,0.047504667192697525
1791103691954617000,10.6346171875,0.11014967411756516,0.113895945250988,-0.027277160435914993
1791103691964588000,10.644588134765625,0.20939822494983673,0.059906743466854095,0.17039063572883606
1791103691974560000,10.65456005859375,0.1717432588338852,0.12178608775138855,0.013081979937851429
1791103691984532200,10.6645322265625,0.16252100467681885,0.08247437328100204,-0.07573923468589783
1791103691994504000,10.67450390625,0.15893904864788055,0.057285126298666,-0.1253158450126648
1791103692004476200,10.68447607421875,0.09758061915636063,-0.0025651566684246063,0.1098513975739479
1791103692014447900,10.69444775390625,0.05507310479879379,0.03730423003435135,-0.01537895668298006
1791103692024420000,10.704420166015625,0.10795016586780548,0.06420908123254776,-0.14482855796813965
1791103692034392000,10.71439208984375,0.09989916533231735,0.03512043505907059,0.18009786307811737
1791103692044364000,10.724364013671876,0.05212019383907318,0.08252843469381332,-0.06358403712511063
1791103692054336000,10.7343359375,0.05197185277938843,0.01894679293036461,0.016891099512577057
1791103692064308000,10.744307861328124,0.11076059937477112,-0.002692455891519785,0.004358263220638037
1791103692074280000,10.754280029296876,0.03910106420516968,0.03701847046613693,0.11061412841081619
1791103692084252200,10.764252197265625,0.036623258143663406,0.04271524026989937,0.032871928066015244
1791103692094224000,10.774223876953124,0.0024282701779156923,0.044186368584632874,-0.0023438481148332357
1791103692104196000,10.784196044921876,0.0251596812158823,-0.01221645250916481,-0.03840810805559158
1791103692114167800,10.794167724609375,0.009705624543130398,0.047619983553886414,-0.17685440182685852
1791103692124139000,10.804138916015624,0.07118123769760132,0.06735507398843765,-0.18885406851768494
1791103692134111000,10.814111083984375,0.11357742547988892,0.06343436986207962,0.1563486009836197
1791103692144083000,10.8240830078125,0.0853673592209816,0.18277274072170258,-0.112505242228508
1791103692154055200,10.83405517578125,0.17618247866630554,0.09173844009637833,0.1213541254401207
1791103692164027000,10.84402685546875,0.07615495473146439,0.06330519914627075,0.04295625537633896
1791103692173999000,10.8539990234375,-0.08620679378509521,0.07829746603965759,0.11931440979242325
1791103692183970800,10.863970703125,-0.04832625389099121,0.01569826900959015,0.10664841532707214
1791103692193943000,10.873943115234376,-0.03160852566361427,0.014926218427717686,0.006898119580000639
1791103692203915000,10.8839150390625,-0.07155753672122955,0.05074493587017059,0.06474757194519043
1791103692213887000,10.893886962890624,-0.05193696543574333,0.03954421356320381,-0.12421409040689468
1791103692223859000,10.90385888671875,0.00035127095179632306,0.018456771969795227,0.03141411393880844
1791103692233831000,10.913830810546875,-0.07572565227746964,0.03014112450182438,0.017588581889867783
1791103692243803100,10.92380322265625,-0.08292657136917114,0.04025740921497345,-0.06069823354482651
1791103692253775000,10.933775146484376,-0.016382968053221703,-0.04243906959891319,-0.04366492107510567
1791103692263747000,10.9437470703125,-0.12449132651090622,-0.01302498858422041,-0.037936728447675705
1791103692273719000,10.953718994140624,-0.21165286004543304,-0.0073439329862594604,-0.024205204099416733
1791103692283689200,10.963689208984375,-0.1231088787317276,-0.05988064408302307,0.07209815829992294
1791103692293661200,10.9736611328125,-0.13011272251605988,0.006368949543684721,-0.01290727686136961
1791103692303633200,10.983633056640626,-0.027590349316596985,-0.014007428660988808,-0.03748718649148941
1791103692313605000,10.993605224609375,-0.13430215418338776,0.0208261851221323,-0.06012565642595291
1791103692323577000,11.0035771484375,-0.14952318370342255,-0.015607722103595734,0.01786341890692711
1791103692333549300,11.01354931640625,-0.17578540742397308,-0.008527175523340702,0.03660674765706062
1791103692343521000,11.02352099609375,-0.17167241871356964,0.034938275814056396,-0.034681547433137894
1791103692353493200,11.0334931640625,-0.02208639308810234,-0.01696966215968132,-0.14911304414272308
1791103692363465000,11.04346484375,-0.07508143782615662,-0.04350113868713379,-0.050825897604227066
1791103692373437200,11.053437255859375,-0.183523491024971,-0.01894279755651951,0.04832172766327858
1791103692383409200,11.0634091796875,-0.15882320702075958,-0.018686069175601006,-0.10937202721834183
1791103692393381000,11.073381103515626,-0.14187218248844147,0.04414775222539902,-0.03588423132896423
1791103692403353000,11.08335302734375,-0.14398327469825745,-0.03658570721745491,0.24680392444133759
1791103692413325000,11.093324951171875,-0.12281247228384018,-0.001919073867611587,-0.04574272036552429
1791103692423297300,11.10329736328125,-0.15584711730480194,0.008584166876971722,0.026379676535725594
1791103692433269200,11.113269287109375,-0.18629291653633118,-0.09724052995443344,0.27168557047843933
1791103692443240200,11.123240234375,-0.1765958070755005,-0.06113233044743538,-0.14973996579647064
1791103692453212200,11.133212158203126,-0.15139777958393097,0.027180222794413567,-0.2637176513671875
1791103692463184100,11.14318408203125,-0.215243861079216,0.03316647559404373,0.19018858671188354
1791103692473156000,11.153156005859374,-0.10210532695055008,-0.024355407804250717,-0.04868391528725624
1791103692483128000,11.163128173828126,-0.08509758114814758,0.03636280074715614,-0.13044854998588562
1791103692493100300,11.173100341796875,-0.16430479288101196,0.04260604828596115,-0.029273200780153275
1791103692503072300,11.183072265625,-0.1699935644865036,0.002981142606586218,0.06887653470039368
1791103692513044200,11.193044189453126,-0.16188398003578186,-0.013144297525286674,-0.015599465928971767
1791103692523016200,11.20301611328125,-0.1215147152543068,-0.06425595283508301,0.1432916522026062
1791103692532988200,11.21298828125,-0.21058999001979828,-0.08296572417020798,0.1352536976337433
1791103692542960000,11.222960205078126,-0.23780803382396698,-0.05964681878685951,-0.012348544783890247
1791103692552932400,11.232932373046875,-0.17314301431179047,-0.006311958190053701,-0.10659994930028915
1791103692562904000,11.242904052734374,-0.13024641573429108,-0.019179819151759148,0.08649547398090363
1791103692572876300,11.252876220703126,-0.17317578196525574,-0.007526093162596226,0.15912653505802155
1791103692582848000,11.262847900390625,-0.1486230343580246,0.011745871976017952,-0.15930363535881042
1791103692592820200,11.2728203125,-0.18471312522888184,-0.012812734581530094,0.06548153609037399
1791103692602791200,11.282791259765625,-0.21311813592910767,-0.0584968663752079,0.05582891032099724
1791103692612763100,11.29276318359375,-0.14537610113620758,-0.05390610918402672,-0.07848122715950012
1791103692622735400,11.3027353515625,-0.1506267935037613,-0.1035223975777626,0.07143156975507736
1791103692632707000,11.31270703125,-0.2595047950744629,-0.13966815173625946,0.14640887081623077
1791103692642679300,11.32267919921875,-0.263380765914917,-0.143401637673378,0.08441155403852463
1791103692652651000,11.332651123046874,-0.24452584981918335,-0.11457584798336029,-0.17686425149440765
1791103692662623200,11.342623291015625,-0.21143049001693726,-0.12715955078601837,0.09360265731811523
1791103692672595200,11.35259521484375,-0.1782805174589157,-0.08851628005504608,0.023577498272061348
1791103692682567200,11.362567138671874,-0.12140898406505585,-0.07382495701313019,0.05848701298236847
1791103692692539100,11.3725390625,-0.12493341416120529,-0.06904511153697968,0.07172612100839615
1791103692702511000,11.382510986328125,-0.18195168673992157,-0.0317147858440876,-0.013351758010685444
1791103692712483000,11.392483154296874,-0.1414623260498047,-0.06465595960617065,0.1404585838317871
1791103692722455300,11.402455322265626,-0.15697017312049866,-0.031018901616334915,-0.047562725841999054
1791103692732427000,11.412427001953125,-0.10000356286764145,-0.026850523427128792,-0.13221955299377441
1791103692742399200,11.422399169921874,-0.0363372340798378,-0.06460056453943253,0.04268514737486839
1791103692752370200,11.4323701171875,-0.044924598187208176,-0.005657086614519358,-0.026513366028666496
1791103692762342100,11.442342041015625,-0.07214849442243576,0.06089157983660698,-0.12392514199018478
1791103692772314000,11.452314208984374,-0.033060479909181595,0.007908789440989494,0.009077117778360844
1791103692782286000,11.4622861328125,0.003778493031859398,0.011264372617006302,-0.028303276747465134
1791103692792258300,11.47225830078125,-0.04514537379145622,0.07347794622182846,-0.1144794374704361
1791103692802230000,11.48222998046875,-0.07428541779518127,-0.033970750868320465,0.07795844972133636
1791103692812202200,11.4922021484375,-0.0319957509636879,-0.046429816633462906,-0.03682858869433403
1791103692822174000,11.502174072265625,-0.0071098413318395615,0.004895422607660294,-0.07063023000955582
1791103692832146200,11.512146240234374,-0.04120416194200516,0.01065370999276638,0.037279196083545685
1791103692842118100,11.5221181640625,-0.06366100162267685,-0.027228690683841705,0.15251630544662476
1791103692852090000,11.532090087890625,-0.11522991955280304,-0.003997670952230692,-0.00917139369994402
1791103692862062300,11.542062255859374,-0.07378580421209335,0.016831977292895317,0.003179814200848341
1791103692872034000,11.552033935546875,-0.058822304010391235,-0.04501088336110115,0.09070966392755508
1791103692882006300,11.56200634765625,-0.058402590453624725,-0.03216991946101189,0.03554840758442879
1791103692891978200,11.571978271484374,-0.14126178622245789,-0.06252862513065338,-0.07292667031288147
1791103692901950200,11.5819501953125,-0.15697337687015533,-0.08722518384456635,-0.035351864993572235
1791103692911921200,11.591921142578125,-0.16987478733062744,-0.10237297415733337,0.0633893609046936
1791103692921893000,11.60189306640625,-0.12850843369960785,-0.0789123922586441,-0.1688087284564972
1791103692931865000,11.611864990234375,-0.10779570788145065,-0.046608515083789825,-0.11043756455183029
1791103692941837000,11.621837158203125,-0.12484952062368393,-0.05059286952018738,0.0695258155465126
1791103692951809300,11.631809326171876,-0.09736090898513794,-0.0777328759431839,0.013791445642709732
1791103692961781200,11.64178125,-0.13374102115631104,-0.07819174230098724,0.05019659176468849
1791103692971753200,11.651753173828125,-0.08180192112922668,-0.08874212205410004,0.15631850063800812
1791103692981725200,11.66172509765625,-0.08069884032011032,-0.12217225134372711,0.133445143699646
1791103692991697200,11.671697265625,-0.18495067954063416,-0.09948743879795074,0.04916568100452423
1791103693001669000,11.681669189453125,-0.1677999198436737,-0.06770075112581253,-0.07557598501443863
1791103693011641300,11.691641357421876,-0.10487741231918335,-0.023908529430627823,-0.0303224865347147
1791103693021613000,11.701613037109375,-0.11538651585578918,0.007485879585146904,0.03424638882279396
1791103693031585300,11.711585205078125,-0.05504647269845009,0.037209685891866684,-0.12284310162067413
1791103693041557000,11.721556884765626,-0.03641260415315628,0.03297765552997589,-0.16090047359466553
1791103693051529200,11.731529296875,-0.09583598375320435,0.006166016682982445,-0.13647422194480896
1791103693061500200,11.741500244140624,-0.09202313423156738,-0.04451793432235718,0.1040334552526474
1791103693071472000,11.75147216796875,-0.0739743560552597,-0.008507734164595604,-0.12375230342149734
1791103693081444400,11.7614443359375,-0.11965156346559525,0.00006311691686278209,-0.04480715095996857
1791103693091416000,11.771416015625,-0.1890583336353302,-0.0645718052983284,0.2375292032957077
1791103693101388300,11.78138818359375,-0.16702520847320557,-0.04658028483390808,0.08584033697843552
1791103693111360000,11.791360107421875,-0.10668011009693146,-0.06628873944282532,0.03230307996273041
1791103693121332200,11.801332275390624,-0.20772843062877655,-0.034575819969177246,-0.06446847319602966
1791103693131304200,11.81130419921875,-0.2039928138256073,-0.06818864494562149,0.09526020288467407
1791103693141276200,11.821276123046875,-0.15665112435817719,-0.07399725914001465,0.15840882062911987
1791103693151248100,11.831248046875,-0.07141106575727463,-0.0012000204296782613,-0.19697032868862152
1791103693161220000,11.84122021484375,-0.14021915197372437,0.02990090660750866,-0.0004319647268857807
1791103693171192000,11.851192138671875,-0.2576126158237457,-0.038902126252651215,0.2505142390727997
1791103693181164300,11.861164306640624,-0.21705055236816406,-0.0656445249915123,-0.05253750830888748
1791103693191136000,11.871135986328126,-0.16566886007785797,-0.10540898144245148,-0.21445584297180176
1791103693201108200,11.881108154296875,-0.25390470027923584,-0.12769697606563568,0.21352505683898926
1791103693211079200,11.8910791015625,-0.2688213288784027,-0.11670557409524918,0.0025782061275094748
1791103693221051100,11.901051025390625,-0.2533816695213318,-0.14869627356529236,0.07824846357107162
1791103693231023000,11.911023193359375,-0.23665381968021393,-0.13516074419021606,-0.04791373014450073
1791103693240995000,11.9209951171875,-0.2481890320777893,-0.2138473093509674,0.15378184616565704
1791103693250967300,11.93096728515625,-0.2778153717517853,-0.1687125861644745,-0.07286195456981659
1791103693260939000,11.94093896484375,-0.3233586251735687,-0.21902954578399658,0.09826025366783142
1791103693270911200,11.9509111328125,-0.3165161609649658,-0.18813954293727875,-0.11077392101287842
1791103693280883200,11.96088330078125,-0.2735673487186432,-0.26095089316368103,0.2454603612422943
1791103693290855700,11.970855712890625,-0.2918614149093628,-0.23436270654201508,-0.06269028037786484
1791103693300827400,11.980827392578124,-0.2578214108943939,-0.2644055485725403,-0.028088625520467758
1791103693310799600,11.990799560546876,-0.3763566017150879,-0.18484175205230713,0.03266260400414467
1791103693320771600,12.000771484375,-0.36713218688964844,-0.26881682872772217,0.3308351933956146
1791103693330743600,12.01074365234375,-0.26420873403549194,-0.2417612224817276,-0.20474781095981598
1791103693340715500,12.020715576171876,-0.24522919952869415,-0.20728075504302979,-0.20552732050418854
1791103693350687500,12.0306875,-0.33382564783096313,-0.22077445685863495,0.08564193546772003
1791103693360659700,12.04065966796875,-0.20902219414710999,-0.2378421276807785,0.07108749449253082
1791103693370630400,12.05063037109375,-0.1767617166042328,-0.17868265509605408,-0.06256777048110962
1791103693380602600,12.0606025390625,-0.2514021396636963,-0.1909899264574051,-0.04071866720914841
1791103693390574600,12.07057470703125,-0.3664624094963074,-0.2182207554578781,0.1267922967672348
1791103693400546600,12.080546630859375,-0.25809359550476074,-0.23531025648117065,-0.0496051050722599
1791103693410518500,12.0905185546875,-0.22197315096855164,-0.28313371539115906,0.1370534598827362
1791103693420490500,12.100490478515624,-0.23505538702011108,-0.22428344190120697,-0.1981557011604309
1791103693430462700,12.110462646484375,-0.2856016457080841,-0.2607543468475342,0.2882504463195801
1791103693440434700,12.1204345703125,-0.26816514134407043,-0.2513597905635834,0.01787913218140602
1791103693450406700,12.13040673828125,-0.14308258891105652,-0.30949100852012634,-0.07516239583492279
1791103693460378600,12.140378662109375,-0.25534576177597046,-0.2767418622970581,-0.0796428993344307
1791103693470350600,12.1503505859375,-0.3034229874610901,-0.24866227805614471,0.0858326181769371
1791103693480322600,12.160322509765624,-0.21854884922504425,-0.2672998905181885,-0.12366601824760437
1791103693490294800,12.170294677734375,-0.14260642230510712,-0.19127115607261658,-0.13902100920677185
1791103693500266500,12.1802666015625,-0.14243623614311218,-0.25050118565559387,0.03930799290537834
1791103693510238700,12.19023876953125,-0.18275117874145508,-0.26097726821899414,-0.054067227989435196
1791103693520209700,12.200209716796875,-0.1501721888780594,-0.2676865756511688,-0.11102025955915451
1791103693530181600,12.210181640625,-0.14215022325515747,-0.25840598344802856,-0.08775142580270767
1791103693540153600,12.220153564453126,-0.22515934705734253,-0.26500263810157776,0.12490411847829819
1791103693550125600,12.23012548828125,-0.10952276736497879,-0.2915034890174866,0.09083003550767899
1791103693560097800,12.240097900390625,-0.09730391949415207,-0.24543878436088562,-0.019597936421632767
1791103693570069500,12.250069580078126,-0.12411502003669739,-0.26587456464767456,0.11506267637014389
1791103693580041700,12.260041748046875,-0.19995732605457306,-0.21229468286037445,0.0005467469454742968
1791103693590013400,12.270013427734375,-0.12133362144231796,-0.24384967982769012,0.0389372780919075
1791103693599985700,12.279985595703126,-0.1152070164680481,-0.2060983031988144,-0.04958699271082878
1791103693609957600,12.28995751953125,-0.05264456942677498,-0.25059252977371216,-0.04506601020693779
1791103693619929600,12.2999296875,-0.12448200583457947,-0.23371581733226776,0.026635605841875076
1791103693629901600,12.309901611328126,-0.05675942078232765,-0.20319145917892456,0.024511734023690224
1791103693639873500,12.31987353515625,0.01002174150198698,-0.17711672186851501,0.007089334540069103
1791103693649845500,12.329845458984375,-0.00028389296494424343,-0.23887117207050323,0.10289256274700165
1791103693659816400,12.33981640625,-0.08174466341733932,-0.19510877132415771,-0.06201703101396561
1791103693669788700,12.34978857421875,-0.06935111433267593,-0.27797409892082214,0.23803865909576416
1791103693679760600,12.3597607421875,-0.0016218650853261352,-0.20855507254600525,-0.11328927427530289
1791103693689732600,12.369732666015626,-0.007236607372760773,-0.22782810032367706,0.03694017603993416
1791103693699704600,12.37970458984375,-0.025350363925099373,-0.22215929627418518,0.1481953263282776
1791103693709676500,12.389676513671875,-0.051238685846328735,-0.22002051770687103,0.023082150146365166
1791103693719648500,12.3996484375,0.02749021351337433,-0.23530812561511993,0.031008515506982803
1791103693729620700,12.409620849609375,0.030286001041531563,-0.21143580973148346,-0.07477010786533356
1791103693739592400,12.419592529296875,0.006041114684194326,-0.1953125,-0.11240749806165695
1791103693749564700,12.429564697265626,-0.08076115697622299,-0.2545747756958008,0.1505466252565384
1791103693759536400,12.439536376953125,-0.040405213832855225,-0.19646964967250824,-0.11574843525886536
1791103693769508600,12.449508544921875,0.06766852736473083,-0.26682424545288086,0.09639737755060196
1791103693779480600,12.45948046875,0.13385607302188873,-0.23289130628108978,-0.009556753560900688
1791103693789452500,12.46945263671875,0.05591439828276634,-0.24573306739330292,-0.037513021379709244
1791103693799424800,12.4794248046875,0.052872270345687866,-0.22733594477176666,-0.06180983781814575
1791103693809395500,12.4893955078125,0.07755125313997269,-0.25041571259498596,0.022699452936649323
1791103693819367700,12.49936767578125,0.08034969866275787,-0.23218370974063873,-0.028182102367281914
1791103693829339400,12.50933935546875,0.13377457857131958,-0.24082060158252716,-0.10061316192150116
1791103693839311600,12.5193115234375,0.08130764216184616,-0.19842547178268433,0.05759352073073387
1791103693849283600,12.52928369140625,0.08804889768362045,-0.14305782318115234,-0.14079546928405762
1791103693859255600,12.539255615234374,0.04760560020804405,-0.2489919811487198,0.1622038185596466
1791103693869227500,12.5492275390625,0.10160093009471893,-0.19129912555217743,-0.057606037706136703
1791103693879199500,12.559199462890625,0.16151060163974762,-0.24403449892997742,0.11019867658615112
1791103693889171700,12.569171630859374,0.1309758573770523,-0.17899665236473083,-0.07271068543195724
1791103693899143700,12.579143798828126,0.10976617783308029,-0.2057129442691803,0.1214665099978447
1791103693909115600,12.58911572265625,0.13412344455718994,-0.16410744190216064,-0.020477844402194023
1791103693919087600,12.599087646484374,0.16409972310066223,-0.13996829092502594,-0.010812168009579182
1791103693929059600,12.6090595703125,0.19449996948242188,-0.13947640359401703,0.04174105450510979
1791103693939031600,12.619031494140625,0.20544369518756866,-0.05168183520436287,-0.18427397310733795
1791103693949003800,12.629003662109374,0.24310186505317688,-0.05019233003258705,-0.016092950478196144
1791103693958974700,12.638974609375,0.17844244837760925,-0.005107410252094269,-0.006947388406842947
1791103693968946700,12.64894677734375,0.3044525682926178,-0.053400907665491104,0.06436114758253098
1791103693978918700,12.658918701171874,0.31274858117103577,-0.0010008158860728145,-0.13611789047718048
1791103693988890600,12.668890625,0.22949311137199402,-0.08806780725717545,0.21472561359405518
1791103693998862600,12.678862548828125,0.21236924827098846,-0.007273092865943909,-0.08461368829011917
1791103694008834600,12.68883447265625,0.22416572272777557,-0.065425343811512,0.14686907827854156
1791103694018806800,12.698806884765625,0.2258531004190445,-0.034452781081199646,0.09837424010038376
1791103694028778500,12.708778564453125,0.22292974591255188,-0.0007755124825052917,-0.03925685957074165
1791103694038750700,12.718750732421874,0.1728079915046692,0.029258286580443382,-0.06733190268278122
1791103694048722400,12.728722412109375,0.21697652339935303,-0.023450996726751328,0.1966688483953476
1791103694058694700,12.738694580078125,0.21207444369792938,0.0019441075855866075,0.046299055218696594
1791103694068666600,12.74866650390625,0.2561769187450409,-0.04234745725989342,-0.008494950830936432
1791103694078638600,12.758638671875,0.15508386492729187,-0.06890317052602768,0.1397823989391327
1791103694088610600,12.768610595703125,0.1808784306049347,-0.05078515037894249,-0.01709589548408985
1791103694098582500,12.77858251953125,0.11576654762029648,-0.05414792522788048,-0.06552708148956299
1791103694108553700,12.7885537109375,0.12282685190439224,-0.021690115332603455,-0.02245151251554489
1791103694118525400,12.798525390625,0.13252368569374084,-0.02022590860724449,0.03921637684106827
1791103694128497700,12.80849755859375,0.1947348713874817,-0.07668785005807877,0.1411571204662323
1791103694138469600,12.8184697265625,0.19762519001960754,-0.04102439805865288,-0.1475955843925476
1791103694148441600,12.828441650390625,0.12446336448192596,-0.08766300976276398,0.0535455159842968
1791103694158413600,12.83841357421875,0.07918829470872879,-0.032158467918634415,-0.0815739557147026
1791103694168385500,12.848385498046875,0.14389751851558685,-0.03062342293560505,-0.19752079248428345
1791103694178357500,12.858357421875,0.14695562422275543,-0.04061374068260193,0.14643311500549316
1791103694188329700,12.868329833984374,0.13184884190559387,-0.013741112314164639,0.13612774014472961
1791103694198301400,12.878301513671875,0.17348895967006683,-0.015158446505665779,-0.07068908214569092
1791103694208273700,12.888273681640625,0.123507559299469,-0.05554022267460823,0.15262362360954285
1791103694218245600,12.89824560546875,0.14284902811050415,-0.062195729464292526,0.18586041033267975
1791103694228217600,12.908217529296875,0.11042611300945282,-0.0656069740653038,0.04689720273017883
1791103694238189800,12.91818994140625,0.10954567044973373,-0.024167388677597046,-0.16853894293308258
1791103694248160500,12.928160400390626,0.03284157067537308,-0.06531243026256561,0.2459927201271057
1791103694258132700,12.9381328125,0.044795434921979904,0.018197646364569664,0.026796460151672363
1791103694268104400,12.9481044921875,0.21330828964710236,-0.06883605569601059,-0.014085724949836731
1791103694278076700,12.95807666015625,0.12195653468370438,0.02298600971698761,-0.11036272346973419
1791103694288048400,12.96804833984375,0.1712910532951355,-0.016895892098546028,0.0005352954030968249
1791103694298020400,12.978020263671874,0.04547081142663956,0.05139261856675148,-0.039733562618494034
1791103694307992300,12.987992431640626,0.19306506216526031,-0.032768066972494125,-0.2087492197751999
1791103694317964300,12.99796435546875,0.0829518735408783,-0.06695293635129929,-0.08878099918365479
1791103694327936300,13.007936279296874,0.03423599898815155,-0.10125285387039185,0.1583467572927475
1791103694337908200,13.017908203125,0.1510680764913559,-0.0743730366230011,0.0367116741836071
1791103694347880400,13.02788037109375,0.20013496279716492,-0.06025002524256706,-0.03924940153956413
1791103694357852200,13.03785205078125,0.05209515988826752,-0.037274934351444244,-0.011090201325714588
1791103694367824400,13.047824462890626,0.08091029524803162,-0.046599991619586945,-0.06575611233711243
1791103694377796000,13.057796142578125,0.1042446494102478,-0.06713296473026276,0.1530984789133072
1791103694387768300,13.067768310546874,0.20953351259231567,0.01703703962266445,-0.19660253822803497
1791103694397739300,13.0777392578125,0.18189629912376404,-0.016284430399537086,-0.2155514657497406
1791103694407711200,13.087711181640625,0.1589723378419876,-0.018436530604958534,0.14477050304412842
1791103694417683500,13.097683349609374,0.2362476885318756,0.05126132443547249,-0.12026596069335938
1791103694427655200,13.1076552734375,0.24286404252052307,0.06369002908468246,-0.16978023946285248
1791103694437627400,13.11762744140625,0.24992887675762177,0.025587119162082672,0.08006846904754639
1791103694447599000,13.12759912109375,0.2578238248825073,0.14428021013736725,-0.16714930534362793
1791103694457571300,13.1375712890625,0.2738182246685028,0.05182325094938278,0.10654455423355103
1791103694467543300,13.147543212890625,0.25159895420074463,0.10074951499700546,0.06551003456115723
1791103694477515300,13.157515380859374,0.24923086166381836,0.0998845174908638,-0.03408074006438255
1791103694487487200,13.1674873046875,0.25311294198036194,0.045574676245450974,0.15969619154930115
1791103694497459200,13.177459228515625,0.2651858627796173,0.08717165142297745,0.0782972052693367
1791103694507431200,13.18743115234375,0.2488420456647873,0.1089019849896431,0.09278453141450882
1791103694517403400,13.1974033203125,0.3071429133415222,0.11622940748929977,-0.0008961536805145442
1791103694527375000,13.207375,0.3334866166114807,0.11146367341279984,0.018247712403535843
1791103694537346300,13.21734619140625,0.26295387744903564,0.12497149407863617,0.028132835403084755
1791103694547318300,13.227318359375,0.20814521610736847,0.14427728950977325,-0.06423331797122955
1791103694557290200,13.237290283203125,0.21202677488327026,0.10661406069993973,0.027349332347512245
1791103694567262200,13.24726220703125,0.20656995475292206,0.15654008090496063,0.010297644883394241
1791103694577234200,13.257234130859375,0.19969074428081512,0.1233871802687645,0.0999513640999794
1791103694587206400,13.267206298828125,0.24755120277404785,0.13102193176746368,0.01768445409834385
1791103694597178000,13.27717822265625,0.3219793736934662,0.13930170238018036,-0.10376767069101334
1791103694607150300,13.287150390625,0.2664215564727783,0.11560462415218353,0.03272545710206032
1791103694617122000,13.2971220703125,0.2004563957452774,0.11635004729032516,0.25277847051620483
1791103694627094300,13.30709423828125,0.2471780925989151,0.17027398943901062,-0.1589267998933792
1791103694637066200,13.317066162109375,0.23795956373214722,0.1603156328201294,-0.029497971758246422
1791103694647038200,13.3270380859375,0.18747003376483917,0.15128405392169952,0.24518418312072754
1791103694657010400,13.337010498046874,0.2025562971830368,0.2083904892206192,-0.05705476552248001
1791103694666982100,13.346982177734375,0.23681387305259705,0.15370380878448486,0.12752732634544373
1791103694676953300,13.356953369140625,0.20654864609241486,0.1993788778781891,-0.10572509467601776
1791103694686925000,13.366925048828126,0.07883942127227783,0.15136049687862396,0.0728723406791687
1791103694696897300,13.376897216796875,0.2368580847978592,0.11035233736038208,0.23060044646263123
1791103694706869200,13.386869140625,0.12346574664115906,0.14269164204597473,-0.009896839037537575
1791103694716841200,13.39684130859375,0.18329791724681854,0.11676602810621262,0.024521853774785995
1791103694726813400,13.4068134765625,0.10129253566265106,0.06868904829025269,0.05657033622264862
1791103694736785200,13.41678515625,0.17798838019371033,0.18536612391471863,-0.15114371478557587
1791103694746757400,13.42675732421875,0.06118319556117058,0.23111124336719513,0.06557527929544449
1791103694756729300,13.436729248046875,0.1985277384519577,0.20231688022613525,0.11569570749998093
1791103694766701300,13.446701416015625,0.2071870118379593,0.21570992469787598,-0.16157132387161255
1791103694776673300,13.45667333984375,0.20837077498435974,0.2525840401649475,-0.157148078083992
1791103694786645200,13.466645263671875,0.05859993025660515,0.1994907408952713,0.1211453303694725
1791103694796617200,13.4766171875,0.13418230414390564,0.17334967851638794,0.04834356531500816
1791103694806589400,13.48658935546875,0.23620854318141937,0.1650265008211136,-0.005406483076512814
1791103694816560400,13.496560302734375,0.16750137507915497,0.20813482999801636,-0.06578380614519119
1791103694826532400,13.506532470703124,0.07191254198551178,0.13052232563495636,0.1806049346923828
1791103694836504300,13.51650439453125,0.175902858376503,0.270255446434021,-0.16572292149066925
1791103694846476300,13.526476318359375,0.21248243749141693,0.21741141378879547,0.09222020953893661
1791103694856448300,13.5364482421875,0.19081628322601318,0.2187698930501938,0.0438513420522213
1791103694866420200,13.546420166015626,0.028919000178575516,0.23704050481319427,-0.07296501845121384
1791103694876392400,13.556392333984375,0.02743588574230671,0.1924021989107132,-0.11515268683433533
1791103694886364200,13.5663642578125,0.020924456417560577,0.2163248509168625,-0.024105602875351906
1791103694896336400,13.57633642578125,0.14676333963871002,0.19321472942829132,0.08165545016527176
1791103694906308000,13.58630810546875,0.119780994951725,0.14930027723312378,-0.0005731122801080346
1791103694916280300,13.5962802734375,0.05904068425297737,0.18482710421085358,-0.12329050898551941
1791103694926252300,13.606252197265626,-0.0671372264623642,0.11056353151798248,0.31663545966148376
1791103694936224300,13.616224365234375,-0.024836374446749687,0.18925142288208008,-0.12455764412879944
1791103694946196200,13.6261962890625,0.04650704935193062,0.09853190183639526,0.12667298316955566
1791103694956167200,13.636167236328125,0.06035575270652771,0.1872100979089737,-0.06706584990024567
1791103694966139400,13.646139404296875,-0.012227104976773262,0.18085873126983643,-0.00017363809456583112
1791103694976111000,13.656111083984374,0.04843118041753769,0.13850648701190948,0.2447013556957245
1791103694986083300,13.666083251953125,0.05704890564084053,0.15117166936397552,-0.021137509495019913
1791103694996055300,13.67605517578125,0.059778377413749695,0.16183310747146606,-0.10339190065860748
1791103695006027300,13.68602734375,-0.042816173285245895,0.08999540656805038,0.223702073097229
1791103695015999200,13.695999267578125,-0.11734340339899063,0.14273370802402496,0.08039817214012146
1791103695025971200,13.70597119140625,-0.03298671171069145,0.03776974976062775,0.038242992013692856
1791103695035943200,13.715943115234374,-0.15108539164066315,0.15327131748199463,-0.13016732037067413
1791103695045915400,13.725915283203125,-0.09242314100265503,0.0760556161403656,0.09462397545576096
1791103695055887000,13.73588720703125,-0.14384132623672485,0.09429933875799179,0.03260241821408272
1791103695065859300,13.745859375,-0.06817479431629181,0.014003166928887367,0.1776709258556366
1791103695075831300,13.755831298828125,-0.03093794174492359,0.05101178586483002,-0.01576724462211132
1791103695085803300,13.76580322265625,-0.05826916545629501,0.11199204623699188,-0.17860382795333862
1791103695095774200,13.775774169921876,-0.10956590622663498,0.06863764673471451,0.1560005247592926
1791103695105746200,13.78574609375,-0.07277487218379974,0.10726094245910645,-0.05549335107207298
1791103695115718400,13.795718505859375,-0.06289613991975784,0.11452897638082504,-0.12515871226787567
1791103695125690000,13.805690185546876,-0.09709059447050095,0.10913927108049393,0.128215491771698
1791103695135662300,13.815662353515625,-0.04385880008339882,0.12177224457263947,0.10138095170259476
1791103695145634000,13.825634033203125,-0.017707623541355133,0.08837806433439255,0.0037622477393597364
1791103695155606300,13.835606201171874,0.008160191588103771,0.0540403313934803,-0.1488262265920639
1791103695165578200,13.845578125,-0.09794653952121735,0.052973467856645584,0.05747181549668312
1791103695175550200,13.85555029296875,-0.13919863104820251,0.10124512761831284,-0.08208634704351425
1791103695185522400,13.8655224609375,-0.051961734890937805,0.04611210152506828,-0.06253182142972946
1791103695195494100,13.875494140625,-0.08987876027822495,0.0647188052535057,-0.00860494002699852
1791103695205466400,13.88546630859375,-0.10339243710041046,0.06692257523536682,-0.08287384361028671
1791103695215438300,13.895438232421874,0.004382763989269733,0.029928604140877724,-0.06047053262591362
1791103695225409300,13.9054091796875,-0.09153923392295837,0.16090552508831024,-0.29418662190437317
1791103695235381200,13.91538134765625,-0.10164327174425125,0.07142890989780426,0.1913617104291916
1791103695245353200,13.925353271484376,-0.046965379267930984,0.06880968809127808,-0.06679261475801468
1791103695255325400,13.935325439453125,-0.06884351372718811,0.019472500309348106,-0.027715250849723816
1791103695265297200,13.945297119140625,-0.12261299788951874,0.07617545872926712,-0.08951150625944138
1791103695275269400,13.955269287109376,-0.07172399014234543,0.07171066850423813,0.024392157793045044
1791103695285242000,13.9652421875,-0.05113508924841881,0.05510826036334038,0.15208673477172852
1791103695295213800,13.9752138671875,0.015078818425536156,0.08339822292327881,-0.05543849244713783
1791103695305186000,13.98518603515625,-0.0013313142117112875,0.08050788938999176,0.021334582939743996
1791103695315158000,13.995157958984375,-0.07589822262525558,0.0884755402803421,-0.05277266725897789
1791103695325130000,14.0051298828125,-0.0948687195777893,0.09854654967784882,-0.09728846698999405
1791103695335102200,14.015102294921874,-0.0868115946650505,0.11946514248847961,-0.05896637961268425
1791103695345074000,14.025073974609375,-0.05447389557957649,0.09705757349729538,-0.01949620246887207
1791103695355046100,14.035046142578125,-0.0690738782286644,0.08312338590621948,-0.04723196104168892
1791103695365016800,14.045016845703126,-0.14288125932216644,0.09309958666563034,0.05673758313059807
1791103695374989000,14.054989013671875,-0.13265764713287354,0.05650348961353302,-0.01810363680124283
1791103695384961000,14.0649609375,-0.10261265933513641,0.02183978445827961,-0.1887400895357132
1791103695394933000,14.07493310546875,-0.1613105982542038,-0.0546904094517231,0.26632943749427795
1791103695404905000,14.084905029296875,-0.18933983147144318,0.02533837966620922,-0.008717591874301434
1791103695414877000,14.094876953125,-0.075595423579216,-0.029347501695156097,-0.0524139404296875
1791103695424849200,14.10484912109375,-0.0964844599366188,0.0012450277572497725,0.0002615224220789969
1791103695434821000,14.114821044921875,-0.12102735787630081,0.01581837795674801,0.02016625367105007
1791103695444793000,14.12479296875,-0.15737204253673553,0.03397847339510918,0.039383091032505035
1791103695454765000,14.13476513671875,-0.05282246693968773,-0.022640330716967583,0.1355823278427124
1791103695464737000,14.144737060546875,-0.12429159134626389,0.01980646140873432,-0.05962444841861725
1791103695474709000,14.154708984375,-0.09833935648202896,-0.0880449041724205,-0.03217897564172745
1791103695484681200,14.16468115234375,-0.28671085834503174,-0.08045249432325363,0.04674806445837021
1791103695494653000,14.17465283203125,-0.13052764534950256,-0.05150393769145012,-0.006615824531763792
1791103695504624000,14.1846240234375,-0.1632525771856308,-0.021279988810420036,-0.0046876962296664715
1791103695514596000,14.19459619140625,-0.10860557109117508,-0.09622666984796524,0.04453444480895996
1791103695524568000,14.204568115234375,-0.07089787721633911,0.0028213527984917164,-0.10893740504980087
1791103695534540000,14.2145400390625,0.005049353465437889,-0.004495149478316307,0.05040724575519562
1791103695544512000,14.224511962890626,-0.0660455971956253,0.0023007048293948174,0.05775544047355652
1791103695554484200,14.234484130859375,-0.08532102406024933,0.022878151386976242,0.0408579520881176
1791103695564456000,14.2444560546875,-0.00009347695595351979,0.04571129381656647,-0.056705623865127563
1791103695574428200,14.25442822265625,-0.0324263833463192,0.07148803025484085,-0.033598173409700394
1791103695584400000,14.26439990234375,-0.09904908388853073,0.012170379981398582,0.21851955354213715
1791103695594372000,14.2743720703125,0.04090056195855141,0.09450680017471313,-0.1874181032180786
1791103695604344000,14.284343994140626,0.01962376944720745,-0.09177865833044052,0.17230145633220673
1791103695614316000,14.29431591796875,-0.0792870968580246,0.046599991619586945,-0.14616572856903076
1791103695624288000,14.3042880859375,-0.07974303513765335,0.005809952039271593,0.1038888469338417
1791103695634259000,14.314259033203125,0.004340153653174639,-0.018785938620567322,0.15971510112285614
1791103695644231200,14.324231201171875,0.013380520045757294,-0.0035289546940475702,-0.1329663097858429
1791103695654203000,14.334202880859374,-0.0943419486284256,-0.03159068152308464,0.18236981332302094
1791103695664175000,14.344175048828125,-0.004519384354352951,-0.03338565304875374,0.07546759396791458
1791103695674147000,14.35414697265625,0.01187823060899973,0.00017363809456583112,-0.13845588266849518
1791103695684119000,14.364119140625,-0.05343126505613327,0.004721518140286207,-0.06021726876497269
1791103695694091000,14.374091064453125,-0.05842336267232895,-0.03754471242427826,0.15834729373455048
1791103695704063000,14.38406298828125,-0.0007478156476281583,0.0025308020412921906,0.044252149760723114
1791103695714035000,14.394034912109374,0.03182930126786232,0.017417605966329575,-0.12871882319450378
1791103695724007200,14.404007080078125,-0.006388657260686159,-0.023369504138827324,-0.0003510046226438135
1791103695733979000,14.413978759765625,-0.06646451354026794,-0.02130315825343132,0.052553754299879074
1791103695743951000,14.423951171875,-0.04829962179064751,0.05119021609425545,-0.032467663288116455
1791103695753922800,14.4339228515625,0.06982595473527908,0.0360429547727108,-0.20403195917606354
1791103695763895000,14.44389501953125,0.10942476242780685,0.007678692229092121,-0.11726590245962143
1791103695773866000,14.453865966796876,0.02966335415840149,0.04122786223888397,0.060504090040922165
1791103695783838000,14.463837890625,0.030407173559069633,-0.02684413082897663,0.20039434731006622
1791103695793810200,14.47381005859375,0.04770706966519356,-0.0025129588320851326,-0.19355268776416779
1791103695803782000,14.483781982421876,-0.02636263146996498,-0.022287195548415184,-0.018675416707992554
1791103695813754000,14.493754150390625,-0.04626762866973877,0.0677979588508606,0.07001344114542007
1791103695823725800,14.503725830078125,0.042333606630563736,0.04553020000457764,0.0002772350562736392
1791103695833698000,14.513697998046876,0.09747382253408432,0.05317347124218941,0.07358180731534958
1791103695843670000,14.523669921875,0.05210820958018303,0.10890305042266846,0.05952537804841995
1791103695853642000,14.53364208984375,0.19128793478012085,0.1229243278503418,-0.03313558176159859
1791103695863614200,14.5436142578125,0.08658522367477417,0.1836790144443512,-0.11856153607368469
1791103695873586000,14.5535859375,0.09311503171920776,0.21967989206314087,-0.07999629527330399
1791103695883558100,14.56355810546875,0.14004231989383698,0.1724625825881958,-0.006628874223679304
1791103695893530000,14.573530029296874,0.18282440304756165,0.16861563920974731,-0.18450699746608734
1791103695903501000,14.5835009765625,0.12623010575771332,0.17022792994976044,-0.007587079424411058
1791103695913473000,14.59347314453125,0.16126132011413574,0.1926003396511078,-0.14848187565803528
1791103695923445000,14.603445068359376,0.07057297229766846,0.10454398393630981,0.1632421910762787
1791103695933417000,14.6134169921875,0.08233988285064697,0.06446953862905502,0.02731151506304741
1791103695943389000,14.623388916015625,-0.0030362699180841446,0.11038696020841599,-0.07659890502691269
1791103695953361200,14.633361083984376,-0.02226748876273632,0.04851081222295761,0.19286851584911346
1791103695963333000,14.6433330078125,0.0215953066945076,0.09876812249422073,-0.048229847103357315
1791103695973305000,14.65330517578125,0.0941387489438057,0.11585576087236404,-0.06156589090824127
1791103695983277000,14.663277099609376,0.05350104346871376,0.15493471920490265,-0.10824737697839737
1791103695993249000,14.6732490234375,-0.002055427758023143,0.14677132666110992,-0.07489021867513657
1791103696003221000,14.683220947265625,0.005293298978358507,0.13931608200073242,0.0789845660328865
1791103696013193200,14.693193115234376,0.06178000941872597,0.18196846544742584,-0.006617955397814512
1791103696023165000,14.7031650390625,0.0691620260477066,0.11856286227703094,0.22394175827503204
1791103696033136000,14.71313623046875,0.0055180699564516544,0.09452970325946808,0.04325692728161812
1791103696043108000,14.723108154296876,-0.06221410632133484,0.07460685819387436,0.029834328219294548
1791103696053080000,14.733080078125,-0.10008159279823303,0.08831175416707993,0.043711259961128235
1791103696063052000,14.743052001953124,-0.08442433923482895,0.0404539480805397,0.0987742468714714
1791103696073024000,14.75302392578125,-0.09859022498130798,-0.03139440715312958,0.002335592173039913
1791103696082996200,14.762996337890625,-0.10139453411102295,0.03418327122926712,-0.08372019976377487
1791103696092968000,14.772968017578124,-0.11510155349969864,0.053355634212493896,0.20350173115730286
1791103696102940200,14.782940185546876,-0.06139811500906944,0.12742879986763,-0.03873461112380028
1791103696112912000,14.792911865234375,-0.10345182567834854,0.06672070920467377,0.11061812192201614
1791103696122884000,14.802884033203124,-0.04190057888627052,-0.002558765234425664,-0.0349007248878479
1791103696132856000,14.81285595703125,-0.13058863580226898,0.11378781497478485,0.04994119331240654
1791103696142828000,14.822828125,-0.09415632486343384,0.13568033277988434,0.059539224952459335
1791103696152800000,14.832800048828124,-0.02333701401948929,0.04616749659180641,-0.007840879261493683
1791103696162771000,14.84277099609375,-0.04274266958236694,0.0070888022892177105,-0.08863905817270279
1791103696172743200,14.8527431640625,-0.14157870411872864,0.016921458765864372,0.03939454257488251
1791103696182715000,14.86271484375,-0.1778176724910736,0.03172730281949043,-0.12901949882507324
1791103696192687000,14.87268701171875,-0.15157142281532288,-0.019713250920176506,0.19583527743816376
1791103696202659000,14.8826591796875,-0.1719600409269333,-0.05403447151184082,0.07766976207494736
1791103696212631000,14.892631103515624,-0.09881046414375305,-0.0754779800772667,0.01649056002497673
1791103696222603000,14.90260302734375,-0.1505783200263977,-0.10031914710998535,-0.06635505706071854
1791103696232575000,14.912574951171875,-0.2690000534057617,-0.07851345092058182,0.03579794615507126
1791103696242547000,14.922546875,-0.26369449496269226,-0.07103396207094193,0.11667095869779587
1791103696252519200,14.932519287109375,-0.13000380992889404,-0.04965490475296974,0.06178373843431473
1791103696262491000,14.942490966796875,-0.10880530625581741,-0.04458744078874588,0.053703706711530685
1791103696272463000,14.952463134765624,-0.1543448269367218,-0.07110666483640671,0.08732292056083679
1791103696282434800,14.962434814453125,-0.20985789597034454,-0.04255225509405136,0.03995859995484352
1791103696292406000,14.972406005859375,-0.13395780324935913,-0.05114094913005829,0.03683231770992279
1791103696302378000,14.9823779296875,-0.0689963772892952,-0.013203686103224754,-0.14557504653930664
1791103696312350000,14.992349853515625,-0.03242398425936699,-0.03151558339595795,0.038052577525377274
1791103696322322200,15.002322265625,-0.1862364560365677,0.017952902242541313,0.12667885422706604
1791103696332294000,15.0122939453125,-0.08311725407838821,0.04933213070034981,-0.19899192452430725
1791103696342266000,15.02226611328125,-0.021989455446600914,0.03688877448439598,-0.06107586994767189
1791103696352237800,15.03223779296875,-0.07220602035522461,0.044085968285799026,-0.0432225726544857
1791103696362210000,15.0422099609375,-0.1039612889289856,0.013538445346057415,0.056780725717544556
1791103696372182000,15.05218212890625,-0.11509782820940018,-0.02105601690709591,0.11627201735973358
1791103696382154000,15.062154052734375,-0.09201753884553909,-0.03641606494784355,0.11364400386810303
1791103696392126200,15.072126220703124,-0.053581468760967255,-0.08923320472240448,0.11396545171737671
1791103696402098000,15.082097900390625,-0.19205252826213837,-0.039091210812330246,-0.04730653017759323
1791103696412070100,15.092070068359375,-0.1277683526277542,-0.07451231777667999,-0.11274439096450806
1791103696422040800,15.102040771484376,-0.065256766974926,-0.08448692411184311,0.07166299968957901
1791103696432013000,15.112012939453125,-0.07214050740003586,0.03610527515411377,-0.15823198854923248
1791103696441985000,15.121985107421875,-0.049306564033031464,0.026624953374266624,-0.0199862252920866
1791103696451957000,15.13195703125,-0.10151863098144531,-0.04607827961444855,0.025952504947781563
1791103696461929000,15.141928955078125,-0.06820062547922134,-0.07286462187767029,-0.22343309223651886
1791103696471901000,15.15190087890625,-0.15997448563575745,-0.05410744249820709,0.026273682713508606
1791103696481873200,15.161873046875,-0.06563493609428406,-0.11413216590881348,-0.009289904497563839
1791103696491845000,15.17184521484375,-0.17165938019752502,-0.06435688585042953,-0.18283399939537048
1791103696501817000,15.181817138671875,-0.14400750398635864,-0.13181209564208984,-0.08183441311120987
1791103696511789000,15.1917890625,-0.1489356905221939,-0.053408097475767136,-0.09546606987714767
1791103696521761000,15.201760986328125,-0.08823905140161514,-0.034204043447971344,0.2186894714832306
1791103696531733000,15.21173291015625,-0.008044877089560032,-0.02700871415436268,0.033495642244815826
1791103696541705200,15.221705322265626,-0.00484269205480814,0.022830747067928314,-0.14209215342998505
1791103696551677000,15.231677001953125,-0.07084833830595016,-0.04206303134560585,0.1839461326599121
1791103696561648000,15.241648193359374,-0.09492384642362595,0.0383782833814621,-0.13253088295459747
1791103696571620000,15.2516201171875,-0.023547403514385223,0.025408420711755753,-0.04409955069422722
1791103696581592000,15.261592041015625,0.01967436820268631,0.02231595851480961,-0.07805804908275604
1791103696591564000,15.27156396484375,-0.09580615162849426,0.041495513170957565,0.000294545607175678
1791103696601536000,15.281535888671876,-0.07020465284585953,0.06803950667381287,-0.07982851564884186
1791103696611508200,15.29150830078125,-0.008649680763483047,0.004625111818313599,-0.05745849758386612
1791103696621480000,15.30147998046875,-0.01617737114429474,-0.02213726006448269,0.004379302263259888
1791103696631452200,15.3114521484375,-0.04441673308610916,-0.03263197839260101,0.095797099173069
1791103696641424000,15.321423828125,-0.11171188205480576,-0.04962081462144852,0.1275598257780075
1791103696651396000,15.33139599609375,-0.0982554629445076,-0.0816783532500267,-0.07784952223300934
1791103696661368000,15.3413681640625,-0.14382268488407135,-0.14337153732776642,0.04844876006245613
1791103696671340000,15.351340087890625,-0.16002722084522247,-0.14860013127326965,0.05541372299194336
1791103696681312000,15.36131201171875,-0.179995596408844,-0.08191750198602676,-0.06797026097774506
1791103696691283000,15.371282958984375,-0.14430977404117584,-0.09880807250738144,0.07140254229307175
1791103696701255200,15.381255126953125,-0.09891832619905472,-0.10928494483232498,-0.13198547065258026
1791103696711227000,15.391226806640624,-0.03568476065993309,-0.12503834068775177,-0.12187850475311279
1791103696721199000,15.40119921875,-0.15057165920734406,-0.09294698387384415,-0.09529083222150803
1791103696731171000,15.411171142578125,-0.12593768537044525,-0.19866089522838593,0.20344766974449158
1791103696741143000,15.42114306640625,-0.1738431602716446,-0.15424895286560059,-0.2218112200498581
1791103696751115000,15.431114990234375,-0.10833259671926498,-0.17235365509986877,0.10488513857126236
1791103696761087000,15.4410869140625,-0.16028207540512085,-0.15493817627429962,0.053875215351581573
1791103696771059000,15.451058837890624,-0.12870843708515167,-0.13717304170131683,0.06641524285078049
1791103696781031200,15.46103125,-0.08681479096412659,-0.1678238958120346,-0.0943043977022171
1791103696791003000,15.4710029296875,-0.17008037865161896,-0.16576340794563293,-0.017544904723763466
1791103696800975000,15.48097509765625,-0.06751326471567154,-0.12507189810276031,0.07693632692098618
1791103696810946000,15.490946044921875,0.05264883115887642,-0.10415197163820267,0.0013046825770288706
1791103696820918000,15.50091796875,0.0019108180422335863,-0.06119944155216217,-0.06584319472312927
1791103696830890000,15.510889892578126,-0.048832785338163376,-0.07409793138504028,-0.02148451842367649
1791103696840862000,15.520862060546875,-0.13982261717319489,-0.06471321731805801,0.12345828860998154
1791103696850834200,15.530834228515625,-0.07268698513507843,-0.049727875739336014,-0.04572514444589615
1791103696860806000,15.540805908203126,-0.06664826720952988,-0.020775053650140762,-0.15910708904266357
1791103696870778000,15.550778076171875,-0.047392550855875015,-0.0897756889462471,-0.020496485754847527
1791103696880749800,15.560749755859375,-0.05787208676338196,-0.11161893606185913,0.08466215431690216
1791103696890722000,15.57072216796875,-0.041847582906484604,-0.02250158041715622,-0.06354249268770218
1791103696900694000,15.580694091796875,0.0004194478678982705,0.005342034623026848,0.01793798804283142
1791103696910666000,15.590666015625,0.009907225146889687,-0.06789622455835342,0.0852120965719223
1791103696920638200,15.60063818359375,0.02738901413977146,-0.05481744185090065,0.07011543959379196
1791103696930610000,15.61060986328125,0.11785020679235458,-0.024324780330061913,-0.12590652704238892
1791103696940581000,15.6205810546875,0.011738148517906666,0.05215774476528168,-0.18525373935699463
1791103696950552800,15.630552734375,-0.01786741428077221,0.02394687756896019,0.15911641716957092
1791103696960525000,15.640525146484375,0.05151538923382759,0.040400952100753784,0.10038945078849792
1791103696970497000,15.6504970703125,0.1662217378616333,0.0423399992287159,-0.039857134222984314
1791103696980469000,15.660468994140626,0.0777704268693924,0.04001585766673088,-0.07734059542417526
1791103696990441000,15.67044091796875,0.026881948113441467,0.004852812271565199,-0.005655222572386265
1791103697000413000,15.680412841796874,-0.0873359739780426,0.024814004078507423,0.1743592917919159
1791103697010385200,15.69038525390625,0.05431943014264107,-0.019779296591877937,0.10417061299085617
1791103697020357000,15.700357177734375,0.0684317871928215,-0.015271631069481373,0.028683310374617577
1791103697030329000,15.7103291015625,0.06770341098308563,0.002159290947020054,-0.017523067072033882
1791103697040301000,15.720301025390626,0.01593822054564953,-0.0884382501244545,0.14031051099300385
1791103697050273000,15.73027294921875,0.03167111054062843,-0.026214560493826866,-0.27576738595962524
1791103697060245000,15.740244873046874,-0.05144481360912323,-0.014754711650311947,0.11599823832511902
1791103697070216000,15.7502158203125,-0.013935256749391556,-0.09749326854944229,0.13054202497005463
1791103697080188200,15.760188232421875,-0.06313955783843994,-0.09478456526994705,-0.1741374433040619
1791103697090160000,15.77016015625,-0.0675598680973053,-0.14030198752880096,0.09248599410057068
1791103697100132000,15.780132080078126,-0.16520360112190247,-0.09472490847110748,0.04152533784508705
1791103697110104000,15.79010400390625,-0.10449178516864777,-0.1318720132112503,-0.012014318257570267
1791103697120076000,15.800075927734374,-0.07746602594852448,-0.11452791094779968,0.05101950839161873
1791103697130048000,15.810048095703126,-0.07563537359237671,-0.16518495976924896,0.2709398865699768
1791103697140020200,15.820020263671875,-0.08774476498365402,-0.111946240067482,-0.19261738657951355
1791103697149992000,15.829991943359374,0.0004213120846543461,-0.14444319903850555,-0.22219498455524445
1791103697159964200,15.839964111328126,-0.030856981873512268,-0.10181744396686554,-0.0025156219489872456
1791103697169936000,15.849935791015625,-0.04898485168814659,-0.007126619108021259,-0.038552187383174896
1791103697179908000,15.859908203125,-0.009601227939128876,-0.0025563682429492474,-0.10961251705884933
1791103697189879000,15.869879150390625,-0.004355600103735924,-0.07773686945438385,0.052684783935546875
1791103697199851000,15.87985107421875,-0.008315986953675747,-0.02582573890686035,-0.0819699689745903
1791103697209823200,15.8898232421875,0.013070794753730297,-0.02635863609611988,-0.13015666604042053
1791103697219795000,15.899794921875,0.018485266715288162,-0.07507424056529999,0.11614977568387985
1791103697229767200,15.90976708984375,0.00033635724685154855,-0.015916915610432625,-0.12325748801231384
1791103697239739000,15.91973876953125,-0.0018330537714064121,-0.04351392015814781,0.04235225170850754
1791103697249711000,15.929711181640625,0.003798999357968569,-0.03351481631398201,-0.13083897531032562
1791103697259683000,15.93968310546875,0.021918881684541702,-0.029340311884880066,0.13458125293254852
1791103697269655000,15.949655029296874,-0.02859116531908512,0.02539936639368534,0.17577022314071655
1791103697279627000,15.959626953125,0.044790640473365784,-0.005839246790856123,0.02720046229660511
1791103697289598700,15.9695986328125,0.031490813940763474,0.010099772363901138,-0.047629836946725845
1791103697299570700,15.97957080078125,-0.07082117348909378,-0.006711432244628668,0.04542660340666771
1791103697309543000,15.98954296875,-0.03867575526237488,-0.03020637109875679,-0.04506334662437439
1791103697319513900,15.999513916015625,-0.03792820870876312,-0.03485012426972389,0.07156313210725784
1791103697329485800,16.00948583984375,-0.0157664455473423,-0.04676750674843788,-0.000391218374716118
1791103697339457800,16.019457763671873,-0.04905915632843971,-0.05931605398654938,0.03304050862789154
1791103697349429800,16.0294296875,-0.059005264192819595,-0.09870846569538116,0.021340975537896156
1791103697359401700,16.039401611328124,-0.10095857083797455,-0.0662011206150055,-0.006960970349609852
1791103697369373700,16.049373779296875,-0.07632432878017426,-0.09213472157716751,0.07939469069242477
1791103697379346000,16.059345947265626,-0.09130887687206268,-0.13625317811965942,0.010067547671496868
1791103697389317600,16.069317626953126,-0.12046116590499878,-0.10604361444711685,-0.1619982272386551
1791103697399289900,16.079289794921873,-0.14241653680801392,-0.09525887668132782,-0.07407103478908539
1791103697409261800,16.08926171875,-0.042321089655160904,-0.13146401941776276,-0.018158497288823128
1791103697419233800,16.09923388671875,-0.025718679651618004,-0.11006152629852295,0.025129854679107666
1791103697429206000,16.1092060546875,-0.07132371515035629,-0.1563456654548645,0.3075157403945923
1791103697439176700,16.1191767578125,-0.06797851622104645,-0.16570107638835907,0.06615984439849854
1791103697449149000,16.12914892578125,-0.09244710952043533,-0.1306232511997223,0.014180533587932587
1791103697459120600,16.13912060546875,-0.12364284694194794,-0.14917324483394623,0.012799684889614582
1791103697469092900,16.1490927734375,-0.10011754930019379,-0.20705437660217285,-0.015278821811079979
1791103697479064600,16.159064697265624,-0.10199720412492752,-0.12255414575338364,-0.14247432351112366
1791103697489036800,16.169036865234375,-0.04591928794980049,-0.08977063000202179,-0.001127848750911653
1791103697499008800,16.1790087890625,-0.06827306002378464,-0.060092631727457047,0.05363686382770538
1791103697508980700,16.188980712890626,0.060917943716049194,-0.041552502661943436,-0.09345272183418274
1791103697518953000,16.198952880859373,0.13559190928936005,-0.031130222603678703,-0.28115177154541016
1791103697528924700,16.208924560546876,-0.0021518340799957514,-0.07668625563383102,0.24472692608833313
1791103697538897000,16.21889697265625,-0.06162368133664131,-0.0826040655374527,-0.02689606323838234
1791103697548868900,16.228868896484375,0.00038242992013692856,-0.10428565740585327,0.0013989584986120462
1791103697558840800,16.2388408203125,0.01696114055812359,-0.03177204355597496,-0.07420312613248825
1791103697568811800,16.248811767578125,-0.02010100707411766,-0.027181819081306458,0.1049671620130539
1791103697578783700,16.25878369140625,0.036258138716220856,-0.06482000648975372,-0.033556096255779266
1791103697588756000,16.268755859375,0.011211375705897808,-0.051718853414058685,-0.09491799026727676
1791103697598727700,16.278727783203124,-0.04392910748720169,-0.06783150881528854,0.025113608688116074
1791103697608700000,16.288699951171875,-0.005208876915276051,-0.08749176561832428,0.05801190435886383
1791103697618671900,16.298671875,0.06426899880170822,-0.02870594710111618,-0.03440218046307564
1791103697628643800,16.308643798828125,0.07486651837825775,-0.06173606961965561,0.12608203291893005
1791103697638615800,16.31861572265625,0.028007932007312775,-0.06918306648731232,-0.09369799494743347
1791103697648587800,16.328587890625,0.01272538211196661,-0.09521359950304031,-0.05709071829915047
1791103697658559700,16.338559814453124,-0.000041811628761934116,-0.14015018939971924,0.02510109171271324
1791103697668532000,16.348531982421875,0.04099510237574577,-0.12692545354366302,-0.00025300029665231705
1791103697678503700,16.358503662109374,0.031158186495304108,-0.0874432921409607,-0.07331948727369308
1791103697688475000,16.368474853515625,0.06590684503316879,-0.0825398862361908,0.0021435783710330725
1791103697698446800,16.37844677734375,0.07313413172960281,-0.06552734225988388,0.05139261856675148
1791103697708418800,16.388418701171876,0.0969100371003151,-0.0803648829460144,0.08481022715568542
1791103697718390800,16.398390869140623,0.12168435752391815,-0.03815803676843643,0.056718405336141586
1791103697728362800,16.40836279296875,0.2072322815656662,-0.10550325363874435,0.10427793860435486
1791103697738335000,16.4183349609375,0.14095951616764069,-0.04981868714094162,-0.28490495681762695
1791103697748306700,16.428306640625,0.04656350612640381,-0.09295603632926941,0.11757270246744156
1791103697758279000,16.43827880859375,0.057855043560266495,-0.012605540454387665,0.0897943377494812
1791103697768250600,16.448250732421876,0.22473004460334778,0.0075575183145701885,-0.1974363774061203
1791103697778222800,16.458222900390624,0.2731460630893707,0.0006263754912652075,-0.0049193911254405975
1791103697788194800,16.46819482421875,0.1438242793083191,-0.0111045828089118,0.17012831568717957
1791103697798166800,16.478166748046874,0.15285159647464752,-0.06807918846607208,0.06925710290670395
1791103697808138800,16.488138671875,0.20035013556480408,-0.03207218274474144,-0.22585763037204742
1791103697818109700,16.498109619140624,0.14203889667987823,-0.014928082935512066,0.1778395026922226
1791103697828082000,16.50808203125,0.16726276278495789,0.051598478108644485,-0.08834584057331085
1791103697838053600,16.5180537109375,0.23236213624477386,-0.00529569573700428,0.15111255645751953
1791103697848025900,16.52802587890625,0.2717819809913635,0.043227363377809525,-0.08286159485578537
1791103697857997800,16.537997802734374,0.22485841810703278,0.01642904058098793,0.16949182748794556
1791103697867969800,16.5479697265625,0.24583639204502106,0.0695311427116394,-0.06821207702159882
1791103697877941800,16.557941650390624,0.2317645251750946,0.03747893124818802,0.08411327749490738
1791103697887913700,16.567913818359376,0.2809632122516632,0.030177609995007515,0.03484586626291275
1791103697897885700,16.5778857421875,0.11735911667346954,0.0963803306221962,-0.08312258124351501
1791103697907858000,16.58785791015625,0.25962865352630615,0.05939195305109024,-0.045459892600774765
1791103697917829600,16.59782958984375,0.2515068054199219,0.07743886858224869,0.013281184248626232
1791103697927801900,16.6078017578125,0.3154114782810211,0.09986934065818787,-0.14708559215068817
1791103697937772800,16.617772705078124,0.18266062438488007,0.09996015578508377,-0.07927537709474564
1791103697947744800,16.627744873046876,0.19351087510585785,0.03726108372211456,-0.06621257215738297
1791103697957716700,16.637716796875,0.2007320374250412,0.05054520070552826,-0.08571836352348328
1791103697967688700,16.647688720703126,0.2364327758550644,0.005075985100120306,0.17756253480911255
1791103697977661000,16.657660888671874,0.16992592811584473,0.03501923754811287,0.027043335139751434
1791103697987632600,16.667632568359377,0.1830981820821762,0.05589975044131279,0.017435450106859207
1791103697997604900,16.67760498046875,0.2042521983385086,0.042924828827381134,-0.00437956815585494
1791103698007576800,16.687576904296876,0.20343807339668274,0.0743517279624939,0.0898159071803093
1791103698017548800,16.697548828125,0.2489086240530014,0.09122978150844574,0.007762049324810505
1791103698027520800,16.707520751953126,0.20256562530994415,0.09469055384397507,-0.09174004197120667
1791103698037492700,16.71749267578125,0.247483029961586,0.058514442294836044,-0.017477527260780334
1791103698047465000,16.72746484375,0.21110717952251434,0.15022492408752441,0.003431216813623905
1791103698057435600,16.737435546875,0.2550634443759918,0.13851873576641083,-0.06112939864397049
1791103698067408000,16.747407958984375,0.19993095099925995,0.07246860861778259,0.08810855448246002
1791103698077379600,16.757379638671875,0.1850886344909668,0.04229685664176941,-0.06584186106920242
1791103698087351800,16.767351806640626,0.11713780462741852,0.06320373713970184,0.12007340788841248
1791103698097323800,16.77732373046875,0.25336968898773193,0.07842929661273956,-0.03537450358271599
1791103698107295700,16.787295654296877,0.22831839323043823,0.018622953444719315,0.32500284910202026
1791103698117268000,16.79726806640625,0.14583176374435425,0.1059940755367279,-0.21445131301879883
1791103698127239700,16.80723974609375,0.1650904268026352,0.08524645119905472,-0.01655021496117115
1791103698137212000,16.8172119140625,0.16021789610385895,0.09056984633207321,0.06819796562194824
1791103698147183900,16.827183837890626,0.19355721771717072,0.14852875471115112,-0.07349099218845367
1791103698157155800,16.83715576171875,0.2487293928861618,0.1771249771118164,-0.13792671263217926
1791103698167127800,16.8471279296875,0.22507119178771973,0.14430418610572815,0.022060295566916466
1791103698177099800,16.857099853515624,0.1918964684009552,0.11012384295463562,-0.0049612028524279594
1791103698187070700,16.86707080078125,0.20572759211063385,0.0915546864271164,-0.037164945155382156
1791103698197042700,16.877042724609375,0.11766324937343597,0.10039211809635162,0.00007776429993100464
1791103698207015000,16.887014892578126,0.12808792293071747,0.058889683336019516,0.117828369140625
1791103698216987000,16.89698681640625,0.1583361178636551,0.07904741168022156,-0.14498968422412872
1791103698226958800,16.906958740234376,0.15555550158023834,0.05335216969251633,0.10856722295284271
1791103698236930800,16.916930908203124,0.08695513755083084,0.10109945386648178,-0.04053730517625809
1791103698246902800,16.92690283203125,0.12825517356395721,0.07366276532411575,-0.07385584712028503
1791103698256874800,16.936874755859375,0.10186644643545151,0.1099451407790184,-0.10706014186143875
1791103698266847000,16.946846923828126,0.11838603019714355,0.1387735903263092,-0.1192273274064064
1791103698276818700,16.956818603515625,0.20659498870372772,0.09494568407535553,-0.07710277289152145
1791103698286790700,16.966790771484376,0.18747295439243317,0.1607087254524231,-0.08311246335506439
1791103698296762400,16.976762451171876,0.14562271535396576,0.15842080116271973,0.05583050847053528
1791103698306734600,16.986734619140623,0.1356814056634903,0.13390107452869415,0.08255027234554291
1791103698316705500,16.99670556640625,0.11884116381406784,0.13030394911766052,-0.050748132169246674
1791103698326677500,17.006677490234374,0.11782649904489517,0.15610970556735992,0.07584070414304733
1791103698336649700,17.016649658203125,0.17208175361156464,0.12598882615566254,0.05247412621974945
1791103698346621400,17.026621337890624,0.1276567578315735,0.09941606968641281,-0.05254470184445381
1791103698356593700,17.03659375,0.05187944322824478,0.10196258127689362,0.2184673547744751
1791103698366565400,17.0465654296875,0.18077883124351501,0.10609767585992813,-0.007185474969446659
1791103698376537600,17.05653759765625,0.1741531640291214,0.12430943548679352,-0.13487286865711212
1791103698386509600,17.066509521484374,0.07728786021471024,0.11898551136255264,0.08205385506153107
1791103698396481500,17.0764814453125,0.013004748150706291,0.13677090406417847,-0.02215483784675598
1791103698406453500,17.08645361328125,0.13659140467643738,0.12336800992488861,-0.05305789038538933
1791103698416425500,17.096425537109376,0.1943092942237854,0.060096625238657,-0.02791285701096058
1791103698426397400,17.1063974609375,0.07181107252836227,0.043050531297922134,0.04164944216609001
1791103698436368400,17.116368408203126,-0.0022272015921771526,0.11479023098945618,-0.19203521311283112
1791103698446340600,17.126340576171874,0.10865537077188492,0.07499914616346359,0.17109371721744537
1791103698456312600,17.1363125,0.13292822241783142,0.12977078557014465,-0.023742347955703735
1791103698466284500,17.146284423828124,0.24148985743522644,0.06411560624837875,-0.06562907993793488
1791103698476256500,17.156256591796875,0.0773637667298317,0.1312541663646698,-0.011560249142348766
1791103698486228500,17.166228515625,0.10876988619565964,0.08650773018598557,0.19357718527317047
1791103698496200400,17.176200439453126,0.13841299712657928,0.139926478266716,0.024349547922611237
1791103698506172700,17.186172607421874,0.16604170203208923,0.13310213387012482,0.050881821662187576
1791103698516144600,17.19614453125,0.1375589221715927,0.1028912290930748,0.09491132944822311
1791103698526116600,17.20611669921875,0.08634793758392334,0.14977911114692688,-0.15850947797298431
1791103698536088600,17.216088623046875,0.15448623895645142,0.10548115521669388,0.23280635476112366
1791103698546060500,17.226060546875,0.16325096786022186,0.1101779043674469,0.11178645491600037
1791103698556032800,17.23603271484375,0.12470917403697968,0.13476499915122986,-0.12328731268644333
1791103698566003500,17.24600341796875,0.21888627111911774,0.07280363142490387,0.1347160041332245
1791103698575975700,17.2559755859375,0.1570737659931183,0.11793675273656845,-0.020689832046628
1791103698585947400,17.265947509765624,0.18171174824237823,0.08374416828155518,0.13798929750919342
1791103698595919600,17.275919677734375,0.18124568462371826,0.08589786291122437,0.17422080039978027
1791103698605891600,17.2858916015625,0.1601603776216507,0.12132349610328674,-0.055081360042095184
1791103698615863600,17.295863525390626,0.14045244455337524,0.09255044162273407,0.14134620130062103
1791103698625835800,17.305835693359374,0.11747097223997116,0.09351956099271774,0.11943025887012482
1791103698635807500,17.315807373046876,0.15014156699180603,0.10861781984567642,0.13017584383487701
1791103698645779700,17.32577978515625,0.1533096581697464,0.15382151305675507,0.004338289611041546
1791103698655751400,17.33575146484375,0.20645703375339508,0.132905051112175,0.010312026366591454
1791103698665723600,17.3457236328125,0.18280203640460968,0.12069046497344971,0.07260922342538834
1791103698675695600,17.355695556640626,0.23071683943271637,0.1276855170726776,0.07627293467521667
1791103698685667600,17.36566748046875,0.2733668386936188,0.15103211998939514,-0.06380321085453033
1791103698695638800,17.375638671875,0.1800675094127655,0.21651126444339752,-0.23224681615829468
1791103698705610500,17.385610595703124,0.21220652759075165,0.18588730692863464,-0.05904094874858856
1791103698715582700,17.395582763671875,0.25424453616142273,0.15580211579799652,0.15151575207710266
1791103698725554400,17.405554443359375,0.2847675383090973,0.2956404387950897,-0.3371005356311798
1791103698735526700,17.415526611328126,0.26737311482429504,0.22497984766960144,0.12431183457374573
1791103698745498600,17.42549853515625,0.1632123589515686,0.27019232511520386,-0.002554770326241851
1791103698755470600,17.435470703125,0.22894610464572906,0.23962697386741638,0.02244432270526886
1791103698765442600,17.445442626953124,0.32340654730796814,0.23589321970939636,0.22559477388858795
1791103698775414500,17.45541455078125,0.23708844184875488,0.23348838090896606,0.09003614634275436
1791103698785386500,17.465386474609375,0.16386163234710693,0.29562684893608093,-0.19066475331783295
1791103698795358700,17.475358642578126,0.21843592822551727,0.2813222110271454,0.10310880839824677
1791103698805330400,17.485330322265625,0.2927842140197754,0.32913634181022644,0.08528906852006912
1791103698815301600,17.495301513671876,0.28266018629074097,0.3532368838787079,-0.18716296553611755
1791103698825273600,17.505273681640624,0.23589348793029785,0.32376953959465027,-0.18265236914157867
1791103698835245600,17.51524560546875,0.2260379195213318,0.36056724190711975,-0.1154610812664032
1791103698845217500,17.525217529296874,0.28409695625305176,0.37567615509033203,-0.014821556396782398
1791103698855189500,17.535189453125,0.24336259067058563,0.35628220438957214,0.01919526606798172
1791103698865161700,17.54516162109375,0.2087918221950531,0.35183820128440857,-0.02881540358066559
1791103698875133400,17.555133544921876,0.1558026522397995,0.30920499563217163,0.26013118028640747
1791103698885105700,17.565105712890624,0.14098934829235077,0.29673072695732117,0.22101546823978424
1791103698895077400,17.575077392578127,0.13207708299160004,0.27160248160362244,0.042812976986169815
1791103698905049600,17.585049560546874,0.12059086561203003,0.3276577591896057,0.14818866550922394
1791103698915021600,17.595021484375,0.08027220517396927,0.33947500586509705,0.053522348403930664
1791103698924993500,17.60499365234375,0.0829087346792221,0.31717315316200256,-0.18015165627002716
1791103698934965500,17.614965576171876,0.12134666740894318,0.35970836877822876,0.041192974895238876
1791103698944936400,17.6249365234375,0.12933242321014404,0.3596189022064209,0.02147280052304268
1791103698954908700,17.63490869140625,0.15409955382347107,0.39569592475891113,-0.15871001780033112
1791103698964880400,17.64488037109375,0.13452371954917908,0.39632922410964966,-0.0012210593558847904
1791103698974852600,17.6548525390625,0.06223221495747566,0.3769313097000122,0.2040809690952301
1791103698984824600,17.664824462890625,0.028476381674408913,0.3512001037597656,0.052802495658397675
1791103698994796500,17.674796630859376,0.045283325016498566,0.23684529960155487,0.16531865298748016
1791103699004768500,17.6847685546875,-0.12704822421073914,0.20863710343837738,0.16865532100200653
1791103699014740500,17.694740478515627,-0.13435594737529755,0.1477431207895279,0.24424035847187042
1791103699024712400,17.70471240234375,-0.13095562160015106,0.16839486360549927,0.0852789431810379
1791103699034684700,17.7146845703125,-0.0539172925055027,0.2219313383102417,0.09201487898826599
1791103699044656600,17.72465673828125,-0.06168866530060768,0.23847781121730804,0.06180531159043312
1791103699054628600,17.734628662109376,-0.09906506538391113,0.2783525288105011,-0.04581382870674133
1791103699064600600,17.7446005859375,-0.08987769484519958,0.20596835017204285,0.11813489347696304
1791103699074571500,17.754571533203126,-0.07471338659524918,0.24454237520694733,0.008479771204292774
1791103699084543500,17.76454345703125,-0.11135635524988174,0.17874151468276978,0.03683444857597351
1791103699094515500,17.774515380859373,-0.21670301258563995,0.18899334967136383,-0.012446549721062183
1791103699104487700,17.78448779296875,-0.16168557107448578,0.10065869987010956,0.08097367733716965
1791103699114459400,17.79445947265625,-0.22187061607837677,0.17487993836402893,0.03683045133948326
1791103699124431600,17.804431640625,-0.14757640659809113,0.11905848234891891,0.09899529069662094
1791103699134403600,17.814403564453126,-0.26699626445770264,0.17559179663658142,-0.21595865488052368
1791103699144375600,17.82437548828125,-0.3077802062034607,0.0633092001080513,0.13274313509464264
1791103699154347800,17.83434765625,-0.3362395167350769,0.08761000633239746,0.0929403230547905
1791103699164319500,17.844319580078125,-0.3215639293193817,0.08579346537590027,-0.07907990366220474
1791103699174291700,17.854291748046876,-0.31112539768218994,0.03906537592411041,-0.07799333333969116
1791103699184263400,17.864263427734375,-0.4324036240577698,0.057319480925798416,-0.011595137417316437
1791103699194235600,17.874235595703126,-0.37765833735466003,0.054424360394477844,0.04115143045783043
1791103699204206600,17.88420654296875,-0.251644492149353,0.023800937458872795,0.06740274280309677
1791103699214178600,17.894178466796873,-0.2576536536216736,-0.038065358996391296,0.03376941382884979
1791103699224150800,17.90415087890625,-0.3894798457622528,-0.0360991470515728,0.1335572600364685
1791103699234122500,17.91412255859375,-0.4693549871444702,0.019662117585539818,0.07983651012182236
1791103699244094700,17.9240947265625,-0.3364802896976471,0.0364120714366436,-0.08183201402425766
1791103699254066400,17.93406640625,-0.21393385529518127,0.0043920851312577724,0.03117096796631813
1791103699264038700,17.94403857421875,-0.332451194524765,0.055999353528022766,0.011916314251720905
1791103699274010600,17.9540107421875,-0.29592567682266235,0.02540016546845436,-0.11641875654459
1791103699283982600,17.963982666015625,-0.2872679829597473,0.04006326198577881,-0.13091807067394257
1791103699293954800,17.973954833984376,-0.2665608525276184,-0.04488039016723633,-0.012990100309252739
1791103699303926800,17.9839267578125,-0.28984060883522034,-0.052210740745067596,-0.049022138118743896
1791103699313898800,17.993898681640626,-0.4187120497226715,-0.017534518614411354,0.00281975488178432
1791103699323871000,18.00387109375,-0.3008735477924347,-0.11047936975955963,0.2097068876028061
1791103699333842700,18.0138427734375,-0.3676230311393738,-0.05399292707443237,-0.010716293938457966
1791103699343814000,18.02381396484375,-0.27908623218536377,-0.08630772680044174,-0.12882216274738312
1791103699353785900,18.033785888671876,-0.30350714921951294,-0.11158112436532974,0.09708447009325027
1791103699363757800,18.0437578125,-0.36146900057792664,-0.0626215711236,-0.012836968526244164
1791103699373729800,18.053729736328126,-0.24770700931549072,-0.14781369268894196,0.23586872220039368
1791103699383701800,18.06370166015625,-0.3027971386909485,-0.10446355491876602,-0.1048172265291214
1791103699393674000,18.073674072265625,-0.3003728687763214,-0.2013152688741684,0.14899107813835144
1791103699403645700,18.083645751953124,-0.389123797416687,-0.1373210996389389,-0.05594395846128464
1791103699413618000,18.093617919921876,-0.24956774711608887,-0.13968199491500854,-0.0036962011363357306
1791103699423589600,18.103589599609375,-0.20308654010295868,-0.10312611609697342,-0.09645676612854004
1791103699433561900,18.113561767578126,-0.13345259428024292,-0.12457095831632614,-0.034512169659137726
1791103699443533800,18.123533935546874,-0.24483051896095276,-0.09523677080869675,-0.023005982860922813
1791103699453505800,18.133505859375,-0.1391906440258026,-0.10711366683244705,-0.042520031332969666
1791103699463477800,18.143477783203124,-0.08155717700719833,-0.09267294406890869,-0.1874748170375824
1791103699473449700,18.15344970703125,-0.10331040620803833,-0.08858312666416168,0.1274341195821762
1791103699483421000,18.1634208984375,-0.08374123275279999,-0.10485024750232697,0.08785901218652725
1791103699493392600,18.173392578125,-0.06829996407032013,-0.04410514235496521,0.10084512084722519
1791103699503364900,18.18336474609375,0.0014732606941834092,-0.05709763988852501,0.10062407702207565
1791103699513336800,18.1933369140625,-0.03928855061531067,-0.07332134991884232,0.15285691618919373
1791103699523308800,18.203308837890624,-0.005090366117656231,-0.06950264424085617,-0.1190536841750145
1791103699533280800,18.21328076171875,-0.007377222646027803,-0.010438792407512665,-0.10248589515686035
1791103699543252700,18.223252685546875,0.02106507122516632,-0.04017431661486626,-0.054836615920066833
1791103699553224700,18.233224609375,0.006653109099715948,-0.04819256439805031,-0.11915755271911621
1791103699563197000,18.243197021484374,0.0024916534312069416,0.01565379463136196,-0.1883576661348343
1791103699573168600,18.253168701171877,0.01272671390324831,-0.021032847464084625,0.10920292139053345
1791103699583140900,18.263140869140624,0.05449919402599335,0.016029033809900284,-0.14820225536823273
1791103699593112800,18.27311279296875,0.12204042077064514,-0.04243320971727371,0.029886260628700256
1791103699603084800,18.283084716796875,-0.056114666163921356,-0.07652353495359421,0.15290911495685577
1791103699613057000,18.29305712890625,0.004203000571578741,-0.0629427433013916,0.05434446409344673
1791103699623027700,18.30302783203125,0.05092416703701019,-0.034092191606760025,-0.042399387806653976
1791103699633000000,18.313,0.06797318905591965,0.026799656450748444,0.0006146575906313956
1791103699642971600,18.3229716796875,0.13174870610237122,0.060809023678302765,-0.037697043269872665
1791103699652944000,18.33294384765625,0.20366418361663818,0.050164368003606796,-0.08414524048566818
1791103699662915600,18.34291552734375,0.22490182518959045,0.06634839624166489,-0.09237466752529144
1791103699672887800,18.3528876953125,0.20526500046253204,0.1006523072719574,0.0017206683987751603
1791103699682859800,18.36285986328125,0.11542273312807083,0.07324731349945068,0.06011393666267395
1791103699692831700,18.372831787109376,0.1680057793855667,0.060806892812252045,-0.09812257438898087
1791103699702804000,18.382803955078124,0.22141867876052856,0.01432301290333271,-0.03229695186018944
1791103699712775700,18.392775634765623,0.08734183013439178,0.05722760409116745,0.0883764699101448
1791103699722748000,18.402747802734375,0.12082868069410324,0.04009468853473663,0.11216994374990463
1791103699732719900,18.412719970703126,0.16154229640960693,0.10434265434741974,-0.11816445738077164
1791103699742691800,18.42269189453125,0.20834068953990936,0.07879627496004105,-0.12263031303882599
1791103699752663800,18.432663818359377,0.1641489863395691,0.040107738226652145,0.10328670591115952
1791103699762634800,18.442634765625,0.1856854408979416,0.07457836717367172,-0.012048672884702682
1791103699772607000,18.45260693359375,0.151899516582489,0.15711770951747894,-0.07814566791057587
1791103699782578700,18.46257861328125,0.20888105034828186,0.096310555934906,0.06156322732567787
1791103699792551000,18.472551025390626,0.09289265424013138,0.06660672277212143,0.1649588644504547
1791103699802523000,18.48252294921875,0.16020165383815765,0.11044847965240479,-0.2421647012233734
1791103699812494800,18.492494873046876,0.12062308937311172,0.093937948346138,0.16593703627586365
1791103699822466800,18.502466796875,0.1701941043138504,0.08859777450561523,0.05163363367319107
1791103699832438800,18.512438720703123,0.10650806874036789,0.15663914382457733,-0.1891946941614151
1791103699842410800,18.52241064453125,0.20208971202373505,0.09069980680942535,0.028689168393611908
1791103699852383000,18.532383056640626,0.15560664236545563,0.09671935439109802,0.2993350327014923
1791103699862354700,18.542354736328125,0.14066709578037262,0.07330750674009323,0.10227444022893906
1791103699872327000,18.552326904296876,0.09405405819416046,0.047152064740657806,0.07068774849176407
1791103699882298600,18.562298583984376,0.07379619032144547,0.06233154982328415,0.006691991351544857
1791103699892270800,18.572270751953123,-0.018813900649547577,-0.0015821839915588498,0.22507253289222717
1791103699902242800,18.582242919921875,0.06401493400335312,0.07757335156202316,-0.13072872161865234
1791103699912213800,18.5922138671875,-0.011409780941903591,0.046547792851924896,0.028661472722887993
1791103699922186000,18.60218603515625,0.027818581089377403,0.08561636507511139,0.1599995195865631
1791103699932157700,18.61215771484375,0.06986883282661438,0.0652431845664978,-0.10017932951450348
1791103699942130000,18.6221298828125,0.08661265671253204,0.017788318917155266,-0.09209930151700974
1791103699952101600,18.6321015625,0.05752720683813095,-0.022058697417378426,0.14428021013736725
1791103699962073900,18.642073974609374,-0.016354471445083618,0.058691807091236115,-0.14625920355319977
1791103699972045800,18.6520458984375,-0.024296551942825317,0.001475391210988164,0.16081364452838898
1791103699982017800,18.662017822265625,-0.06809277087450027,-0.005008607171475887,0.23773346841335297
1791103699991989800,18.67198974609375,0.012403672561049461,0.021502362564206123,-0.06820914894342422
1791103700001961700,18.681961669921876,0.006434729788452387,-0.006228334736078978,0.035472240298986435
1791103700011933700,18.69193359375,0.009051818400621414,0.003976099658757448,0.03364238142967224
1791103700021906000,18.701906005859374,0.049079928547143936,0.03466636687517166,-0.03172490745782852
1791103700031877600,18.711877685546874,-0.01750362664461136,0.07673285901546478,0.08851228654384613
1791103700041849900,18.721849853515625,0.0683300569653511,0.10740981251001358,-0.054485078901052475
1791103700051821800,18.73182177734375,0.06693562120199203,0.05715090408921242,-0.05319664254784584
1791103700061793800,18.741793701171876,-0.011631089262664318,0.06367005407810211,0.01889725774526596
1791103700071764700,18.7517646484375,-0.006884271278977394,0.056301090866327286,-0.025593776255846024
1791103700081736700,18.76173681640625,0.04145130142569542,0.06500376760959625,-0.16049833595752716
1791103700091709000,18.771708984375,0.015514777041971684,0.08179499953985214,0.016262060031294823
1791103700101680600,18.7816806640625,0.052312206476926804,0.0769381895661354,0.11467092484235764
1791103700111652900,18.79165283203125,0.019748404622077942,0.12833666801452637,-0.20060233771800995
1791103700121624800,18.801624755859375,0.055632900446653366,0.07922957092523575,0.09077917039394379
1791103700131596800,18.8115966796875,-0.0019230686593800783,0.029738720506429672,0.0060262009501457214
1791103700141569000,18.821569091796874,0.12228516489267349,0.028556277975440025,-0.05673065781593323
1791103700151540700,18.831540771484374,0.006216883193701506,0.020434701815247536,0.11224904656410217
1791103700161513000,18.841512939453125,-0.02280358225107193,0.06583307683467865,-0.09906186908483505
1791103700171484700,18.851484619140624,-0.07930334657430649,-0.007360178045928478,-0.04812544956803322
1791103700181457000,18.861456787109375,-0.008286159485578537,-0.02256256714463234,-0.09820512682199478
1791103700191428900,18.871428955078127,0.017365140840411186,0.03622351959347725,-0.0792016088962555
1791103700201400800,18.88140087890625,0.006725813262164593,0.017542241141200066,0.22124743461608887
1791103700211372800,18.891372802734374,0.028178907930850983,0.03416356444358826,-0.11777111142873764
1791103700221344800,18.9013447265625,-0.014334198087453842,0.010361560620367527,-0.11434788256883621
1791103700231316700,18.911316650390624,-0.040654219686985016,-0.02907026745378971,0.1757396012544632
1791103700241287700,18.92128759765625,-0.055932506918907166,0.021218735724687576,-0.18149283528327942
1791103700251260000,18.931260009765627,0.03352253884077072,-0.04055168852210045,0.11342403292655945
1791103700261231900,18.94123193359375,0.0178181454539299,-0.07779838889837265,0.29598212242126465
1791103700271203800,18.951203857421874,0.0387447327375412,0.009100819937884808,-0.17346392571926117
1791103700281175800,18.96117578125,-0.015578693710267544,0.006007825024425983,0.020955881103873253
1791103700291147800,18.971147705078124,0.039801742881536484,-0.03706294670701027,0.12797793745994568
1791103700301119500,18.981119384765623,0.02857092395424843,-0.07024513185024261,0.08259687572717667
1791103700311091700,18.991091796875,0.03976552188396454,-0.019042400643229485,-0.11288607120513916
1791103700321063700,19.001063720703126,-0.03466450423002243,-0.02081846259534359,0.09380479156970978
1791103700331035600,19.01103564453125,0.01600692979991436,-0.023609189316630363,0.08745954185724258
1791103700341007600,19.021007568359376,0.10600312799215317,-0.004037085920572281,-0.03983769565820694
1791103700350979600,19.0309794921875,0.11220430582761765,-0.04048510640859604,0.052443232387304306
1791103700360951600,19.04095166015625,0.0712835043668747,-0.03743099421262741,0.07976513355970383
1791103700370923800,19.050923828125,0.08131802827119827,-0.0032530513126403093,-0.034392595291137695
1791103700380895500,19.0608955078125,0.11619984358549118,-0.06392598897218704,0.057974353432655334
1791103700390867700,19.07086767578125,0.06617795675992966,-0.05769072845578194,0.21111330389976501
1791103700400839700,19.080839599609376,0.16845132410526276,-0.01455870270729065,-0.0021909826900810003
1791103700410811600,19.090811767578124,0.08122428506612778,0.031207719817757607,0.03898761421442032
1791103700420783900,19.100783935546875,0.10405103117227554,0.05236893147230148,-0.09666848927736282
1791103700430754600,19.110754638671875,0.2049179971218109,-0.005847768858075142,0.11748961359262466
1791103700440726800,19.120726806640626,0.18975874781608582,0.09585835039615631,-0.10537409037351608
1791103700450698500,19.130698486328125,0.2231755554676056,0.060634318739175797,0.14728319644927979
1791103700460670700,19.140670654296876,0.2319197803735733,-0.03326421231031418,0.2453375905752182
1791103700470642700,19.150642578125,0.19977489113807678,0.11287275701761246,-0.3698616623878479
1791103700480614700,19.16061474609375,0.2313850224018097,0.014666561037302017,0.2782300114631653
1791103700490587000,19.1705869140625,0.07391949743032455,0.04352031275629997,0.26072320342063904
1791103700500558600,19.18055859375,0.24392984807491302,-0.015802398324012756,-0.14544934034347534
1791103700510530800,19.19053076171875,0.13351917266845703,0.07765617966651917,-0.0259889904409647
1791103700520502500,19.20050244140625,0.11010146886110306,0.021645374596118927,0.07544628530740738
1791103700530474800,19.210474853515624,0.1753142923116684,-0.016890833154320717,0.09545142203569412
1791103700540446700,19.22044677734375,0.1834220290184021,0.0783027932047844,-0.17128972709178925
1791103700550418700,19.230418701171875,0.2260589599609375,0.13641589879989624,-0.10393945127725601
1791103700560390700,19.240390625,0.24720153212547302,0.0946282371878624,0.07875899225473404
1791103700570362600,19.250362548828125,0.2768598198890686,0.1138211041688919,-0.06720966100692749
1791103700580334600,19.26033447265625,0.2293836623430252,0.12838727235794067,-0.03377128019928932
1791103700590306800,19.270306884765624,0.26491156220436096,0.07966846227645874,0.051958538591861725
1791103700600278500,19.280278564453123,0.2944505512714386,0.10100384801626205,-0.04446839913725853
1791103700610250800,19.290250732421875,0.26926368474960327,0.11335292458534241,0.06371932476758957
1791103700620222500,19.300222412109374,0.24814055860042572,0.12186039239168167,0.05068075284361839
1791103700630194700,19.310194580078125,0.24725906550884247,0.12626685202121735,-0.06642456352710724
1791103700640166700,19.320166748046876,0.2127109318971634,0.15001852810382843,-0.036503683775663376
1791103700650138600,19.330138671875,0.2679233253002167,0.12771029770374298,-0.03650767728686333
1791103700660109800,19.34010986328125,0.2441442310810089,0.14673590660095215,-0.057612694799900055
1791103700670081500,19.35008154296875,0.2507440745830536,0.12837953865528107,-0.013369068503379822
1791103700680053800,19.3600537109375,0.22147619724273682,0.1868753433227539,-0.2948364317417145
1791103700690025500,19.370025390625,0.2877364456653595,0.14442428946495056,0.3989018499851227
1791103700699997700,19.379997802734376,0.15033464133739471,0.25282853841781616,-0.24964311718940735
1791103700709969700,19.3899697265625,0.22508424520492554,0.09141353517770767,0.14430151879787445
1791103700719941600,19.399941650390623,0.17780594527721405,0.18281002342700958,-0.06605944037437439
1791103700729913600,19.40991357421875,0.2097979635000229,0.16707606613636017,0.16349731385707855
1791103700739885600,19.419885498046874,0.17940491437911987,0.23265588283538818,-0.07798587530851364
1791103700749857800,19.42985791015625,0.2995997667312622,0.19364190101623535,0.03880172595381737
1791103700759829800,19.439829833984376,0.194210484623909,0.20213232934474945,0.0753227174282074
1791103700769801700,19.4498017578125,0.23916678130626678,0.2071116417646408,0.026738669723272324
1791103700779773700,19.459773681640623,0.25629091262817383,0.1926908940076828,0.006874950136989355
1791103700789745700,19.46974560546875,0.2360367625951767,0.16031937301158905,0.12479919195175171
1791103700799717600,19.479717529296874,0.1776307076215744,0.25623124837875366,-0.0367891751229763
1791103700809689900,19.48968994140625,0.1851392239332199,0.20997373759746552,0.1122642233967781
1791103700819661600,19.49966162109375,0.1256684511899948,0.22714872658252716,0.0026586337480694056
1791103700829633800,19.5096337890625,0.1828792691230774,0.2225973904132843,-0.05391223356127739
1791103700839605500,19.51960546875,0.2415843904018402,0.2840580940246582,-0.11787524074316025
1791103700849577700,19.52957763671875,0.22862625122070312,0.27082857489585876,-0.021807294338941574
1791103700859549700,19.5395498046875,0.18089069426059723,0.2982274293899536,0.03333611786365509
1791103700869521700,19.549521728515625,0.2691662311553955,0.2744366228580475,0.09984031319618225
1791103700879493600,19.55949365234375,0.27817222476005554,0.32271891832351685,-0.13391278684139252
1791103700889465600,19.569465576171876,0.1536249816417694,0.24726705253124237,0.31908905506134033
1791103700899437600,19.5794375,0.19091163575649261,0.23925413191318512,-0.024869130924344063
1791103700909409800,19.589409912109375,0.05423367768526077,0.26240044832229614,0.1154448390007019
1791103700919381500,19.599381591796874,0.1835101693868637,0.22588053345680237,0.11680863797664642
1791103700929353700,19.609353759765625,0.25425732135772705,0.27575382590293884,-0.23686660826206207
1791103700939325700,19.61932568359375,0.17197176814079285,0.2710916996002197,0.09070806205272675
1791103700949296600,19.629296630859375,0.1504363715648651,0.32343852519989014,0.09803415834903717
1791103700959268600,19.6392685546875,0.13131780922412872,0.24643774330615997,0.1858106106519699
1791103700969240600,19.649240478515626,0.11906993389129639,0.21493521332740784,0.20580323040485382
1791103700979212800,19.659212890625,0.13615703582763672,0.1602085828781128,0.08404803276062012
1791103700989184500,19.6691845703125,0.03224235773086548,0.21449418365955353,-0.005583317019045353
1791103700999156700,19.67915673828125,-0.002383529208600521,0.20071658492088318,0.1125960499048233
1791103701009128400,19.68912841796875,0.008353803306818008,0.20598778128623962,-0.05299504101276398
1791103701019100700,19.6991005859375,0.09847251325845718,0.2034820169210434,-0.07949455827474594
1791103701029072600,19.70907275390625,0.01877768151462078,0.22756418585777283,-0.06372465193271637
1791103701039044600,19.719044677734374,-0.009136772714555264,0.16242939233779907,0.13502971827983856
1791103701049016800,19.729016845703125,0.03949175029993057,0.12620827555656433,0.0811835378408432
1791103701058988500,19.738988525390624,0.054190266877412796,0.1368023157119751,-0.05913522467017174
1791103701068960800,19.748960693359376,-0.035414449870586395,0.11151348054409027,-0.03756468743085861
1791103701078932700,19.7589326171875,-0.11179843544960022,0.06320559978485107,0.24323315918445587
1791103701088904700,19.76890478515625,-0.08706486225128174,0.08609414100646973,0.015268434770405293
1791103701098876700,19.778876708984374,-0.03447222337126732,0.06160104647278786,-0.09831538796424866
1791103701108848600,19.7888486328125,-0.0990874320268631,0.09802110493183136,0.016875119879841805
1791103701118820600,19.798820556640624,-0.05417641997337341,0.08965185284614563,-0.03611645847558975
1791103701128792800,19.808792724609376,-0.06516356021165848,0.04968845844268799,0.13495329022407532
1791103701138764500,19.8187646484375,-0.0011598066193982959,0.10366380959749222,-0.22223307192325592
1791103701148736800,19.82873681640625,-0.03093314915895462,0.06527967005968094,0.13938505947589874
1791103701158708500,19.83870849609375,-0.07334345579147339,0.056242767721414566,0.07330350577831268
1791103701168680700,19.8486806640625,-0.09744346886873245,0.06096188724040985,-0.07144834846258163
1791103701178652700,19.858652587890624,-0.05440172180533409,0.07487237453460693,-0.06114964187145233
1791103701188624600,19.868624755859376,0.050630152225494385,0.02852378599345684,0.03398672863841057
1791103701198596600,19.8785966796875,-0.058751195669174194,0.11703260987997055,-0.14100319147109985
1791103701208568600,19.888568603515626,0.055873919278383255,0.07390458136796951,0.11436092853546143
1791103701218540500,19.89854052734375,0.05197185277938843,0.09604024887084961,0.25284263491630554
1791103701228512800,19.9085126953125,0.02388189733028412,0.14774657785892487,-0.1264689862728119
1791103701238484700,19.918484619140624,0.051899418234825134,0.0674288421869278,0.07896885275840759
1791103701248456700,19.928456787109376,-0.044136300683021545,0.13001498579978943,0.08540917187929153
1791103701258428700,19.9384287109375,-0.004324174486100674,0.16652905941009521,0.00612260727211833
1791103701268400600,19.948400634765626,0.1156240701675415,0.1289111077785492,-0.03810690715909004
1791103701278372900,19.958372802734374,-0.020305005833506584,0.17429856956005096,-0.06800221651792526
1791103701288344600,19.968344482421877,0.04711238294839859,0.11999271810054779,0.018182998523116112
1791103701298316800,19.97831689453125,-0.063295878469944,0.12102389335632324,0.052432313561439514
1791103701308288500,19.98828857421875,0.06465888768434525,0.09242366999387741,-0.27311408519744873
1791103701318260700,19.9982607421875,0.06023990362882614,0.04302629828453064,0.0666421428322792
1791103701328232700,20.008232666015626,-0.017162742093205452,0.09055812656879425,0.058826565742492676
1791103701338204700,20.01820458984375,-0.04030454531311989,0.05832642316818237,0.09305297583341599
1791103701348176600,20.0281767578125,0.026850257068872452,0.08778045326471329,0.004715659189969301
1791103701358148600,20.038148681640624,0.051784366369247437,0.11954078078269958,-0.02123231813311577
1791103701368120600,20.04812060546875,0.0493590272963047,0.10158707946538925,0.12758192420005798
1791103701378092800,20.0580927734375,0.0201052688062191,0.08572236448526382,0.09504129737615585
1791103701388064500,20.068064453125,0.12607164680957794,0.13718049228191376,-0.07622286677360535
1791103701398036700,20.07803662109375,0.11422324180603027,0.10351813584566116,0.0819220319390297
1791103701408008400,20.088008544921873,0.06157494708895683,0.13701564073562622,-0.23099033534526825
1791103701417980700,20.097980712890624,0.11219578236341476,0.08439956605434418,-0.005754558369517326
1791103701427952600,20.10795263671875,0.028143221512436867,0.08514206111431122,0.021319668740034103
1791103701437924600,20.117924560546875,0.07700743526220322,0.08080137521028519,-0.10403025895357132
1791103701447896800,20.127896728515626,0.12719523906707764,0.05958743020892143,-0.024392424151301384
1791103701457868500,20.13786865234375,0.09268013387918472,0.11732635647058487,-0.09408069401979446
1791103701467840800,20.1478408203125,0.08922681212425232,0.05469999834895134,0.11706829816102982
1791103701477812700,20.157812744140625,0.041183922439813614,0.07267766445875168,0.07477730512619019
1791103701487784700,20.16778466796875,0.10843539983034134,0.08811894059181213,-0.05981166660785675
1791103701497755600,20.177755615234375,0.05922923609614372,0.10338524729013443,0.0608857199549675
1791103701507727600,20.1877275390625,0.07191599905490875,0.1515551656484604,-0.12640827894210815
1791103701517699800,20.197699951171874,0.13318069279193878,0.19496309757232666,-0.019880497828125954
1791103701527671600,20.207671630859377,0.22897619009017944,0.197813481092453,0.1994747519493103
1791103701537643800,20.217643798828124,0.1946861296892166,0.24827346205711365,-0.14191026985645294
1791103701547615700,20.22761572265625,0.22928538918495178,0.21063686907291412,-0.1352797895669937
1791103701557587700,20.237587646484375,0.18638958036899567,0.201809823513031,0.0917871743440628
1791103701567559700,20.2475595703125,0.170860156416893,0.193349227309227,0.10223022848367691
1791103701577531600,20.25753173828125,0.18757495284080505,0.23761601746082306,-0.023866716772317886
1791103701587503600,20.267503662109377,0.20147931575775146,0.2420770823955536,0.009711217135190964
1791103701597475800,20.277475830078124,0.177828848361969,0.2619333565235138,0.1962219774723053
1791103701607447600,20.287447509765624,0.21977630257606506,0.2913048267364502,0.0603640079498291
1791103701617419800,20.297419677734375,0.22892852127552032,0.3628285229206085,-0.12597790360450745
1791103701627391500,20.3073916015625,0.30219927430152893,0.29325371980667114,0.106938436627388
1791103701637363700,20.31736376953125,0.2107899934053421,0.3484349548816681,-0.017544904723763466
1791103701647335700,20.327335693359377,0.28091874718666077,0.3092622458934784,0.13260091841220856
1791103701657307600,20.3373076171875,0.19186291098594666,0.31919318437576294,0.04694433882832527
1791103701667279600,20.347279541015624,0.11768721789121628,0.26049044728279114,0.18026457726955414
1791103701677251600,20.35725146484375,0.1506505012512207,0.25410017371177673,0.10967642813920975
1791103701687223600,20.3672236328125,0.12817075848579407,0.2511105239391327,0.07416850328445435
1791103701697195800,20.37719580078125,0.08009883016347885,0.25060799717903137,-0.06318642944097519
1791103701707167700,20.387167724609377,0.06545863300561905,0.22468610107898712,0.23276081681251526
1791103701717139700,20.3971396484375,0.08370768278837204,0.27951446175575256,0.059722185134887695
1791103701727111700,20.407111572265624,0.1555086374282837,0.26360952854156494,-0.13327710330486298
1791103701737083600,20.417083740234375,0.09024707227945328,0.21006108820438385,0.13171781599521637
1791103701747055900,20.427055908203126,0.00404480891302228,0.24779196083545685,0.06432119756937027
1791103701757027600,20.437027587890626,0.10252770781517029,0.17951169610023499,0.11618705838918686
1791103701766999800,20.446999755859373,0.010089118964970112,0.20151980221271515,0.026489131152629852
1791103701776971500,20.456971435546876,-0.0027289411518722773,0.17582295835018158,0.04216476529836655
1791103701786943700,20.46694384765625,-0.06766106933355331,0.10916909575462341,0.3540358245372772
1791103701796915700,20.476915771484375,-0.07671768218278885,0.14194488525390625,0.02965989150106907
1791103701806887700,20.4868876953125,-0.11425174027681351,0.12997131049633026,0.03434092923998833
1791103701816859600,20.496859619140626,-0.06552974134683609,0.12976890802383423,-0.032872460782527924
1791103701826831600,20.50683154296875,-0.13178546726703644,0.16054227948188782,0.24976935982704163
1791103701836803600,20.516803466796876,-0.031012510880827904,0.15251924097537994,0.06388124823570251
1791103701846775800,20.52677587890625,-0.010154366493225098,0.1393618881702423,-0.0708099901676178
1791103701856747500,20.53674755859375,-0.05534208565950394,0.1501050740480423,-0.2253979742527008
1791103701866719700,20.5467197265625,-0.06500749289989471,0.1521538496017456,0.055273376405239105
1791103701876691500,20.55669140625,-0.049905773252248764,0.10289549082517624,0.10376980155706406
1791103701886663700,20.56666357421875,-0.10934353619813919,0.11277715116739273,0.12736700475215912
1791103701896635600,20.5766357421875,-0.04749108478426933,0.0959710031747818,-0.041973281651735306
1791103701906607600,20.586607666015624,-0.1099504679441452,0.09307055175304413,-0.014549913816154003
1791103701916579800,20.596579833984375,-0.1062484085559845,0.10879412293434143,0.10002566874027252
1791103701926551600,20.606551513671874,-0.06969252973794937,0.13151328265666962,0.003525226376950741
1791103701936523800,20.616523681640626,-0.019293537363409996,0.095647431910038,0.06833457946777344
1791103701946495700,20.626495849609373,-0.0786101222038269,0.1299809068441391,-0.09896758943796158
1791103701956467700,20.6364677734375,-0.05140034109354019,0.1481521874666214,-0.13341504335403442
1791103701966439700,20.646439697265624,-0.03918815031647682,0.13339027762413025,-0.12426868826150894
1791103701976411600,20.65641162109375,-0.08507601171731949,0.18807430565357208,-0.10488806664943695
1791103701986383600,20.666383544921874,-0.001526257605291903,0.056230515241622925,0.18416717648506165
1791103701996355800,20.67635595703125,-0.07445558905601501,0.10754083842039108,0.014905978925526142
1791103702006327600,20.68632763671875,-0.10623961687088013,0.06759528815746307,0.015415174886584282
1791103702016299800,20.6962998046875,-0.17903979122638702,0.021440576761960983,0.16916479170322418
1791103702026271500,20.706271484375,-0.11629118770360947,0.021690648049116135,-0.045890260487794876
1791103702036243700,20.71624365234375,-0.1600344032049179,0.005272526293992996,0.10680234432220459
1791103702046215700,20.726215576171874,-0.1046832725405693,-0.005130313336849213,0.02901460789144039
1791103702056187600,20.736187744140626,-0.08415855467319489,0.03521045297384262,-0.1922229677438736
1791103702066159600,20.74615966796875,-0.12899500131607056,0.021166006103157997,-0.034504979848861694
1791103702076131600,20.756131591796876,-0.07768920063972473,0.07236101478338242,0.04794435575604439
1791103702086103600,20.766103515625,-0.014815697446465492,0.03518941253423691,-0.002520682057365775
1791103702096075800,20.77607568359375,-0.04938885569572449,0.030599720776081085,0.07104461640119553
1791103702106047700,20.7860478515625,-0.03521817550063133,0.04081214591860771,0.006154831498861313
1791103702116020700,20.796020751953126,-0.19271644949913025,0.007754325866699219,0.16132816672325134
1791103702125992700,20.80599267578125,-0.12016795575618744,0.04532273858785629,-0.02329413779079914
1791103702135964700,20.815964599609377,-0.017891649156808853,0.03623390570282936,-0.007160441018640995
1791103702145936600,20.8259365234375,-0.02658740244805813,0.09442877024412155,0.03548768535256386
1791103702155908600,20.83590869140625,0.08317744731903076,0.09957825392484665,-0.06618061661720276
1791103702165880600,20.845880615234375,0.04735206812620163,0.07134795188903809,0.012202071025967598
1791103702175852800,20.855852783203126,0.025492843240499496,0.09373395144939423,-0.0374126210808754
1791103702185824500,20.865824462890625,-0.0200410857796669,0.08095663785934448,-0.006963100749999285
1791103702195796700,20.875796630859377,-0.04240258410573006,0.08447626978158951,0.11042717844247818
1791103702205768700,20.885768798828124,-0.0572315976023674,0.01673397235572338,0.28642189502716064
1791103702215740700,20.89574072265625,-0.02851766161620617,0.0020096213556826115,0.03708425164222717
1791103702225713000,20.905712890625,-0.015030082315206528,0.0026082999538630247,0.22601689398288727
1791103702235684600,20.9156845703125,-0.026160230860114098,0.00974690355360508,-0.07708066701889038
1791103702245656800,20.92565673828125,-0.09031791239976883,-0.014447116293013096,0.12780669331550598
1791103702255628500,20.935628662109377,-0.04247022792696953,-0.03014378808438778,0.12211445719003677
1791103702265600800,20.945600830078124,-0.05927317589521408,-0.029437251389026642,0.004467186518013477
1791103702275572700,20.95557275390625,-0.05175986513495445,-0.03746694698929787,-0.17129026353359222
1791103702285544700,20.965544677734375,-0.118866465985775,-0.04812838137149811,-0.0853218212723732
1791103702295516400,20.975516357421874,-0.007252586539834738,0.024285364896059036,-0.16977624595165253
1791103702305488400,20.98548828125,-0.020778248086571693,0.005123389419168234,0.033137980848550797
1791103702315460400,20.99546044921875,0.011451592668890953,0.05758659541606903,0.08627763390541077
1791103702325432600,21.0054326171875,0.08215638995170593,-0.005535380449146032,0.06749888509511948
1791103702335404300,21.015404296875,0.03764990717172623,0.03226552903652191,-0.011030812747776508
1791103702345376500,21.02537646484375,0.06163140758872032,0.0584087148308754,-0.022167086601257324
1791103702355348200,21.03534814453125,-0.00418435875326395,0.10520977526903152,0.10873021185398102
1791103702365320400,21.045320556640625,0.08333270996809006,0.07899095863103867,0.08177422732114792
1791103702375292400,21.05529248046875,0.08358224481344223,0.10015855729579926,0.05168343335390091
1791103702385264400,21.065264404296876,0.15026193857192993,0.11242587864398956,-0.09999983757734299
1791103702395236600,21.075236572265624,0.1009652316570282,0.1255675107240677,-0.09741843491792679
1791103702405208300,21.085208251953127,0.07598984241485596,0.12170220166444778,-0.014856177382171154
1791103702415180500,21.0951806640625,0.10216951370239258,0.12109393626451492,-0.05756955221295357
1791103702425152500,21.105152587890625,0.07003261148929596,0.11813542991876602,-0.14783819019794464
1791103702435124500,21.11512451171875,0.06214379891753197,0.08331699669361115,-0.013827132061123848
1791103702445096400,21.125096435546876,0.05829606205224991,0.08509784936904907,0.07587558776140213
1791103702455068400,21.135068359375,0.06240159273147583,0.08885663747787476,0.09386790543794632
1791103702465040400,21.145040283203127,0.13787823915481567,0.09917265921831131,0.06334381550550461
1791103702475012600,21.1550126953125,0.17963100969791412,0.109787218272686,-0.029529662802815437
1791103702484984300,21.164984375,0.09485726803541183,0.1463572084903717,-0.10705374926328659
1791103702494956500,21.17495654296875,0.18644949793815613,0.17376354336738586,0.042700592428445816
1791103702504928300,21.18492822265625,0.232184499502182,0.14561259746551514,0.03939933702349663
1791103702514900500,21.194900390625,0.392417311668396,0.17540617287158966,-0.11742676049470901
1791103702524872400,21.20487255859375,0.17301546037197113,0.1941678822040558,0.0014285196084529161
1791103702534844400,21.214844482421874,0.13752563297748566,0.19856369495391846,-0.049554768949747086
1791103702544816400,21.22481640625,0.1728159785270691,0.1087789461016655,0.20888583362102509
1791103702554788400,21.234788330078125,0.19253696501255035,0.11980682611465454,-0.12464872002601624
1791103702564760300,21.24476025390625,0.12909993529319763,0.08811414241790771,-0.03478701040148735
1791103702574732500,21.254732666015624,0.061226073652505875,0.026026541367173195,0.12139540165662766
1791103702584704500,21.26470458984375,0.025592178106307983,0.05165094509720802,0.07682900130748749
1791103702594676500,21.274676513671874,0.15748336911201477,0.06552974134683609,-0.1981610208749771
1791103702604648400,21.2846484375,0.07943490147590637,0.018936406821012497,0.170563742518425
1791103702614620400,21.294620361328125,-0.09435340017080307,0.05841617286205292,0.0019022959750145674
1791103702624592600,21.304592529296876,0.08552023023366928,0.08472074568271637,-0.1080218106508255
1791103702634564400,21.314564453125,0.07434480637311935,0.04597654566168785,0.004650411661714315
1791103702644536600,21.32453662109375,0.038542866706848145,0.04113465175032616,0.09002362936735153
1791103702654508300,21.33450830078125,-0.026163160800933838,0.056711215525865555,0.03477955237030983
1791103702664480500,21.34448046875,0.03766029328107834,0.10480577498674393,-0.025526132434606552
1791103702674452500,21.354452392578125,0.016683371737599373,0.06642163544893265,0.2510641813278198
1791103702684424400,21.364424560546876,0.06202688440680504,0.18280629813671112,-0.09261675179004669
1791103702694396400,21.374396484375,0.10646092891693115,0.15279699862003326,0.08718656748533249
1791103702704368400,21.384368408203127,0.12851110100746155,0.24897333979606628,-0.06544425338506699
1791103702714340400,21.39434033203125,0.13120675086975098,0.19686272740364075,0.12072828412055969
1791103702724312600,21.4043125,0.2496633678674698,0.2805488407611847,-0.0809694156050682
1791103702734284300,21.4142841796875,0.09465406835079193,0.26907941699028015,0.018338527530431747
1791103702744256500,21.424256591796876,0.014576812274754047,0.23815344274044037,0.05278704687952995
1791103702754228500,21.434228515625,0.13593094050884247,0.15617762506008148,0.25793513655662537
1791103702764201500,21.444201416015623,0.058993011713027954,0.29651743173599243,-0.17371560633182526
1791103702774173400,21.45417333984375,0.09858755767345428,0.19626379013061523,0.13112260401248932
1791103702784145400,21.4641455078125,-0.018727349117398262,0.22622168064117432,0.10225047171115875
1791103702794117400,21.474117431640625,0.052088767290115356,0.24307923018932343,0.04345639795064926
1791103702804089600,21.484089599609376,0.0728430449962616,0.20813855528831482,0.1658582091331482
1791103702814061300,21.494061279296876,0.14217577874660492,0.24147973954677582,-0.044984251260757446
1791103702824033500,21.504033447265623,0.03357260674238205,0.2684716582298279,-0.067674919962883
1791103702834005200,21.514005126953126,0.09743920713663101,0.2062961757183075,0.05017981305718422
1791103702843977500,21.5239775390625,0.029954170808196068,0.22032837569713593,0.11392363905906677
1791103702853949400,21.533949462890625,0.04054316505789757,0.20350465178489685,0.003257844829931855
1791103702863921400,21.54392138671875,0.05745929852128029,0.18692301213741302,-0.06878652423620224
1791103702873893400,21.553893310546876,0.0981832891702652,0.16149622201919556,0.028867866843938828
1791103702883865300,21.563865234375,-0.03730076551437378,0.13176202774047852,0.10818585753440857
1791103702893837600,21.573837646484375,0.015224759466946125,0.1856958270072937,-0.07476797699928284
1791103702903809500,21.5838095703125,0.04013916477560997,0.1597880721092224,0.06910769641399384
1791103702913781500,21.593781494140625,0.0342828705906868,0.1686081886291504,0.12943069636821747
1791103702923753500,21.60375341796875,0.05532024800777435,0.13754667341709137,0.04842079430818558
1791103702933725400,21.613725341796876,0.010325874201953411,0.13443796336650848,0.03822115436196327
1791103702943697400,21.623697509765623,0.028388764709234238,0.1283033788204193,0.05335270240902901
1791103702953669600,21.633669677734375,-0.059242818504571915,0.1726876199245453,-0.05371356010437012
1791103702963641300,21.643641357421874,0.0622045174241066,0.15631529688835144,-0.1260431557893753
1791103702973613600,21.653613525390625,0.05586406588554382,0.16070978343486786,0.016652479767799377
1791103702983585300,21.663585205078125,0.07225582003593445,0.19982069730758667,0.0063798688352108
1791103702993557500,21.6735576171875,-0.03720622509717941,0.11526427417993546,0.07231813669204712
1791103703003529500,21.683529541015623,0.02726597525179386,0.10846096277236938,-0.09551666676998138
1791103703013501400,21.69350146484375,-0.05433674156665802,0.07689930498600006,0.06847919523715973
1791103703023473400,21.703473388671874,-0.058094196021556854,0.06388337165117264,-0.007001716643571854
1791103703033445400,21.7134453125,-0.06330680102109909,0.055877912789583206,-0.02370825968682766
1791103703043417300,21.723417236328125,-0.027762388810515404,0.08955837786197662,-0.0621134378015995
1791103703053389600,21.7333896484375,-0.05257612466812134,0.08383417874574661,0.11570955812931061
1791103703063361300,21.743361328125,-0.036982253193855286,0.0591602586209774,0.02581987902522087
1791103703073333500,21.75333349609375,-0.020183032378554344,0.045940060168504715,0.12472941726446152
1791103703083305500,21.763305419921874,-0.061529140919446945,0.06325167417526245,-0.051668521016836166
1791103703093277400,21.77327734375,-0.05263178423047066,0.017170997336506844,-0.04754914343357086
1791103703103249700,21.783249755859377,-0.074456125497818,0.043365318328142166,-0.02731524407863617
1791103703113221400,21.793221435546876,-0.07892198115587234,-0.0025798040442168713,0.11853809654712677
1791103703123193600,21.803193603515624,-0.06119038537144661,0.014933142811059952,-0.08904305845499039
1791103703133165300,21.813165283203126,-0.08827553689479828,-0.037217941135168076,0.02004135213792324
1791103703143137500,21.823137451171874,-0.02226988598704338,-0.0378698855638504,0.027332022786140442
1791103703153109500,21.833109619140625,-0.12382979691028595,-0.022478144615888596,0.015675632283091545
1791103703163081500,21.84308154296875,-0.046363238245248795,-0.11116966605186462,-0.07266062498092651
1791103703173053400,21.853053466796876,-0.10330215096473694,-0.061879612505435944,-0.05938103422522545
1791103703183025400,21.863025390625,-0.09056638181209564,-0.06403837352991104,0.06031420826911926
1791103703192998400,21.872998291015627,-0.08994826674461365,-0.0702856108546257,0.1214209720492363
1791103703202970600,21.882970703125,-0.05297134071588516,-0.07528197020292282,0.033240512013435364
1791103703212942300,21.8929423828125,-0.0885557010769844,-0.027186613529920578,-0.012144280597567558
1791103703222914600,21.90291455078125,-0.020114855840802193,-0.033065274357795715,0.052799563854932785
1791103703232886500,21.912886474609376,-0.04815208166837692,0.023990288376808167,-0.026758376508951187
1791103703242858500,21.9228583984375,0.06818251311779022,-0.01823439821600914,0.05384565517306328
1791103703252830500,21.93283056640625,0.010839331895112991,0.07250376045703888,-0.1166781485080719
1791103703262802400,21.942802490234374,0.034086596220731735,0.058405786752700806,0.04066966474056244
1791103703272774400,21.9527744140625,0.050324421375989914,0.0844925120472908,-0.03218456730246544
1791103703282746600,21.96274658203125,0.13356338441371918,0.07888336479663849,0.032349150627851486
1791103703292718800,21.97271875,0.1760309487581253,0.08325280994176865,-0.0657569095492363
1791103703302690800,21.98269091796875,0.061049770563840866,0.12133947759866714,-0.06410787999629974
1791103703312662800,21.992662841796875,0.09942246228456497,0.06946109980344772,0.21012340486049652
1791103703322634800,22.002634765625,0.08003012090921402,0.12861044704914093,-0.05216839537024498
1791103703332606700,22.012606689453126,0.19120457768440247,0.06542295217514038,0.08580731600522995
1791103703342579000,22.022578857421873,0.047870852053165436,0.1288360059261322,0.017313743010163307
1791103703352550700,22.032550537109376,0.07078389078378677,0.10484892129898071,-0.05054599791765213
1791103703362523000,22.04252294921875,0.08110683411359787,0.1340683251619339,-0.00984224397689104
1791103703372494600,22.05249462890625,0.15008483827114105,0.11210709810256958,0.015267369337379932
1791103703382466800,22.062466796875,0.12268437445163727,0.15136128664016724,-0.042256910353899
1791103703392438800,22.072438720703126,0.1565059870481491,0.10637570917606354,-0.1012113094329834
1791103703402410800,22.08241064453125,0.0016474314033985138,0.0750952810049057,0.12121963500976562
1791103703412382700,22.0923828125,0.05566193163394928,0.06131502240896225,0.12893614172935486
1791103703422354700,22.102354736328124,0.08183121681213379,0.043304331600666046,-0.06613188236951828
1791103703432327000,22.112326904296875,0.07499301433563232,0.0670836940407753,0.00854714959859848
1791103703442299000,22.122298828125,0.07886844873428345,0.06697264313697815,0.053228601813316345
1791103703452270800,22.132270751953126,0.01944267377257347,0.09692920744419098,-0.021317806094884872
1791103703462242800,22.142242919921873,0.12078580260276794,0.10984287410974503,-0.1686851531267166
1791103703472214800,22.15221484375,0.1482488512992859,0.07521219551563263,0.06244899705052376
1791103703482186800,22.162186767578124,0.037104759365320206,0.08763983845710754,0.04008403792977333
1791103703492159000,22.172158935546875,0.1620059460401535,0.09923923760652542,-0.08433298766613007
1791103703502130700,22.182130615234374,0.14372920989990234,0.05770990252494812,0.030711039900779724
1791103703512103000,22.19210302734375,0.06818704307079315,0.0898398756980896,-0.09495234489440918
1791103703522074600,22.20207470703125,0.061111558228731155,0.10376927256584167,0.00765871861949563
1791103703532046800,22.212046875,0.08117687702178955,0.1336376816034317,0.05532024800777435
1791103703542018800,22.222018798828124,0.1707933098077774,0.07208724319934845,0.26571664214134216
1791103703551991800,22.23199169921875,0.15700292587280273,0.1437515765428543,0.021136710420250893
1791103703561963800,22.2419638671875,0.03941158950328827,0.07943090796470642,0.1495964080095291
1791103703571936000,22.25193603515625,0.03681553900241852,0.07978431135416031,0.06627435982227325
1791103703581907700,22.26190771484375,0.11179763823747635,0.10872301459312439,-0.1732167899608612
1791103703591880000,22.2718798828125,0.12964454293251038,0.1695658564567566,-0.12949568033218384
1791103703601851600,22.2818515625,0.11022104322910309,0.18846924602985382,-0.030857780948281288
1791103703611823900,22.291823974609375,0.1133987307548523,0.15262149274349213,0.15139271318912506
1791103703621795800,22.3017958984375,0.20225828886032104,0.14083407819271088,-0.019990485161542892
1791103703631767800,22.311767822265626,0.11813436448574066,0.18668732047080994,-0.04715818911790848
1791103703641739800,22.32173974609375,0.0745844915509224,0.09215576201677322,0.3270537555217743
1791103703651711700,22.331711669921877,-0.04478238523006439,0.1440993845462799,-0.08485017716884613
1791103703661683700,22.34168359375,0.03062528744339943,0.11761105060577393,-0.01161564327776432
1791103703671656000,22.351656005859375,0.08166636526584625,0.17972955107688904,0.04368303343653679
1791103703681627600,22.361627685546875,0.1371203064918518,0.21754643321037292,0.029807962477207184
1791103703691600000,22.371599853515626,0.15544737875461578,0.2178977131843567,0.2330833226442337
1791103703701571600,22.381571533203125,0.18846072256565094,0.2645168900489807,-0.020144149661064148
1791103703711543800,22.391543701171877,0.14066363871097565,0.254935622215271,0.052859753370285034
1791103703721515800,22.401515869140624,0.06993274390697479,0.2854258716106415,-0.2035645693540573
1791103703731487700,22.41148779296875,0.029156288132071495,0.2434733808040619,0.24682922661304474
1791103703741460000,22.4214599609375,0.08510637283325195,0.24846014380455017,0.06937721371650696
1791103703751431700,22.431431640625,0.1560356765985489,0.27448880672454834,-0.11587067693471909
1791103703761404000,22.44140380859375,0.15652303397655487,0.24257083237171173,-0.09850367158651352
1791103703771375900,22.4513759765625,0.02551308274269104,0.16608324646949768,0.19956743717193604
1791103703781347800,22.461347900390624,0.028658809140324593,0.19400036334991455,0.03881583735346794
1791103703791319800,22.47131982421875,0.013114470057189465,0.22143332660198212,-0.005966812372207642
1791103703801291800,22.481291748046875,0.02209518291056156,0.11114250123500824,0.12299809604883194
1791103703811263700,22.491263671875,-0.04974784702062607,0.17220479249954224,0.0389961339533329
1791103703821236000,22.501236083984374,-0.011235077865421772,0.18413521349430084,-0.05724571272730827
1791103703831207700,22.511207763671877,-0.04803383722901344,0.0752422884106636,0.2647448480129242
1791103703841180000,22.521179931640624,-0.049752376973629,0.1294730305671692,0.06511242687702179
1791103703851151600,22.531151611328124,0.013273194432258606,0.13074815273284912,0.03882675617933273
1791103703861123800,22.541123779296875,-0.045874014496803284,0.1534302979707718,-0.12865038216114044
1791103703871095800,22.551095703125,-0.07678265869617462,0.12551824748516083,-0.020126573741436005
1791103703881067800,22.56106787109375,-0.0635123997926712,0.0863785669207573,0.06912660598754883
1791103703891039700,22.571039794921877,-0.019635487347841263,0.11354546993970871,-0.1955505907535553
1791103703901013000,22.581012939453124,-0.014569887891411781,0.0189643707126379,0.009922672063112259
1791103703910984700,22.590984619140624,-0.21205313503742218,0.027894748374819756,-0.024935709312558174
1791103703920957000,22.60095703125,-0.17016960680484772,-0.02021392434835434,0.019939620047807693
1791103703930928600,22.6109287109375,-0.12499520182609558,-0.04098311811685562,0.08517321944236755
1791103703940900900,22.62090087890625,-0.11491993069648743,0.0013251889031380415,-0.03357340767979622
1791103703950872800,22.630872802734373,-0.038297854363918304,-0.05976266413927078,0.12500637769699097
1791103703960844800,22.6408447265625,-0.1031159982085228,-0.013925136998295784,-0.061588793992996216
1791103703970816800,22.650816650390624,-0.1555938571691513,-0.05333033204078674,0.18783141672611237
1791103703980788700,22.660788818359375,-0.1253909468650818,0.004277569241821766,-0.04712756350636482
1791103703990760700,22.6707607421875,-0.07292906939983368,0.04983626678586006,0.04133439064025879
1791103704000733000,22.68073291015625,-0.03653936833143234,0.013688648119568825,0.19523687660694122
1791103704010704600,22.69070458984375,0.005379585549235344,0.04026353359222412,-0.09787676483392715
1791103704020676900,22.7006767578125,0.028507808223366737,0.0010793792316690087,-0.13561534881591797
1791103704030648800,22.71064892578125,-0.03581712022423744,-0.014392254874110222,0.07337728142738342
1791103704040620800,22.720620849609375,-0.1100040003657341,0.012745622545480728,-0.21410855650901794
1791103704050593000,22.730593017578126,-0.06393983215093613,-0.009757289662957191,-0.004476507660001516
1791103704060564700,22.740564697265626,0.013700898736715317,0.023396402597427368,-0.07248538732528687
1791103704070537000,22.750536865234373,0.016447948291897774,-0.005394765175879002,0.13784654438495636
1791103704080508700,22.7605087890625,0.0000476705827168189,0.04273734241724014,0.006743922829627991
1791103704090481000,22.77048095703125,-0.05036090686917305,0.007474960293620825,0.27835813164711
1791103704100452900,22.780452880859375,0.015996010974049568,-0.005772934295237064,-0.09599390625953674
1791103704110424800,22.7904248046875,0.05463794618844986,-0.013628460466861725,-0.0647992342710495
1791103704120396800,22.800396728515626,-0.04337623715400696,-0.03798999264836311,0.08692637830972672
1791103704130368800,22.81036865234375,-0.029158949851989746,-0.04536508396267891,0.11246635764837265
1791103704140340700,22.8203408203125,-0.02742789499461651,-0.010241984389722347,-0.10115537792444229
1791103704150313000,22.83031298828125,0.029042569920420647,-0.033069804310798645,0.09711190313100815
1791103704160284700,22.84028466796875,0.0021257351618260145,0.01440849993377924,-0.030186930671334267
1791103704170257000,22.8502568359375,0.08850989490747452,-0.061648450791835785,0.12233443558216095
1791103704180228600,22.860228515625,-0.023084811866283417,-0.019711652770638466,-0.15338796377182007
1791103704190200800,22.870200927734373,0.005253351293504238,-0.010340522043406963,0.08411434292793274
1791103704200172800,22.8801728515625,0.07979549467563629,-0.021765749901533127,-0.02478577382862568
1791103704210144800,22.890144775390624,0.029516613110899925,-0.005203816574066877,-0.08565152436494827
1791103704220116700,22.90011669921875,0.08983401209115982,0.02907373011112213,-0.217707559466362
1791103704230088700,22.910088623046875,0.0993066132068634,0.08771733194589615,0.03159281238913536
1791103704240061000,22.92006103515625,0.18148431181907654,-0.02785266935825348,0.11113477498292923
1791103704250033000,22.930032958984373,0.14446769654750824,0.0052118063904345036,-0.01571238413453102
1791103704260004900,22.9400048828125,0.10616505146026611,0.09072590619325638,-0.16012787818908691
1791103704269977900,22.949977783203124,0.11569597572088242,0.0001430117554264143,0.245653435587883
1791103704279949800,22.95994970703125,0.13817757368087769,0.10925671458244324,0.012654808349907398
1791103704289921800,22.969921875,0.24794907867908478,0.11707788705825806,-0.04705672338604927
1791103704299893800,22.979893798828126,0.20305804908275604,0.0816866084933281,0.04174371808767319
1791103704309866000,22.989865966796874,0.19124186038970947,0.15287183225154877,0.015964053571224213
1791103704319837700,22.999837646484377,0.1394316554069519,0.16825026273727417,-0.1789897233247757
1791103704329810000,23.009809814453124,0.1783183366060257,0.1087038442492485,0.14118562638759613
1791103704339782000,23.019781982421875,0.17275846004486084,0.16844306886196136,-0.039198800921440125
1791103704349753900,23.02975390625,0.25489673018455505,0.1714274138212204,-0.1846180558204651
1791103704359725800,23.039725830078126,0.10604547709226608,0.12733905017375946,-0.023972444236278534
1791103704369697800,23.04969775390625,0.15923573076725006,0.11812344193458557,-0.07421963661909103
1791103704379670000,23.059669921875,0.1593627631664276,0.061153899878263474,-0.09768155217170715
1791103704389641700,23.069641845703124,0.11184743791818619,0.07463987916707993,-0.030651386827230453
1791103704399614000,23.079614013671875,0.07277806848287582,0.09403488785028458,-0.014532603323459625
1791103704409585700,23.089585693359375,0.13251303136348724,0.06811194121837616,0.08349435776472092
1791103704419558000,23.099557861328126,0.0809587612748146,0.10506170243024826,0.1668614149093628
1791103704429529900,23.10952978515625,0.11072944104671478,0.1297372281551361,0.045937396585941315
1791103704439501800,23.119501708984377,0.1121920496225357,0.08307251334190369,-0.02750379592180252
1791103704449473800,23.129473876953124,0.12594594061374664,0.07890547066926956,-0.033250365406274796
1791103704459445800,23.13944580078125,0.10941650718450546,0.1284237504005432,-0.10229787230491638
1791103704469417700,23.149417724609375,0.201719269156456,0.16985082626342773,-0.38369280099868774
1791103704479390000,23.159389892578126,0.2017775923013687,0.1809210479259491,0.08621211349964142
1791103704489361700,23.169361572265625,0.1773763746023178,0.14595134556293488,0.31174084544181824
1791103704499334000,23.179333984375,0.2603849768638611,0.12441889196634293,0.006924218963831663
1791103704509305600,23.1893056640625,0.22283653914928436,0.16270795464515686,-0.35519084334373474
1791103704519277800,23.19927783203125,0.047560594975948334,0.023572970181703568,0.5088246464729309
1791103704529249800,23.209249755859375,0.08563128113746643,0.05377694591879845,0.05359824746847153
1791103704539221800,23.2192216796875,0.1126684918999672,0.07906419038772583,-0.3191942274570465
1791103704549194000,23.229194091796874,0.10128027945756912,0.13399241864681244,0.1340014785528183
1791103704559165700,23.239165771484377,0.1714354008436203,0.1489170491695404,0.19917382299900055
1791103704569138000,23.249137939453124,0.25930720567703247,0.16884787380695343,-0.13230398297309875
1791103704579110000,23.25910986328125,0.17583920061588287,0.17700034379959106,-0.13961462676525116
1791103704589081900,23.269081787109375,0.17184153199195862,0.1794499158859253,0.04265691712498665
1791103704599053800,23.2790537109375,0.18281908333301544,0.16316255927085876,0.05829846113920212
1791103704609025800,23.28902587890625,0.16628031432628632,0.1917494684457779,0.05236147344112396
1791103704618997800,23.298997802734377,0.23600241541862488,0.20782670378684998,0.04608813300728798
1791103704628970000,23.308969970703124,0.18361057341098785,0.23921844363212585,-0.0410478338599205
1791103704638942700,23.318942626953124,0.1431582272052765,0.2628614604473114,0.028269987553358078
1791103704648914700,23.328914794921875,0.23985067009925842,0.29629504680633545,0.03894100710749626
1791103704658887000,23.338886962890626,0.23936279118061066,0.2332436442375183,0.21339377760887146
1791103704668859000,23.34885888671875,0.22710345685482025,0.24825933575630188,0.12404365092515945
1791103704678830800,23.358830810546873,0.11076512932777405,0.29818615317344666,0.06764482706785202
1791103704688802800,23.368802734375,0.11519157141447067,0.26314881443977356,0.3049764037132263
1791103704698774800,23.37877490234375,0.09482397884130478,0.29498690366744995,0.120193250477314
1791103704708747000,23.3887470703125,0.061352573335170746,0.30751946568489075,-0.04777950793504715
1791103704718718700,23.39871875,0.1134602501988411,0.3141893446445465,0.017953434959053993
1791103704728691000,23.40869091796875,0.09827197343111038,0.31194645166397095,0.045705169439315796
1791103704738662700,23.41866259765625,0.10947322845458984,0.30788058042526245,-0.1613454818725586
1791103704748635000,23.428634765625,0.06527674198150635,0.29097458720207214,0.04188380017876625
1791103704758606800,23.43860693359375,0.014097176492214203,0.27921006083488464,0.09099941700696945
1791103704768578800,23.448578857421875,0.010493387468159199,0.24028237164020538,0.03921744227409363
1791103704778550800,23.45855078125,0.02112419344484806,0.1917736977338791,-0.07103262841701508
1791103704788522800,23.468522705078126,-0.1458379030227661,0.20060047507286072,0.17060209810733795
1791103704798494700,23.47849462890625,-0.1697341799736023,0.19503606855869293,-0.021022194996476173
1791103704808467000,23.488467041015625,-0.12602797150611877,0.17376700043678284,0.094702810049057
1791103704818438700,23.498438720703124,-0.019364910200238228,0.19369623064994812,-0.10920877754688263
1791103704828411000,23.508410888671875,-0.02448137477040291,0.14030757546424866,0.15235784649848938
1791103704838382800,23.5183828125,-0.0555543377995491,0.14973436295986176,0.030248183757066727
1791103704848354800,23.528354736328126,-0.17315340042114258,0.19116729497909546,0.0288191307336092
1791103704858326800,23.538326904296873,-0.13280385732650757,0.14623044431209564,0.009732255712151527
1791103704868298800,23.548298828125,-0.10600446164608002,0.07552298903465271,0.08990831673145294
1791103704878271000,23.55827099609375,-0.13666357100009918,0.051950015127658844,0.06090356409549713
1791103704888242700,23.56824267578125,-0.21439751982688904,0.029325397685170174,0.08727951347827911
1791103704898215000,23.57821484375,-0.2347552478313446,0.022884808480739594,-0.04323988035321236
1791103704908187000,23.588186767578126,-0.19756659865379333,0.01053040474653244,-0.01907036453485489
1791103704918158800,23.598158935546873,-0.1278035044670105,0.0006958839949220419,-0.049497246742248535
1791103704928130800,23.608130859375,-0.17847733199596405,0.014246047474443913,-0.04096394404768944
1791103704938102800,23.618102783203124,-0.26571741700172424,-0.005474926438182592,-0.015749935060739517
1791103704948074800,23.62807470703125,-0.2354612499475479,0.021089039742946625,-0.10255753248929977
1791103704958047000,23.638046875,-0.1480046510696411,-0.03231080248951912,0.08899351954460144
1791103704968018700,23.648018798828126,-0.19633382558822632,-0.06824749708175659,0.07376556843519211
1791103704977991000,23.657990966796874,-0.20708714425563812,-0.05987265333533287,-0.04206223040819168
1791103704987962600,23.667962646484376,-0.22639451920986176,-0.06434836238622665,0.1634421944618225
1791103704997934800,23.677934814453124,-0.20043909549713135,-0.01926530711352825,0.06334834545850754
1791103705007906800,23.68790673828125,-0.10619062185287476,-0.006386260036379099,-0.07464707642793655
1791103705017878800,23.697878662109375,-0.07619144022464752,0.053219810128211975,-0.208537757396698
1791103705027850800,23.707850830078126,-0.07344918698072433,0.03320775553584099,0.14406529068946838
1791103705037822700,23.71782275390625,-0.09866426140069962,0.07553496956825256,0.12837475538253784
1791103705047795700,23.727795654296877,0.021825669333338737,0.048524126410484314,-0.0899200364947319
1791103705057768000,23.737767822265624,0.0044229780323803425,0.03976072743535042,-0.05229569599032402
1791103705067739600,23.74773974609375,-0.15498238801956177,0.017230385914444923,0.16816531121730804
1791103705077712000,23.7577119140625,-0.1508433073759079,0.0020754013676196337,-0.06815508753061295
1791103705087683800,23.767683837890626,-0.10409390926361084,-0.023962058126926422,0.07031011581420898
1791103705097655800,23.77765576171875,-0.1017945408821106,0.017523866146802902,-0.00538491178303957
1791103705107627800,23.787627685546877,-0.05848301574587822,0.05288798362016678,-0.06655319035053253
1791103705117599700,23.797599853515624,-0.04361405596137047,0.02141580916941166,0.1600077748298645
1791103705127571700,23.80757177734375,-0.02707609161734581,0.07839866727590561,-0.11728694289922714
1791103705137544000,23.8175439453125,-0.020495422184467316,0.0707378163933754,-0.008537295274436474
1791103705147515600,23.827515625,-0.0611211434006691,0.06444716453552246,0.10419164597988129
1791103705157487900,23.83748779296875,-0.03978496417403221,0.08629494160413742,0.09324765205383301
1791103705167459800,23.8474599609375,-0.03578995540738106,0.04157087951898575,0.06745627522468567
1791103705177431800,23.857431884765624,-0.04165476933121681,0.014389858581125736,-0.1008206233382225
1791103705187404000,23.867404052734376,-0.08983907848596573,0.03513748198747635,0.012101403437554836
1791103705197375700,23.877375732421875,-0.19910190999507904,0.025664616376161575,-0.0070336745120584965
1791103705207348000,23.887347900390626,-0.058944541960954666,-0.011581022292375565,-0.0676666647195816
1791103705217319700,23.897319580078126,-0.012678244151175022,0.02142912521958351,0.004299141000956297
1791103705227292000,23.9072919921875,-0.04548013210296631,-0.025164209306240082,0.01756115071475506
1791103705237264000,23.917263916015624,-0.10134526342153549,0.019659986719489098,-0.1303124725818634
1791103705247235800,23.92723583984375,-0.05771522596478462,-0.018575549125671387,0.024632642045617104
1791103705257207800,23.937207763671875,-0.059779711067676544,-0.03515958413481712,-0.01835370622575283
1791103705267179800,23.9471796875,-0.10194873809814453,-0.05055904760956764,-0.061767760664224625
1791103705277151700,23.95715185546875,-0.1333458125591278,-0.07588917016983032,0.07691981643438339
1791103705287124000,23.9671240234375,-0.06102979928255081,0.017107347026467323,-0.17072246968746185
1791103705297095700,23.977095703125,-0.0703607127070427,0.05850885063409805,0.0680437684059143
1791103705307067600,23.987067626953124,0.07696002721786499,0.08232603222131729,0.09689219295978546
1791103705317039600,23.99703955078125,0.0241391584277153,0.03682272881269455,0.014129667542874813
1791103705327011600,24.007011474609374,0.11102159321308136,0.0070520504377782345,-0.022180402651429176
1791103705336983800,24.01698388671875,-0.03965739905834198,0.007022489327937365,-0.07476318627595901
1791103705346955800,24.026955810546873,0.06034456565976143,0.032646361738443375,-0.04060974344611168
1791103705356927700,24.036927734375,-0.02714639902114868,0.06583840399980545,0.09577659517526627
1791103705366899700,24.046899658203124,0.14198137819766998,0.06071341410279274,-0.0012681973166763783
1791103705376871700,24.05687158203125,0.10930518805980682,0.09224656969308853,-0.018543589860200882
1791103705386843600,24.06684375,0.04808417335152626,0.039931703358888626,-0.025252358987927437
1791103705396816000,24.07681591796875,-0.029464414343237877,0.04200923442840576,0.08732958137989044
1791103705406787600,24.08678759765625,-0.06179678812623024,0.006125004030764103,-0.05049912631511688
1791103705416759800,24.096759765625,0.02460387907922268,-0.01360316015779972,0.16343872249126434
1791103705426731500,24.1067314453125,0.1312464326620102,0.046968840062618256,0.029282521456480026
1791103705436703700,24.116703857421875,-0.021767346188426018,0.0202189851552248,0.01762346923351288
1791103705446675700,24.12667578125,0.05161073058843613,0.021616611629724503,-0.10819438099861145
1791103705456647700,24.136647705078126,0.104884073138237,0.03742566704750061,-0.09162552654743195
1791103705466619600,24.14661962890625,0.13064615428447723,0.04905515909194946,-0.12106543779373169
1791103705476591600,24.156591552734376,0.04824475944042206,0.057443320751190186,-0.04908924922347069
1791103705486563600,24.1665634765625,0.11975223571062088,0.10395782440900803,-0.021142037585377693
1791103705496535800,24.176535888671875,0.02491360530257225,0.09662480652332306,-0.13336631655693054
1791103705506508500,24.186508544921875,0.12181485444307327,0.12590013444423676,0.035113777965307236
1791103705516480800,24.196480712890626,-0.02628886140882969,0.09227906167507172,0.04619386047124863
1791103705526452700,24.20645263671875,0.030939273536205292,0.04952600598335266,0.07577358931303024
1791103705536424700,24.2164248046875,0.09435872733592987,0.1189386397600174,0.028824457898736
1791103705546396700,24.226396728515624,0.11236116290092468,0.10714695602655411,-0.03279310092329979
1791103705556368600,24.23636865234375,0.07789959013462067,0.14955513179302216,0.06070968508720398
1791103705566340600,24.246340576171875,0.1527290940284729,0.2082541286945343,-0.12839312851428986
1791103705576312800,24.256312744140626,0.1731664538383484,0.2003227025270462,0.14333292841911316
1791103705586284500,24.266284423828125,0.09654411673545837,0.21646305918693542,-0.01321274135261774
1791103705596256800,24.2762568359375,0.022462964057922363,0.1869184821844101,0.11256356537342072
1791103705606228500,24.286228515625,0.0009355684742331505,0.226299449801445,-0.057982608675956726
1791103705616200700,24.29620068359375,0.06519258767366409,0.09409773349761963,0.15077991783618927
1791103705626172700,24.306172607421875,0.09706290066242218,0.10195379704236984,-0.04633261263370514
1791103705636144600,24.31614453125,-0.06446447968482971,0.17460030317306519,-0.052507948130369186
1791103705646116600,24.32611669921875,0.005148955620825291,0.1348763257265091,0.045520346611738205
1791103705656088600,24.336088623046876,-0.027965055778622627,0.1386851817369461,-0.006898918654769659
1791103705666060800,24.346060791015624,-0.009914682246744633,0.11991868168115616,-0.18613764643669128
1791103705676032800,24.35603271484375,-0.08279634267091751,0.09397389739751816,0.04422924667596817
1791103705686004700,24.366004638671875,-0.08483020216226578,0.03629382699728012,0.1162341982126236
1791103705695976700,24.375976806640626,-0.07655736058950424,0.10738371312618256,-0.0776471272110939
1791103705705948700,24.38594873046875,-0.03761768341064453,0.01329663023352623,0.015658322721719742
1791103705715920600,24.395920654296877,-0.08592849224805832,-0.01161537691950798,0.10484252870082855
1791103705725892900,24.405892822265624,-0.09290117770433426,0.022942068055272102,0.03718172386288643
1791103705735864600,24.415864501953124,-0.21390269696712494,-0.038912512362003326,0.22067245841026306
1791103705745836800,24.4258369140625,-0.10889266431331635,-0.06454357504844666,-0.10315408557653427
1791103705755808500,24.43580859375,-0.15815475583076477,-0.06974126398563385,-0.025615880265831947
1791103705765780700,24.44578076171875,-0.13112525641918182,-0.08352738618850708,-0.05985401198267937
1791103705775752700,24.455752685546877,-0.15114371478557587,-0.09297148883342743,-0.0516890287399292
1791103705785724700,24.465724609375,-0.13896268606185913,-0.10031967610120773,0.05463128536939621
1791103705795696600,24.475696533203124,-0.10996565222740173,-0.05753546580672264,-0.0360269770026207
1791103705805668600,24.485668701171875,-0.13704121112823486,-0.07735524326562881,-0.08763530850410461
1791103705815640600,24.495640625,-0.14076830446720123,-0.15247422456741333,-0.023269370198249817
1791103705825612800,24.50561279296875,-0.1779460310935974,-0.1347556859254837,-0.047030091285705566
1791103705835584800,24.515584716796877,-0.18806497752666473,-0.1447390764951706,0.02431945502758026
1791103705845556700,24.525556640625,-0.16651681065559387,-0.13913951814174652,-0.06277363747358322
1791103705855528700,24.53552880859375,-0.15081827342510223,-0.08975305408239365,-0.019817113876342773
1791103705865500700,24.545500732421875,-0.041598841547966,-0.11211508512496948,0.06907840073108673
1791103705875473000,24.555472900390626,-0.029705697670578957,-0.003859186777845025,-0.0029582392890006304
1791103705885444600,24.565444580078125,0.08827819675207138,-0.004822984803467989,-0.07320576906204224
1791103705895416800,24.575416748046877,0.08739429712295532,0.00019707392493728548,-0.045766957104206085
1791103705905388500,24.585388427734376,0.015133678913116455,0.017053551971912384,0.021381987258791924
1791103705915360800,24.59536083984375,-0.0038991342298686504,0.009031311608850956,0.13682283461093903
1791103705925332700,24.605332763671875,0.04888365417718887,0.07323133945465088,-0.053526606410741806
1791103705935304700,24.6153046875,-0.02346218191087246,0.039626505225896835,0.07382149249315262
1791103705945276700,24.625276611328125,0.08392472565174103,0.06655345857143402,-0.030660707503557205
1791103705955248600,24.63524853515625,0.06580644100904465,0.10862288624048233,0.0067572384141385555
1791103705965220600,24.645220703125,0.1295502632856369,0.07934382557868958,-0.04706285148859024
1791103705975192600,24.655192626953124,0.07306914776563644,0.11079016327857971,0.0009523464250378311
1791103705985164500,24.66516455078125,0.13505502045154572,0.13991476595401764,-0.12539653480052948
1791103705995136800,24.67513671875,0.12273603677749634,0.12846583127975464,-0.01829937845468521
1791103706005109500,24.685109619140626,-0.10503294318914413,-0.011332282796502113,0.08605259656906128
1791103706015081700,24.695081787109373,0.03063354268670082,0.09250277280807495,0.08145970851182938
1791103706025053700,24.7050537109375,0.10730115324258804,0.06912340968847275,0.04556721821427345
1791103706035025700,24.715025634765624,0.0011406318517401814,-0.03130599111318588,0.11454176157712936
1791103706044997600,24.72499755859375,0.021253090351819992,-0.00446905056014657,-0.010280334390699863
1791103706054969600,24.734969482421874,0.10765935480594635,-0.011424428783357143,-0.007166832685470581
1791103706064941600,24.744941650390626,-0.05444619804620743,-0.09197386354207993,0.06340640038251877
1791103706074913800,24.754913818359373,-0.02666356787085533,-0.07179322838783264,-0.15519464015960693
1791103706084885500,24.764885498046876,-0.021749237552285194,-0.049134790897369385,-0.055934637784957886
1791103706094857700,24.774857666015624,0.013258014805614948,-0.10597516596317291,-0.08108499646186829
1791103706104829400,24.784829345703123,-0.1432274729013443,-0.18326090276241302,0.11075953394174576
1791103706114801700,24.7948017578125,0.0720512866973877,-0.12895186245441437,-0.10290773957967758
1791103706124773600,24.804773681640626,-0.028552548959851265,-0.10819145292043686,0.06372678279876709
1791103706134745600,24.81474560546875,0.005732986610382795,-0.12908954918384552,-0.07059427350759506
1791103706144717600,24.824717529296876,-0.05552051588892937,-0.13695625960826874,0.06160663813352585
1791103706154689500,24.834689453125,0.06101568415760994,-0.1207466572523117,-0.1327069103717804
1791103706164661800,24.844661865234375,0.09030832350254059,0.026078738272190094,0.016382701694965363
1791103706174633700,24.8546337890625,0.1135215014219284,-0.026556510478258133,0.05757434666156769
1791103706184605700,24.864605712890626,0.1280762106180191,-0.024095749482512474,0.07961253821849823
1791103706194577700,24.87457763671875,0.28085190057754517,0.05145999416708946,-0.15490329265594482
1791103706204549600,24.884549560546876,0.1996593177318573,0.05390903726220131,0.08770322054624557
1791103706214521600,24.894521484375,0.13071034848690033,0.022284267470240593,-0.006462959107011557
1791103706224493800,24.904493896484375,0.05754292011260986,0.08062959462404251,0.15966369211673737
1791103706234465500,24.914465576171875,0.26876941323280334,0.0952940285205841,0.08302085101604462
1791103706244437800,24.924437744140626,0.28901341557502747,0.1628246009349823,-0.05258704349398613
1791103706254409500,24.934409423828125,0.23917236924171448,0.07245129346847534,-0.021616345271468163
1791103706264381700,24.944381591796876,0.14625334739685059,0.12838752567768097,-0.07712487876415253
1791103706274353700,24.954353759765624,0.16130074858665466,0.07214769721031189,0.08296998590230942
1791103706284325600,24.96432568359375,0.17419789731502533,0.07180175185203552,-0.12203989177942276
1791103706294298000,24.974298095703126,0.15259353816509247,0.014736069366335869,0.00112465291749686
1791103706304270000,24.98427001953125,0.16681428253650665,0.045163750648498535,0.01085877325385809
1791103706314242000,24.994241943359373,0.05874054506421089,0.004219512455165386,0.01474618911743164
1791103706324214000,25.004214111328125,0.08627097308635712,0.03292252868413925,-0.015000254847109318
1791103706334186000,25.01418603515625,0.2049187868833542,0.025199895724654198,-0.0453760027885437
1791103706344158200,25.024158203125,0.17218375205993652,0.041477400809526443,-0.0242020096629858
1791103706354130000,25.0341298828125,0.1994241625070572,0.044802624732255936,0.04699813574552536
1791103706364102100,25.04410205078125,0.2536360025405884,0.1050310805439949,0.06837666034698486
1791103706374073900,25.054073974609373,0.23159433901309967,0.1785058230161667,-0.05565846711397171
1791103706384046000,25.064046142578125,0.24428564310073853,0.166676864027977,-0.07452936470508575
1791103706394018000,25.07401806640625,0.3228808343410492,0.16592611372470856,-0.05007754638791084
1791103706403990000,25.083989990234375,0.33190470933914185,0.22318728268146515,-0.053586263209581375
1791103706413962200,25.093962158203126,0.2384250909090042,0.2358170598745346,0.04400314390659332
1791103706423934000,25.103933837890626,0.2878917157649994,0.262337863445282,-0.1251762956380844
1791103706433906200,25.11390625,0.29731157422065735,0.24056893587112427,0.030368825420737267
1791103706443878100,25.123878173828125,0.3175310790538788,0.21864445507526398,-0.04553978890180588
1791103706453850000,25.13385009765625,0.2613288164138794,0.1912975162267685,0.09033495932817459
1791103706463822000,25.143822021484375,0.24858424067497253,0.20624984800815582,-0.054420363157987595
1791103706473794000,25.1537939453125,0.2209547460079193,0.16173990070819855,0.14375104010105133
1791103706483766000,25.16376611328125,0.22714127600193024,0.2140427827835083,-0.035467714071273804
1791103706493738200,25.17373828125,0.25285810232162476,0.21787400543689728,-0.0377361923456192
1791103706503710000,25.1837099609375,0.21809078752994537,0.14166446030139923,0.1863728016614914
1791103706513682200,25.19368212890625,0.2125580757856369,0.2060042917728424,-0.15754088759422302
1791103706523654000,25.20365380859375,0.1440969854593277,0.21086110174655914,0.06357524544000626
1791103706533626000,25.213626220703127,0.232091024518013,0.24757571518421173,-0.0720323845744133
1791103706543598000,25.22359814453125,0.2206524759531021,0.2360716462135315,-0.010408964939415455
1791103706553570000,25.233570068359374,0.16066130995750427,0.21490031480789185,0.011836685240268707
1791103706563542000,25.2435419921875,0.12020283937454224,0.2521723210811615,-0.151190847158432
1791103706573514000,25.253513916015624,0.13193219900131226,0.1920674443244934,0.12816356122493744
1791103706583486200,25.263486328125,0.17851248383522034,0.22771865129470825,0.04116687923669815
1791103706593458200,25.273458251953127,0.1210838109254837,0.1572122573852539,0.058278221637010574
1791103706603431000,25.283430908203126,0.07462497055530548,0.12273310869932175,0.08972588926553726
1791103706613403100,25.293403076171874,-0.02123631350696087,0.17479471862316132,0.08444883674383163
1791103706623375000,25.303375,0.11625231057405472,0.18846631050109863,0.0851934552192688
1791103706633347000,25.31334716796875,-0.016817329451441765,0.18217486143112183,0.17947708070278168
1791103706643319000,25.323319091796876,0.14412787556648254,0.19941377639770508,-0.004679440520703793
1791103706653291000,25.333291015625,0.04355014115571976,0.23698857426643372,0.035116974264383316
1791103706663263000,25.343262939453126,0.04548119753599167,0.1838633120059967,0.0984293669462204
1791103706673235200,25.353235107421874,-0.026519492268562317,0.17780329287052155,0.1375514715909958
1791103706683207000,25.36320703125,0.09008727967739105,0.2819722890853882,-0.23777660727500916
1791103706693179100,25.37317919921875,-0.07774406671524048,0.13275592029094696,0.27670055627822876
1791103706703151000,25.383151123046876,-0.06956470012664795,0.18541300296783447,-0.05637512356042862
1791103706713123000,25.393123046875,-0.07077057659626007,0.17612895369529724,0.11949736624956131
1791103706723095300,25.40309521484375,-0.07138177007436752,0.2102709412574768,0.06510523706674576
1791103706733067000,25.41306689453125,-0.06548339873552322,0.1420801728963852,0.19013266265392303
1791103706743039200,25.423039306640625,-0.01643383502960205,0.1804792284965515,0.04397118464112282
1791103706753011000,25.433010986328124,-0.026937341317534447,0.19668643176555634,0.07089175283908844
1791103706762983200,25.442983154296876,-0.06235578656196594,0.19576817750930786,0.030478546395897865
1791103706772955100,25.452955078125,-0.035168904811143875,0.20742882788181305,0.03533295542001724
1791103706782927000,25.462927001953126,-0.02750139869749546,0.2255532294511795,0.06489165127277374
1791103706792899000,25.472899169921874,-0.034868236631155014,0.19106823205947876,0.05678924545645714
1791103706802871000,25.48287109375,-0.07851585000753403,0.21838267147541046,0.026631876826286316
1791103706812843000,25.492843017578124,-0.09740991145372391,0.1223783791065216,0.05690988898277283
1791103706822815200,25.502815185546876,-0.1655077338218689,0.1474219411611557,-0.07891345769166946
1791103706832787000,25.512786865234375,-0.1303926259279251,0.14013127982616425,0.1484328806400299
1791103706842759200,25.52275927734375,-0.09011418372392654,0.10894618928432465,0.15558426082134247
1791103706852731000,25.53273095703125,-0.17601071298122406,0.1336672455072403,-0.03597504645586014
1791103706862703000,25.542703125,-0.1621875762939453,0.11670131236314774,-0.011481153778731823
1791103706872675000,25.552675048828124,-0.18360258638858795,0.014664163812994957,0.11173079162836075
1791103706882647000,25.56264697265625,-0.20497924089431763,0.005823534447699785,0.14680488407611847
1791103706892619000,25.572618896484375,-0.16971740126609802,0.08284401893615723,-0.06297630071640015
1791103706902591000,25.582591064453126,-0.20704346895217896,0.0672040730714798,0.0022008363157510757
1791103706912563200,25.592563232421874,-0.2796849012374878,0.061757106333971024,0.10322146117687225
1791103706922535200,25.60253515625,-0.19768936932086945,0.002335858531296253,0.049680471420288086
1791103706932507100,25.612507080078124,-0.1819508969783783,0.04445401579141617,-0.05246187746524811
1791103706942479000,25.62247900390625,-0.23490040004253387,0.031195469200611115,0.036188896745443344
1791103706952451000,25.632451171875,-0.18133224546909332,-0.011602060869336128,0.13086587190628052
1791103706962423000,25.642423095703126,-0.2147170901298523,0.04470142349600792,-0.05662093311548233
1791103706972395300,25.652395263671874,-0.21867668628692627,-0.026804981753230095,0.03880412131547928
1791103706982367000,25.662366943359373,-0.25787922739982605,-0.0032237565610557795,0.017553959041833878
1791103706992339200,25.672339111328125,-0.16889847815036774,-0.012674516066908836,-0.037403564900159836
1791103707002311000,25.682310791015624,-0.17731459438800812,0.03771595284342766,-0.18379193544387817
1791103707012283100,25.692283203125,-0.2386178970336914,-0.022520221769809723,0.02683347836136818
1791103707022255000,25.702255126953126,-0.15388144552707672,-0.01984880492091179,-0.16037049889564514
1791103707032227000,25.71222705078125,-0.133613720536232,-0.0019105518003925681,-0.097067691385746
1791103707042199000,25.722198974609373,-0.1628589630126953,-0.05739644914865494,0.020447751507163048
1791103707052171000,25.7321708984375,-0.2713196575641632,-0.0942591205239296,0.00890720821917057
1791103707062143000,25.74214306640625,-0.2455088347196579,-0.1269531548023224,0.05258571356534958
1791103707072115200,25.752115234375,-0.24554851651191711,-0.14800091087818146,0.08891043066978455
1791103707082087000,25.7620869140625,-0.13359054923057556,-0.04099057614803314,0.04788044095039368
1791103707092059100,25.77205908203125,-0.0783696398139,0.04989272356033325,-0.1528545320034027
1791103707102031000,25.782031005859373,-0.14030997455120087,0.01318025030195713,0.01507109496742487
1791103707112003000,25.792003173828125,-0.10218495875597,0.007995874620974064,-0.050564639270305634
1791103707121975300,25.801975341796876,-0.022586002945899963,0.0432119183242321,-0.10839305073022842
1791103707131947000,25.811947021484375,-0.055749546736478806,0.023032881319522858,-0.09109368920326233
1791103707141919200,25.821919189453126,-0.0947805717587471,-0.02291889861226082,0.12437095493078232
1791103707151891000,25.831890869140626,-0.11247940361499786,0.05073428526520729,0.10301133990287781
1791103707161863200,25.84186328125,-0.11893943697214127,0.0005155879771336913,0.06744188815355301
1791103707171835100,25.851835205078125,-0.13576476275920868,-0.025733591988682747,0.1275118887424469
1791103707181807000,25.86180712890625,-0.0728670135140419,0.04114876687526703,0.06899797916412354
1791103707191779000,25.871779052734375,0.0035414716694504023,0.1077142134308815,0.05770670622587204
1791103707201751000,25.8817509765625,0.017830129712820053,0.0940154418349266,-0.06064150854945183
1791103707211723000,25.891722900390626,-0.0739370733499527,0.1161644235253334,-0.07391736656427383
1791103707221695200,25.9016953125,-0.027402330189943314,0.08633941411972046,-0.004603806417435408
1791103707231667000,25.9116669921875,0.02058010920882225,0.09234005212783813,-0.007752461824566126
1791103707241639200,25.92163916015625,-0.007666974328458309,0.0945185124874115,0.056000951677560806
1791103707251611000,25.93161083984375,-0.060383982956409454,0.0992932990193367,-0.014682806096971035
1791103707261583000,25.9415830078125,-0.03976019471883774,0.06396806240081787,-0.015955263748764992
1791103707271555000,25.95155517578125,-0.1409778892993927,0.02480042167007923,-0.09204231202602386
1791103707281527000,25.961527099609373,-0.1260327696800232,-0.03675801306962967,0.04252615571022034
1791103707291499300,25.971499267578125,-0.09744959324598312,-0.023780163377523422,-0.03357899934053421
1791103707301470700,25.981470703125,-0.1485644429922104,-0.0780857503414154,0.0713823065161705
1791103707311442700,25.991442626953123,-0.17766399681568146,-0.04380953311920166,-0.026794862002134323
1791103707321414700,26.00141455078125,-0.15396453440189362,-0.05366189777851105,0.03087748773396015
1791103707331387000,26.011386962890626,-0.15962748229503632,-0.050825364887714386,-0.061531003564596176
1791103707341358600,26.021358642578125,-0.13226109743118286,-0.09861712157726288,-0.06547035276889801
1791103707351330800,26.031330810546876,-0.13744254410266876,-0.050576359033584595,-0.1569448709487915
1791103707361302500,26.041302490234376,-0.17608368396759033,-0.03429512307047844,-0.06450522691011429
1791103707371274800,26.051274658203123,-0.20155814290046692,-0.08010415732860565,-0.09438029676675797
1791103707381246700,26.061246826171875,-0.1874641627073288,-0.11643846333026886,-0.027826571837067604
1791103707391218700,26.07121875,-0.22058430314064026,-0.08832906186580658,-0.013802098110318184
1791103707401190700,26.081190673828125,-0.2803365886211395,-0.039258189499378204,-0.006226737052202225
1791103707411164000,26.091163818359377,-0.2531057596206665,-0.05922071263194084,-0.11235503852367401
1791103707421135600,26.101135498046876,-0.12748844921588898,-0.08286585658788681,0.13579697906970978
1791103707431107800,26.11110791015625,-0.0969044417142868,0.05477270111441612,-0.061707839369773865
1791103707441079600,26.12107958984375,-0.016817862167954445,0.004293282050639391,-0.03795084357261658
1791103707451051800,26.1310517578125,-0.04928738996386528,0.02726863883435726,-0.2017488330602646
1791103707461023700,26.141023681640625,-0.06818944215774536,0.06312277913093567,-0.1823522299528122
1791103707470995700,26.15099560546875,-0.10987643152475357,0.02774001844227314,-0.08718496561050415
1791103707480967700,26.1609677734375,-0.10069625079631805,-0.013770673424005508,0.15799708664417267
1791103707490939600,26.170939697265624,-0.0838853120803833,0.0014743260107934475,0.02846226841211319
1791103707500911600,26.18091162109375,-0.26838698983192444,-0.02907479554414749,0.061104897409677505
1791103707510883800,26.1908837890625,-0.333984375,-0.033127062022686005,0.28729090094566345
1791103707520855600,26.20085546875,-0.2021017074584961,-0.077061228454113,0.09696383029222488
1791103707530827800,26.210827880859377,-0.13889797031879425,-0.02268454059958458,0.16267520189285278
1791103707540799700,26.2207998046875,-0.15451127290725708,-0.031565647572278976,0.2549467980861664
1791103707550771700,26.230771728515624,-0.08131402730941772,0.0020746025256812572,0.07669637352228165
1791103707560744000,26.240743896484375,0.07316263020038605,0.03816496208310127,-0.05940287187695503
1791103707570715600,26.250715576171874,0.046846866607666016,-0.008322378620505333,0.1200566291809082
1791103707580688000,26.26068798828125,-0.10092714428901672,-0.035167574882507324,0.16776663064956665
1791103707590659600,26.27065966796875,-0.21455198526382446,-0.010575679130852222,0.13202141225337982
1791103707600631800,26.2806318359375,-0.2449098825454712,0.008490423671901226,0.09433848410844803
1791103707610603800,26.290603759765624,-0.17887626588344574,-0.08301286399364471,0.18368194997310638
1791103707620575700,26.30057568359375,-0.08358517289161682,-0.10464172065258026,0.08811361342668533
1791103707630547700,26.310547607421874,-0.16688193380832672,-0.12097808718681335,0.10161930322647095
1791103707640519700,26.320519775390625,-0.16204962134361267,-0.1119568943977356,0.1942693442106247
1791103707650491600,26.33049169921875,-0.15471820533275604,-0.10975605994462967,-0.03195580095052719
1791103707660463900,26.3404638671875,-0.14019252359867096,-0.191797137260437,0.06663628667593002
1791103707670435600,26.350435546875,-0.13779301941394806,-0.20728448033332825,0.14245036244392395
1791103707680407800,26.36040771484375,-0.19513434171676636,-0.1429600864648819,0.028930718079209328
1791103707690379500,26.370379638671874,-0.2220170795917511,-0.22021278738975525,0.16511838138103485
1791103707700351700,26.380351806640626,-0.22753356397151947,-0.22854049503803253,0.007540474180132151
1791103707710323700,26.39032373046875,-0.14579927921295166,-0.2390703707933426,-0.18745911121368408
1791103707720295700,26.400295654296876,-0.17492280900478363,-0.2662186324596405,-0.04706710949540138
1791103707730267600,26.410267578125,-0.1916690319776535,-0.29851505160331726,0.06187481805682182
1791103707740239600,26.420239501953127,-0.20386870205402374,-0.2373044341802597,-0.11231961846351624
1791103707750211800,26.4302119140625,-0.1749798059463501,-0.23142816126346588,0.006905843038111925
1791103707760183800,26.440183837890626,-0.0855117067694664,-0.240199014544487,-0.000278300343779847
1791103707770155800,26.45015576171875,0.008622516877949238,-0.20152166485786438,-0.07119961082935333
1791103707780127700,26.460127685546876,-0.04434163123369217,-0.2543305456638336,-0.11914210021495819
1791103707790099700,26.470099609375,-0.08497720956802368,-0.24189092218875885,-0.08236198127269745
1791103707800071700,26.48007177734375,-0.057195644825696945,-0.15073545277118683,-0.29259192943573
1791103707810044000,26.4900439453125,0.008451541885733604,-0.14673298597335815,-0.12441302835941315
1791103707820015600,26.500015625,0.03220507502555847,-0.16126371920108795,-0.20953431725502014
1791103707829987800,26.50998779296875,-0.04405480995774269,-0.1894167959690094,-0.0388810858130455
1791103707839959600,26.51995947265625,-0.013703295029699802,-0.18933610618114471,-0.2671315670013428
1791103707849931800,26.529931884765624,0.007411577273160219,-0.13101740181446075,-0.21382173895835876
1791103707859903700,26.53990380859375,0.01866130158305168,-0.1531330943107605,-0.1544675976037979
1791103707869875700,26.549875732421874,0.11915728449821472,-0.1595478504896164,-0.1594940572977066
1791103707879847700,26.55984765625,0.11139816045761108,-0.10739409923553467,-0.19526483118534088
1791103707889819600,26.569819580078125,0.05187411606311798,-0.10150318592786789,-0.12791162729263306
1791103707899791600,26.57979150390625,0.030194120481610298,-0.18828175961971283,-0.03299017250537872
1791103707909763800,26.589763916015624,0.1311979740858078,-0.1452120542526245,-0.25682780146598816
1791103707919735600,26.599735595703127,0.14707200229167938,-0.11516840010881424,-0.06363143771886826
1791103707929707800,26.609707763671874,0.07069627195596695,-0.16234976053237915,-0.01356454472988844
1791103707939679700,26.6196796875,0.20627647638320923,-0.1496371626853943,-0.11168977618217468
1791103707949651700,26.629651611328125,0.2078879475593567,-0.09079941362142563,-0.043956805020570755
1791103707959624000,26.6396240234375,0.13243021070957184,-0.14812874794006348,0.08029670268297195
1791103707969595600,26.649595703125,0.22264079749584198,-0.07354532182216644,-0.09405858814716339
1791103707979567900,26.65956787109375,0.2585172951221466,-0.05042455717921257,-0.09745225310325623
1791103707989539600,26.66953955078125,0.24619485437870026,-0.08421926945447922,0.027064640074968338
1791103707999511800,26.67951171875,0.31339627504348755,-0.0516916885972023,-0.02985137328505516
1791103708009483800,26.68948388671875,0.37998780608177185,-0.005686647724360228,0.020961474627256393
1791103708019455700,26.699455810546876,0.30725714564323425,-0.010467820800840855,0.0496479794383049
1791103708029427700,26.709427734375,0.28720512986183167,-0.013648168183863163,-0.06214806064963341
1791103708039399700,26.719399658203123,0.2733079791069031,0.02021845243871212,0.032331306487321854
1791103708049371600,26.72937158203125,0.34143322706222534,0.03615081310272217,0.06343569606542587
1791103708059344000,26.73934375,0.4114389419555664,0.02099076844751835,0.12424152344465256
1791103708069315600,26.749315673828125,0.35749900341033936,0.034318823367357254,0.07620581984519958
1791103708079287800,26.759287841796876,0.38410133123397827,0.07106911391019821,0.0423719584941864
1791103708089259500,26.769259521484376,0.4004896283149719,0.053702909499406815,0.08745022118091583
1791103708099231700,26.779231689453123,0.42818835377693176,0.0496320016682148,-0.00598572101444006
1791103708109203700,26.78920361328125,0.43927085399627686,0.10860344022512436,0.03201572224497795
1791103708119175700,26.79917578125,0.5083795785903931,0.14889466762542725,-0.08783823996782303
1791103708129147600,26.809147705078125,0.4997293949127197,0.12584048509597778,0.1894325166940689
1791103708139119600,26.81911962890625,0.4937801659107208,0.12835611402988434,-0.012092082761228085
1791103708149091800,26.829091796875,0.4034441411495209,0.14624376595020294,0.041073136031627655
1791103708159063800,26.839063720703123,0.3802184462547302,0.12634462118148804,0.08937488496303558
1791103708169035800,26.849035888671875,0.3628019094467163,0.13695092499256134,-0.01924906112253666
1791103708179007700,26.8590078125,0.4040215015411377,0.11294705420732498,0.0046757119707763195
1791103708188979700,26.868979736328125,0.3632226884365082,0.08403737843036652,0.11662035435438156
1791103708198951700,26.87895166015625,0.34283724427223206,0.13275085389614105,-0.03959428146481514
1791103708208924000,26.888923828125,0.405823677778244,0.12891536951065063,-0.002092445734888315
1791103708218895600,26.8988955078125,0.347883403301239,0.13871712982654572,-0.004802478477358818
1791103708228867800,26.908867919921875,0.3330487906932831,0.1949617713689804,-0.17020076513290405
1791103708238839600,26.918839599609374,0.258258193731308,0.08645792305469513,0.12365882098674774
1791103708248811800,26.928811767578125,0.3286449909210205,0.12063480168581009,-0.1548263281583786
1791103708258783700,26.93878369140625,0.2563449740409851,0.2050466239452362,-0.19028019905090332
1791103708268755700,26.948755615234376,0.32881036400794983,0.10095670819282532,0.03347087278962135
1791103708278727700,26.958727783203123,0.2367725968360901,0.14259949326515198,0.0089378347620368
1791103708288699600,26.96869970703125,0.2894914746284485,0.16812163591384888,-0.04227901250123978
1791103708298671900,26.978671875,0.2655206322669983,0.1449073851108551,0.09563011676073074
1791103708308643800,26.988643798828125,0.26081880927085876,0.21112662553787231,-0.05446776747703552
1791103708318615800,26.99861572265625,0.24938586354255676,0.2373449057340622,0.10145631432533264
1791103708328588000,27.008588134765624,0.2838410437107086,0.27652186155319214,-0.05326774716377258
1791103708338559700,27.018559814453123,0.34704238176345825,0.3406233489513397,-0.04267928749322891
1791103708348532000,27.028531982421875,0.32810038328170776,0.2820274233818054,0.03973596170544624
1791103708358504000,27.03850390625,0.3225215971469879,0.3487872779369354,-0.037455763667821884
1791103708368476000,27.048475830078125,0.2940247058868408,0.3805049955844879,-0.044207409024238586
1791103708378448100,27.0584482421875,0.250264972448349,0.40482765436172485,-0.1914096474647522
1791103708388419800,27.068419921875,0.3031681180000305,0.33113744854927063,0.2003573328256607
1791103708398392000,27.07839208984375,0.2927948534488678,0.41239580512046814,-0.08065330237150192
1791103708408363800,27.08836376953125,0.22384268045425415,0.3873296082019806,0.04182521253824234
1791103708418336000,27.0983359375,0.2987020015716553,0.38002562522888184,0.015092932619154453
1791103708428308000,27.108307861328125,0.278472363948822,0.3901025056838989,0.08404377102851868
1791103708438280000,27.118280029296876,0.23603516817092896,0.33212655782699585,0.04426812753081322
1791103708448252000,27.128251953125,0.12821176648139954,0.39152783155441284,-0.0680946335196495
1791103708458223900,27.138223876953123,0.1225954219698906,0.2649294137954712,0.18397410213947296
1791103708468195800,27.14819580078125,0.15512220561504364,0.33510610461235046,-0.08787792176008224
1791103708478168000,27.15816796875,-0.010116550140082836,0.33986595273017883,0.10192796587944031
1791103708488139800,27.168139892578125,0.057132527232170105,0.22816605865955353,0.04880642145872116
1791103708498112000,27.178112060546876,0.009188172407448292,0.24649153649806976,0.14314331114292145
1791103708508083700,27.188083740234376,-0.0000351537273672875,0.20123963057994843,0.1308291256427765
1791103708518056000,27.198055908203123,-0.0621829479932785,0.15790493786334991,0.1256095916032791
1791103708528028000,27.20802783203125,-0.040643833577632904,0.16556712985038757,-0.04723275825381279
1791103708538000000,27.217999755859374,-0.03629728779196739,0.15341725945472717,0.07537171989679337
1791103708547971800,27.227971923828125,-0.05625554919242859,0.1409001350402832,0.0768846645951271
1791103708557943800,27.23794384765625,-0.09164416790008545,0.1170392706990242,0.08246371895074844
1791103708567916000,27.247916015625,-0.1485399454832077,0.10553787648677826,0.18733526766300201
1791103708577888000,27.257887939453123,-0.17466475069522858,0.13127653300762177,0.18574190139770508
1791103708587860000,27.26785986328125,-0.24471840262413025,0.15565058588981628,0.04783010482788086
1791103708597832000,27.27783203125,-0.08773278445005417,0.0734446570277214,-0.03513002395629883
1791103708607804000,27.287803955078125,-0.11474283039569855,0.11829335242509842,0.03754577785730362
1791103708617775900,27.29777587890625,-0.12641066312789917,0.11251296103000641,0.10598209500312805
1791103708627748000,27.307748046875,-0.21654269099235535,0.09060340374708176,0.25923264026641846
1791103708637719800,27.3177197265625,-0.0961020290851593,0.15610970556735992,0.07536586374044418
1791103708647692000,27.327692138671875,-0.12296773493289948,0.25910401344299316,0.1256876140832901
1791103708657663700,27.337663818359374,-0.08402672410011292,0.17281945049762726,0.10632004588842392
1791103708667636000,27.347635986328125,-0.12813213467597961,0.22138112783432007,0.10645027458667755
1791103708677608000,27.35760791015625,-0.06686984747648239,0.24445953965187073,-0.0119485380128026
1791103708687580000,27.367579833984376,-0.0928788110613823,0.20957159996032715,0.09091552346944809
1791103708697552000,27.3775517578125,-0.09243858605623245,0.21701860427856445,-0.05458574742078781
1791103708707523800,27.38752392578125,-0.14890240132808685,0.18125315010547638,0.14186285436153412
1791103708717495800,27.397495849609374,-0.19318890571594238,0.1893123984336853,-0.012862801551818848
1791103708727468000,27.407468017578125,-0.19522914290428162,0.14734657108783722,0.0302636306732893
1791103708737439700,27.417439697265625,-0.18051785230636597,0.11938658356666565,0.19444698095321655
1791103708747412000,27.427411865234376,-0.26807326078414917,0.1117238700389862,-0.0345262847840786
1791103708757384000,27.437384033203124,-0.19266346096992493,0.054311174899339676,-0.09633798897266388
1791103708767356000,27.44735595703125,-0.22403016686439514,0.07772382348775864,0.07409419864416122
1791103708777328000,27.457328125,-0.27052149176597595,0.06963979452848434,0.0542089082300663
1791103708787299800,27.4672998046875,-0.2537507712841034,0.03237045556306839,0.02243739925324917
1791103708797272000,27.47727197265625,-0.2538945972919464,0.05971419811248779,-0.22187727689743042
1791103708807243800,27.487243896484376,-0.2744920253753662,0.04241696372628212,-0.0562712624669075
1791103708817216000,27.497216064453124,-0.23079992830753326,-0.03386582061648369,-0.06289055198431015
1791103708827188000,27.50718798828125,-0.30226877331733704,-0.03014165721833706,-0.09074109047651291
1791103708837160000,27.517159912109374,-0.39110279083251953,-0.04351312294602394,-0.08874877542257309
1791103708847132000,27.5271318359375,-0.3659023642539978,-0.09101246297359467,0.026125077158212662
1791103708857104000,27.537103759765625,-0.3031601309776306,-0.05501265078783035,-0.02906387485563755
1791103708867075800,27.547075927734376,-0.28907495737075806,-0.06053018942475319,-0.06480003148317337
1791103708877048000,27.557048095703124,-0.34208276867866516,-0.05428321287035942,0.014621286652982235
1791103708887019800,27.567019775390627,-0.23355895280838013,-0.04170750081539154,0.05501611530780792
1791103708896992000,27.576991943359374,-0.1391640156507492,0.015027951449155807,0.015841813758015633
1791103708906963700,27.586963623046874,-0.1742924451828003,0.09981687366962433,-0.10181557387113571
1791103708916936000,27.59693603515625,-0.19341233372688293,0.021642711013555527,0.25701475143432617
1791103708926908000,27.606907958984376,-0.24232688546180725,0.11637347936630249,-0.10081662237644196
1791103708936879900,27.6168798828125,-0.21376155316829681,0.0013544837711378932,0.2785639762878418
1791103708946852000,27.62685205078125,-0.11644671857357025,0.04312669858336449,0.14078214764595032
1791103708956823800,27.63682373046875,-0.18839308619499207,-0.01924719847738743,0.23954947292804718
1791103708966796000,27.646796142578125,-0.20394806563854218,-0.04527001082897186,0.15196503698825836
1791103708976768000,27.65676806640625,-0.12388412654399872,0.0016647420125082135,0.1386103481054306
1791103708986740000,27.666739990234376,-0.1306685358285904,0.050454385578632355,0.1683858186006546
1791103708996712000,27.6767119140625,-0.13702523708343506,0.0065441858023405075,0.1606203019618988
1791103709006684000,27.686683837890627,-0.1545371115207672,-0.007767908275127411,0.04873558133840561
1791103709016656000,27.69665576171875,-0.23505859076976776,-0.050401654094457626,0.13179105520248413
1791103709026628000,27.706628173828125,-0.28224366903305054,-0.04917100816965103,-0.003555586328729987
1791103709036599800,27.716599853515625,-0.22604244947433472,-0.14666533470153809,0.18169043958187103
1791103709046572000,27.726572021484376,-0.23422980308532715,-0.21654722094535828,0.18639518320560455
1791103709056543700,27.736543701171875,-0.2514950931072235,-0.2516127824783325,0.17623761296272278
1791103709066516000,27.746515869140627,-0.28227749466896057,-0.2389630526304245,0.027121100574731827
1791103709076488000,27.756488037109374,-0.29692327976226807,-0.272303968667984,0.07696615159511566
1791103709086460000,27.7664599609375,-0.29403430223464966,-0.25809013843536377,0.12014930695295334
1791103709096431900,27.776431884765625,-0.24839675426483154,-0.27851206064224243,0.09472757577896118
1791103709106403800,27.78640380859375,-0.2853100299835205,-0.24151408672332764,0.086766317486763
1791103709116375800,27.796375732421875,-0.21619701385498047,-0.24473118782043457,-0.1072007566690445
1791103709126348000,27.80634814453125,-0.21871396899223328,-0.21963222324848175,-0.004818723537027836
1791103709136320000,27.816320068359374,-0.24079929292201996,-0.24182221293449402,0.09210356324911118
1791103709146292000,27.8262919921875,-0.18135887384414673,-0.29998457431793213,0.15711212158203125
1791103709156264000,27.836263916015625,-0.10357246547937393,-0.15253707766532898,-0.30462726950645447
1791103709166236000,27.84623583984375,-0.20539496839046478,-0.21272797882556915,0.2945314943790436
1791103709176208100,27.8562080078125,-0.15292643010616302,-0.15731239318847656,-0.024584971368312836
1791103709186179800,27.866179931640627,-0.010690727271139622,-0.024505343288183212,-0.23520931601524353
1791103709196152000,27.876152099609374,0.010626012459397316,0.05482649803161621,-0.07246354967355728
1791103709206123800,27.886123779296874,0.040835846215486526,0.001883387565612793,0.0730971097946167
1791103709216096000,27.896095947265625,0.15910762548446655,0.11173052340745926,-0.40131041407585144
1791103709226068000,27.90606787109375,0.15929405391216278,0.17933513224124908,-0.27227920293807983
1791103709236040000,27.9160400390625,0.09164097160100937,0.06488365679979324,0.10363691300153732
1791103709246012000,27.926011962890627,0.1076846495270729,0.13868597149848938,-0.16866837441921234
1791103709255983900,27.93598388671875,0.09343620389699936,0.15471793711185455,-0.16491305828094482
1791103709265955800,27.945955810546874,0.0495997779071331,0.03752953186631203,0.008748217485845089
1791103709275928000,27.955927978515625,-0.0493430495262146,0.05377987399697304,-0.1606256365776062
1791103709285899800,27.965899658203124,-0.093911312520504,0.015996810048818588,0.037333257496356964
1791103709295872000,27.9758720703125,-0.0027265443932265043,-0.0015169365797191858,-0.08355987071990967
1791103709305843700,27.98584375,-0.06053018942475319,-0.006720487028360367,0.032220255583524704
1791103709315815400,27.9958154296875,-0.07099321484565735,0.008204134181141853,-0.08412685990333557
1791103709325787600,28.00578759765625,-0.0441616028547287,-0.014113422483205795,0.0503675676882267
1791103709335759600,28.015759521484377,-0.08674261718988419,0.012701946310698986,-0.03446236997842789
1791103709345731600,28.025731689453124,-0.07411497086286545,-0.04228433966636658,0.033006418496370316
1791103709355703600,28.03570361328125,-0.022553512826561928,-0.036724723875522614,0.016355004161596298
1791103709365675500,28.045675537109375,-0.042814042419195175,-0.039921317249536514,-0.01506923045963049
1791103709375647500,28.0556474609375,-0.09169716387987137,-0.01140072662383318,-0.012072907760739326
1791103709385619700,28.06561962890625,-0.04910442978143692,-0.05264297127723694,0.011629225686192513
1791103709395591400,28.07559130859375,-0.11434495449066162,-0.0628972053527832,0.04186808690428734
1791103709405563600,28.085563720703124,-0.1036936417222023,-0.13710007071495056,-0.05422062799334526
1791103709415535400,28.095535400390624,-0.08916689455509186,-0.0868946835398674,0.06973087787628174
1791103709425507600,28.105507568359375,-0.028181303292512894,-0.028419123962521553,0.09098636358976364
1791103709435479600,28.1154794921875,-0.10663297027349472,-0.0981191098690033,0.009590042755007744
1791103709445451500,28.125451416015625,-0.14721527695655823,-0.15727297961711884,0.10070370882749557
1791103709455423500,28.135423583984377,-0.08140084892511368,-0.11575242877006531,-0.0352189727127552
1791103709465395500,28.1453955078125,-0.050576891750097275,-0.07144861668348312,0.06628767400979996
1791103709475367400,28.155367431640624,-0.1350635439157486,-0.08894984424114227,-0.05325496569275856
1791103709485339600,28.165339599609375,-0.04237861558794975,-0.11162613332271576,0.014611433260142803
1791103709495311600,28.1753115234375,-0.012009791098535061,-0.0359145924448967,0.048646099865436554
1791103709505283600,28.18528369140625,-0.0044019389897584915,-0.06532547622919083,0.09752123057842255
1791103709515255600,28.195255615234377,-0.013754960149526596,-0.0650240033864975,0.026018550619482994
1791103709525227500,28.2052275390625,0.03458034619688988,-0.05198517069220543,-0.04490195959806442
1791103709535199700,28.21519970703125,0.02033962681889534,-0.025064339861273766,0.05300622805953026
1791103709545171500,28.22517138671875,0.017963554710149765,-0.00572952488437295,-0.14771941304206848
1791103709555143700,28.235143798828126,0.031217040494084358,-0.0007712514488957822,0.01188195962458849
1791103709565115400,28.245115478515626,0.021340709179639816,0.021498100832104683,0.021144432947039604
1791103709575087600,28.255087646484377,-0.0138404481112957,0.02310824953019619,-0.037037111818790436
1791103709585059600,28.2650595703125,-0.0024796691723167896,-0.006441121455281973,-0.034744132310152054
1791103709595031600,28.275031494140624,-0.03906084969639778,-0.022905848920345306,-0.008777778595685959
1791103709605003500,28.28500341796875,-0.11784034967422485,-0.04193173721432686,0.09162791818380356
1791103709614975500,28.2949755859375,-0.10644149035215378,-0.03946644812822342,-0.13008077442646027
1791103709624947500,28.304947509765626,-0.01311979629099369,-0.03188256546854973,0.017711885273456573
1791103709634919700,28.314919677734373,-0.02172686718404293,-0.05784226208925247,0.09406977146863937
1791103709644891400,28.324891357421876,-0.0672469511628151,-0.09113603830337524,0.0025683525018393993
1791103709654863600,28.334863525390624,-0.11187433451414108,-0.11193052679300308,-0.044200483709573746
1791103709664835300,28.34483544921875,-0.15091414749622345,-0.13195297122001648,-0.02852112427353859
1791103709674807600,28.3548076171875,-0.15293069183826447,-0.12413366883993149,0.010875018313527107
1791103709684779500,28.364779541015626,-0.06399869173765182,-0.1283808797597885,0.035287417471408844
1791103709694751500,28.37475146484375,-0.05625288560986519,-0.07656987756490707,-0.08725953847169876
1791103709704723700,28.3847236328125,-0.08033665269613266,-0.16512876749038696,-0.015838351100683212
1791103709714695400,28.3946953125,-0.1000155434012413,-0.1118524968624115,-0.11882118880748749
1791103709724667600,28.404667724609375,-0.1316421777009964,-0.1143830344080925,0.08309728652238846
1791103709734639600,28.4146396484375,-0.031982168555259705,-0.12267425656318665,0.06602668762207031
1791103709744611600,28.424611572265626,0.050456516444683075,-0.1374761015176773,0.16179396212100983
1791103709754583600,28.43458349609375,-0.04348862171173096,-0.07790571451187134,0.10168161988258362
1791103709764555500,28.444555419921876,-0.028563467785716057,-0.12200899422168732,0.14900705218315125
1791103709774527500,28.454527587890624,0.03015017881989479,-0.0849606990814209,0.06516408920288086
1791103709784499700,28.464499755859375,0.06030994653701782,-0.12268730252981186,0.10325554758310318
1791103709794471400,28.474471435546874,0.03275395184755325,-0.04952947050333023,-0.050098586827516556
1791103709804443600,28.484443603515626,-0.020540429279208183,-0.0764433741569519,0.06916362792253494
1791103709814415400,28.494415283203125,-0.0332181416451931,-0.07326622307300568,-0.098870649933815
1791103709824387600,28.5043876953125,0.0431477352976799,-0.07440020143985748,-0.0015014902455732226
1791103709834359600,28.514359619140624,0.032829850912094116,-0.050764378160238266,-0.05535300448536873
1791103709844331500,28.52433154296875,-0.012602344155311584,-0.11663766950368881,0.1593734174966812
1791103709854303500,28.534303466796874,-0.0052118063904345036,-0.08729682117700577,-0.06920916587114334
1791103709864275500,28.544275390625,0.016412261873483658,-0.13998480141162872,0.06431081146001816
1791103709874247400,28.554247314453125,0.018277807161211967,-0.0752502828836441,0.051597148180007935
1791103709884219600,28.5642197265625,0.03940679505467415,-0.048647962510585785,0.03230733796954155
1791103709894191600,28.574191650390624,0.04532220587134361,-0.050784882158041,-0.005561745725572109
1791103709904163600,28.58416357421875,0.071513332426548,0.009278452955186367,-0.13854296505451202
1791103709914135600,28.594135498046874,0.0641784518957138,0.02418496459722519,0.07034340500831604
1791103709924107500,28.604107421875,0.14776095747947693,0.04625324904918671,-0.06752471625804901
1791103709934079700,28.614079833984373,0.21133488416671753,0.07547824829816818,-0.03291879966855049
1791103709944051500,28.624051513671876,0.1591595560312271,0.019410183653235435,0.09706956148147583
1791103709954023700,28.634023681640624,0.07299378514289856,0.021977737545967102,-0.012223376892507076
1791103709963995400,28.643995361328123,0.11343681067228317,0.04054369777441025,0.06767598539590836
1791103709973967600,28.653967529296875,0.1155947744846344,0.014101970940828323,0.06897240877151489
1791103709983939600,28.663939697265626,0.08984759449958801,0.015632223337888718,-0.048407480120658875
1791103709993911600,28.67391162109375,0.08358117938041687,0.02556474879384041,-0.01696912944316864
1791103710003883500,28.683883544921876,0.10764922946691513,-0.0210669357329607,0.041029192507267
1791103710013855500,28.69385546875,0.10155458748340607,0.01179061271250248,-0.009188438765704632
1791103710023827500,28.703827392578123,0.0927288681268692,0.03080984391272068,-0.18026165664196014
1791103710033799700,28.713799560546875,0.04382098466157913,0.00603472301736474,0.0009478190331719816
1791103710043771400,28.723771484375,0.000013848437447450124,-0.0025278725661337376,0.057382598519325256
1791103710053743600,28.73374365234375,0.030487336218357086,-0.0312252976000309,-0.12416908890008926
1791103710063715600,28.743715576171876,0.015564844943583012,-0.04429289698600769,-0.044611409306526184
1791103710073687600,28.7536875,0.003011502558365464,-0.07637307047843933,0.14654363691806793
1791103710083659800,28.76365966796875,0.08429597318172455,-0.05549601465463638,-0.01306173950433731
1791103710093631500,28.773631591796875,0.045700374990701675,-0.10971930623054504,0.11732369661331177
1791103710103603700,28.783603759765626,0.010514958761632442,-0.08945371955633163,0.0019925772212445736
1791103710113575400,28.793575439453125,-0.00887871254235506,-0.09293526411056519,0.0672200471162796
1791103710123547600,28.803547607421876,0.03416995331645012,-0.008926383219659328,-0.16221900284290314
1791103710133519600,28.81351953125,0.04769694805145264,-0.007197459228336811,-0.06192568689584732
1791103710143491600,28.82349169921875,0.09228359162807465,-0.018385665491223335,0.019103653728961945
1791103710153463600,28.833463623046875,0.12460957467556,0.0028929917607456446,-0.09737901389598846
1791103710163435500,28.843435546875,0.07873395830392838,-0.007411843631416559,-0.16503235697746277
1791103710173407500,28.853407470703125,0.045208223164081573,-0.004758269991725683,0.0014687333023175597
1791103710183379700,28.863379638671876,0.05830911174416542,0.0048946235328912735,0.18905380368232727
1791103710193351400,28.873351318359376,0.08948381245136261,0.0489925779402256,-0.003680488560348749
1791103710203323600,28.88332373046875,0.1055152416229248,0.016878049820661545,0.05714850872755051
1791103710213295400,28.89329541015625,0.061887603253126144,0.02117639221251011,0.04783623293042183
1791103710223267600,28.903267578125,0.087531179189682,0.05131405219435692,0.06290732324123383
1791103710233239600,28.913239501953125,0.16992352902889252,0.09786131232976913,-0.009040100499987602
1791103710243211500,28.92321142578125,0.24509364366531372,0.1554819941520691,-0.023457389324903488
1791103710253183500,28.93318359375,0.15358608961105347,0.14628557860851288,0.019047461450099945
1791103710263155500,28.943155517578123,0.1532055288553238,0.14771835505962372,-0.10908094793558121
1791103710273127700,28.953127685546875,0.16932404041290283,0.1459880918264389,-0.02997174672782421
1791103710283099600,28.963099609375,0.10704043507575989,0.1158970445394516,0.10346194356679916
1791103710293071600,28.973071533203125,0.07187418639659882,0.09217440336942673,-0.03218749910593033
1791103710303043600,28.983043701171876,0.05251620337367058,0.10780369490385056,-0.0946066677570343
1791103710313015800,28.993015869140624,0.027238279581069946,0.08067859709262848,0.0725511685013771
1791103710322987500,29.002987548828123,0.04982880875468254,0.08609067648649216,0.026912573724985123
1791103710332959700,29.012959716796875,0.10463958978652954,0.0962330624461174,-0.038291461765766144
1791103710342931700,29.022931640625,0.11565335839986801,0.12866157293319702,-0.09206680953502655
1791103710352903700,29.032903564453125,0.06722936779260635,0.12073121219873428,-0.00917405728250742
1791103710362875600,29.042875732421876,0.08821055293083191,0.13058091700077057,-0.16789978742599487
1791103710372847600,29.05284765625,0.041122667491436005,0.07022356241941452,0.02004135213792324
1791103710382819600,29.062819580078123,-0.004836566746234894,0.11601342260837555,-0.01852468214929104
1791103710392791800,29.072791748046875,-0.022250710055232048,0.038488537073135376,0.13736291229724884
1791103710402763500,29.082763427734374,0.02154657058417797,0.06011846289038658,0.0031129689887166023
1791103710412735700,29.09273583984375,0.0005885586142539978,0.028125910088419914,0.14631274342536926
1791103710422707500,29.10270751953125,-0.029978938400745392,0.08669015020132065,-0.04322336986660957
1791103710432679700,29.1126796875,-0.052375324070453644,0.0437469482421875,0.05825718119740486
1791103710442651600,29.122651611328124,0.023809725418686867,0.07606307417154312,-0.05469227209687233
1791103710452623600,29.13262353515625,0.023546604439616203,0.1108655333518982,-0.017966482788324356
1791103710462595600,29.142595703125,-0.006430468522012234,0.14588662981987,-0.07935847342014313
1791103710472567600,29.152567626953125,-0.044080909341573715,0.11529756337404251,0.03988642990589142
1791103710482539800,29.162539794921877,0.006967894732952118,0.10623429715633392,-0.06096109002828598
1791103710492511700,29.17251171875,-0.030789071694016457,0.06126495450735092,0.05149728059768677
1791103710502483700,29.182483642578124,-0.07280203700065613,0.09947146475315094,-0.04459197074174881
1791103710512455700,29.19245556640625,-0.09806158393621445,0.11587227135896683,0.018978217616677284
1791103710522427600,29.202427734375,-0.12569774687290192,0.08092653751373291,0.09281329065561295
1791103710532399600,29.212399658203125,-0.06834496557712555,0.0605352483689785,-0.004563859198242426
1791103710542371800,29.222371826171877,-0.0015877765836194158,0.061159227043390274,-0.01335868239402771
1791103710552343600,29.232343505859376,-0.055684033781290054,0.13579271733760834,-0.0052051483653485775
1791103710562315800,29.242315673828124,-0.08942202478647232,0.10597649961709976,0.16392795741558075
1791103710572287500,29.25228759765625,-0.053285326808691025,0.13456234335899353,-0.01293577253818512
1791103710582259700,29.262259765625,-0.06401200592517853,0.10072368383407593,-0.032816801220178604
1791103710592231700,29.272231689453125,-0.13639459013938904,0.13058118522167206,-0.08638601750135422
1791103710602203600,29.28220361328125,-0.14320749044418335,0.11534922569990158,0.00315930787473917
1791103710612175600,29.292175537109376,-0.12399011850357056,0.07461431622505188,0.031023962423205376
1791103710622147600,29.302147705078124,-0.18180681765079498,0.09634757786989212,0.00398595305159688
1791103710632119600,29.31211962890625,-0.20067983865737915,0.07272586971521378,0.10337325930595398
1791103710642091800,29.322091796875,-0.16931313276290894,0.06339015811681747,-0.06221197545528412
1791103710652063500,29.3320634765625,-0.08217662572860718,0.0007472829893231392,0.04524817317724228
1791103710662035700,29.34203564453125,-0.13537274301052094,0.02798209898173809,-0.07317834347486496
1791103710672007700,29.352007568359376,-0.1586381196975708,-0.0346117727458477,0.13709446787834167
1791103710681979600,29.361979736328124,-0.14365383982658386,0.06300240010023117,-0.13943779468536377
1791103710691951900,29.371951904296875,-0.16779886186122894,-0.008978847414255142,-0.012541358359158039
1791103710701923600,29.381923583984374,-0.23489026725292206,0.03939134627580643,-0.03229641914367676
1791103710711895800,29.391895751953125,-0.22350020706653595,0.0012492889072746038,0.07856511324644089
1791103710721867500,29.401867431640625,-0.24743641912937164,-0.026160497218370438,0.06016293913125992
1791103710731839700,29.41183984375,-0.27949637174606323,-0.04716990888118744,0.03104686550796032
1791103710741811700,29.421811767578124,-0.25416889786720276,-0.060735251754522324,0.01961737684905529
1791103710751783700,29.43178369140625,-0.20530681312084198,-0.11163678020238876,0.01636618934571743
1791103710761755600,29.441755615234374,-0.26823145151138306,-0.1776842474937439,0.1347532868385315
1791103710771727600,29.4517275390625,-0.2936348021030426,-0.11389833688735962,0.042878225445747375
1791103710781699600,29.461699462890625,-0.25711116194725037,-0.11351218074560165,-0.10661805421113968
1791103710791671800,29.471671875,-0.2887425720691681,-0.13515383005142212,-0.04989219084382057
1791103710801643500,29.4816435546875,-0.31126919388771057,-0.12238316982984543,-0.027543744072318077
1791103710811615700,29.49161572265625,-0.32311680912971497,-0.1618110090494156,-0.00902438722550869
1791103710821587500,29.50158740234375,-0.3584692180156708,-0.21249255537986755,0.02232634462416172
1791103710831559700,29.5115595703125,-0.318070650100708,-0.21263636648654938,-0.06971489638090134
1791103710841531600,29.52153173828125,-0.3263101875782013,-0.21845218539237976,0.05964016169309616
1791103710851503600,29.531503662109376,-0.3207939863204956,-0.20609964430332184,-0.02689020335674286
1791103710861475600,29.5414755859375,-0.3237660825252533,-0.2304995208978653,0.004968126770108938
1791103710871447600,29.551447509765627,-0.2594512701034546,-0.21252398192882538,0.14060291647911072
1791103710881419800,29.561419677734374,-0.2227739542722702,-0.13249865174293518,0.013230051845312119
1791103710891391700,29.571391845703126,-0.24713575839996338,-0.15476347506046295,-0.08571650087833405
1791103710901363700,29.58136376953125,-0.23492543399333954,-0.19924971461296082,0.08459611237049103
1791103710911335700,29.591335693359376,-0.10646891593933105,-0.10936564207077026,-0.08077047765254974
1791103710921307600,29.6013076171875,-0.183748260140419,-0.15005607903003693,0.09325378388166428
1791103710931279600,29.611279541015627,-0.20369853079319,-0.15817898511886597,-0.06173793226480484
1791103710941251800,29.621251953125,-0.20798622071743011,-0.11294092983007431,0.0013456953456625342
1791103710951223600,29.6312236328125,-0.18484388291835785,-0.06382638216018677,0.03989335522055626
1791103710961195800,29.64119580078125,-0.15452885627746582,-0.07441990822553635,0.023514114320278168
1791103710971167500,29.65116748046875,-0.17744456231594086,-0.06662243604660034,0.053593721240758896
1791103710981139700,29.6611396484375,-0.06223514303565025,-0.038966573774814606,-0.08800096064805984
1791103710991111700,29.671111572265627,-0.14394572377204895,-0.1418823003768921,0.20838037133216858
1791103711001083600,29.681083740234374,-0.150613471865654,-0.1334954798221588,0.03844006732106209
1791103711011055600,29.6910556640625,-0.1421624720096588,-0.1262655258178711,0.04584045708179474
1791103711021027600,29.701027587890625,-0.19798924028873444,-0.17632603645324707,0.07635549455881119
1791103711030999600,29.71099951171875,-0.20679205656051636,-0.19159527122974396,0.010155165567994118
1791103711040971800,29.7209716796875,-0.1734846979379654,-0.19487467408180237,0.01450197771191597
1791103711050943500,29.730943603515627,-0.15736325085163116,-0.21007467806339264,0.030168822035193443
1791103711060915700,29.740915771484374,-0.13560204207897186,-0.21507927775382996,-0.15293921530246735
1791103711070887700,29.7508876953125,-0.11751917004585266,-0.219390407204628,-0.0012463594321161509
1791103711080859600,29.760859619140625,-0.15236370265483856,-0.15784555673599243,0.047866858541965485
1791103711090832000,29.770831787109376,-0.15100735425949097,-0.1887424886226654,0.06483705341815948
1791103711100803600,29.780803466796876,-0.021684521809220314,-0.12231126427650452,-0.08156277239322662
1791103711110775800,29.79077587890625,-0.04593154042959213,-0.18000438809394836,0.23981313407421112
1791103711120747500,29.80074755859375,-0.020425911992788315,-0.16633784770965576,0.10869425535202026
1791103711130719700,29.8107197265625,0.06053951010107994,-0.10786335170269012,-0.08514392375946045
1791103711140691700,29.820691650390625,-0.04849403351545334,-0.1147894337773323,-0.02636050060391426
1791103711150663700,29.83066357421875,-0.1043197438120842,-0.16531705856323242,0.004335892386734486
1791103711160635600,29.8406357421875,-0.039988428354263306,-0.12387906759977341,-0.11200136691331863
1791103711170607600,29.850607666015627,0.003820304526016116,-0.06534891575574875,-0.08514578640460968
1791103711180579600,29.86057958984375,-0.028329642489552498,-0.08673036843538284,0.05734025314450264
1791103711190551800,29.8705517578125,-0.09838276356458664,-0.07258738577365875,0.031210117042064667
1791103711200523500,29.8805234375,-0.01233096793293953,-0.10396288335323334,-0.05246374011039734
1791103711210495700,29.890495849609376,0.06195657700300217,-0.08465230464935303,-0.09494329243898392
1791103711220467500,29.900467529296876,-0.008293616585433483,-0.046177614480257034,0.10081103444099426
1791103711230439700,29.910439697265623,0.025609223172068596,-0.04765034466981888,0.04538292810320854
1791103711240410600,29.92041064453125,0.06393850594758987,-0.015922507271170616,-0.10465477406978607
1791103711250382600,29.930382568359374,0.05517297238111496,-0.04718615487217903,0.024729048833251
1791103711260354800,29.940354736328125,-0.024622522294521332,-0.08658682554960251,0.04746818169951439
1791103711270326500,29.950326416015624,-0.02582094445824623,-0.12229128926992416,-0.03570260480046272
1791103711280298800,29.960298828125,-0.07527504861354828,-0.057614561170339584,-0.18189497292041779
1791103711290270500,29.9702705078125,-0.06775694340467453,-0.11544350534677505,0.06162208318710327
1791103711300243200,29.9802431640625,0.01458906289190054,-0.13005627691745758,-0.06641551107168198
1791103711310215200,29.990215087890626,-0.07215248793363571,-0.08500996232032776,-0.10946870595216751
1791103711320187100,30.000187255859377,-0.08864890784025192,-0.11032171547412872,-0.0508304238319397
1791103711330159000,30.0101591796875,-0.07669930160045624,-0.08309808373451233,0.04637735337018967
1791103711340131300,30.02013134765625,-0.044500090181827545,-0.07479114830493927,-0.08245386183261871
1791103711350103000,30.03010302734375,-0.0016732640797272325,-0.09375019371509552,-0.11410606652498245
1791103711360075300,30.0400751953125,0.01531477365642786,-0.043469980359077454,-0.042928025126457214
1791103711370047000,30.050046875,0.05795997381210327,-0.02075800858438015,0.09848769009113312
1791103711380019200,30.060019287109377,0.055091213434934616,-0.047628771513700485,0.017829064279794693
1791103711389991200,30.0699912109375,0.05392874404788017,-0.05290502682328224,0.055215053260326385
1791103711399963100,30.079963134765624,0.03176272287964821,0.023510651662945747,-0.10232770442962646
1791103711409935400,30.089935302734375,-0.08573141694068909,-0.049913763999938965,0.10265820473432541
1791103711419907000,30.099906982421874,-0.0387018546462059,-0.01894466206431389,0.009505621157586575
1791103711429879300,30.10987939453125,0.0832485482096672,0.02684972435235977,-0.02406245842576027
1791103711439851300,30.119851318359373,0.05529894307255745,-0.037471476942300797,0.013035108335316181
1791103711449823200,30.1298232421875,0.04298075661063194,-0.01197090931236744,-0.08036194741725922
1791103711459795200,30.139795166015624,0.040641169995069504,-0.007954861968755722,0.14802461862564087
1791103711469767200,30.14976708984375,-0.0279738437384367,-0.0029670277144759893,-0.10493733733892441
1791103711479739100,30.1597392578125,-0.10188561677932739,-0.03568395972251892,0.07264171540737152
1791103711489711400,30.16971142578125,0.03404105827212334,-0.005526592023670673,-0.009905627928674221
1791103711499683000,30.17968310546875,0.02557140588760376,0.030671892687678337,-0.022968165576457977
1791103711509655300,30.1896552734375,-0.037098899483680725,-0.03682272881269455,-0.08221764117479324
1791103711519627000,30.199626953125,-0.026814570650458336,-0.058286476880311966,0.13464996218681335
1791103711529599200,30.20959912109375,-0.045531000941991806,-0.025428926572203636,-0.03892289847135544
1791103711539571000,30.219571044921874,-0.08834770321846008,-0.0606609508395195,0.08547468483448029
1791103711549543200,30.229543212890626,-0.0726771354675293,-0.09771350771188736,0.03223463520407677
1791103711559515100,30.23951513671875,-0.14429140090942383,-0.08588747680187225,0.089323490858078
1791103711569487000,30.249487060546876,-0.07767348736524582,-0.1342637985944748,0.1058550626039505
1791103711579459000,30.259458984375,-0.03809332475066185,-0.10135005414485931,0.012349610216915607
1791103711589431000,30.26943115234375,-0.06319388002157211,-0.09789913147687912,-0.008666192181408405
1791103711599403300,30.2794033203125,-0.08291991800069809,-0.08058725297451019,0.041675273329019547
1791103711609375200,30.289375244140626,-0.056893642991781235,-0.10118360817432404,-0.0873575434088707
1791103711619347200,30.29934716796875,-0.06834124028682709,-0.13703961670398712,-0.02647554874420166
1791103711629319200,30.309319091796876,-0.05842842161655426,-0.08344829082489014,-0.07064620405435562
1791103711639291100,30.319291015625,-0.09881100058555603,-0.1591033637523651,0.011275824159383774
1791103711649263000,30.32926318359375,-0.15623381733894348,-0.17083032429218292,0.026756513863801956
1791103711659235300,30.3392353515625,-0.17259520292282104,-0.17561575770378113,-0.07107364386320114
1791103711669207000,30.34920703125,-0.10791555047035217,-0.2349400818347931,0.06674280762672424
1791103711679179300,30.35917919921875,-0.05566432699561119,-0.16603770852088928,-0.03435824066400528
1791103711689151000,30.36915087890625,-0.05662306398153305,-0.16188636422157288,-0.0022301310673356056
1791103711699123200,30.379123291015624,-0.07770144939422607,-0.1551847904920578,-0.0838237926363945
1791103711709095200,30.38909521484375,-0.07589023560285568,-0.1560889333486557,0.07190109044313431
1791103711719067100,30.399067138671874,-0.009435313753783703,-0.11770319938659668,-0.10271066427230835
1791103711729039000,30.4090390625,0.02082804962992668,-0.10288030654191971,0.04351525381207466
1791103711739011000,30.419010986328125,0.06168413534760475,-0.0693519115447998,-0.05522863566875458
1791103711748983000,30.428983154296876,0.020681310445070267,-0.08602622896432877,-0.015230884775519371
1791103711758955300,30.438955322265624,0.04891135171055794,-0.06859530508518219,-0.09191181510686874
1791103711768927000,30.448927001953123,-0.046372026205062866,-0.0920976996421814,0.01948581635951996
1791103711778899200,30.458899169921875,-0.026624687016010284,-0.14743073284626007,0.027941087260842323
1791103711788871200,30.46887109375,-0.056053414940834045,-0.11368555575609207,-0.05819246545433998
1791103711798843100,30.478843017578125,-0.06382691860198975,-0.22160455584526062,0.16384725272655487
1791103711808815400,30.4888154296875,0.005682653281837702,-0.18653206527233124,0.0031965922098606825
1791103711818787000,30.498787109375,-0.01709403283894062,-0.22455081343650818,0.08842786401510239
1791103711828759300,30.50875927734375,-0.10469711571931839,-0.17404690384864807,-0.08655592799186707
1791103711838731000,30.51873095703125,-0.1084524393081665,-0.2572941184043884,0.0824434757232666
1791103711848703200,30.528703125,-0.09985469281673431,-0.22203785181045532,-0.04679973050951958
1791103711858675200,30.53867529296875,-0.08729629218578339,-0.18994463980197906,-0.18485108017921448
1791103711868647200,30.548647216796876,-0.08295560628175735,-0.23348093032836914,-0.0016021577175706625
1791103711878619100,30.558619140625,0.0186461228877306,-0.25000718235969543,-0.0759163349866867
1791103711888591000,30.568591064453123,-0.001719869440421462,-0.27217772603034973,-0.09987279772758484
1791103711898563000,30.57856298828125,-0.05188823118805885,-0.2646750807762146,-0.10553894191980362
1791103711908535300,30.588535400390626,-0.10285740345716476,-0.3290380835533142,0.2412613481283188
1791103711918507000,30.598507080078125,0.018762236461043358,-0.2367134690284729,-0.15756885707378387
1791103711928479200,30.608479248046876,0.05048421397805214,-0.2952726483345032,0.06591776013374329
1791103711938451000,30.618450927734376,0.09117491543292999,-0.16491597890853882,-0.03560113534331322
1791103711948423200,30.628423095703123,0.08774636685848236,-0.1627151519060135,0.15083691477775574
1791103711958395100,30.63839501953125,0.23804771900177002,-0.12723997235298157,-0.05716954544186592
1791103711968367000,30.6483671875,0.28969627618789673,-0.08333004266023636,0.020311662927269936
1791103711978339000,30.658339111328125,0.2416056990623474,-0.03777214512228966,-0.07854966819286346
1791103711988311000,30.66831103515625,0.16964469850063324,-0.05006822571158409,0.04416932538151741
1791103711998283300,30.678283203125,0.24045388400554657,-0.06913352757692337,0.012560000643134117
1791103712008255200,30.688255126953123,0.26581624150276184,-0.03436356782913208,-0.08234547078609467
1791103712018227200,30.698227294921875,0.19634421169757843,-0.048589106649160385,-0.01321354042738676
1791103712028199200,30.70819921875,0.18190908432006836,-0.05390530824661255,0.08131296187639236
1791103712038171100,30.718171142578125,0.28283169865608215,-0.016114788129925728,-0.03441762924194336
1791103712048143000,30.72814306640625,0.2928507924079895,-0.06923579424619675,-0.07611687481403351
1791103712058115300,30.738115234375,0.18915154039859772,-0.023448335006833076,0.013000753708183765
1791103712068087000,30.748087158203123,0.2253449708223343,-0.01703783869743347,0.02400200627744198
1791103712078059300,30.758059326171875,0.34870684146881104,0.0011496866354718804,-0.11581262201070786
1791103712088031000,30.768031005859374,0.3055458068847656,0.020563332363963127,0.17817719280719757
1791103712098003200,30.778003173828125,0.2640838325023651,-0.014434865675866604,0.048957422375679016
1791103712107975200,30.78797509765625,0.2714296281337738,-0.02581082470715046,-0.1707531064748764
1791103712117947100,30.797947021484376,0.1795487254858017,-0.034066092222929,0.1363202929496765
1791103712127919000,30.807919189453123,0.25505146384239197,-0.04344840720295906,-0.05961672589182854
1791103712137891000,30.81789111328125,0.3237953782081604,-0.03725975379347801,0.03009345382452011
1791103712147863000,30.827863037109374,0.31899529695510864,0.028060130774974823,-0.13244804739952087
1791103712157835300,30.837835205078125,0.21583296358585358,-0.06560111045837402,0.16151539981365204
1791103712167807000,30.847806884765625,0.20143218338489532,-0.02256416529417038,-0.12853160500526428
1791103712177779200,30.857779296875,0.24812139570713043,-0.011001784354448318,-0.002311623888090253
1791103712187751200,30.867751220703123,0.23001669347286224,0.03748346120119095,-0.2081470787525177
1791103712197723100,30.87772314453125,0.2874208688735962,0.023247266188263893,0.03814711794257164
1791103712207695400,30.8876953125,0.3076539635658264,0.03386182710528374,-0.058390870690345764
1791103712217667000,30.8976669921875,0.2950337827205658,0.0700930655002594,-0.11248073726892471
1791103712227639300,30.907639404296877,0.27814745903015137,0.057668354362249374,0.0981377512216568
1791103712237611000,30.917611083984376,0.3320852518081665,0.04162547364830971,0.03591619059443474
1791103712247583200,30.927583251953124,0.3104071319103241,0.003989148885011673,0.09557578712701797
1791103712257555200,30.93755517578125,0.24810248613357544,0.045937664806842804,-0.04887433350086212
1791103712267527200,30.947527099609374,0.24753762781620026,0.09638112783432007,0.0019169433508068323
1791103712277499100,30.9574990234375,0.28262317180633545,0.1434786021709442,-0.01290754321962595
1791103712287471000,30.96747119140625,0.3602719008922577,0.18855713307857513,-0.07311229407787323
1791103712297443000,30.977443115234376,0.41192737221717834,0.21203076839447021,-0.11834795027971268
1791103712307415000,30.9874150390625,0.39093661308288574,0.24089783430099487,-0.05842496082186699
1791103712317386800,30.99738671875,0.34370648860931396,0.22548052668571472,-0.039090678095817566
1791103712327359000,31.00735888671875,0.38984256982803345,0.2512474060058594,-0.06856947392225266
1791103712337331000,31.0173310546875,0.35487765073776245,0.2517171800136566,0.006125004030764103
1791103712347303000,31.027302978515625,0.3113618791103363,0.24925030767917633,0.1353066861629486
1791103712357275100,31.037275146484376,0.3714100420475006,0.30696871876716614,-0.0543854758143425
1791103712367246800,31.047246826171875,0.3941928446292877,0.29241880774497986,0.07923463732004166
1791103712377219000,31.057218994140626,0.3418380320072174,0.37942907214164734,-0.10726147890090942
1791103712387190800,31.067190673828126,0.3755509853363037,0.29833635687828064,0.1531599909067154
1791103712397163000,31.0771630859375,0.43938907980918884,0.2775157690048218,0.042082738131284714
1791103712407135000,31.087135009765625,0.39691752195358276,0.2600334584712982,0.06250785291194916
1791103712417107000,31.09710693359375,0.2523004114627838,0.2842453122138977,-0.04657868668437004
1791103712427079000,31.107078857421875,0.2222708910703659,0.26719895005226135,0.10736241191625595
1791103712437051000,31.11705078125,0.20303113758563995,0.24584385752677917,0.1769990175962448
1791103712447022800,31.12702294921875,0.18107950687408447,0.19991497695446014,0.06024283543229103
1791103712456995000,31.1369951171875,0.12241006642580032,0.146126851439476,0.0763658806681633
1791103712466966800,31.146966796875,0.06472919136285782,0.14928855001926422,0.08795168995857239
1791103712476939000,31.15693896484375,0.13381291925907135,0.18695764243602753,-0.027639882639050484
1791103712486910700,31.16691064453125,0.16682147979736328,0.18649983406066895,-0.07073382288217545
1791103712496883000,31.176883056640627,0.11620809882879257,0.1946810632944107,0.04320632666349411
1791103712506855000,31.18685498046875,0.10830969363451004,0.17154885828495026,0.23589934408664703
1791103712516827000,31.196826904296874,0.09307455271482468,0.1638248860836029,-0.020851219072937965
1791103712526798800,31.206798828125,0.065425343811512,0.18387022614479065,0.017732391133904457
1791103712536770800,31.216770751953124,-0.026155704632401466,0.2050279825925827,0.06021060794591904
1791103712546743000,31.226742919921875,0.044549889862537384,0.16459400951862335,-0.03923102468252182
1791103712556715000,31.236715087890627,0.15362603962421417,0.20787277817726135,0.12788952887058258
1791103712566687000,31.24668701171875,0.17712178826332092,0.23211978375911713,-0.011484615504741669
1791103712576659000,31.256658935546874,0.09620402753353119,0.21439698338508606,0.08050256222486496
1791103712586631000,31.266630859375,0.03803872689604759,0.22460541129112244,0.05910539627075195
1791103712596603000,31.276602783203124,0.04682343080639839,0.21791714429855347,0.12776941061019897
1791103712606575000,31.2865751953125,0.04478611424565315,0.23871217668056488,0.04095755144953728
1791103712616546800,31.296546875,0.00004820321555598639,0.2082490772008896,-0.008779110386967659
1791103712626518000,31.30651806640625,0.0062975771725177765,0.22404135763645172,-0.1315484344959259
1791103712636490000,31.316489990234373,0.023152723908424377,0.18954169750213623,0.13664226233959198
1791103712646462000,31.3264619140625,0.005041630007326603,0.1913049817085266,0.03621446341276169
1791103712656434000,31.336433837890624,0.004252003040164709,0.13378949463367462,-0.03130599111318588
1791103712666406000,31.346406005859375,-0.04590863734483719,0.12751534581184387,-0.014178669080138206
1791103712676378000,31.356378173828126,-0.11865607649087906,0.160866379737854,0.1206585094332695
1791103712686349800,31.366349853515626,-0.10155698657035828,0.0124809043481946,0.5411980152130127
1791103712696322000,31.376322021484373,-0.07078255712985992,0.10365848243236542,-0.04145263507962227
1791103712706293800,31.386293701171876,-0.12133841216564178,0.08845103532075882,0.16886864602565765
1791103712716266000,31.396265869140624,-0.16459161043167114,0.03153529018163681,0.3273395001888275
1791103712726238000,31.406238037109375,-0.10527076572179794,0.07178231328725815,0.1615161895751953
1791103712736210000,31.4162099609375,-0.14344210922718048,0.09859661757946014,0.10150105506181717
1791103712746182000,31.426181884765626,-0.1906176209449768,0.08540011942386627,0.01966717839241028
1791103712756153900,31.43615380859375,-0.1279188096523285,0.09019380807876587,-0.1445784866809845
1791103712766125800,31.446125732421876,-0.06317178159952164,0.179917573928833,-0.21303904056549072
1791103712776098000,31.45609814453125,0.028174379840493202,0.11750265955924988,-0.1572074592113495
1791103712786069800,31.46606982421875,0.0572771392762661,0.11958897858858109,-0.11979697644710541
1791103712796042000,31.4760419921875,0.0539013147354126,0.1452655792236328,-0.16268691420555115
1791103712806013700,31.486013671875,-0.11953598260879517,0.1523626446723938,-0.03098960779607296
1791103712815986000,31.49598583984375,-0.10561324656009674,0.019589412957429886,-0.03945846110582352
1791103712825958000,31.5059580078125,-0.2076091170310974,0.006283195689320564,-0.16627845168113708
1791103712835929900,31.515929931640624,-0.2220413237810135,-0.04351605102419853,-0.08023225516080856
1791103712845902000,31.525902099609375,-0.08840629458427429,-0.02412664145231247,0.11976155638694763
1791103712855873800,31.535873779296875,-0.15479916334152222,-0.024452345445752144,0.10394690185785294
1791103712865846000,31.545845947265626,-0.31161007285118103,-0.061824217438697815,0.1133049875497818
1791103712875818000,31.55581787109375,-0.23585353791713715,-0.12083187699317932,0.1942642778158188
1791103712885790000,31.5657900390625,-0.14039599895477295,-0.10676532983779907,0.08212283253669739
1791103712895762000,31.575761962890624,-0.18439194560050964,-0.12187903374433517,0.1823223978281021
1791103712905734000,31.58573388671875,-0.18719971179962158,-0.0020458402577787638,-0.059482499957084656
1791103712915705900,31.595705810546875,-0.18226514756679535,-0.007194529753178358,0.05060325562953949
1791103712925678000,31.605677978515626,-0.10561670362949371,0.012761601246893406,-0.3965801000595093
1791103712935649800,31.61564990234375,-0.14141571521759033,0.02677195891737938,-0.15006087720394135
1791103712945622000,31.6256220703125,-0.08328503370285034,-0.006374808494001627,-0.058337610214948654
1791103712955593700,31.63559375,-0.03609568625688553,-0.027216440066695213,-0.1320299357175827
1791103712965566000,31.64556591796875,-0.09208811819553375,-0.019519904628396034,-0.031192541122436523
1791103712975538000,31.655537841796875,-0.13722842931747437,-0.025665681809186935,0.12308358401060104
1791103712985510000,31.665510009765626,-0.16526032984256744,-0.06805308908224106,0.21169893443584442
1791103712995481900,31.67548193359375,-0.10660820454359055,-0.09846558421850204,0.08375934511423111
1791103713005453800,31.685453857421876,-0.08169566094875336,-0.09131553024053574,0.033723074942827225
1791103713015426000,31.695426025390624,-0.16309571266174316,-0.07571499794721603,0.09931779652833939
1791103713025398000,31.70539794921875,-0.1321668177843094,-0.1340281069278717,0.164453387260437
1791103713035370000,31.715369873046875,-0.06621231138706207,-0.026326945051550865,-0.19089725613594055
1791103713045342000,31.725342041015626,0.04081054776906967,-0.03801822289824486,0.2022271305322647
1791103713055314000,31.73531396484375,0.04433630406856537,-0.05740949511528015,0.08928460627794266
1791103713065286000,31.745285888671877,0.02538844756782055,-0.019144132733345032,0.1238204762339592
1791103713075258000,31.755258056640624,0.010215885937213898,-0.029703034088015556,-0.13611549139022827
1791103713085229800,31.765229736328124,-0.008257930167019367,-0.023914920166134834,-0.030026875436306
1791103713095202000,31.7752021484375,0.02551255002617836,-0.01841016672551632,0.019695142284035683
1791103713105173800,31.785173828125,0.02267654985189438,0.031559523195028305,-0.021160412579774857
1791103713115146000,31.79514599609375,0.07577066123485565,0.004915129859000444,0.049010418355464935
1791103713125118000,31.805117919921877,0.13001258671283722,0.07493709027767181,-0.2420046478509903
1791103713135090000,31.81508984375,0.04026060551404953,0.03941052407026291,0.043348804116249084
1791103713145062000,31.825061767578124,0.09507565200328827,0.03381149470806122,0.10097668319940567
1791103713155033900,31.835033935546875,0.1765369474887848,0.08212549239397049,0.024174844846129417
1791103713165005800,31.845005859375,0.14319577813148499,0.09327775239944458,-0.1404212862253189
1791103713174978000,31.85497802734375,0.09573797881603241,0.039620380848646164,0.11930003017187119
1791103713184949800,31.86494970703125,0.08906809240579605,0.13713441789150238,-0.053223274648189545
1791103713194922000,31.874921875,0.08963774144649506,0.10582789778709412,0.14710529148578644
1791103713204894000,31.88489404296875,0.1525471955537796,0.022433403879404068,0.17449377477169037
1791103713214866000,31.894865966796875,0.17538593709468842,0.0737898051738739,0.0315195769071579
1791103713224838100,31.904838134765626,0.10967803001403809,0.09366071224212646,-0.09621814638376236
1791103713234809900,31.914809814453125,0.08765394985675812,0.06226710230112076,0.03257099166512489
1791103713244782000,31.924781982421877,0.14174595475196838,0.10582150518894196,-0.07107497751712799
1791103713254753800,31.93475390625,0.13205869495868683,0.11583419144153595,0.010537062771618366
1791103713264726000,31.94472607421875,0.15547986328601837,0.06883765012025833,-0.026071814820170403
1791103713274698000,31.954697998046875,0.17570897936820984,0.10254714637994766,-0.18798907101154327
1791103713284670000,31.964669921875,0.11954477429389954,0.11446426063776016,-0.027036411687731743
1791103713294642000,31.974641845703125,0.1754157543182373,0.12299623340368271,-0.08985878527164459
1791103713304614000,31.98461376953125,0.2009216547012329,0.1487167775630951,0.018564630299806595
1791103713314585900,31.9945859375,0.1628538966178894,0.16974349319934845,-0.07171866297721863
1791103713324557800,32.004557861328124,0.1968478113412857,0.16020351648330688,0.014534201472997665
1791103713334529800,32.01452978515625,0.2318771779537201,0.21168109774589539,0.04911108687520027
1791103713344501800,32.024501708984374,0.21572457253932953,0.1425744593143463,0.15416346490383148
1791103713354473700,32.0344736328125,0.14694418013095856,0.20022177696228027,0.008394017815589905
1791103713364446000,32.04444604492188,0.22829441726207733,0.1918964684009552,0.12872149050235748
1791103713374417700,32.05441772460937,0.21274901926517487,0.2884744107723236,-0.04602155461907387
1791103713384390000,32.06438989257813,0.28570497035980225,0.2909282445907593,0.012979447841644287
1791103713394361900,32.07436181640625,0.29160627722740173,0.2248629331588745,0.14703339338302612
1791103713404333800,32.08433374023438,0.24219664931297302,0.2981627285480499,-0.10253569483757019
1791103713414306000,32.09430615234375,0.22718575596809387,0.28013232350349426,0.3398406505584717
1791103713424277800,32.10427783203125,0.1865547001361847,0.2242932915687561,0.1998974084854126
1791103713434250000,32.11425,0.20873376727104187,0.21950732171535492,0.2878187298774719
1791103713444221700,32.1242216796875,0.09911912679672241,0.20299333333969116,0.40538984537124634
1791103713454194000,32.13419384765625,0.019634155556559563,0.16033987700939178,0.1533093899488449
1791103713464166000,32.144165771484374,-0.06413663923740387,0.1928059309720993,0.2684761881828308
1791103713474137900,32.15413793945312,0.13413995504379272,0.28050196170806885,0.030162962153553963
1791103713484109800,32.16410986328125,0.15856806933879852,0.2742978632450104,0.051737230271101
1791103713494081800,32.17408178710937,0.15458372235298157,0.27701589465141296,0.05450878292322159
1791103713504053000,32.18405297851562,0.14938496053218842,0.3422960937023163,0.2528301179409027
1791103713514024700,32.194024658203126,0.27938902378082275,0.33018216490745544,0.042500320822000504
1791103713523997000,32.203996826171874,0.15569238364696503,0.26874491572380066,0.09395205974578857
1791103713533969000,32.21396899414062,-0.03832954540848732,0.27974241971969604,-0.22529783844947815
1791103713543940900,32.22394091796875,-0.20658087730407715,0.23057062923908234,0.013819143176078796
1791103713553912800,32.23391284179687,-0.29326489567756653,0.1685868799686432,-0.12001082301139832
1791103713563884800,32.243884765625,-0.003126284806057811,0.23089952766895294,0.06944538652896881
1791103713573856800,32.25385668945312,0.3100971579551697,0.3435312807559967,0.048053544014692307
1791103713583829000,32.2638291015625,0.2651107609272003,0.2868030071258545,0.1258482038974762
1791103713593800700,32.27380078125,-0.010071010328829288,0.2756688594818115,0.20405539870262146
1791103713603773000,32.28377294921875,-0.18205289542675018,0.18009333312511444,0.16442222893238068
1791103713613744600,32.29374462890625,-0.25685176253318787,0.22440993785858154,-0.05061310902237892
1791103713623716900,32.303716796875,-0.22762010991573334,0.18302440643310547,-0.0037207023706287146
1791103713633688800,32.31368872070313,-0.1670326590538025,0.16893282532691956,-0.037098631262779236
1791103713643660800,32.323660888671874,-0.07599569857120514,0.1722860187292099,-0.125955268740654
1791103713653632800,32.3336328125,0.014566159807145596,0.14000743627548218,-0.3638248145580292
1791103713663604700,32.343604736328125,-0.02177267335355282,0.1689125895500183,-0.28742164373397827
1791103713673576700,32.35357666015625,-0.0664309561252594,0.12729963660240173,-0.23650015890598297
1791103713683549000,32.363548828125,-0.19171270728111267,0.08882121741771698,-0.1777774542570114
1791103713693521000,32.37352099609375,-0.34668925404548645,0.007808121852576733,0.031985096633434296
1791103713703492900,32.38349291992188,-0.46049410104751587,0.03284689784049988,-0.13102352619171143
1791103713713464800,32.39346484375,-0.43729689717292786,-0.03237844631075859,0.05907823517918587
1791103713723436800,32.40343676757813,-0.3223026692867279,-0.02274073287844658,-0.17560191452503204
1791103713733409000,32.413408935546876,-0.21267125010490417,-0.0037936728913336992,-0.0346732921898365
1791103713743380700,32.42338061523437,-0.24739249050617218,-0.009601494297385216,-0.08690906316041946
1791103713753353000,32.43335302734375,-0.20518963038921356,0.08974133431911469,-0.16559694707393646
1791103713763324700,32.44332470703125,-0.24492186307907104,0.09715238213539124,0.11953997611999512
1791103713773297000,32.453296875,-0.12466443330049515,-0.007556186988949776,0.03991119563579559
1791103713783268900,32.463268798828125,-0.14443334937095642,0.06636011600494385,-0.14160853624343872
1791103713793240800,32.47324072265625,-0.20394088327884674,-0.04602102190256119,0.06191316992044449
1791103713803212800,32.483212890625,-0.28967151045799255,-0.09312994033098221,0.018373681232333183
1791103713813184800,32.49318481445312,-0.28104284405708313,-0.11566881090402603,-0.07914941012859344
1791103713823156700,32.50315673828125,-0.37689828872680664,-0.1282554417848587,0.033244773745536804
1791103713833129000,32.51312890625,-0.3793981969356537,-0.16093988716602325,-0.017074590548872948
1791103713843100700,32.5231005859375,-0.4116269648075104,-0.16043627262115479,0.07191493362188339
1791103713853073000,32.533072998046876,-0.28737878799438477,-0.18254238367080688,-0.09173817932605743
1791103713863044900,32.543044921875,-0.29551127552986145,-0.10534825921058655,0.10251465439796448
1791103713873016800,32.55301684570313,-0.27792614698410034,-0.14503228664398193,0.09522052854299545
1791103713882989000,32.562989013671874,-0.37829431891441345,-0.13195084035396576,-0.014505173079669476
1791103713892960800,32.57296069335938,-0.34246599674224854,-0.19818924367427826,0.10758691281080246
1791103713902933000,32.58293310546875,-0.3470170795917511,-0.10436635464429855,0.08617269992828369
1791103713912904700,32.59290478515625,-0.3190368413925171,-0.1264924257993698,0.16012895107269287
1791103713922877000,32.602876953125,-0.2624385356903076,-0.14391136169433594,0.10191357880830765
1791103713932849000,32.61284887695312,-0.198597252368927,-0.1227826476097107,0.07075033336877823
1791103713942820900,32.62282080078125,-0.22932027280330658,-0.008655806072056293,-0.019296199083328247
1791103713952792800,32.632792724609374,-0.2280198484659195,-0.0568837895989418,0.09237946569919586
1791103713962764800,32.64276489257813,-0.21098734438419342,-0.13001392781734467,0.06363490223884583
1791103713972736800,32.65273681640625,-0.270405650138855,-0.0461115688085556,-0.14123275876045227
1791103713982709000,32.662708984375,-0.24468910694122314,-0.10341773182153702,-0.12046702206134796
1791103713992680700,32.6726806640625,-0.2374413162469864,-0.2086980789899826,0.11792051047086716
1791103714002653000,32.68265283203125,-0.2312995344400406,-0.2051728516817093,-0.21246619522571564
1791103714012624600,32.69262475585938,-0.22081492841243744,-0.19842787086963654,-0.02966388501226902
1791103714022596900,32.702596923828125,-0.22596308588981628,-0.2590491473674774,0.05717513710260391
1791103714032568800,32.71256884765625,-0.1842489391565323,-0.2726522982120514,-0.10454212129116058
1791103714042540800,32.722540771484375,-0.2355336993932724,-0.26551690697669983,-0.06945311278104782
1791103714052512800,32.7325126953125,-0.22384321689605713,-0.29247233271598816,0.13802550733089447
1791103714062484700,32.742484619140626,-0.25969842076301575,-0.2345307469367981,-0.12316028028726578
1791103714072457000,32.75245703125,-0.14949095249176025,-0.2241486757993698,0.06643494963645935
1791103714082429000,32.76242895507813,-0.12615394592285156,-0.19607789814472198,-0.06825628876686096
1791103714092401000,32.77240087890625,-0.05446084588766098,-0.1440138965845108,-0.06087533384561539
1791103714102372900,32.78237280273437,-0.016143549233675003,-0.09288786351680756,-0.016216786578297615
1791103714112344800,32.7923447265625,-0.007733020931482315,-0.14829093217849731,-0.0790330320596695
1791103714122316800,32.80231689453125,-0.01889486238360405,-0.19913946092128754,-0.021564148366451263
1791103714132289000,32.8122890625,-0.01648949459195137,-0.10911396890878677,0.061222877353429794
1791103714142260700,32.8222607421875,0.008234228007495403,-0.13614106178283691,-0.03764777630567551
1791103714152233000,32.83223291015625,0.01164626982063055,-0.15290698409080505,-0.08042693138122559
1791103714162204000,32.84220385742187,0.02739007957279682,-0.057305898517370224,0.04384415224194527
1791103714172176000,32.85217578125,0.013617275282740593,-0.033360887318849564,-0.014306235127151012
1791103714182147800,32.86214794921875,0.1097206398844719,0.004232561681419611,-0.037452567368745804
1791103714192119800,32.87211987304688,0.12168329209089279,0.018434401601552963,-0.008223309181630611
1791103714202092000,32.882092041015625,0.1295318901538849,-0.006549245677888393,-0.0016437029698863626
1791103714212063700,32.89206372070313,0.17580671608448029,0.030193854123353958,0.04891161620616913
1791103714222036000,32.902035888671875,0.16008181869983673,0.043241746723651886,0.03333958238363266
1791103714232007700,32.91200756835938,0.1511586308479309,0.031211448833346367,0.003932956140488386
1791103714241980000,32.92197998046875,0.17590472102165222,-0.026636138558387756,0.2564466893672943
1791103714251951900,32.931951904296874,0.09574437141418457,0.07459966838359833,-0.04150083661079407
1791103714261923800,32.941923828125,0.14714950323104858,0.04469476640224457,0.2306281477212906
1791103714271895800,32.951895751953124,0.12981818616390228,0.05369412153959274,-0.10473466664552689
1791103714281867800,32.96186767578125,0.1292509287595749,0.10566464066505432,-0.08269141614437103
1791103714291839700,32.97183984375,0.22486640512943268,0.034450918436050415,0.18021531403064728
1791103714301812000,32.98181201171875,0.23139141499996185,0.15112826228141785,-0.05661800503730774
1791103714311784000,32.99178393554688,0.2100333869457245,0.15851613879203796,-0.05570267513394356
1791103714321756000,33.001755859375,0.17562322318553925,0.06515316665172577,0.025106418877840042
1791103714331728000,33.01172778320313,0.17367379367351532,0.1631806641817093,-0.0628572627902031
1791103714341699800,33.021699951171875,0.17760275304317474,0.11184371262788773,0.2485184669494629
1791103714351671800,33.031671875,0.20958997309207916,0.16614475846290588,-0.04296291247010231
1791103714361644000,33.04164404296875,0.20764108002185822,0.10814084857702255,0.1507897824048996
1791103714371616000,33.051615966796874,0.16569815576076508,0.14762727916240692,0.03081090934574604
1791103714381588000,33.061587890625,0.19138780236244202,0.11662647873163223,-0.005923669319599867
1791103714391560000,33.071559814453124,0.18569716811180115,0.11137499660253525,0.03821662813425064
1791103714401532000,33.08153198242187,0.2132592797279358,0.141069233417511,0.07704684883356094
1791103714411504000,33.09150415039063,0.17417658865451813,0.17539659142494202,-0.13497938215732574
1791103714421475800,33.10147583007812,0.1420855075120926,0.151749849319458,0.04128884896636009
1791103714431448000,33.11144799804688,0.1588599532842636,0.18188324570655823,-0.037275467067956924
1791103714441419800,33.12141967773437,0.04222814738750458,0.14206792414188385,0.09368547797203064
1791103714451392000,33.13139208984375,0.03942091017961502,0.0989082008600235,-0.02581268921494484
1791103714461364000,33.141364013671875,0.07256394624710083,0.10167336463928223,0.06942567974328995
1791103714471336000,33.1513359375,0.04283188655972481,0.1046353355050087,0.006570018362253904
1791103714481308000,33.161307861328126,-0.0024471788201481104,0.1120077595114708,0.006819822825491428
1791103714491280000,33.17127978515625,0.06501814723014832,0.17812126874923706,-0.10207843035459518
1791103714501251800,33.181251953125,0.08511782437562943,0.18218311667442322,0.0057524279691278934
1791103714511224000,33.19122412109375,0.07646121829748154,0.17000235617160797,0.05438121780753136
1791103714521195800,33.20119580078125,0.12087102979421616,0.23440104722976685,-0.018013887107372284
1791103714531168000,33.21116796875,0.06569033116102219,0.22484563291072845,-0.02220570296049118
1791103714541140000,33.22113989257812,0.01943548396229744,0.18351763486862183,0.11409860849380493
1791103714551112000,33.23111181640625,0.061594922095537186,0.21642310917377472,-0.08836235105991364
1791103714561084200,33.241084228515625,0.09519442915916443,0.13763749599456787,0.14928242564201355
1791103714571055900,33.25105590820313,-0.059424445033073425,0.18392056226730347,0.06655638664960861
1791103714581028000,33.261028076171876,-0.08195319026708603,0.12627750635147095,0.04348622262477875
1791103714590999800,33.27099975585938,-0.06878385692834854,0.13669605553150177,0.06094031408429146
1791103714600972000,33.280971923828126,-0.07921253144741058,0.14432655274868011,0.017192568629980087
1791103714610944000,33.290944091796874,-0.12322765588760376,0.1395011693239212,0.007910653948783875
1791103714620916000,33.300916015625,-0.08668509125709534,0.11663980036973953,-0.1715075671672821
1791103714630888000,33.310887939453124,-0.09880327433347702,0.09873723238706589,-0.059250541031360626
1791103714640860000,33.32085986328125,-0.17235338687896729,0.065144382417202,-0.04518185928463936
1791103714650832000,33.330831787109375,-0.1501157283782959,0.03677106276154518,0.08407945930957794
1791103714660804000,33.34080419921875,-0.16505233943462372,0.002055694116279483,-0.03403999283909798
1791103714670775800,33.35077587890625,-0.28160691261291504,-0.06246763840317726,0.0645371824502945
1791103714680748000,33.360748046875,-0.3165057599544525,-0.08643288910388947,-0.04503192380070686
1791103714690719000,33.370718994140624,-0.3102164566516876,-0.12810124456882477,0.2632468044757843
1791103714700691000,33.38069091796875,-0.3814336359500885,-0.04566176235675812,-0.09632547199726105
1791103714710663000,33.390662841796875,-0.3533964157104492,-0.1264282464981079,0.0164231825619936
1791103714720635000,33.400634765625,-0.28804564476013184,-0.06741206347942352,-0.09881472587585449
1791103714730607000,33.41060717773438,-0.22665923833847046,-0.12406628578901291,0.1317862570285797
1791103714740578800,33.42057885742187,-0.2670876383781433,-0.0947430208325386,-0.05361529067158699
1791103714750551000,33.43055102539063,-0.28621870279312134,-0.10678023844957352,-0.060739777982234955
1791103714760522800,33.44052270507812,-0.32007068395614624,-0.13840261101722717,0.11962173879146576
1791103714770495000,33.45049487304688,-0.30534234642982483,-0.16356123983860016,-0.10976484417915344
1791103714780467000,33.460467041015626,-0.33321869373321533,-0.1782032996416092,0.09747143089771271
1791103714790439000,33.47043896484375,-0.33322057127952576,-0.1504925638437271,-0.04614325985312462
1791103714800411000,33.48041088867188,-0.28436729311943054,-0.20180955529212952,0.09675716608762741
1791103714810382800,33.4903828125,-0.23909620940685272,-0.17210252583026886,0.03271853178739548
1791103714820354800,33.50035473632813,-0.25899267196655273,-0.19979487359523773,0.09774227440357208
1791103714830327000,33.5103271484375,-0.31356456875801086,-0.21282172203063965,0.0027145601343363523
1791103714840299000,33.52029907226562,-0.3327212333679199,-0.20582853257656097,0.029892651364207268
1791103714850271000,33.53027099609375,-0.3310447633266449,-0.18236714601516724,-0.008387093432247639
1791103714860243000,33.54024291992187,-0.3075793981552124,-0.2039363533258438,-0.01194028276950121
1791103714870215000,33.55021484375,-0.2754957675933838,-0.20099195837974548,0.06337391585111618
1791103714880187100,33.560187255859375,-0.2246815711259842,-0.1791364699602127,-0.04585883393883705
1791103714890158800,33.57015893554688,-0.2493049055337906,-0.21034258604049683,-0.028838040307164192
1791103714900131000,33.580131103515626,-0.3103179335594177,-0.2118890881538391,-0.002073803450912237
1791103714910102800,33.59010278320312,-0.3144381046295166,-0.17499791085720062,0.04824156314134598
1791103714920075000,33.60007495117188,-0.2277655154466629,-0.19512741267681122,0.0213585514575243
1791103714930046700,33.61004663085937,-0.19320380687713623,-0.2563422918319702,0.017794976010918617
1791103714940019000,33.62001904296875,-0.23698778450489044,-0.27493196725845337,0.06617981940507889
1791103714949991000,33.629990966796875,-0.26849669218063354,-0.20411264896392822,0.04710972309112549
1791103714959963000,33.639962890625,-0.2118704468011856,-0.22900335490703583,0.14174914360046387
1791103714969934800,33.649934814453125,-0.2018284648656845,-0.24279692769050598,-0.024995896965265274
1791103714979906800,33.65990673828125,-0.1774224489927292,-0.24735493957996368,-0.008279501460492611
1791103714989878800,33.669878662109376,-0.1241549700498581,-0.25359684228897095,-0.09201408177614212
1791103714999851000,33.67985107421875,-0.12561625242233276,-0.29070132970809937,-0.06320586800575256
1791103715009822700,33.68982275390625,-0.17994846403598785,-0.2727194130420685,-0.025310415774583817
1791103715019795000,33.699794921875,-0.12966398894786835,-0.3100326955318451,-0.09135627746582031
1791103715029767000,33.70976684570312,-0.1190563514828682,-0.3455994725227356,-0.04788203909993172
1791103715039739000,33.71973876953125,-0.14891783893108368,-0.35846200585365295,-0.10293649882078171
1791103715049711000,33.729711181640624,-0.23121750354766846,-0.3683815002441406,0.10451629012823105
1791103715059682800,33.73968286132813,-0.10636931657791138,-0.3507753312587738,-0.1332227736711502
1791103715069655000,33.749655029296875,-0.09170062839984894,-0.30208900570869446,-0.041920553892850876
1791103715079626800,33.75962670898438,-0.10558714717626572,-0.35857757925987244,-0.09772629290819168
1791103715089599000,33.769598876953125,-0.013096094131469727,-0.2928009629249573,-0.17250998318195343
1791103715099571000,33.77957104492187,0.0598798468708992,-0.2695489227771759,-0.026327744126319885
1791103715109543000,33.78954296875,0.004463191609829664,-0.2711188495159149,-0.11990004032850266
1791103715119515000,33.799514892578124,0.043475039303302765,-0.27187997102737427,0.03922862932085991
1791103715129486800,33.80948681640625,0.09643545746803284,-0.26381221413612366,-0.042884618043899536
1791103715139458000,33.8194580078125,0.0264209546148777,-0.26925358176231384,-0.010366620495915413
1791103715149429800,33.8294296875,0.07009093463420868,-0.2116246372461319,-0.04230937361717224
1791103715159402000,33.83940209960937,0.12131763994693756,-0.1294352263212204,0.10794803500175476
1791103715169374000,33.8493740234375,0.19493938982486725,-0.09319359064102173,0.05514101684093475
1791103715179346000,33.85934594726562,0.2669752538204193,-0.08691119402647018,-0.008537028916180134
1791103715189318000,33.86931787109375,0.29281696677207947,-0.02749367617070675,-0.17582403123378754
1791103715199289900,33.879289794921874,0.2556131184101105,-0.0911024808883667,0.05614183098077774
1791103715209261800,33.88926171875,0.28161144256591797,-0.07332508265972137,-0.14806270599365234
1791103715219234000,33.89923413085938,0.2730019688606262,-0.017794709652662277,0.03314676880836487
1791103715229205800,33.90920581054687,0.2666458189487457,0.01835290901362896,-0.006536195985972881
1791103715239178000,33.91917797851563,0.29863595962524414,0.013323262333869934,-0.04665112495422363
1791103715249149700,33.92914965820312,0.2995283901691437,0.007446997333317995,0.07270403206348419
1791103715259122000,33.93912182617188,0.2933650314807892,-0.05221793055534363,0.000592287047766149
1791103715269094000,33.949093994140625,0.2562648057937622,-0.05909368023276329,0.07169309258460999
1791103715279065900,33.95906591796875,0.2966604232788086,0.004583033733069897,-0.029517944902181625
1791103715289037800,33.969037841796876,0.2966811954975128,0.005784385837614536,0.10439778119325638
1791103715299009800,33.979009765625,0.3736841082572937,0.01974014937877655,0.026071282103657722
1791103715308981800,33.98898168945313,0.3421357572078705,0.07247500121593475,0.03021409548819065
1791103715318953700,33.99895361328125,0.336153507232666,0.06306924670934677,0.16012150049209595
1791103715328925700,34.00892578125,0.3712795376777649,0.07271095365285873,0.1304360330104828
1791103715338897700,34.018897705078125,0.3906175494194031,0.10445477068424225,-0.12021109461784363
1791103715348870000,34.02886987304687,0.4280298948287964,0.06793297827243805,-0.07823594659566879
1791103715358841600,34.038841552734375,0.36196407675743103,0.13214844465255737,-0.004027498420327902
1791103715368813800,34.04881372070312,0.40380313992500305,0.09875081479549408,0.1444234848022461
1791103715378785500,34.05878564453125,0.44027087092399597,0.17483653128147125,-0.129598468542099
1791103715388757800,34.0687578125,0.4678899645805359,0.10027893632650375,0.152908593416214
1791103715398729700,34.07872973632813,0.4099595546722412,0.06813644617795944,-0.07934089750051498
1791103715408701700,34.08870166015625,0.25342240929603577,0.07417143136262894,-0.002246110001578927
1791103715418673700,34.09867358398437,0.2908768355846405,0.03574974089860916,0.01666632853448391
1791103715428645600,34.10864575195313,0.351283460855484,0.0743141770362854,0.07002222537994385
1791103715438617600,34.11861767578125,0.359131783246994,0.14512602984905243,-0.06306897848844528
1791103715448589800,34.12858984375,0.3562451899051666,0.09990289807319641,0.034204576164484024
1791103715458561500,34.1385615234375,0.3087344169616699,0.09572146832942963,0.0025896579027175903
1791103715468533800,34.14853369140625,0.3019247055053711,0.09036558121442795,0.007021158002316952
1791103715478505700,34.158505615234375,0.2835710048675537,0.14047855138778687,-0.08231191337108612
1791103715488477700,34.16847778320312,0.31235575675964355,0.17109078168869019,-0.09296748787164688
1791103715498450000,34.17844995117188,0.342126727104187,0.17355340719223022,0.03351801261305809
1791103715508421600,34.188421630859374,0.404777854681015,0.14747707545757294,0.006057892460376024
1791103715518393900,34.19839379882813,0.36914023756980896,0.20653294026851654,-0.06161116436123848
1791103715528365600,34.208365478515624,0.2773943245410919,0.20255737006664276,-0.05612771585583687
1791103715538337800,34.218337890625,0.25502777099609375,0.20533610880374908,0.06373343616724014
1791103715548308700,34.22830883789062,0.39462295174598694,0.20998093485832214,-0.0861537903547287
1791103715558280700,34.23828076171875,0.4037482738494873,0.2474779635667801,-0.016111059114336967
1791103715568253000,34.2482529296875,0.3649928867816925,0.21432055532932281,0.10982370376586914
1791103715578224600,34.258224609375,0.32075005769729614,0.24304726719856262,0.06820035725831985
1791103715588196900,34.26819677734375,0.2880975604057312,0.3348730504512787,-0.08039017766714096
1791103715598168600,34.27816845703125,0.3034818470478058,0.29181694984436035,0.2116249054670334
1791103715608140800,34.288140869140626,0.38240328431129456,0.24860848486423492,0.11149110645055771
1791103715618112800,34.29811279296875,0.3239879310131073,0.39475104212760925,-0.2638508081436157
1791103715628084700,34.30808471679688,0.26578134298324585,0.26377224922180176,0.38015398383140564
1791103715638056700,34.318056640625,0.2945408225059509,0.24549151957035065,0.06168892979621887
1791103715648028700,34.32802856445313,0.30738285183906555,0.2600076198577881,0.17292623221874237
1791103715658000600,34.338000732421875,0.21174873411655426,0.197347953915596,0.16007275879383087
1791103715667972900,34.34797290039062,0.19988089799880981,0.18386171758174896,0.13958506286144257
1791103715677944600,34.357944580078126,0.21250134706497192,0.27006796002388,-0.03545759245753288
1791103715687916800,34.36791674804687,0.1942986398935318,0.2804441750049591,0.0028189560398459435
1791103715697888500,34.377888427734376,0.22560755908489227,0.20551347732543945,0.09035040438175201
1791103715707860700,34.38786083984375,0.17222610116004944,0.22751012444496155,0.001981658162549138
1791103715717832700,34.39783276367187,0.1581108123064041,0.18283240497112274,-0.02863617241382599
1791103715727804700,34.4078046875,0.09740431606769562,0.15646524727344513,-0.005823001731187105
1791103715737776600,34.41777661132812,-0.032516930252313614,0.07976806908845901,0.06028304621577263
1791103715747748600,34.42774853515625,-0.0926915854215622,0.022396918386220932,0.045107290148735046
1791103715757720800,34.437720947265625,-0.006983607076108456,0.05776476114988327,0.10505904257297516
1791103715767692800,34.44769287109375,0.07468222826719284,0.13088370859622955,0.10011062026023865
1791103715777664800,34.457664794921875,0.06478539109230042,0.14343972504138947,0.06155816838145256
1791103715787636700,34.46763671875,0.07442869246006012,0.09174110740423203,0.08785662055015564
1791103715797608700,34.477608642578126,0.022244052961468697,0.1450866162776947,-0.030601318925619125
1791103715807580700,34.48758056640625,0.049922019243240356,0.08592582494020462,-0.02221129648387432
1791103715817553000,34.49755297851563,0.0688650831580162,0.08796607702970505,-0.04203986003994942
1791103715827524600,34.507524658203124,0.022960176691412926,0.12459252774715424,-0.0672466829419136
1791103715837496800,34.51749682617187,0.04388037323951721,0.1404561847448349,-0.1451318860054016
1791103715847468500,34.527468505859375,-0.019830163568258286,0.05414925515651703,-0.050886351615190506
1791103715857440800,34.53744067382812,0.007668039761483669,-0.0028210864402353764,0.07597599178552628
1791103715867412700,34.54741284179688,-0.02057718113064766,0.10238362848758698,-0.04030134901404381
1791103715877384700,34.557384765625,-0.03183329850435257,0.06545863300561905,0.07499994337558746
1791103715887356700,34.56735668945313,-0.07938244193792343,0.06501787900924683,0.16660229861736298
1791103715897328600,34.57732861328125,0.07581433653831482,0.10723457485437393,-0.014782674610614777
1791103715907300600,34.58730053710938,0.05347307771444321,0.16479560732841492,0.040345825254917145
1791103715917272800,34.59727294921875,0.0735786110162735,0.09548018127679825,0.19308583438396454
1791103715927243800,34.60724389648438,0.06081781163811684,0.1150890365242958,0.14334571361541748
1791103715937215700,34.6172158203125,0.06790554523468018,0.11106899380683899,0.026818830519914627
1791103715947187700,34.62718774414063,0.037939660251140594,0.07298046350479126,0.10648330301046371
1791103715957159700,34.63715966796875,0.010083792731165886,0.13110528886318207,-0.04501780867576599
1791103715967131600,34.64713159179688,-0.006346046458929777,0.133929044008255,0.11744966357946396
1791103715977103600,34.657103515625,-0.000428502622526139,0.19884732365608215,-0.11327382922172546
1791103715987075800,34.66707592773437,0.07020039111375809,0.1671660840511322,0.08613462001085281
1791103715997047600,34.677047607421876,0.09958411753177643,0.2048892378807068,-0.20780032873153687
1791103716007019800,34.687019775390624,0.13488538563251495,0.15998859703540802,-0.06583786755800247
1791103716016991500,34.69699145507813,0.034870367497205734,0.11698441207408905,-0.05441663786768913
1791103716026963700,34.706963623046875,-0.0004956142511218786,0.09027156978845596,-0.09917212277650833
1791103716036935700,34.71693579101562,-0.08875942975282669,0.09144655615091324,-0.012990100309252739
1791103716046907600,34.72690771484375,-0.07340550422668457,0.0919613465666771,0.013467338867485523
1791103716056879900,34.7368798828125,-0.011692875064909458,0.10540764778852463,0.009045959450304508
1791103716066851600,34.7468515625,0.0009568737586960196,0.0653904601931572,0.12051922082901001
1791103716076823800,34.75682373046875,-0.017535584047436714,-0.012134693562984467,0.14825604856014252
1791103716086795800,34.76679565429688,-0.0454401858150959,0.03888960927724838,0.05962258204817772
1791103716096767700,34.776767822265626,-0.026852119714021683,-0.016262859106063843,0.15556935966014862
1791103716106739700,34.78673974609375,-0.04518159106373787,0.08395562320947647,0.1300400197505951
1791103716116711700,34.796711669921876,-0.05049379914999008,0.055086955428123474,-0.006639793049544096
1791103716126683600,34.80668359375,-0.06967708468437195,0.0885157510638237,-0.007167099043726921
1791103716136656000,34.81665576171875,0.07574163377285004,0.10260999947786331,0.01906983181834221
1791103716146627600,34.826627685546875,0.07037216424942017,0.1591547727584839,-0.12014052271842957
1791103716156599800,34.83659985351562,0.07674670964479446,0.04758136719465256,0.0007874967413954437
1791103716166571500,34.846571533203125,-0.018913237378001213,0.12344923615455627,-0.0909445509314537
1791103716176543700,34.85654370117187,0.03464426472783089,0.0702696368098259,-0.036506347358226776
1791103716186515700,34.866515625,0.02305605076253414,0.02261476404964924,-0.03169481083750725
1791103716196487700,34.87648779296875,-0.05781509727239609,0.044241763651371,0.09771218150854111
1791103716206459600,34.88645971679688,0.09591081738471985,0.0991542786359787,0.05950726941227913
1791103716216431600,34.896431640625,0.11339180916547775,0.20331449806690216,-0.03917616605758667
1791103716226403800,34.90640380859375,0.11964677274227142,0.10854484885931015,0.16940154135227203
1791103716236375800,34.916375732421876,0.04406040161848068,0.17574305832386017,-0.009249690920114517
1791103716246347800,34.92634765625,0.07178657501935959,0.23827621340751648,-0.039626769721508026
1791103716256319700,34.93631982421875,0.07449501007795334,0.28643256425857544,-0.03386076167225838
1791103716266290700,34.94629077148438,0.22006312012672424,0.22590823471546173,0.08250872790813446
1791103716276262700,34.9562626953125,0.19360195100307465,0.25997886061668396,-0.018223479390144348
1791103716286234600,34.96623461914062,0.21845164895057678,0.18137724697589874,-0.024232635274529457
1791103716296206600,34.97620654296875,0.13464702665805817,0.2155115157365799,-0.1321263462305069
1791103716306179300,34.986179443359376,0.061293184757232666,0.1007939875125885,0.31566473841667175
1791103716316151000,34.99615112304687,-0.10548435151576996,0.1943841278553009,-0.15368276834487915
1791103716326123300,35.006123291015626,-0.012892362661659718,0.1309462934732437,0.054656852036714554
1791103716336095000,35.01609497070312,0.05168689787387848,0.2643671929836273,-0.10079105943441391
1791103716346067200,35.02606713867188,0.05511651560664177,0.17120663821697235,0.26353150606155396
1791103716356039200,35.0360390625,0.012768259271979332,0.20813988149166107,0.08416414260864258
1791103716366011100,35.04601123046875,0.1328722983598709,0.20579950511455536,0.2171349823474884
1791103716375983400,35.0559833984375,0.11640463769435883,0.25007694959640503,0.08380887657403946
1791103716385955000,35.065955078125,0.04885489121079445,0.22505894303321838,0.060027651488780975
1791103716395927300,35.07592724609375,0.00130947632715106,0.15042199194431305,0.22811758518218994
1791103716405899300,35.08589916992187,0.06313316524028778,0.20912259817123413,-0.11916207522153854
1791103716415871200,35.09587133789063,0.06894684582948685,0.13340546190738678,0.32908761501312256
1791103716425843200,35.10584326171875,-0.00038216362008824944,0.14819025993347168,-0.01739044114947319
1791103716435815200,35.11581518554687,0.020799821242690086,0.11990323662757874,0.03918229043483734
1791103716445787100,35.125787109375,-0.025298431515693665,0.12144813686609268,0.0303933247923851
1791103716455759400,35.13575927734375,-0.06311585009098053,0.09059594571590424,-0.01786954514682293
1791103716465731000,35.14573095703125,-0.08408132195472717,0.08308343589305878,0.021633390337228775
1791103716475703300,35.155703369140625,-0.058886751532554626,0.13137000799179077,-0.14205487072467804
1791103716485675000,35.16567504882813,-0.028385035693645477,0.09939716011285782,0.015369102358818054
1791103716495647200,35.175647216796875,-0.03678331524133682,0.07746443152427673,-0.00993119366466999
1791103716505619200,35.185619140625,-0.10567449778318405,0.046541135758161545,0.04995584115386009
1791103716515591200,35.195591064453126,-0.10591258108615875,0.11899802833795547,0.0013590110465884209
1791103716525563100,35.20556323242187,-0.055696286261081696,0.17522001266479492,0.03344158083200455
1791103716535535000,35.21553515625,-0.0522480234503746,0.1869184821844101,0.09716889262199402
1791103716545507000,35.225507080078124,0.0775938630104065,0.1871911883354187,0.012506737373769283
1791103716555479300,35.23547924804687,0.05163523182272911,0.27589282393455505,-0.06311052292585373
1791103716565451300,35.245451171875,0.021260812878608704,0.22186554968357086,0.09123536944389343
1791103716575423200,35.25542333984375,-0.0020511667244136333,0.2471405416727066,-0.0941733717918396
1791103716585394200,35.26539428710937,0.10033246129751205,0.36777669191360474,-0.12416349351406097
1791103716595366100,35.2753662109375,0.09962379932403564,0.30659055709838867,0.1646967977285385
1791103716605338000,35.285338134765624,0.01378319039940834,0.2544732987880707,-0.07019240409135818
1791103716615310000,35.29531005859375,0.01733344979584217,0.2964039742946625,-0.13630297780036926
1791103716625282300,35.3052822265625,-0.024207068607211113,0.2622537314891815,0.0941707044839859
1791103716635254300,35.31525415039062,-0.05565766990184784,0.22499209642410278,-0.13539378345012665
1791103716645226200,35.32522631835938,-0.06241357699036598,0.2290550172328949,0.056117597967386246
1791103716655198200,35.3351982421875,-0.05958316847681999,0.2605074942111969,-0.04164358228445053
1791103716665170200,35.34517016601563,-0.048350755125284195,0.18016870319843292,0.17433664202690125
1791103716675142400,35.355142333984375,0.007527158595621586,0.19149325788021088,-0.027896080166101456
1791103716685114000,35.36511401367188,-0.08028791099786758,0.15325719118118286,0.10625053942203522
1791103716695086300,35.37508642578125,-0.13650564849376678,0.11587387323379517,0.04761838540434837
1791103716705058000,35.38505810546875,-0.13988706469535828,0.20120741426944733,0.027603132650256157
1791103716715030300,35.3950302734375,-0.19054970145225525,0.2151743620634079,-0.03398353233933449
1791103716725002200,35.405002197265624,-0.18051065504550934,0.1606179028749466,0.0041188448667526245
1791103716734974200,35.41497412109375,-0.15481780469417572,0.11569171398878098,-0.0519833043217659
1791103716744946200,35.4249462890625,-0.15975238382816315,0.12438506633043289,0.04903572052717209
1791103716754918100,35.43491821289062,-0.13635490834712982,0.06981582939624786,0.03193236514925957
1791103716764890000,35.44489013671875,-0.19924546778202057,0.04556215927004814,-0.10171890258789062
1791103716774862300,35.4548623046875,-0.27598151564598083,0.03067588619887829,0.05753226950764656
1791103716784834000,35.464833984375,-0.21686093509197235,-0.02906147949397564,0.19863346219062805
1791103716794806300,35.47480615234375,-0.1824055016040802,0.013175989501178265,-0.10679914802312851
1791103716804778000,35.48477807617188,-0.22819001972675323,-0.06081008538603783,0.11626455932855606
1791103716814750200,35.494750244140626,-0.26706233620643616,-0.02713787741959095,0.06350573897361755
1791103716824722200,35.50472216796875,-0.26632195711135864,-0.05150686576962471,0.06176323443651199
1791103716834694100,35.514694091796876,-0.23255334794521332,-0.06513798981904984,0.046428751200437546
1791103716844666400,35.524666259765624,-0.253249853849411,-0.05065731704235077,-0.09434860944747925
1791103716854638000,35.53463818359375,-0.2880634665489197,-0.055031295865774155,-0.013494770042598248
1791103716864610300,35.5446103515625,-0.3394811451435089,-0.06581496447324753,0.023211579769849777
1791103716874581000,35.5545810546875,-0.31045693159103394,-0.08704568445682526,0.027099261060357094
1791103716884553200,35.56455322265625,-0.2509949505329132,-0.028267590329051018,-0.04814862087368965
1791103716894525200,35.574525146484376,-0.24981489777565002,-0.050820302218198776,0.08998368680477142
1791103716904497200,35.5844970703125,-0.3158018887042999,-0.05457962304353714,0.11059895157814026
1791103716914469000,35.59446923828125,-0.2956697344779968,-0.07742901146411896,-0.021796375513076782
1791103716924441000,35.604441162109374,-0.28557661175727844,-0.09226734936237335,0.10720527917146683
1791103716934413300,35.61441333007812,-0.3265485465526581,-0.05758846178650856,-0.1306818425655365
1791103716944385300,35.62438525390625,-0.24438071250915527,-0.13538818061351776,0.07279138267040253
1791103716954357200,35.63435717773437,-0.3073764443397522,-0.038658179342746735,-0.08961936831474304
1791103716964329200,35.6443291015625,-0.32558926939964294,-0.14774365723133087,0.11892585456371307
1791103716974301200,35.65430126953125,-0.35956987738609314,-0.13771472871303558,0.00743288267403841
1791103716984273200,35.66427319335938,-0.29461565613746643,-0.12121990323066711,0.11302588880062103
1791103716994245400,35.674245361328126,-0.33415988087654114,-0.10818878561258316,0.10641884803771973
1791103717004217000,35.68421704101563,-0.32521671056747437,-0.17685572803020477,0.16648538410663605
1791103717014189300,35.694189208984376,-0.3116612136363983,-0.13179558515548706,0.05052921921014786
1791103717024161000,35.7041611328125,-0.30766594409942627,-0.0978008583188057,0.01619361713528633
1791103717034133200,35.71413330078125,-0.31474968791007996,-0.09426338225603104,0.04656989872455597
1791103717044105200,35.724105224609374,-0.33027219772338867,-0.03609302267432213,-0.23318397998809814
1791103717054077200,35.7340771484375,-0.2502492666244507,-0.07122623920440674,0.03658118098974228
1791103717064049200,35.744049072265625,-0.14506584405899048,-0.05897437036037445,-0.00002370213405811228
1791103717074021000,35.75402124023437,-0.1738458275794983,-0.11236275732517242,0.017709488049149513
1791103717083993000,35.7639931640625,-0.20627513527870178,-0.06324554979801178,-0.09037197381258011
1791103717093965300,35.77396533203125,-0.28939878940582275,-0.1454584002494812,-0.036928191781044006
1791103717103937000,35.78393701171875,-0.3535892367362976,-0.2044532746076584,0.05104374140501022
1791103717113909200,35.7939091796875,-0.3050081133842468,-0.18167684972286224,-0.04650837928056717
1791103717123881200,35.80388110351562,-0.22464215755462646,-0.2168084681034088,0.07094448059797287
1791103717133853200,35.813853271484376,-0.2362879067659378,-0.15948686003684998,-0.08432739973068237
1791103717143825400,35.823825439453124,-0.2444148063659668,-0.20677688717842102,0.08218115568161011
1791103717153797000,35.83379711914063,-0.27883750200271606,-0.216530442237854,-0.03473827242851257
1791103717163769300,35.843769287109374,-0.2830258309841156,-0.15829803049564362,-0.1435299962759018
1791103717173740000,35.853739990234374,-0.22304639220237732,-0.1215653121471405,-0.11409754306077957
1791103717183712300,35.86371215820313,-0.2035784274339676,-0.16742148995399475,0.04069283604621887
1791103717193684200,35.873684326171876,-0.19724702835083008,-0.15142600238323212,-0.06274034827947617
1791103717203656200,35.88365625,-0.1044347956776619,-0.15760187804698944,-0.13675785064697266
1791103717213628400,35.89362841796875,-0.14071929454803467,-0.1810304969549179,-0.07794779539108276
1791103717223600000,35.90360009765625,-0.1481625735759735,-0.18579623103141785,-0.004367051646113396
1791103717233572400,35.913572265625,-0.18703939020633698,-0.1609760969877243,-0.019600866362452507
1791103717243544000,35.9235439453125,-0.24343529343605042,-0.14604908227920532,-0.11536627262830734
1791103717253516300,35.93351635742187,-0.16198357939720154,-0.18052104115486145,0.057424142956733704
1791103717263488300,35.94348828125,-0.10613735765218735,-0.1277899146080017,-0.021041369065642357
1791103717273460200,35.95346020507812,-0.11306104063987732,-0.09290464222431183,0.056112006306648254
1791103717283432200,35.96343212890625,-0.1273406445980072,-0.054356981068849564,-0.09113071113824844
1791103717293404200,35.973404052734374,0.014084127731621265,-0.07202066481113434,-0.022242987528443336
1791103717303376100,35.98337622070313,0.01588495634496212,0.020499682053923607,-0.23209209740161896
1791103717313347800,35.993347900390624,0.023517576977610588,-0.06480109691619873,0.07812782377004623
1791103717323319800,36.00331982421875,-0.09872817248106003,-0.03693191707134247,-0.03692419454455376
1791103717333292000,36.0132919921875,0.018021078780293465,-0.0034408040810376406,-0.1961149126291275
1791103717343263700,36.023263671875,0.02333674766123295,0.022608106955885887,0.07179669290781021
1791103717353236000,36.03323608398438,0.04472379386425018,0.003653058083727956,0.041309088468551636
1791103717363208000,36.0432080078125,0.032635439187288284,0.048472993075847626,-0.1707983762025833
1791103717373180000,36.05317993164063,-0.0361098013818264,0.01948847994208336,0.13700099289417267
1791103717383152000,36.063152099609376,-0.02768595702946186,0.0356765054166317,0.0661659687757492
1791103717393123800,36.07312377929688,0.07468462735414505,0.08338303864002228,0.005402222275733948
1791103717403096000,36.083095947265626,0.032937709242105484,0.045702774077653885,0.010172742418944836
1791103717413067800,36.09306787109375,-0.028563467785716057,0.0002998719282913953,-0.005496231839060783
1791103717423040000,36.1030400390625,-0.06526768952608109,0.02305285446345806,0.09346017241477966
1791103717433012000,36.113011962890624,0.022844862192869186,0.02076227031648159,-0.03277259320020676
1791103717442983000,36.12298291015625,0.011492871679365635,0.03184235095977783,0.011771172285079956
1791103717452955000,36.13295483398438,0.00791171845048666,-0.017433585599064827,0.09635263681411743
1791103717462926800,36.1429267578125,-0.05536844953894615,-0.025683792307972908,0.048766739666461945
1791103717472899000,36.152899169921874,-0.1047770157456398,-0.06660832464694977,0.033376067876815796
1791103717482870800,36.16287084960938,-0.12489905953407288,-0.0909552052617073,0.03537450358271599
1791103717492843000,36.172843017578124,-0.10919412970542908,-0.030902521684765816,-0.039154861122369766
1791103717502815000,36.18281494140625,-0.07438687980175018,-0.09948904067277908,0.15380847454071045
1791103717512787000,36.192786865234375,-0.11182746291160583,-0.08858579397201538,0.06066121533513069
1791103717522759000,36.20275903320312,-0.12086090445518494,-0.09746823459863663,0.10271705687046051
1791103717532731000,36.21273095703125,-0.18061132729053497,-0.13361984491348267,-0.07394639402627945
1791103717542702800,36.22270288085937,-0.17162369191646576,-0.21542496979236603,-0.04426386579871178
1791103717552675000,36.23267504882813,-0.17175498604774475,-0.160978764295578,-0.03550606220960617
1791103717562646800,36.24264672851562,-0.11566215008497238,-0.18204277753829956,0.06261810660362244
1791103717572619000,36.25261889648438,-0.10125178843736649,-0.10655014216899872,-0.025897908955812454
1791103717582590700,36.2625908203125,-0.09228252619504929,-0.1111731231212616,0.0801696702837944
1791103717592563000,36.27256298828125,-0.07137058675289154,-0.14967072010040283,-0.013471334241330624
1791103717602535000,36.28253491210938,-0.11030493676662445,-0.1406886726617813,0.09208279103040695
1791103717612507000,36.2925068359375,-0.0920468345284462,-0.10306300222873688,-0.06121142581105232
1791103717622478800,36.30247875976563,-0.09264498203992844,-0.06193473935127258,-0.03784751519560814
1791103717632450800,36.312450927734375,-0.05228158086538315,-0.008643289096653461,-0.05253298208117485
1791103717642423000,36.32242309570312,0.007662447169423103,0.08617030829191208,-0.00688959751278162
1791103717652395000,36.33239501953125,0.08130870759487152,0.04964132234454155,-0.0024258734192699194
1791103717662367000,36.34236694335937,0.07966580241918564,0.05324617773294449,-0.19963134825229645
1791103717672339000,36.3523388671875,0.08864038437604904,0.05332101136445999,0.00016831177345011383
1791103717682311000,36.362310791015624,0.026262762024998665,-0.0031457259319722652,0.1086476519703865
1791103717692283000,36.37228295898438,-0.062257517129182816,-0.04429449513554573,0.04453470930457115
1791103717702253800,36.38225390625,-0.1103328987956047,0.0052171326242387295,-0.03208762779831886
1791103717712225800,36.392225830078125,0.0030831415206193924,-0.05691894143819809,0.004451473709195852
1791103717722198000,36.40219799804687,-0.04890522360801697,-0.03846030682325363,-0.018335331231355667
1791103717732170000,36.412169921875,0.0088789789006114,-0.05950167775154114,-0.06951569765806198
1791103717742142000,36.42214184570312,-0.03552443906664848,-0.0674554705619812,0.001958488719537854
1791103717752114000,36.43211401367188,-0.03851410374045372,-0.11976049095392227,0.0011560781858861446
1791103717762086000,36.4420859375,-0.03389272093772888,-0.10696560144424438,-0.11563552170991898
1791103717772058000,36.45205810546875,-0.05222485587000847,-0.09937185794115067,0.11700571328401566
1791103717782029800,36.46202978515625,-0.15118739008903503,-0.14242878556251526,0.025900039821863174
1791103717792002000,36.472001953125,-0.19737698137760162,-0.16763827204704285,-0.1527080535888672
1791103717801973800,36.48197387695313,-0.13943086564540863,-0.20930741727352142,0.14314010739326477
1791103717811946000,36.491946044921875,-0.10603722184896469,-0.17619499564170837,-0.07342974096536636
1791103717821918000,36.50191796875,-0.16477270424365997,-0.200561061501503,0.04129737243056297
1791103717831890000,36.511889892578125,-0.13920742273330688,-0.2288731336593628,0.07126405835151672
1791103717841862000,36.52186181640625,-0.15823917090892792,-0.16938211023807526,-0.03984035551548004
1791103717851833900,36.531833740234376,-0.053768422454595566,-0.24324966967105865,0.09590176492929459
1791103717861805800,36.54180590820312,-0.08483552932739258,-0.1906154900789261,0.02460414543747902
1791103717871778000,36.55177807617188,-0.08456148952245712,-0.19215452671051025,-0.012256666086614132
1791103717881749800,36.561749755859374,-0.1311340481042862,-0.1927982121706009,0.03575879707932472
1791103717891722000,36.57172192382812,-0.1541927605867386,-0.17273955047130585,0.030277477577328682
1791103717901693700,36.581693603515625,-0.085634745657444,-0.17994126677513123,0.09563970565795898
1791103717911666000,36.591666015625,-0.03821875900030136,-0.12958408892154694,-0.0704648420214653
1791103717921638000,36.60163793945313,-0.08839564025402069,-0.07933983206748962,-0.05824972316622734
1791103717931609900,36.61160986328125,-0.007592672016471624,-0.15131016075611115,-0.008641690947115421
1791103717941582000,36.62158203125,-0.046185869723558426,-0.13552133738994598,0.017724668607115746
1791103717951552800,36.631552734375,-0.07568996399641037,-0.11139336973428726,0.02816399373114109
1791103717961525000,36.64152490234375,-0.0016916398890316486,-0.10285234451293945,0.00848270021378994
1791103717971496700,36.65149658203125,0.025232385843992233,-0.12165585905313492,0.10448645800352097
1791103717981469000,36.66146899414063,0.008298410102725029,-0.09528577327728271,-0.006031527183949947
1791103717991441000,36.67144091796875,-0.05911152437329292,-0.1439843326807022,0.03230573982000351
1791103718001412900,36.68141284179688,-0.061590924859046936,-0.28261998295783997,0.13492053747177124
1791103718011385000,36.691385009765625,-0.10186085104942322,-0.1530396193265915,-0.2888807952404022
1791103718021356800,36.70135668945313,-0.11300458014011383,-0.29377037286758423,0.16909794509410858
1791103718031329000,36.7113291015625,-0.09971940517425537,-0.26123106479644775,-0.05030977725982666
1791103718041301000,36.72130102539062,-0.15432539582252502,-0.28674280643463135,0.015002385713160038
1791103718051273000,36.73127294921875,-0.0874456912279129,-0.34082308411598206,-0.012371981516480446
1791103718061245000,36.741244873046874,-0.10681193321943283,-0.2803365886211395,-0.224077045917511
1791103718071217000,36.751216796875,-0.08278249949216843,-0.3075335919857025,-0.04126328229904175
1791103718081188900,36.76118896484375,-0.07599996030330658,-0.2930486500263214,-0.09602959454059601
1791103718091161000,36.7711611328125,-0.07217273116111755,-0.29057642817497253,-0.17815348505973816
1791103718101132800,36.7811328125,-0.04842931777238846,-0.2802375257015228,0.033115874975919724
1791103718111105000,36.79110498046875,0.08476442098617554,-0.2823275625705719,-0.05065332353115082
1791103718121076700,36.80107666015625,0.03133741766214371,-0.2396823614835739,-0.05035132169723511
1791103718131049000,36.811049072265625,0.04920589551329613,-0.24238626658916473,0.12773798406124115
1791103718141021000,36.82102099609375,0.08055875450372696,-0.19151191413402557,0.12497629225254059
1791103718150993000,36.830992919921876,0.16831576824188232,-0.10144726186990738,-0.012435630895197392
1791103718160964900,36.84096484375,0.17455530166625977,-0.056881923228502274,0.08831708133220673
1791103718170936800,36.850936767578126,0.22360859811306,-0.015801332890987396,-0.1401299387216568
1791103718180908800,36.86090869140625,0.25938576459884644,0.013524863868951797,0.08833146095275879
1791103718190881000,36.87088110351562,0.3613286316394806,0.06396912783384323,-0.1793724149465561
1791103718200853000,36.88085302734375,0.37656086683273315,-0.008958607912063599,0.076154425740242
1791103718210824000,36.890823974609376,0.33991363644599915,0.03578249737620354,-0.10819331556558609
1791103718220796000,36.9007958984375,0.24615544080734253,0.002511893631890416,0.014313957653939724
1791103718230767900,36.910767822265626,0.2063574343919754,0.0737977921962738,-0.15066780149936676
1791103718240739800,36.92073974609375,0.2364514172077179,0.05289464071393013,0.11237847059965134
1791103718250711800,36.9307119140625,0.3290276825428009,0.04439675807952881,0.11924996227025986
1791103718260684000,36.94068408203125,0.3483659625053406,0.09987812489271164,-0.2035914659500122
1791103718270655700,36.95065576171875,0.2812343239784241,0.06945604085922241,0.1606900840997696
1791103718280628000,36.9606279296875,0.2526223957538605,0.06499578058719635,-0.06534305214881897
1791103718290600000,36.97059985351562,0.2652686834335327,0.11056432873010635,0.06168493628501892
1791103718300572000,36.98057202148438,0.2854461371898651,0.12935692071914673,0.1712585687637329
1791103718310544100,36.990544189453125,0.33712315559387207,0.16098834574222565,-0.06348922848701477
1791103718320515800,37.00051586914063,0.3118005096912384,0.12995800375938416,0.06204020231962204
1791103718330488000,37.010488037109376,0.30510663986206055,0.14295955002307892,0.05313006415963173
1791103718340459800,37.02045971679688,0.298644483089447,0.18453656136989594,-0.13365685939788818
1791103718350432000,37.030431884765626,0.2337656170129776,0.11853224039077759,-0.12388625741004944
1791103718360404000,37.040404052734374,0.2121087908744812,0.18751822412014008,-0.03652844950556755
1791103718370376000,37.0503759765625,0.2878133952617645,0.11484935134649277,0.040590036660432816
1791103718380348000,37.060347900390624,0.2574653625488281,0.15478771924972534,-0.1748301386833191
1791103718390319900,37.07031982421875,0.20816491544246674,0.15975716710090637,0.06616543978452682
1791103718400291800,37.080291748046875,0.20054002106189728,0.18799573183059692,-0.07866844534873962
1791103718410264000,37.09026416015625,0.22556628286838531,0.12973909080028534,0.06784456223249435
1791103718420235800,37.10023583984375,0.1632176786661148,0.10557755827903748,0.09699152410030365
1791103718430208000,37.1102080078125,0.12293843924999237,0.12163961678743362,-0.06708342581987381
1791103718440179000,37.120178955078124,0.12867888808250427,0.22190256416797638,-0.12391235679388046
1791103718450151000,37.13015087890625,0.21885564923286438,0.18937738239765167,-0.015445268712937832
1791103718460123000,37.140122802734375,0.22663260996341705,0.13318468630313873,0.028970664367079735
1791103718470094800,37.1500947265625,0.14977191388607025,0.15392431616783142,-0.160382479429245
1791103718480067000,37.16006713867188,0.06358643621206284,0.13464036583900452,0.030647657811641693
1791103718490038800,37.17003881835937,0.04014608636498451,0.12883521616458893,-0.010600180365145206
1791103718500011000,37.18001098632813,0.04478451609611511,0.06136828660964966,0.10493520647287369
1791103718509982700,37.189982666015624,0.06390281766653061,0.11712422221899033,0.05832908675074577
1791103718519955000,37.19995483398438,0.07782848179340363,0.032534774392843246,0.16109541058540344
1791103718529927000,37.209927001953126,0.03307965770363808,0.12652252614498138,-0.24048104882240295
1791103718539899000,37.21989892578125,0.013935523107647896,0.09610708802938461,0.22760573029518127
1791103718549870800,37.22987084960938,0.008685367181897163,0.13748808205127716,0.06900809705257416
1791103718559842800,37.2398427734375,-0.020366523414850235,0.17844590544700623,0.02678367681801319
1791103718569815000,37.24981494140625,0.05414099991321564,0.1305425614118576,0.06874977052211761
1791103718579787000,37.259787109375,0.009138104505836964,0.23443114757537842,-0.24177587032318115
1791103718589759000,37.26975903320312,-0.007831824012100697,0.14593537151813507,-0.013619937933981419
1791103718599731000,37.27973095703125,-0.003784085623919964,0.08286665380001068,0.0377843976020813
1791103718609703000,37.28970288085937,0.022362830117344856,0.2337096929550171,-0.20140501856803894
1791103718619675000,37.2996748046875,-0.003379817819222808,0.19228821992874146,0.13599112629890442
1791103718629647000,37.309647216796876,-0.045157622545957565,0.0850088968873024,0.11908218264579773
1791103718639618800,37.31961889648438,-0.10588409006595612,0.08740334957838058,0.06784562766551971
1791103718649591000,37.329591064453126,-0.1453622579574585,0.15197567641735077,0.21347899734973907
1791103718659562800,37.33956274414062,-0.0743570551276207,0.1922498643398285,0.15430088341236115
1791103718669535000,37.34953491210938,0.08324801921844482,0.161612868309021,0.15746739506721497
1791103718679506000,37.359505859375,0.01902349293231964,0.1875499188899994,-0.050103913992643356
1791103718689478000,37.36947778320312,-0.08181177824735641,0.17269401252269745,0.21249441802501678
1791103718699450000,37.3794501953125,-0.06906295567750931,0.18406997621059418,0.15299247205257416
1791103718709421800,37.389421875,-0.09679552167654037,0.16271674633026123,0.15610411763191223
1791103718719394000,37.39939404296875,-0.15327930450439453,0.19167329370975494,0.02689286693930626
1791103718729365800,37.40936572265625,-0.1996193677186966,0.18204890191555023,0.09489721804857254
1791103718739338000,37.419337890625,-0.17350654304027557,0.16537724435329437,0.006074936594814062
1791103718749310000,37.42931005859375,-0.14372920989990234,0.11545602232217789,-0.0625469982624054
1791103718759282000,37.439281982421875,-0.10680953413248062,0.038183070719242096,-0.034324683248996735
1791103718769254000,37.44925390625,-0.18018095195293427,0.16934961080551147,-0.2001357525587082
1791103718779225900,37.459225830078125,-0.1963476687669754,0.09770765155553818,0.026498185470700264
1791103718789197800,37.46919775390625,-0.2809238135814667,-0.01116104144603014,0.22903823852539062
1791103718799170000,37.47917016601563,-0.3026101887226105,0.04507480189204216,-0.1621825098991394
1791103718809141800,37.489141845703124,-0.23056423664093018,0.006021673325449228,0.20197653770446777
1791103718819114000,37.49911401367188,-0.19495484232902527,-0.02514769695699215,-0.16128449141979218
1791103718829086000,37.5090859375,-0.22705338895320892,-0.05204695463180542,-0.04886634275317192
1791103718839058000,37.51905786132812,-0.3073256015777588,-0.03762327507138252,0.0211297869682312
1791103718849030100,37.52903002929688,-0.4317207932472229,0.00016325176693499088,0.11389327794313431
1791103718859001900,37.539001953125,-0.34125614166259766,0.008780175819993019,-0.04168406501412392
1791103718868974000,37.54897412109375,-0.26673901081085205,-0.005415804218500853,-0.027959462255239487
1791103718878945800,37.55894580078125,-0.22362883388996124,-0.050156377255916595,-0.11222241073846817
1791103718888918000,37.56891796875,-0.3424087464809418,-0.1445646435022354,0.03897695988416672
1791103718898888700,37.578888671875,-0.42502158880233765,-0.13385659456253052,-0.09085720032453537
1791103718908861000,37.58886083984375,-0.49831658601760864,-0.11100401729345322,-0.11219391226768494
1791103718918833000,37.5988330078125,-0.49392637610435486,-0.18645216524600983,-0.22612528502941132
1791103718928804900,37.60880493164063,-0.49740710854530334,-0.23284868896007538,-0.09439973533153534
1791103718938777000,37.618777099609375,-0.5315224528312683,-0.21544653177261353,-0.059236690402030945
1791103718948748800,37.62874877929688,-0.46608486771583557,-0.19001014530658722,-0.25511297583580017
1791103718958721000,37.638720947265625,-0.505996584892273,-0.2249596118927002,-0.11180802434682846
1791103718968693000,37.64869287109375,-0.4300491213798523,-0.2554035484790802,0.03147856518626213
1791103718978665000,37.6586650390625,-0.4287627935409546,-0.1606767624616623,-0.09122338891029358
1791103718988637000,37.66863696289062,-0.3826238214969635,-0.2111487239599228,-0.018202705308794975
1791103718998609000,37.67860888671875,-0.4464232921600342,-0.2135290652513504,-0.017954764887690544
1791103719008580900,37.688580810546874,-0.45722267031669617,-0.195628359913826,-0.10285127907991409
1791103719018553000,37.69855297851562,-0.4145875871181488,-0.2164982110261917,0.035887159407138824
1791103719028524800,37.70852490234375,-0.4587737023830414,-0.17775215208530426,-0.06530816853046417
1791103719038497000,37.7184970703125,-0.352032333612442,-0.24537967145442963,-0.0418744795024395
1791103719048468700,37.72846875,-0.3604567348957062,-0.2220330685377121,-0.10333384573459625
1791103719058441000,37.73844091796875,-0.3775203824043274,-0.3037942349910736,0.11634605377912521
1791103719068413000,37.74841284179688,-0.44397130608558655,-0.31960329413414,0.05173403397202492
1791103719078385000,37.758385009765625,-0.4652033746242523,-0.291473925113678,-0.07127045094966888
1791103719088356900,37.76835693359375,-0.4096386432647705,-0.39165404438972473,0.15089257061481476
1791103719098328800,37.778328857421876,-0.442480206489563,-0.3530171811580658,-0.07317540794610977
1791103719108300800,37.78830078125,-0.3978901207447052,-0.36238938570022583,0.14390631020069122
1791103719118271700,37.79827172851562,-0.41080084443092346,-0.35968440771102905,-0.09637926518917084
1791103719128244000,37.80824389648438,-0.3699170649051666,-0.3983979821205139,0.12940086424350739
1791103719138216000,37.8182158203125,-0.4064817428588867,-0.3982618749141693,-0.05188583582639694
1791103719148188000,37.82818798828125,-0.3591863811016083,-0.43103715777397156,0.13983780145645142
1791103719158160000,37.838159912109376,-0.3497460186481476,-0.458842933177948,0.09629857540130615
1791103719168131800,37.8481318359375,-0.35540735721588135,-0.4292432367801666,0.1276591569185257
1791103719178103800,37.858103759765626,-0.28255125880241394,-0.4077235758304596,0.0628945454955101
1791103719188076000,37.868075927734374,-0.22515907883644104,-0.3384819030761719,0.057190850377082825
1791103719198048000,37.87804809570312,-0.19967901706695557,-0.3023343086242676,0.08437533676624298
1791103719208020000,37.88802001953125,-0.17497900128364563,-0.3087826073169708,0.04568679630756378
1791103719217992000,37.89799194335937,-0.1197650134563446,-0.2650849223136902,-0.10213915258646011
1791103719227964000,37.9079638671875,-0.11637800931930542,-0.2080506682395935,-0.05314790830016136
1791103719237936000,37.91793603515625,-0.03452788293361664,-0.2096102237701416,0.05486324802041054
1791103719247907800,37.92790795898438,0.0033625070936977863,-0.19388531148433685,0.0748438835144043
1791103719257880000,37.937880126953125,0.03164687380194664,-0.17260558903217316,0.04349314793944359
1791103719267851800,37.94785180664063,0.02594371698796749,-0.19151350855827332,-0.02767716720700264
1791103719277824000,37.957823974609376,0.003910053055733442,-0.24185657501220703,0.29160308837890625
1791103719287796000,37.9677958984375,0.014701448380947113,-0.17616437375545502,0.1261502057313919
1791103719297768000,37.977767822265626,0.08191430568695068,-0.1704241931438446,0.10603375732898712
1791103719307740200,37.987740234375,0.08531969040632248,-0.0801134780049324,-0.09642454236745834
1791103719317712100,37.99771215820312,0.08901775628328323,-0.11330685019493103,0.1556665599346161
1791103719327684000,38.00768408203125,0.05248664319515228,-0.09872657805681229,0.026218287646770477
1791103719337655000,38.017655029296876,0.11948645114898682,-0.08853146433830261,-0.03579048812389374
1791103719347627300,38.02762719726562,0.09333740174770355,-0.1169697642326355,0.11106926202774048
1791103719357599200,38.03759912109375,0.03128575161099434,-0.16908569633960724,0.1385517567396164
1791103719367571200,38.0475712890625,0.03151211887598038,-0.20089980959892273,0.026796460151672363
1791103719377543200,38.05754321289062,0.048411209136247635,-0.17910636961460114,-0.09937452524900436
1791103719387515100,38.06751513671875,0.009768474847078323,-0.19851069152355194,0.12317679077386856
1791103719397487000,38.07748706054687,0.011375692673027515,-0.17138905823230743,0.09126413613557816
1791103719407459300,38.08745922851563,-0.006449110805988312,-0.1738159954547882,0.03175553306937218
1791103719417431000,38.09743115234375,0.056232646107673645,-0.17183300852775574,0.02015054225921631
1791103719427403300,38.1074033203125,0.04078204929828644,-0.12460744380950928,-0.10578102618455887
1791103719437375000,38.117375,-0.022898923605680466,-0.167292058467865,0.04300792142748833
1791103719447347200,38.12734716796875,-0.013734987005591393,-0.19419078528881073,0.1117081567645073
1791103719457319200,38.137319091796876,0.13670805096626282,-0.13275298476219177,-0.037084516137838364
1791103719467291100,38.147291015625,0.1291276216506958,-0.10467182099819183,0.014163755811750889
1791103719477263000,38.15726318359375,0.07187578827142715,-0.11023489385843277,0.04187368229031563
1791103719487235000,38.167235107421874,0.06763390451669693,-0.10114339739084244,-0.027773573994636536
1791103719497207000,38.17720703125,0.1395544409751892,-0.10173381865024567,-0.2040569931268692
1791103719507179300,38.18717919921875,0.06757025420665741,-0.1302216500043869,0.01401674933731556
1791103719517151200,38.19715112304687,0.12149207293987274,-0.1113520935177803,-0.037636857479810715
1791103719527123200,38.20712329101563,0.17489084601402283,-0.12670761346817017,-0.08863212913274765
1791103719537095200,38.21709521484375,0.03832688182592392,-0.13932326436042786,0.008333031088113785
1791103719547067100,38.22706713867188,0.03161092475056648,-0.1680619716644287,0.09896200150251389
1791103719557038000,38.2370380859375,0.03977857157588005,-0.15665724873542786,0.04330725967884064
1791103719567010000,38.247010009765624,0.023902935907244682,-0.12370063364505768,-0.06624426692724228
1791103719576982300,38.25698217773437,0.06408737599849701,-0.17532627284526825,0.06328975409269333
1791103719586954200,38.26695434570313,0.0373803935945034,-0.13661856949329376,-0.046598661690950394
1791103719596926200,38.27692626953125,0.11793915182352066,-0.1608959436416626,-0.10779357701539993
1791103719606898200,38.28689819335938,0.12131897360086441,-0.10557063668966293,-0.13106560707092285
1791103719616870100,38.2968701171875,0.16241367161273956,-0.15731558203697205,0.19372206926345825
1791103719626842400,38.30684228515625,0.13264167308807373,-0.06241943687200546,-0.2331826537847519
1791103719636814000,38.31681396484375,0.09237892925739288,-0.1309950351715088,-0.003346528159454465
1791103719646786300,38.32678637695312,0.08756420016288757,-0.1262945532798767,-0.10390909016132355
1791103719656758000,38.336758056640626,0.10489765554666519,-0.09612014144659042,0.1673128306865692
1791103719666730200,38.346730224609374,0.17260107398033142,-0.07029999792575836,-0.010054764337837696
1791103719676702200,38.3567021484375,0.21077002584934235,-0.08255746215581894,0.09340184926986694
1791103719686674200,38.366674072265624,0.12370729446411133,-0.07142437994480133,-0.04597761109471321
1791103719696646100,38.37664624023437,0.08352525532245636,-0.103343166410923,0.08673302829265594
1791103719706618000,38.3866181640625,0.18347448110580444,-0.07250136137008667,0.031798675656318665
1791103719716590000,38.39659008789062,0.24510616064071655,-0.02647501602768898,-0.051244013011455536
1791103719726562300,38.40656225585938,0.23365989327430725,-0.04294320568442345,-0.05032122880220413
1791103719736534000,38.41653393554687,0.18682394921779633,-0.02702256292104721,0.05820551514625549
1791103719746506200,38.42650634765625,0.16939222812652588,-0.03843687102198601,0.11178138852119446
1791103719756478000,38.43647802734375,0.2191014587879181,-0.01182416919618845,0.023490678519010544
1791103719766449200,38.44644921875,0.170485720038414,0.003762513864785433,-0.02888304740190506
1791103719776421000,38.45642114257812,0.1885336935520172,-0.04117699712514877,0.051364652812480927
1791103719786393000,38.46639306640625,0.15276718139648438,-0.02593519352376461,0.21080490946769714
1791103719796365300,38.476365234375,0.32058441638946533,-0.0258699469268322,0.10077907145023346
1791103719806337000,38.4863369140625,0.23087529838085175,-0.07303506135940552,0.06363756209611893
1791103719816309200,38.496309326171875,0.2480020821094513,-0.03604748472571373,0.12036263197660446
1791103719826281000,38.50628100585938,0.2106563001871109,-0.0025723471771925688,0.023867782205343246
1791103719836253200,38.516253173828126,0.1641409993171692,-0.029084648936986923,0.10792193561792374
1791103719846225200,38.52622509765625,0.23143163323402405,-0.07497064769268036,-0.09658060222864151
1791103719856197000,38.53619702148438,0.22668108344078064,-0.011811119504272938,-0.17355820536613464
1791103719866169000,38.546169189453124,0.20976974070072174,-0.03706561028957367,-0.01942616142332554
1791103719876141000,38.55614111328125,0.19655753672122955,-0.03160879388451576,-0.047451406717300415
1791103719886113300,38.56611328125,0.2561819851398468,-0.018927618861198425,-0.11005459725856781
1791103719896085200,38.57608520507812,0.22975437343120575,-0.01920378766953945,-0.10458260029554367
1791103719906057200,38.58605712890625,0.2044556736946106,-0.023505060002207756,-0.18148350715637207
1791103719916029200,38.596029296875,0.19799616932868958,-0.05572637915611267,-0.17631857097148895
1791103719926001200,38.60600122070313,0.17291265726089478,-0.03604162484407425,-0.19234441220760345
1791103719935973000,38.61597314453125,0.19818446040153503,-0.05921831727027893,-0.01912922039628029
1791103719945945300,38.6259453125,0.22528132796287537,-0.021267471835017204,-0.06828504800796509
1791103719955917000,38.6359169921875,0.22421978414058685,-0.05128476023674011,-0.09043775498867035
1791103719965889300,38.64588916015625,0.15071254968643188,0.0009512811084277928,-0.17344528436660767
1791103719975860200,38.65586010742187,0.16257452964782715,0.10194234549999237,-0.30636098980903625
1791103719985832200,38.66583227539063,0.26008856296539307,0.20817264914512634,-0.4259475767612457
1791103719995804200,38.67580419921875,0.3681809604167938,0.148016095161438,0.06881821155548096
1791103720005776100,38.68577612304688,0.473930299282074,0.06743816286325455,0.00285011506639421
1791103720015748400,38.695748291015626,0.4885545074939728,0.2699885964393616,-0.7039922475814819
1791103720025720000,38.70571997070312,0.17357312142848969,0.01619548164308071,0.7455838918685913
1791103720035692300,38.7156923828125,0.27370983362197876,0.10303397476673126,-0.48054397106170654
1791103720045664000,38.7256640625,0.17328496277332306,0.027601800858974457,0.14450711011886597
1791103720055636200,38.73563623046875,0.14086391031742096,0.035102859139442444,0.26979419589042664
1791103720065608200,38.745608154296875,0.27179795503616333,0.2218668907880783,-0.07443375140428543
1791103720075580200,38.755580078125,0.2621525228023529,0.20798195898532867,-0.029448702931404114
1791103720085552000,38.76555224609375,0.2820436656475067,0.14992877840995789,-0.23084546625614166
1791103720095524000,38.77552416992187,0.380799263715744,0.1985999047756195,-0.07904954254627228
1791103720105496000,38.78549609375,0.3642807602882385,0.18307501077651978,0.01363458577543497
1791103720115468300,38.79546826171875,0.3453925549983978,0.09730338305234909,0.02280571311712265
1791103720125440000,38.80543994140625,0.2871047556400299,0.16032736003398895,-0.1319122314453125
1791103720135412200,38.815412109375,0.2569039762020111,0.12685488164424896,0.03269243240356445
1791103720145384200,38.82538427734375,0.20094110071659088,0.06660193204879761,0.08304428309202194
1791103720155356200,38.83535620117188,0.25020158290863037,0.0755152627825737,0.14404159784317017
1791103720165328400,38.845328369140624,0.24010048806667328,0.11239098757505417,0.15320126712322235
1791103720175299000,38.85529907226562,0.1718074381351471,0.09278985857963562,0.07333120703697205
1791103720185271300,38.86527124023438,0.09826984256505966,0.06613747775554657,0.09442237764596939
1791103720195243000,38.875242919921874,0.1481575071811676,0.0796026811003685,-0.03393000364303589
1791103720205215200,38.88521533203125,0.13625530898571014,0.0670757070183754,-0.029022863134741783
1791103720215187200,38.895187255859376,0.18358154594898224,0.03311534225940704,0.148162841796875
1791103720225159200,38.9051591796875,0.1778022199869156,0.009770072996616364,0.11850321292877197
1791103720235131100,38.91513110351563,0.12261912971735,-0.02051938883960247,0.4139404594898224
1791103720245103000,38.92510302734375,0.1384822428226471,0.07570914179086685,0.28513747453689575
1791103720255075300,38.93507543945312,0.17280372977256775,0.1796690970659256,0.2076791524887085
1791103720265047000,38.945047119140625,0.1371711641550064,0.20689353346824646,-0.007218231912702322
1791103720275019300,38.95501928710937,0.21196818351745605,0.202839657664299,-0.011147992685437202
1791103720284991200,38.9649912109375,0.19458413124084473,0.20941287279129028,0.034212034195661545
1791103720294963200,38.97496313476562,0.24853737652301788,0.21873873472213745,0.02889236807823181
1791103720304935200,38.98493505859375,0.28621017932891846,0.260537326335907,-0.0625121146440506
1791103720314906400,38.99490625,0.27219903469085693,0.26884424686431885,-0.0013885721564292908
1791103720324878300,39.00487841796875,0.2415231466293335,0.275522381067276,0.007218764163553715
1791103720334850300,39.01485034179687,0.19179020822048187,0.2817653715610504,0.005243764258921146
1791103720344822500,39.02482250976563,0.15529824793338776,0.24203340709209442,0.14043034613132477
1791103720354794500,39.03479443359375,0.11369620263576508,0.27919381856918335,-0.01611878164112568
1791103720364766500,39.04476635742188,0.1443593055009842,0.2165520191192627,0.05126212164759636
1791103720374737400,39.0547373046875,0.1331719011068344,0.19285866618156433,0.05042775347828865
1791103720384709400,39.06470947265625,0.10407793521881104,0.23643437027931213,-0.038126878440380096
1791103720394681300,39.07468139648437,0.10013192892074585,0.2024119645357132,0.02196308970451355
1791103720404653300,39.0846533203125,0.11515828222036362,0.18210162222385406,-0.023852868005633354
1791103720414625300,39.09462524414062,0.07805725187063217,0.18918883800506592,-0.06293901801109314
1791103720424597500,39.10459741210938,0.030713969841599464,0.165646493434906,-0.06705892831087112
1791103720434569500,39.114569580078125,0.007709318771958351,0.1474275439977646,-0.08586910367012024
1791103720444541400,39.12454150390625,-0.020592892542481422,0.09667301177978516,0.005790511146187782
1791103720454513400,39.134513427734376,-0.03999721631407738,0.08832906186580658,-0.08348104357719421
1791103720464485400,39.1444853515625,-0.05928969010710716,0.03232065588235855,0.060206081718206406
1791103720474457600,39.15445751953125,-0.08166636526584625,0.036682382225990295,0.02497219480574131
1791103720484429300,39.16442919921875,-0.1010989174246788,0.02539936639368534,0.016056464985013008
1791103720494401500,39.17440161132812,-0.10841622203588486,0.03687732294201851,0.055386025458574295
1791103720504373200,39.184373291015625,-0.09502211958169937,0.031260449439287186,0.05289943516254425
1791103720514345500,39.19434545898437,-0.04511820897459984,0.05946359410881996,0.06765387952327728
1791103720524317400,39.2043173828125,0.002808836055919528,0.05535806342959404,0.03092223033308983
1791103720534289400,39.21428930664062,-0.011255051009356976,0.09703120589256287,0.04048537462949753
1791103720544261400,39.22426147460938,-0.05182964354753494,0.13291624188423157,0.038954589515924454
1791103720554233300,39.2342333984375,-0.05455432087182999,0.12178182601928711,-0.009867544285953045
1791103720564205300,39.24420532226563,-0.05309357866644859,0.10135138779878616,0.05697353556752205
1791103720574176300,39.25417626953125,-0.08714448660612106,0.15848125517368317,0.054840877652168274
1791103720584148500,39.2641484375,-0.029636455699801445,0.13418523967266083,0.052074652165174484
1791103720594120400,39.27412036132812,-0.01702452264726162,0.1379418969154358,0.08067061007022858
1791103720604092400,39.28409252929688,-0.02389121800661087,0.11100587993860245,0.09854308515787125
1791103720614064400,39.294064453125,-0.011226288974285126,0.1177053302526474,0.061764564365148544
1791103720624036400,39.30403637695313,-0.019088206812739372,0.11431698501110077,0.025355424731969833
1791103720634008300,39.31400830078125,0.013668141327798367,0.1018318235874176,0.03678517788648605
1791103720643980500,39.32398046875,-0.021856030449271202,0.11858469992876053,0.05285043269395828
1791103720653952300,39.3339521484375,-0.04190004616975784,0.08756154030561447,0.008711998350918293
1791103720663924500,39.343924560546874,-0.013336312025785446,0.0651790052652359,0.0173875130712986
1791103720673896200,39.35389624023438,-0.052677858620882034,0.09418215602636337,0.009313873015344143
1791103720683868400,39.363868408203125,-0.06981663405895233,0.06410468369722366,-0.003993676509708166
1791103720693840400,39.37384033203125,-0.050096191465854645,0.0427410714328289,0.026986610144376755
1791103720703812400,39.383812255859375,-0.049497779458761215,0.046790141612291336,0.07358420640230179
1791103720713784600,39.39378466796875,-0.049322810024023056,0.048644501715898514,0.04199671745300293
1791103720723756300,39.40375634765625,-0.035713788121938705,0.06965737789869308,-0.010513094253838062
1791103720733728500,39.413728515625,-0.010484332218766212,0.04583513364195824,0.05377880856394768
1791103720743700500,39.42370043945313,-0.06830368936061859,0.05181819200515747,0.010074738413095474
1791103720753672400,39.43367236328125,-0.01737978868186474,0.031990423798561096,-0.005797435529530048
1791103720763643400,39.443643310546875,0.028856148943305016,0.07202332466840744,-0.0429176390171051
1791103720773615400,39.45361547851562,0.05745317414402962,0.08411354571580887,-0.006196376867592335
1791103720783587300,39.46358740234375,0.004859469830989838,0.09006970375776291,0.023258717730641365
1791103720793559300,39.47355932617187,0.02948705106973648,0.09250862896442413,-0.11026232689619064
1791103720803531500,39.48353149414063,0.07613178342580795,0.07374080270528793,0.037205956876277924
1791103720813503500,39.49350341796875,0.053881075233221054,0.09131500124931335,-0.06331052631139755
1791103720823475500,39.50347534179687,0.04435255005955696,0.09581174701452255,0.019962789490818977
1791103720833447400,39.513447509765626,0.08627630025148392,0.113468237221241,0.052253350615501404
1791103720843419400,39.52341943359375,0.18019481003284454,0.12953828275203705,-0.008266718126833439
1791103720853391400,39.53339135742188,0.17235073447227478,0.13220171630382538,-0.03995354101061821
1791103720863363600,39.543363525390625,0.1466568112373352,0.14884620904922485,-0.00971521157771349
1791103720873335300,39.55333520507813,0.17760780453681946,0.14511644840240479,-0.04719387739896774
1791103720883307500,39.5633076171875,0.14212119579315186,0.16398467123508453,-0.02143152244389057
1791103720893279200,39.573279296875,0.17145298421382904,0.14469966292381287,0.015109976753592491
1791103720903251500,39.58325146484375,0.16385285556316376,0.17194247245788574,-0.04025181382894516
1791103720913223400,39.59322338867187,0.14794419705867767,0.16240328550338745,-0.08673383295536041
1791103720923195400,39.6031953125,0.12100977450609207,0.18873156607151031,-0.07191360741853714
1791103720933167400,39.61316748046875,0.17816413938999176,0.06430282443761826,0.43555572628974915
1791103720943139300,39.62313940429687,0.17416754364967346,0.10743112117052078,-0.09544023871421814
1791103720953110500,39.63311059570312,0.06521415710449219,-0.03021489456295967,0.23304177820682526
1791103720963082200,39.643082275390626,0.015529424883425236,0.04791506007313728,0.2372913807630539
1791103720973054500,39.65305444335937,0.042515501379966736,0.042936813086271286,0.2758350372314453
1791103720983026400,39.6630263671875,0.008899219334125519,0.0752635970711708,0.2905846834182739
1791103720992998400,39.672998291015624,0.07763327658176422,0.16958823800086975,0.007764978799968958
1791103721002970400,39.68297045898437,0.05992085859179497,0.2180662900209427,-0.11035473644733429
1791103721012942300,39.6929423828125,0.05729391425848007,0.22323814034461975,-0.24472185969352722
1791103721022914300,39.70291430664062,0.09986188262701035,0.28445595502853394,-0.1342986822128296
1791103721032886500,39.71288647460938,0.1715824007987976,0.23939527571201324,-0.051954276859760284
1791103721042858200,39.72285815429687,0.12021508812904358,0.20443223416805267,0.07005365192890167
1791103721052830500,39.73283056640625,0.26110830903053284,0.15629959106445312,-0.2584232985973358
1791103721062802400,39.742802490234375,0.05612105876207352,0.20484821498394012,0.1905510425567627
1791103721072774400,39.7527744140625,0.03267166018486023,0.07550780475139618,-0.13177508115768433
1791103721082746600,39.76274658203125,-0.1435087025165558,0.17888027429580688,-0.12481969594955444
1791103721092718300,39.77271826171875,0.04897233471274376,0.012133361771702766,0.5918548107147217
1791103721102690600,39.78269067382813,-0.02136787213385105,0.20113763213157654,-0.4420759379863739
1791103721112662300,39.792662353515624,-0.10373278707265854,0.23139646649360657,0.1840241700410843
1791103721122634500,39.80263452148437,-0.09300610423088074,0.16604410111904144,0.0437496118247509
1791103721132606500,39.8126064453125,0.012162123806774616,0.09734626114368439,-0.05074280500411987
1791103721142577400,39.822577392578125,0.01016821525990963,0.09869701415300369,-0.2833701968193054
1791103721152549600,39.83254956054687,-0.03359497711062431,0.12557150423526764,-0.11858763545751572
1791103721162521300,39.842521240234376,-0.029447637498378754,0.13182887434959412,-0.10052420943975449
1791103721172493600,39.85249365234375,0.03766535222530365,0.1418631225824356,-0.16657406091690063
1791103721182465300,39.86246533203125,0.03802541270852089,0.07394213229417801,-0.025462482124567032
1791103721192437500,39.8724375,-0.044915277510881424,0.08452314138412476,-0.12931936979293823
1791103721202409500,39.88240942382812,-0.06284234672784805,0.08171563595533371,-0.2170012891292572
1791103721212381400,39.89238134765625,-0.1768070012331009,0.07184409350156784,-0.1382388323545456
1791103721222353400,39.902353515625,-0.1203000470995903,0.033137980848550797,-0.32079026103019714
1791103721232325400,39.91232543945313,-0.08541928976774216,-0.00624191714450717,-0.036189429461956024
1791103721242297300,39.92229736328125,-0.10133061558008194,-0.05077529698610306,-0.019633622840046883
1791103721252269600,39.93226953125,-0.2422509789466858,-0.0052142031490802765,0.13068318367004395
1791103721262241300,39.9422412109375,-0.2061409205198288,-0.058814581483602524,-0.05801323428750038
1791103721272213500,39.95221362304687,-0.2203635275363922,-0.1116623505949974,0.10571018606424332
1791103721282185200,39.962185302734376,-0.3548683524131775,-0.03165673092007637,0.06502081453800201
1791103721292157400,39.972157470703124,-0.1959383487701416,-0.03952157497406006,-0.08945318311452866
1791103721302129400,39.98212939453125,-0.1480264812707901,-0.08238435536623001,0.15373390913009644
1791103721312101600,39.9921015625,-0.015020760707557201,-0.05940287187695503,-0.16852855682373047
1791103721322073600,40.00207348632812,0.03369644284248352,0.014958975836634636,-0.10176417976617813
1791103721332044500,40.01204443359375,-0.010951717384159565,0.05505579337477684,-0.06829064339399338
1791103721342016800,40.02201684570313,-0.03291081264615059,-0.03032275103032589,0.07175115495920181
1791103721351988500,40.031988525390624,-0.11237847059965134,0.012695555575191975,0.00968511775135994
1791103721361960700,40.04196069335938,-0.10230506956577301,-0.02521454356610775,0.3288918733596802
1791103721371932700,40.0519326171875,-0.11362829804420471,0.023001456633210182,0.1510062962770462
1791103721381904600,40.06190454101562,-0.13164351880550385,0.03393346443772316,0.24588939547538757
1791103721391876600,40.07187670898438,-0.11352922767400742,0.08798365294933319,0.15731585025787354
1791103721401848600,40.0818486328125,-0.06889837235212326,0.11035820096731186,0.20143485069274902
1791103721411820500,40.09182055664063,-0.041368477046489716,0.15811294317245483,0.2554895579814911
1791103721421792800,40.101792724609375,0.072746641933918,0.16327574849128723,0.11681476980447769
1791103721431764500,40.11176440429688,0.06479710340499878,0.15803997218608856,0.04114743694663048
1791103721441736700,40.12173681640625,0.055456601083278656,0.12119007110595703,0.07368913292884827
1791103721451708700,40.13170874023437,-0.06148200109601021,0.13060195744037628,0.16277320683002472
1791103721461680600,40.1416806640625,-0.0333973728120327,0.1259259730577469,0.14578063786029816
1791103721471652900,40.15165283203125,-0.003482881933450699,0.11557906121015549,0.07007841765880585
1791103721481624600,40.16162451171875,-0.06263754516839981,0.10260680317878723,0.1565597802400589
1791103721491596800,40.1715966796875,-0.151468887925148,0.15568813681602478,0.15835101902484894
1791103721501568500,40.18156860351562,-0.09701789170503616,0.08475323766469955,0.2055387794971466
1791103721511540700,40.19154077148438,-0.024356205016374588,0.056232910603284836,0.33632394671440125
1791103721521511700,40.20151171875,-0.0483587421476841,0.013434316031634808,0.21947216987609863
1791103721531483600,40.21148364257812,-0.11005726456642151,-0.025255288928747177,0.052383579313755035
1791103721541456000,40.22145581054688,-0.1989051103591919,-0.0422864705324173,0.13636982440948486
1791103721551427600,40.231427490234374,-0.21042221784591675,-0.03652232512831688,0.1941891759634018
1791103721561399800,40.24139990234375,-0.1567872166633606,-0.024651549756526947,-0.027174629271030426
1791103721571371500,40.25137158203125,-0.14112143218517303,-0.013562413863837719,0.005212604999542236
1791103721581343700,40.26134375,-0.19595618546009064,0.0021789984311908484,0.18939070403575897
1791103721591315700,40.27131567382813,-0.044728055596351624,-0.049190983176231384,-0.2779077887535095
1791103721601287700,40.28128759765625,-0.047510795295238495,0.004566522315144539,-0.1615992784500122
1791103721611259600,40.291259765625,-0.10519779473543167,0.03394331783056259,-0.26701226830482483
1791103721621231600,40.301231689453125,-0.05991979315876961,0.029202360659837723,-0.12400450557470322
1791103721631203600,40.31120361328125,-0.04313655197620392,0.08034916967153549,-0.23166730999946594
1791103721641175800,40.32117578125,-0.06858758628368378,0.046187203377485275,0.0002263686910737306
1791103721651147500,40.3311474609375,-0.08108419924974442,0.057200439274311066,-0.0505494587123394
1791103721661119700,40.34111962890625,0.004347876645624638,0.013806892558932304,0.10418206453323364
1791103721671091500,40.351091552734374,-0.12968742847442627,0.013806093484163284,0.0056954361498355865
1791103721681063700,40.36106372070312,-0.13698288798332214,-0.022057099267840385,0.07882024347782135
1791103721691035600,40.37103564453125,-0.031185083091259003,0.046495065093040466,-0.10122276097536087
1791103721701006600,40.381006591796876,0.009060073643922806,0.08183681219816208,-0.1628725379705429
1791103721710978800,40.39097875976562,-0.045886799693107605,0.09131339937448502,-0.04542899876832962
1791103721720950500,40.400950439453126,-0.015206916257739067,0.1296224445104599,-0.0612708143889904
1791103721730922800,40.4109228515625,0.05931844934821129,0.08724968135356903,-0.0963401198387146
1791103721740894500,40.42089453125,0.06969758868217468,0.13294446468353271,-0.27115878462791443
1791103721750866700,40.43086669921875,0.010057960636913776,0.1540423035621643,0.024161795154213905
1791103721760838700,40.44083862304687,-0.014955779537558556,0.14392255246639252,-0.2069379985332489
1791103721770810600,40.450810546875,-0.00003808320252574049,0.06421147286891937,-0.053882673382759094
1791103721780782600,40.46078247070312,-0.01320794690400362,0.04634459689259529,-0.041010282933712006
1791103721790754600,40.47075463867188,0.004962267819792032,0.09929303079843521,-0.13060221076011658
1791103721800726500,40.4807265625,0.03543788567185402,0.014216486364603043,0.031091073527932167
1791103721810698800,40.49069873046875,0.029028987511992455,0.08778497576713562,-0.07591207325458527
1791103721820670700,40.500670654296876,-0.0425860770046711,0.08317212015390396,0.01884639263153076
1791103721830642700,40.510642578125,-0.060374658554792404,0.020249344408512115,0.20087504386901855
1791103721840614700,40.52061474609375,-0.08959193527698517,0.09819234907627106,-0.1742359846830368
1791103721850586600,40.530586669921874,-0.02834349125623703,0.029348567128181458,0.07703965902328491
1791103721860558800,40.54055883789062,-0.019164906814694405,0.014510499313473701,0.09007316827774048
1791103721870529500,40.55052954101563,-0.005432049743831158,0.033605098724365234,-0.09099035710096359
1791103721880501800,40.560501708984376,-0.028905151411890984,-0.031507059931755066,0.18480153381824493
1791103721890473700,40.5704736328125,-0.03176805004477501,0.0014290522085502744,0.07813501358032227
1791103721900445700,40.58044580078125,-0.04223986342549324,-0.038304779678583145,0.07320336997509003
1791103721910417700,40.590417724609374,-0.027465712279081345,-0.04054050147533417,0.018738800659775734
1791103721920389600,40.6003896484375,-0.07447929680347443,0.017420535907149315,-0.08135370910167694
1791103721930361900,40.61036181640625,-0.07542018592357635,-0.06079011410474777,0.09743467718362808
1791103721940333600,40.62033349609375,-0.037521276623010635,-0.024293622002005577,0.04734381288290024
1791103721950305800,40.63030590820313,-0.009275257587432861,-0.005886917468160391,-0.060495033860206604
1791103721960277500,40.64027758789062,0.007318100426346064,-0.04892599582672119,-0.07747854292392731
1791103721970249700,40.65024975585938,-0.06845735758543015,-0.18063876032829285,0.20456992089748383
1791103721980221700,40.6602216796875,-0.07370404899120331,-0.07492031157016754,0.03748825192451477
1791103721990193700,40.67019360351563,-0.0609658807516098,-0.07376796007156372,0.1529165804386139
1791103722000165600,40.68016552734375,-0.10295461118221283,-0.13392557203769684,0.24047759175300598
1791103722010137600,40.6901376953125,-0.06688955426216125,-0.035168372094631195,0.039213716983795166
1791103722020109600,40.700109619140626,-0.08276039361953735,-0.0489712692797184,0.054962050169706345
1791103722030081800,40.710081787109374,-0.09780112653970718,-0.06800089031457901,0.15995584428310394
1791103722040053500,40.72005346679688,-0.08206716924905777,-0.08345334976911545,-0.021350029855966568
1791103722050025700,40.730025634765624,-0.030105171725153923,-0.05952804163098335,-0.11871945858001709
1791103722059996700,40.73999658203125,-0.005861617624759674,-0.016342753544449806,-0.10825856029987335
1791103722069968600,40.74996875,-0.08753065019845963,-0.02442251890897751,-0.0020671456586569548
1791103722079940600,40.759940673828126,0.004576376173645258,0.004968925844877958,-0.18297727406024933
1791103722089912600,40.76991259765625,0.009513343684375286,0.02214045636355877,-0.09081459045410156
1791103722099884800,40.779884765625,-0.010246778838336468,-0.02363981492817402,0.07965993881225586
1791103722109856500,40.7898564453125,-0.03038267232477665,-0.029168006032705307,-0.11065008491277695
1791103722119828700,40.79982885742187,-0.12253257632255554,-0.04035754129290581,-0.06030142307281494
1791103722129800400,40.809800537109375,-0.15337544679641724,-0.08644141256809235,0.1620917022228241
1791103722139772700,40.81977270507812,-0.09684958308935165,-0.04665272310376167,-0.021338578313589096
1791103722149744600,40.82974462890625,-0.12678244709968567,-0.06175790727138519,-0.00851678941398859
1791103722159716600,40.83971655273437,-0.09068835526704788,-0.015929963439702988,-0.13242994248867035
1791103722169688600,40.8496884765625,0.04698988050222397,-0.06840355694293976,0.1002722755074501
1791103722179660500,40.85966064453125,-0.013562413863837719,-0.004055728204548359,-0.00959803257137537
1791103722189632800,40.8696328125,0.04005074501037598,-0.08814424276351929,-0.124534472823143
1791103722199604700,40.879604736328126,-0.09006970375776291,-0.050094857811927795,0.036371856927871704
1791103722209576700,40.88957666015625,-0.0898558497428894,-0.08809417486190796,0.08030762523412704
1791103722219548700,40.89954858398438,-0.10785482823848724,-0.047864459455013275,-0.10694961994886398
1791103722229519600,40.90951953125,-0.044684115797281265,-0.10186457633972168,0.01197011023759842
1791103722239491600,40.91949169921875,-0.1002562940120697,-0.09241195768117905,0.10504865646362305
1791103722249463600,40.92946362304688,-0.09929702430963516,-0.08237849920988083,0.004685831721872091
1791103722259435800,40.939435791015626,-0.03582111373543739,-0.16064853966236115,0.07795391976833344
1791103722269407700,40.94940771484375,-0.024519192054867744,-0.05751069635152817,-0.10167336463928223
1791103722279379700,40.95937963867188,-0.009807622991502285,-0.11867178976535797,-0.019534552469849586
1791103722289351700,40.9693515625,-0.11397184431552887,-0.1324445903301239,0.0572691485285759
1791103722299323600,40.97932373046875,-0.09381917119026184,-0.07780664414167404,-0.052073054015636444
1791103722309295600,40.989295654296875,-0.09296802431344986,-0.07680210471153259,0.13465209305286407
1791103722319267800,40.99926782226562,0.00037976677413098514,-0.05745423957705498,-0.006180131807923317
1791103722329239800,41.00923974609375,-0.05532184615731239,-0.07358340919017792,0.1416415572166443
1791103722339212000,41.0192119140625,0.017724135890603065,-0.023305855691432953,0.11906912922859192
1791103722349183700,41.02918383789063,0.02503983862698078,-0.020191287621855736,0.21698744595050812
1791103722359156000,41.039156005859375,-0.006505569908767939,0.042510706931352615,-0.035101260989904404
1791103722369127700,41.04912768554688,0.0735546424984932,0.01570599153637886,0.06667649745941162
1791103722379100000,41.059099853515626,0.11384161561727524,0.05630508437752724,0.07332268357276917
1791103722389072000,41.06907177734375,0.10820556432008743,0.055084556341171265,0.037637922912836075
1791103722399042800,41.07904272460937,0.026544790714979172,0.10100757330656052,-0.07741063833236694
1791103722409015000,41.08901513671875,0.08944359421730042,0.08773251622915268,-0.08169353008270264
1791103722418986800,41.09898681640625,0.08012226969003677,0.06368150562047958,0.026885677129030228
1791103722428959000,41.108958984375,0.09276509284973145,0.09541972726583481,-0.23152616620063782
1791103722438930700,41.1189306640625,0.0298503078520298,0.025834526866674423,0.04175730049610138
1791103722448903000,41.12890283203125,-0.01515871286392212,0.056882455945014954,-0.09992580115795135
1791103722458875000,41.138875,-0.0223830696195364,0.006394249852746725,-0.050461042672395706
1791103722468846800,41.148846923828124,0.03575852885842323,0.01732279732823372,0.11237527430057526
1791103722478818800,41.15881884765625,0.0008303736103698611,0.0942375510931015,-0.09090007841587067
1791103722488790800,41.168790771484375,-0.027396736666560173,0.07200761139392853,-0.021276526153087616
1791103722498762800,41.1787626953125,0.009520268067717552,0.062238872051239014,-0.08934878557920456
1791103722508735000,41.18873486328125,0.06507807224988937,0.13090234994888306,-0.20835773646831512
1791103722518706700,41.19870678710937,0.0648983046412468,0.1369253545999527,0.0020849888678640127
1791103722528679000,41.20867895507813,0.04900136590003967,0.15871934592723846,-0.07961945980787277
1791103722538650600,41.21865063476562,0.15147234499454498,0.1595529019832611,-0.0970168262720108
1791103722548622800,41.22862280273438,0.12256506085395813,0.15158100426197052,-0.21016176044940948
1791103722558594800,41.2385947265625,0.07394612580537796,0.12462048977613449,-0.007162305526435375
1791103722568565800,41.248565673828125,0.020799288526177406,0.20291849970817566,-0.15452006459236145
1791103722578538000,41.2585380859375,0.016334764659404755,0.08786594122648239,-0.07440685480833054
1791103722588509700,41.268509765625,0.000015180017726379447,0.05889474228024483,-0.0062858592718839645
1791103722598482000,41.27848193359375,-0.02056865766644478,0.09141433238983154,-0.0859878808259964
1791103722608453600,41.28845361328125,0.009099222719669342,0.08375775068998337,-0.027335749939084053
1791103722618425900,41.29842578125,0.027879567816853523,0.027125094085931778,-0.07635495811700821
1791103722628397800,41.30839770507812,-0.07956913113594055,0.06661497801542282,0.07705137133598328
1791103722638369800,41.318369873046876,-0.03289696201682091,0.07040013372898102,-0.14438940584659576
1791103722648342000,41.328342041015624,0.019846675917506218,0.10782419890165329,-0.0953691303730011
1791103722658313700,41.33831372070313,0.04731371998786926,0.08882974088191986,-0.021853100508451462
1791103722668286000,41.348285888671874,-0.05510026961565018,0.1091776192188263,-0.055387090891599655
1791103722678258000,41.3582578125,-0.06786932796239853,0.07055938988924026,-0.003855191869661212
1791103722688230000,41.36822998046875,-0.1059354841709137,0.1457257717847824,-0.10426834970712662
1791103722698201900,41.37820190429687,-0.040107738226652145,0.12044279277324677,-0.05228344351053238
1791103722708173800,41.388173828125,0.053877878934144974,0.11864808946847916,-0.005388373974710703
1791103722718145800,41.39814575195312,0.05054173618555069,0.11371511220932007,-0.13084083795547485
1791103722728118000,41.40811791992188,0.008360994048416615,0.06439816206693649,0.056107744574546814
1791103722738089000,41.4180888671875,-0.09870873391628265,0.009111473336815834,0.1683514565229416
1791103722748061000,41.42806103515625,-0.121397003531456,0.009622267447412014,0.05541452392935753
1791103722758033000,41.43803295898437,-0.08011720329523087,0.04692542925477028,0.04735340178012848
1791103722768004900,41.4480048828125,-0.07696855068206787,0.07882823795080185,0.16881698369979858
1791103722777976800,41.45797680664062,-0.04626443237066269,0.13241370022296906,0.2573164999485016
1791103722787948800,41.46794873046875,-0.06593054533004761,0.1622845083475113,0.08029723912477493
1791103722797921000,41.477921142578126,-0.07825645804405212,0.17331986129283905,-0.09219730645418167
1791103722807892700,41.48789282226563,-0.028903553262352943,0.14758066833019257,-0.132249116897583
1791103722817865000,41.497864990234376,-0.03808347135782242,0.10363638401031494,0.07236793637275696
1791103722827836700,41.50783666992187,-0.06081994250416756,0.12202923744916916,-0.17504797875881195
1791103722837809000,41.51780883789063,-0.06715187430381775,0.12521784007549286,-0.10156150907278061
1791103722847780900,41.52778076171875,-0.0985095277428627,-0.0025331987999379635,0.14877723157405853
1791103722857752800,41.5377529296875,-0.1584618091583252,-0.008817460387945175,0.07040093094110489
1791103722867724800,41.547724853515625,-0.20263832807540894,-0.060919810086488724,0.15077565610408783
1791103722877696800,41.55769677734375,-0.2432725727558136,-0.051187288016080856,0.2028985172510147
1791103722887668700,41.567668701171876,-0.22179284691810608,0.01950126327574253,0.06944538652896881
1791103722897641000,41.57764086914062,-0.2025296688079834,-0.025613218545913696,0.2722557485103607
1791103722907612000,41.58761181640625,-0.1659250557422638,-0.025710422545671463,0.032764337956905365
1791103722917584000,41.597583984375,-0.16774532198905945,0.040892306715250015,0.09939023852348328
1791103722927555800,41.607555908203125,-0.24080142378807068,0.0014418354257941246,0.1619207262992859
1791103722937527800,41.61752783203125,-0.18853183090686798,0.013601030223071575,0.0966530367732048
1791103722947499800,41.627499755859375,-0.11906993389129639,-0.015321165323257446,0.05013027787208557
1791103722957471700,41.6374716796875,-0.21556638181209564,-0.06338270008563995,0.039860598742961884
1791103722967444000,41.64744384765625,-0.20341970026493073,-0.09729938954114914,-0.09331556409597397
1791103722977415700,41.657415771484374,-0.26562103629112244,-0.14931492507457733,0.03988536447286606
1791103722987388000,41.66738793945313,-0.28926724195480347,-0.1283728927373886,-0.044677190482616425
1791103722997359900,41.67735986328125,-0.22460727393627167,-0.15890389680862427,-0.010507768020033836
1791103723007331800,41.68733178710937,-0.23350410163402557,-0.12455683946609497,-0.04652142897248268
1791103723017304000,41.69730395507813,-0.23851484060287476,-0.1421707272529602,-0.09061671793460846
1791103723027275800,41.70727587890625,-0.3477265536785126,-0.26685646176338196,0.1310272514820099
1791103723037248000,41.717248046875,-0.2939474582672119,-0.22352257370948792,0.043786097317934036
1791103723047219700,41.7272197265625,-0.2940169870853424,-0.2003839612007141,-0.014938735403120518
1791103723057192000,41.73719189453125,-0.32777678966522217,-0.15995290875434875,-0.010232397355139256
1791103723067164000,41.747163818359375,-0.48540133237838745,-0.07350271195173264,-0.4391621947288513
1791103723077134800,41.757134765625,-0.37090617418289185,-0.08537934720516205,-0.19579027593135834
1791103723087106800,41.76710693359375,-0.04770520329475403,0.034386202692985535,0.13666783273220062
1791103723097078800,41.77707885742188,0.025021996349096298,-0.27830833196640015,0.5135482549667358
1791103723107051000,41.787051025390625,-0.07303053140640259,-0.11314280331134796,-0.6580436825752258
1791103723117022700,41.79702270507813,-0.45714864134788513,-0.28230544924736023,0.7510787844657898
1791103723126995000,41.806994873046875,-0.12746848165988922,-0.12969568371772766,-0.5777671933174133
1791103723136967000,41.816966796875,-0.39363518357276917,-0.2730874717235565,0.5920838117599487
1791103723146939000,41.82693896484375,-0.36501312255859375,-0.200504332780838,0.5738768577575684
1791103723156910800,41.83691088867187,-0.10920025408267975,0.04300445690751076,-0.1290256232023239
1791103723166882800,41.8468828125,-0.1963183730840683,0.07426011562347412,-0.12191498279571533
1791103723176854800,41.856854736328124,-0.2710253894329071,-0.041836928576231,-0.12817607820034027
1791103723186827000,41.86682690429687,-0.12023240327835083,0.04009149223566055,-0.13892751932144165
1791103723196798700,41.876798828125,0.0471041277050972,0.09615183621644974,-0.039633963257074356
1791103723206771000,41.88677099609375,0.032222919166088104,-0.020627779886126518,0.006527407560497522
1791103723216742700,41.89674267578125,-0.014621819369494915,-0.2697979211807251,0.3985140919685364
1791103723226715000,41.90671484375,-0.21407367289066315,-0.19318650662899017,0.10081849247217178
1791103723236685800,41.916685791015624,-0.2167474925518036,-0.4501977860927582,0.7401265501976013
1791103723246657800,41.92665771484375,-0.3167901933193207,-0.5192753672599792,0.17887574434280396
1791103723256630000,41.936630126953126,-0.66595458984375,-0.4105004370212555,0.7182939648628235
1791103723266601700,41.94660180664062,-0.4048875570297241,-0.239915132522583,0.2676359713077545
1791103723276574000,41.95657397460938,-0.4037155210971832,-0.2557324469089508,-0.31831830739974976
1791103723286545700,41.96654565429687,-0.5906089544296265,-0.41608428955078125,-0.1465979665517807
1791103723296518000,41.97651782226563,-0.5738968253135681,-0.2861207127571106,-0.2275972068309784
1791103723306489900,41.98648974609375,-0.5881870985031128,-0.2195264995098114,-0.11684965342283249
1791103723316461600,41.99646166992188,0.0879969671368599,-0.33489862084388733,0.15670812129974365
1791103723326433500,42.00643359375,-0.039149533957242966,-0.04481860250234604,0.7551702260971069
1791103723336405800,42.01640576171875,-0.016560068354010582,-0.25381895899772644,-0.08821934461593628
1791103723346377700,42.026377685546876,0.323078989982605,-0.4552471339702606,0.5323480367660522
1791103723356349700,42.036349609375,0.33913758397102356,-0.30797433853149414,-0.677534282207489
1791103723366321700,42.04632177734375,-0.4397243857383728,-0.2532101571559906,-0.13925589621067047
1791103723376293600,42.056293701171874,-0.3125256896018982,-0.12889432907104492,-0.8047702312469482
1791103723386265900,42.06626586914062,-0.07769186794757843,-0.02263287454843521,-0.3796623647212982
1791103723396236500,42.07623657226563,0.06179226189851761,-0.02299133501946926,-0.26541250944137573
1791103723406208800,42.086208740234376,0.1843472123146057,-0.0900324210524559,0.371493935585022
1791103723416180700,42.0961806640625,-0.054734885692596436,0.10592962801456451,0.22089776396751404
1791103723426152700,42.10615258789063,-0.09698539972305298,-0.15425294637680054,0.4766128957271576
1791103723436124700,42.116124755859374,-0.28455743193626404,-0.10914672911167145,-0.3957129716873169
1791103723446096600,42.1260966796875,-0.1953260898590088,-0.2530921697616577,0.49467232823371887
1791103723456068900,42.13606884765625,-0.026762371882796288,-0.0826815664768219,-0.3263496160507202
1791103723466040600,42.14604052734375,-0.11880601197481155,-0.05547817423939705,-0.3019518554210663
1791103723476012800,42.1560126953125,-0.02954377792775631,-0.14542217552661896,-0.42916548252105713
1791103723485984500,42.16598461914062,0.15514510869979858,-0.05699697136878967,-0.4731622338294983
1791103723495956700,42.17595678710938,0.15480981767177582,-0.007541006896644831,-0.32775309681892395
1791103723505928700,42.1859287109375,-0.05825318768620491,-0.008020375855267048,-0.16158996522426605
1791103723515900700,42.19590063476563,-0.035040274262428284,0.042026013135910034,-0.5390996932983398
1791103723525872600,42.20587255859375,-0.05633331462740898,-0.05318252742290497,0.16226720809936523
1791103723535844600,42.2158447265625,-0.02436099946498871,-0.08886782079935074,-0.16484381258487701
1791103723545816600,42.22581665039063,0.06364768743515015,-0.06667490303516388,0.018317222595214844
1791103723555787500,42.23578759765625,0.032766200602054596,-0.013065734878182411,0.11140508949756622
1791103723565759700,42.245759765625,0.033235982060432434,-0.03374411538243294,0.15877367556095123
1791103723575731700,42.25573168945313,-0.07426544278860092,-0.014917164109647274,-0.2264624387025833
1791103723585703700,42.26570361328125,-0.07713472843170166,-0.04024142771959305,-0.058337874710559845
1791103723595675600,42.27567553710937,-0.011266236193478107,-0.0044112601317465305,-0.18478263914585114
1791103723605647600,42.28564770507813,0.07118656486272812,0.0654466524720192,-0.13584598898887634
1791103723615619600,42.29561962890625,0.06199546158313751,0.044309407472610474,0.022637933492660522
1791103723625591800,42.305591796875,-0.018158763647079468,0.02857784926891327,-0.010364756919443607
1791103723635563500,42.3155634765625,-0.08934612572193146,-0.011291802860796452,0.15434908866882324
1791103723645535700,42.32553564453125,-0.02640444226562977,-0.004492486361414194,-0.09645170718431473
1791103723655507500,42.335507568359375,0.01558455266058445,-0.08651385456323624,0.07954542338848114
1791103723665479700,42.34547973632812,-0.01810576766729355,-0.05501824617385864,-0.042202580720186234
1791103723675451600,42.35545166015625,-0.07036018371582031,-0.06583733856678009,0.10017986595630646
1791103723685423600,42.365423583984374,-0.13886919617652893,-0.08356893062591553,-0.060560815036296844
1791103723695395600,42.3753955078125,-0.18457810580730438,-0.10273623466491699,0.030075345188379288
1791103723705367600,42.385367431640624,-0.1677040457725525,-0.17670606076717377,0.009243565611541271
1791103723715338800,42.3953388671875,-0.15172481536865234,-0.23388174176216125,0.12604741752147675
1791103723725310500,42.405310546875,-0.19145731627941132,-0.18691502511501312,0.027053454890847206
1791103723735282700,42.41528271484375,-0.09219677001237869,-0.18546174466609955,0.08687151223421097
1791103723745254700,42.42525463867187,-0.09757129848003387,-0.2394554615020752,0.12288571149110794
1791103723755226600,42.4352265625,-0.18397702276706696,-0.26881441473960876,-0.009500294923782349
1791103723765198600,42.445198486328124,-0.2985009551048279,-0.26986369490623474,-0.03395876660943031
1791103723775170600,42.45517065429687,-0.2312989979982376,-0.3425845205783844,0.04613739997148514
1791103723785142800,42.465142822265626,-0.18845859169960022,-0.33121761679649353,0.07481511682271957
1791103723795114800,42.47511474609375,-0.12962935864925385,-0.31582027673721313,-0.02244805172085762
1791103723805086700,42.48508666992188,-0.20559337735176086,-0.34989649057388306,0.13815148174762726
1791103723815058700,42.49505859375,-0.2572605609893799,-0.37712597846984863,-0.05377667769789696
1791103723825030700,42.50503076171875,-0.2521049380302429,-0.3641161620616913,-0.07578850537538528
1791103723835002600,42.515002685546875,-0.17370441555976868,-0.3381657898426056,0.0327848456799984
1791103723844974800,42.52497485351562,-0.09462903439998627,-0.20421065390110016,-0.22252628207206726
1791103723854946600,42.534946533203126,-0.006456035189330578,-0.23034745454788208,0.029167739674448967
1791103723864917800,42.54491772460938,-0.03999242186546326,-0.13435141742229462,-0.23163455724716187
1791103723874889700,42.5548896484375,0.029754966497421265,-0.08014703541994095,-0.03766029328107834
1791103723884861700,42.56486181640625,0.024576982483267784,-0.03116084821522236,-0.058642275631427765
1791103723894833700,42.574833740234375,0.07080865651369095,-0.028064923360943794,0.15772438049316406
1791103723904805600,42.5848056640625,0.1097579225897789,-0.015158180147409439,0.10396448522806168
1791103723914777900,42.59477783203125,0.14779213070869446,-0.08761453628540039,0.3177598714828491
1791103723924749600,42.60474951171875,0.14485439658164978,-0.0171440988779068,-0.061351507902145386
1791103723934721800,42.6147216796875,0.06650152802467346,-0.016923056915402412,0.24426327645778656
1791103723944693500,42.624693603515624,0.09091499447822571,-0.01835503801703453,0.1304059475660324
1791103723954665700,42.63466577148437,0.1909145563840866,-0.07986979931592941,-0.05022988095879555
1791103723964637700,42.6446376953125,0.1637101024389267,-0.06305273622274399,-0.08841721713542938
1791103723974609700,42.65460961914062,0.13266350328922272,-0.02431679144501686,-0.06257336586713791
1791103723984581600,42.66458154296875,0.1365402638912201,-0.06111928075551987,-0.1282767504453659
1791103723994553600,42.6745537109375,0.09726236760616302,-0.1409403383731842,-0.038431812077760696
1791103724004525600,42.68452563476563,0.11890029162168503,-0.1817314475774765,-0.08124585449695587
1791103724014497800,42.694497802734375,0.0018977685831487179,-0.22040507197380066,0.12771455943584442
1791103724024468700,42.70446875,-0.03465225175023079,-0.25647544860839844,0.03755536302924156
1791103724034440700,42.71444067382812,-0.0768556296825409,-0.31786319613456726,-0.09660377353429794
1791103724044412700,42.72441259765625,-0.05367148295044899,-0.36133983731269836,0.11356171220541
1791103724054384600,42.73438452148437,-0.026093652471899986,-0.27477988600730896,0.14698438346385956
1791103724064356600,42.74435668945313,0.11417291313409805,-0.33379289507865906,0.2008098065853119
1791103724074328600,42.75432861328125,0.15788523852825165,-0.2949269711971283,0.018926553428173065
1791103724084300800,42.76430078125,0.04031679779291153,-0.27843615412712097,0.020263992249965668
1791103724094272500,42.7742724609375,0.04925995692610741,-0.3131003975868225,-0.01500851009041071
1791103724104244700,42.78424462890625,0.15875689685344696,-0.1982148140668869,-0.184251070022583
1791103724114216400,42.794216552734376,0.23617364466190338,-0.20301596820354462,0.008375908248126507
1791103724124188700,42.804188720703124,0.1418175846338272,-0.20499949157238007,-0.10581644624471664
1791103724134160600,42.81416064453125,0.25813114643096924,-0.13030047714710236,-0.09581015259027481
1791103724144132600,42.824132568359374,0.2865777015686035,-0.04480608552694321,0.024587368592619896
1791103724154104800,42.83410473632812,0.3127451241016388,-0.09321063756942749,0.11937513202428818
1791103724164076500,42.84407666015625,0.26734408736228943,-0.09511932730674744,-0.02479110099375248
1791103724174047700,42.8540478515625,0.28930211067199707,-0.0659254863858223,-0.02202514186501503
1791103724184019500,42.86401953125,0.24949584901332855,-0.025587385520339012,0.15944664180278778
1791103724193991700,42.87399169921875,0.399698406457901,0.04204225912690163,-0.02786066010594368
1791103724203963600,42.883963623046874,0.41152602434158325,0.03887469321489334,0.13770566880702972
1791103724213935600,42.893935546875,0.38088661432266235,0.10248269885778427,-0.10188854485750198
1791103724223907600,42.903907470703125,0.42369693517684937,0.08793757855892181,-0.016323046758770943
1791103724233879600,42.91387963867187,0.3733629286289215,0.07446730881929398,-0.13675038516521454
1791103724243851800,42.92385180664063,0.37196505069732666,0.006068012677133083,0.15595898032188416
1791103724253823700,42.93382373046875,0.3178786337375641,0.03424585610628128,0.01907009817659855
1791103724263795700,42.94379565429688,0.3389924466609955,-0.004612861201167107,-0.03740489482879639
1791103724273767700,42.953767578125,0.2938382923603058,-0.0043840957805514336,-0.021141504868865013
1791103724283739600,42.96373974609375,0.33374467492103577,0.0007454187725670636,-0.0027545075863599777
1791103724293711600,42.973711669921876,0.38133084774017334,0.010163155384361744,0.057255830615758896
1791103724303683800,42.983683837890624,0.3696933686733246,0.03391881659626961,0.053573478013277054
1791103724313656300,42.99365625,0.3408215045928955,0.014035125263035297,-0.009362875483930111
1791103724323627300,43.00362719726562,0.3221740424633026,0.05971153452992439,0.027947477996349335
1791103724333599200,43.01359912109375,0.39008358120918274,0.08671306073665619,-0.07155460864305496
1791103724343571200,43.0235712890625,0.33843129873275757,0.05073960870504379,0.10635040700435638
1791103724353543200,43.03354321289063,0.32029756903648376,0.03797401487827301,0.054677627980709076
1791103724363515400,43.043515380859375,0.33478865027427673,0.013559218496084213,0.20419122278690338
1791103724373487400,43.0534873046875,0.3822789192199707,0.05535193905234337,-0.14373879134655
1791103724383459300,43.063459228515626,0.32371416687965393,-0.004310858901590109,0.15293468534946442
1791103724393431300,43.073431396484374,0.30650293827056885,0.030110232532024384,-0.146201953291893
1791103724403403300,43.0834033203125,0.39723309874534607,0.034873560070991516,0.029044434428215027
1791103724413375500,43.09337548828125,0.37344416975975037,0.10150744765996933,-0.09834947437047958
1791103724423347200,43.10334716796875,0.3557969927787781,0.11251269280910492,0.08415882289409637
1791103724433319400,43.1133193359375,0.41220805048942566,0.19364802539348602,-0.03801289573311806
1791103724443291100,43.123291015625,0.4189581274986267,0.11713141947984695,0.2695859372615814
1791103724453263400,43.13326342773438,0.39083778858184814,0.15058471262454987,-0.0703687071800232
1791103724463235300,43.1432353515625,0.338323712348938,0.2571668028831482,-0.06364129483699799
1791103724473206300,43.153206298828124,0.36579635739326477,0.2384922057390213,0.21426115930080414
1791103724483178500,43.16317846679687,0.4592954218387604,0.2286994904279709,0.08157315850257874
1791103724493150200,43.173150146484375,0.4859187602996826,0.24403317272663116,0.11690664291381836
1791103724503122400,43.18312231445312,0.4334920346736908,0.23392806947231293,0.08929392695426941
1791103724513094100,43.19309423828125,0.3359721601009369,0.23929859697818756,0.11837112158536911
1791103724523066400,43.20306640625,0.2849941849708557,0.2698213458061218,-0.004822984803467989
1791103724533038300,43.21303833007813,0.3099610507488251,0.26919791102409363,0.07855472713708878
1791103724543010300,43.22301025390625,0.34017327427864075,0.29758402705192566,-0.07761756330728531
1791103724552982300,43.23298217773438,0.3127366006374359,0.23830685019493103,0.11243333667516708
1791103724562954200,43.242954345703126,0.2544274926185608,0.2834593951702118,-0.047092944383621216
1791103724572926200,43.25292626953125,0.3456924259662628,0.2538168132305145,0.02076520025730133
1791103724582898400,43.2628984375,0.334140419960022,0.33926382660865784,-0.12434165924787521
1791103724592870100,43.2728701171875,0.33118513226509094,0.27638471126556396,0.08951044082641602
1791103724602842400,43.28284228515625,0.23695795238018036,0.24897946417331696,0.1050233542919159
1791103724612814000,43.29281396484375,0.2174585461616516,0.27046558260917664,-0.0026325348298996687
1791103724622785300,43.302785400390626,0.2335304617881775,0.3305225372314453,0.1613665223121643
1791103724632757200,43.31275732421875,0.2490047663450241,0.3141835033893585,0.10603269189596176
1791103724642729200,43.322729248046876,0.31810954213142395,0.30412980914115906,0.0970916599035263
1791103724652701400,43.332701416015624,0.23053839802742004,0.30084267258644104,0.07715550810098648
1791103724662673200,43.34267309570313,0.16601534187793732,0.307758092880249,0.13420628011226654
1791103724672645400,43.352645263671874,0.20737075805664062,0.35120463371276855,0.036792103201150894
1791103724682617000,43.3626171875,0.20609883964061737,0.37372246384620667,-0.019212577491998672
1791103724692589300,43.37258935546875,0.2090805172920227,0.30604061484336853,0.012256932444870472
1791103724702561300,43.38256127929687,0.18771770596504211,0.2466268241405487,-0.04616669565439224
1791103724712533200,43.392533203125,0.07358473539352417,0.2006513476371765,0.0988868996500969
1791103724722505200,43.40250512695312,-0.020672520622611046,0.2284395694732666,0.07461138814687729
1791103724732477200,43.41247729492188,0.031446073204278946,0.2286454290151596,0.01116370502859354
1791103724742449400,43.422449462890626,0.11356784403324127,0.23627538979053497,0.055801745504140854
1791103724752421400,43.43242138671875,0.00977406743913889,0.205228790640831,0.25006523728370667
1791103724762393300,43.442393310546876,-0.02497752197086811,0.2669779062271118,0.20113177597522736
1791103724772364300,43.4523642578125,0.027700869366526604,0.3106236457824707,0.03798599913716316
1791103724782336300,43.46233618164062,0.0777650997042656,0.26840561628341675,0.10511177033185959
1791103724792308200,43.47230810546875,0.08605898171663284,0.2404746562242508,-0.025141572579741478
1791103724802280200,43.4822802734375,0.014197045005857944,0.24845881760120392,-0.03197124972939491
1791103724812252200,43.49225219726563,-0.05088714882731438,0.24602894484996796,0.07237300276756287
1791103724822224400,43.502224365234376,-0.03578702732920647,0.2858879566192627,-0.014088921248912811
1791103724832196400,43.5121962890625,0.03237311914563179,0.2606044113636017,0.0935288816690445
1791103724842168300,43.52216821289063,0.015864184126257896,0.297036737203598,-0.20993565022945404
1791103724852140300,43.532140380859374,-0.030226346105337143,0.2672993540763855,0.05931125953793526
1791103724862112300,43.5421123046875,-0.03585280478000641,0.23312166333198547,-0.031383223831653595
1791103724872084500,43.55208447265625,-0.008375908248126507,0.26003211736679077,-0.0812716856598854
1791103724882056200,43.56205615234375,-0.03644349426031113,0.18667320907115936,0.03811036795377731
1791103724892028400,43.5720283203125,-0.08471754938364029,0.22569650411605835,-0.03389831259846687
1791103724902000000,43.58200024414062,-0.0808090940117836,0.21756960451602936,0.11378408968448639
1791103724911971300,43.591971435546874,-0.07902557402849197,0.2073555886745453,0.022285331040620804
1791103724921943300,43.601943359375,-0.10997523367404938,0.22001305222511292,-0.022906381636857986
1791103724931915300,43.611915283203125,-0.049854107201099396,0.22536174952983856,-0.11410953104496002
1791103724941887500,43.62188745117187,-0.03399445116519928,0.23921072483062744,-0.06634333729743958
1791103724951859200,43.631859130859375,-0.022227007895708084,0.17642296850681305,-0.011810054071247578
1791103724961831400,43.64183154296875,-0.0385013185441494,0.2439844310283661,-0.28716012835502625
1791103724971803100,43.65180322265625,-0.05227545648813248,0.23230141401290894,0.004589425399899483
1791103724981775400,43.661775390625,-0.07619649916887283,0.17005321383476257,0.03580167144536972
1791103724991747300,43.67174731445313,-0.10268163681030273,0.11257687956094742,0.05506245419383049
1791103725001719300,43.68171923828125,-0.13840128481388092,0.10279242694377899,0.05293458700180054
1791103725011691300,43.69169116210937,-0.18008854985237122,0.04880136251449585,0.09079860895872116
1791103725021663200,43.70166333007813,-0.1423717886209488,0.11744753271341324,-0.07821357995271683
1791103725031635200,43.71163525390625,-0.1814749836921692,0.08882041275501251,0.12207956612110138
1791103725041607400,43.721607421875,-0.09411797672510147,0.09681256115436554,-0.054905060678720474
1791103725051578400,43.73157836914063,-0.06817479431629181,0.1053951308131218,-0.001939846551977098
1791103725061550300,43.74155029296875,-0.08017526566982269,0.14812181890010834,-0.005662412848323584
1791103725071522300,43.75152221679687,-0.12175706028938293,0.12735742330551147,-0.03564801067113876
1791103725081494300,43.761494384765626,-0.08064530789852142,0.09220289438962936,0.08212416619062424
1791103725091466200,43.77146630859375,-0.14864246547222137,0.1102447509765625,-0.08566776663064957
1791103725101438200,43.78143823242188,-0.20849142968654633,0.019885290414094925,0.06966083496809006
1791103725111410400,43.791410400390625,-0.10998962074518204,0.019395535811781883,0.039679501205682755
1791103725121382100,43.80138208007813,-0.14858867228031158,0.0005773733137175441,0.05586619675159454
1791103725131354400,43.811354248046875,-0.10829345136880875,0.01341780461370945,-0.0024618261959403753
1791103725141326000,43.821326171875,-0.12456376850605011,-0.01233336515724659,0.13699966669082642
1791103725151298300,43.83129833984375,-0.05639669671654701,0.0901690423488617,-0.10276952385902405
1791103725161270300,43.84127026367187,-0.1527133733034134,0.006622748915106058,0.1233842521905899
1791103725171242200,43.8512421875,-0.21050690114498138,-0.018041051924228668,0.09738194942474365
1791103725181214200,43.861214111328124,-0.11005672812461853,-0.04454163461923599,0.17371825873851776
1791103725191185200,43.87118505859375,-0.12379464507102966,-0.0015483618481084704,0.22844383120536804
1791103725201157400,43.88115747070312,-0.18390032649040222,-0.031443145126104355,-0.02171328477561474
1791103725211129000,43.891129150390626,-0.246415376663208,-0.0648956447839737,0.029922213405370712
1791103725221101300,43.90110131835937,-0.20708580315113068,-0.09064068645238876,0.21988655626773834
1791103725231073300,43.9110732421875,-0.1750303953886032,-0.07050798833370209,0.2547886073589325
1791103725241045200,43.921045166015624,-0.09501919150352478,-0.009276323020458221,-0.06115230172872543
1791103725251017200,43.93101733398437,-0.1456860899925232,-0.0054669370874762535,0.034392062574625015
1791103725260989200,43.9409892578125,-0.16330157220363617,0.0003009371866937727,0.013063604012131691
1791103725270961400,43.95096142578125,-0.12590201199054718,0.032218124717473984,-0.11683740466833115
1791103725280933400,43.96093334960938,-0.11882918328046799,0.04498851299285889,-0.040584977716207504
1791103725290905300,43.9709052734375,-0.07347235083580017,0.05016623064875603,0.015738483518362045
1791103725300877300,43.98087719726563,-0.13265152275562286,0.025955434888601303,0.01889299787580967
1791103725310849300,43.990849365234375,-0.09459201991558075,-0.008679241873323917,0.04441433772444725
1791103725320820700,44.00082080078125,-0.13278840482234955,0.05497723072767258,-0.053772151470184326
1791103725330792700,44.010792724609374,-0.15784874558448792,-0.03798200190067291,0.23755396902561188
1791103725340764000,44.020763916015625,-0.18206673860549927,0.01858646795153618,-0.013312343508005142
1791103725350735600,44.03073559570313,-0.13788649439811707,0.02383555844426155,0.03298325091600418
1791103725360707800,44.040707763671875,-0.08862627297639847,0.0030570426024496555,0.048654887825250626
1791103725370679600,44.05067944335938,-0.13011112809181213,0.041849978268146515,-0.011638812720775604
1791103725380651800,44.06065185546875,-0.08105730265378952,-0.0035151063930243254,0.1558644324541092
1791103725390623700,44.070623779296874,-0.13505582511425018,-0.04663248360157013,-0.19767846167087555
1791103725400595700,44.080595703125,-0.1571533977985382,-0.04301884025335312,-0.11346770823001862
1791103725410567700,44.090567626953124,-0.16297747194766998,-0.06698835641145706,-0.000006125270374468528
1791103725420539600,44.10053955078125,-0.21706387400627136,-0.10832726955413818,0.062238872051239014
1791103725430511600,44.11051171875,-0.16010364890098572,-0.08131562918424606,-0.19517694413661957
1791103725440483800,44.12048388671875,-0.19293323159217834,-0.12335069477558136,0.026809776201844215
1791103725450455600,44.13045556640625,-0.1931540071964264,-0.122536301612854,0.01703757233917713
1791103725460427800,44.140427734375,-0.2152917981147766,-0.07827509939670563,-0.13844363391399384
1791103725470398700,44.150398681640624,-0.10908627510070801,-0.12682558596134186,0.06629673391580582
1791103725480370700,44.16037060546875,-0.1733344942331314,-0.14184528589248657,-0.055870454758405685
1791103725490342700,44.1703427734375,-0.1548396497964859,-0.1263693869113922,-0.10566597431898117
1791103725500314600,44.18031469726562,-0.19539879262447357,-0.09367536008358002,-0.051952946931123734
1791103725510286800,44.19028686523438,-0.09923763573169708,-0.09474781155586243,0.08847767114639282
1791103725520258600,44.20025854492187,-0.16094574332237244,-0.09418215602636337,0.02274179831147194
1791103725530230800,44.21023071289063,-0.14187857508659363,-0.01727486029267311,-0.028834844008088112
1791103725540202500,44.22020239257812,-0.0622098445892334,-0.025557823479175568,-0.030856981873512268
1791103725550174700,44.2301748046875,-0.11809468269348145,-0.039623044431209564,0.0412164106965065
1791103725560146700,44.240146728515626,-0.011464642360806465,0.011890747584402561,0.11150335520505905
1791103725570118700,44.25011865234375,-0.004721518140286207,0.04905702546238899,0.05839060619473457
1791103725580091000,44.2600908203125,0.004575577098876238,0.0006506102508865297,-0.15797285735607147
1791103725590062600,44.2700625,-0.06187828257679939,-0.032647691667079926,0.13888119161128998
1791103725600034800,44.28003491210937,-0.10505424439907074,0.048663411289453506,0.15872226655483246
1791103725610005500,44.29000561523438,0.11097311973571777,0.03452442213892937,-0.07564202696084976
1791103725619977700,44.299977783203126,0.0014748586108908057,0.05590028315782547,0.05071830376982689
1791103725629949700,44.30994970703125,-0.04116980731487274,-0.007676561828702688,0.17500776052474976
1791103725639921700,44.319921630859376,-0.040471792221069336,0.0982474759221077,-0.1877155750989914
1791103725649894000,44.329893798828124,0.008784436620771885,0.04915396496653557,0.1409643143415451
1791103725659865600,44.33986547851563,-0.06107160821557045,-0.011485680937767029,0.042695265263319016
1791103725669837800,44.349837890625,0.0032226911280304193,0.06285779178142548,-0.1834648996591568
1791103725679809800,44.35980981445312,-0.01786608248949051,0.03459765762090683,0.08013318479061127
1791103725689781800,44.36978173828125,-0.05640788376331329,0.0177566260099411,-0.022402776405215263
1791103725699753700,44.37975366210937,-0.009956760331988335,0.07372348755598068,0.010424943640828133
1791103725709725700,44.3897255859375,0.025839585810899734,0.003596865339204669,0.029764287173748016
1791103725719697700,44.39969775390625,0.02310718409717083,0.04366971552371979,-0.06860382854938507
1791103725729670000,44.409669921875,0.002578738844022155,0.007679491303861141,0.20284658670425415
1791103725739641600,44.4196416015625,0.017114005982875824,0.06850235909223557,-0.09274538606405258
1791103725749612800,44.42961279296875,0.037823546677827835,0.015065768733620644,0.14806562662124634
1791103725759584800,44.43958471679687,0.03184421733021736,0.15477067232131958,-0.03358964994549751
1791103725769556700,44.449556640625,0.000011185276889591478,0.11482538282871246,0.15853850543498993
1791103725779528700,44.45952880859375,0.0721178725361824,0.07570701092481613,0.1478232890367508
1791103725789500700,44.46950073242188,0.11764407157897949,0.16309784352779388,-0.07869161665439606
1791103725799473000,44.479472900390626,0.09972739219665527,0.07019959390163422,0.028546955436468124
1791103725809444600,44.48944458007813,-0.027525633573532104,0.09186866879463196,-0.08683289587497711
1791103725819416800,44.499416748046876,0.01751774176955223,0.08420196175575256,0.05813441053032875
1791103725829388500,44.50938842773437,0.07806763797998428,0.040169790387153625,0.09476592391729355
1791103725839360800,44.51936083984375,0.0368962325155735,0.02008822374045849,0.021038705483078957
1791103725849332700,44.529332763671874,-0.04812651500105858,0.004375573713332415,0.13493704795837402
1791103725859304700,44.5393046875,-0.10766654461622238,-0.001517202821560204,0.03744058310985565
1791103725869276700,44.549276611328125,-0.10865617543458939,-0.03245780989527702,0.14032915234565735
1791103725879247600,44.55924755859375,-0.09140314906835556,-0.045588523149490356,0.07648438960313797
1791103725889219800,44.5692197265625,-0.010624414309859276,0.0033654365688562393,0.08786886930465698
1791103725899191600,44.57919165039063,-0.03839585930109024,0.049372076988220215,-0.0374126210808754
1791103725909163800,44.589163818359374,-0.060932058840990067,0.0663374811410904,-0.26036953926086426
1791103725919135700,44.5991357421875,-0.045636460185050964,0.06527141481637955,0.09044308215379715
1791103725929107700,44.609107666015625,0.062256716191768646,0.09617792814970016,-0.22665071487426758
1791103725939079700,44.61907958984375,0.12401995062828064,0.1190507560968399,-0.12838114798069
1791103725949051600,44.6290517578125,0.1298448145389557,0.13825879991054535,0.0012948289513587952
1791103725959023600,44.63902368164062,0.10640580207109451,0.16310343146324158,-0.08629680424928665
1791103725968995800,44.64899584960938,0.1168706938624382,0.1155572235584259,-0.05605794116854668
1791103725978967600,44.65896752929687,0.018988605588674545,0.09111499786376953,-0.14956898987293243
1791103725988939800,44.66893969726563,-0.03623976185917854,0.07904128730297089,0.04290539026260376
1791103725998911700,44.678911865234376,-0.014570154249668121,0.11819055676460266,-0.16757461428642273
1791103726008883700,44.6888837890625,0.038423556834459305,0.13292689621448517,-0.06132753938436508
1791103726018854700,44.69885473632812,0.11129377037286758,0.1220548003911972,0.03062262386083603
1791103726028826600,44.70882666015625,-0.006105030421167612,0.19207623600959778,-0.2170492261648178
1791103726038798800,44.718798828125,0.06686851382255554,0.11821745336055756,-0.06744295358657837
1791103726048770600,44.7287705078125,0.016997892409563065,0.10755228996276855,0.045346975326538086
1791103726058742800,44.73874267578125,-0.0008386294357478619,0.11771118640899658,-0.06144418567419052
1791103726068714500,44.74871459960937,-0.03169800713658333,0.12164068222045898,0.06654787063598633
1791103726078686700,44.758686767578126,-0.017589911818504333,0.0591040663421154,-0.20425006747245789
1791103726088658700,44.76865869140625,-0.0471147820353508,-0.025853434577584267,0.07961945980787277
1791103726098630700,44.77863061523438,-0.048416268080472946,0.0028280108235776424,-0.21388672292232513
1791103726108603000,44.788602783203125,-0.1386881023645401,-0.012795690447092056,0.05204642191529274
1791103726118574600,44.79857470703125,-0.04794595390558243,0.03465757891535759,-0.11834421753883362
1791103726128546800,44.808546875,-0.017248760908842087,0.010637730360031128,-0.21563482284545898
1791103726138518800,44.81851879882812,-0.12291047722101212,-0.04519490897655487,-0.07093196362257004
1791103726148489700,44.82848974609375,-0.16289357841014862,0.001845038030296564,-0.07089894264936447
1791103726158461700,44.83846166992188,-0.06243567913770676,0.02857571840286255,-0.11480966955423355
1791103726168433700,44.84843359375,-0.02317642606794834,-0.1039157435297966,0.291810005903244
1791103726178406000,44.85840600585937,-0.04242894798517227,-0.05395590886473656,-0.05907903239130974
1791103726188377600,44.868377685546875,-0.09405326098203659,-0.07109255343675613,-0.08938314020633698
1791103726198349800,44.87834985351562,-0.1412343531847,-0.03995673730969429,0.003926298581063747
1791103726208321800,44.88832177734375,-0.040346089750528336,-0.06567328423261642,0.2145780771970749
1791103726218293800,44.89829370117187,-0.029891319572925568,-0.04685245826840401,0.06018611043691635
1791103726228265700,44.908265625,0.010872621089220047,-0.030657511204481125,0.050335872918367386
1791103726238237700,44.91823779296875,-0.01335921511054039,-0.012643623165786266,0.048832520842552185
1791103726248209700,44.92820971679687,-0.04868551343679428,-0.028146415948867798,0.06799955666065216
1791103726258182000,44.938181884765626,-0.02853177674114704,-0.0555303692817688,0.03470658138394356
1791103726268153600,44.94815356445312,-0.041136518120765686,-0.0799076184630394,0.05637219548225403
1791103726278125800,44.95812573242188,-0.11332575976848602,-0.10638236254453659,0.1465255171060562
1791103726288096800,44.9680966796875,-0.1001519039273262,-0.15622742474079132,0.12553395330905914
1791103726298068700,44.97806884765625,-0.14322054386138916,-0.1779087483882904,0.2016947716474533
1791103726308040700,44.98804077148438,-0.1259978860616684,-0.1383482813835144,0.05206320062279701
1791103726318012400,44.998012451171874,-0.1519985795021057,-0.16582119464874268,0.2681851089000702
1791103726327984600,45.00798461914062,-0.10938374698162079,-0.16168636083602905,0.08770694583654404
1791103726337956400,45.017956298828125,-0.13309121131896973,-0.1431228071451187,0.11377796530723572
1791103726347928600,45.02792846679687,-0.12633955478668213,-0.09826931357383728,0.03713645040988922
1791103726357900500,45.03790063476563,-0.1556796133518219,-0.10180678963661194,0.11908617615699768
1791103726367872500,45.04787255859375,-0.06186709553003311,-0.13147813081741333,0.08036115020513535
1791103726377844500,45.05784448242188,0.0491718053817749,0.003201119601726532,-0.1556766778230667
1791103726387816400,45.06781640625,-0.022277874872088432,-0.044743504375219345,0.04753236472606659
1791103726397788400,45.07778833007813,-0.0332796610891819,-0.08999034017324448,0.19589227437973022
1791103726407760600,45.0877607421875,-0.01642877422273159,0.025594042614102364,-0.1007860004901886
1791103726417731600,45.09773168945313,0.04538878798484802,-0.010804977267980576,0.1449097841978073
1791103726427703600,45.10770361328125,0.07054154574871063,0.03498435020446777,-0.12315388768911362
1791103726437675500,45.11767553710938,0.006888532545417547,0.0035172367934137583,0.06870396435260773
1791103726447647500,45.1276474609375,-0.013526727445423603,-0.05702706798911095,0.07215488702058792
1791103726457619500,45.13761938476563,0.017225325107574463,0.0167949590831995,-0.21885405480861664
1791103726467591400,45.14759130859375,0.01435044314712286,-0.014976819045841694,0.06596916168928146
1791103726477563600,45.15756372070312,0.06975537538528442,-0.056767676025629044,0.08992589265108109
1791103726487535400,45.167535400390626,-0.006816094275563955,-0.01973402313888073,-0.14196965098381042
1791103726497507600,45.177507568359374,-0.08159925788640976,-0.14467781782150269,0.19401314854621887
1791103726507479600,45.1874794921875,-0.09183218330144882,-0.16316628456115723,-0.034936677664518356
1791103726517451500,45.197451416015625,-0.01690281741321087,-0.06649753451347351,-0.07014580070972443
1791103726527423700,45.207423828125,-0.06769249588251114,-0.0848831981420517,0.046362172812223434
1791103726537395500,45.2173955078125,-0.033072732388973236,-0.07360657304525375,-0.05122910067439079
1791103726547366700,45.22736669921875,-0.020294353365898132,-0.03278857097029686,-0.14020264148712158
1791103726557338400,45.23733837890625,-0.03969414904713631,-0.06458725035190582,-0.12291473895311356
1791103726567310600,45.247310546875,-0.01261086668819189,-0.08121815323829651,-0.1041455790400505
1791103726577282300,45.2572822265625,0.0858326181769371,0.014542990364134312,-0.23161618411540985
1791103726587254500,45.26725463867187,0.11154729872941971,-0.02322436310350895,-0.03080265410244465
1791103726597226500,45.2772265625,0.011597800068557262,-0.09033308923244476,0.07131385803222656
1791103726607198500,45.28719848632812,-0.059297412633895874,-0.07972145825624466,-0.1811961531639099
1791103726617170700,45.29717065429688,-0.04056154191493988,-0.10752139985561371,0.0918968990445137
1791103726627142400,45.30714233398437,0.02605077438056469,-0.059427108615636826,0.06940490752458572
1791103726637114600,45.31711450195313,0.01720748282968998,0.02407790534198284,-0.04259912669658661
1791103726647086600,45.327086669921876,-0.0036879454273730516,0.02610856667160988,0.03587011620402336
1791103726657058600,45.33705859375,-0.0313510000705719,0.022900788113474846,0.017706558108329773
1791103726667029500,45.34702954101562,0.06185457855463028,0.04284466803073883,-0.035826172679662704
1791103726677001500,45.35700146484375,0.1069570779800415,0.07457223534584045,0.01161511056125164
1791103726686973700,45.3669736328125,0.03831276670098305,0.03756468743085861,0.037880003452301025
1791103726696945400,45.3769453125,0.08291885256767273,-0.018501512706279755,0.05993577092885971
1791103726706917600,45.386917724609376,0.04693075641989708,0.038785479962825775,-0.016401343047618866
1791103726716889600,45.3968896484375,0.06686371564865112,0.02287335693836212,0.027274232357740402
1791103726726861600,45.406861572265626,-0.010184726677834988,0.0201641246676445,0.09020419418811798
1791103726736833500,45.41683349609375,0.029822343960404396,0.10729583352804184,-0.16566060483455658
1791103726746805500,45.42680541992188,-0.00589623861014843,0.006213421002030373,-0.0631968155503273
1791103726756777500,45.436777587890624,-0.009824134409427643,0.013818610459566116,-0.22570237517356873
1791103726766749700,45.44674975585937,0.01565432734787464,0.06293715536594391,-0.08509279042482376
1791103726776721400,45.456721435546875,0.05378999561071396,0.05582251772284508,-0.20653294026851654
1791103726786693600,45.46669360351562,0.044367466121912,-0.0032650355715304613,0.007151652593165636
1791103726796664600,45.47666455078125,-0.008915997110307217,0.05313831940293312,-0.06583759933710098
1791103726806636500,45.48663647460938,-0.03136857599020004,-0.048235971480607986,0.16199928522109985
1791103726816608500,45.4966083984375,-0.011426825076341629,0.0054576159454882145,-0.004357730504125357
1791103726826580500,45.50658056640625,-0.02954484336078167,0.02690325304865837,0.06274167448282242
1791103726836552700,45.516552734375,0.015919310972094536,0.04663647711277008,0.12356960773468018
1791103726846524400,45.5265244140625,0.07670090347528458,0.07711635529994965,-0.06693775206804276
1791103726856496600,45.53649658203125,0.02780526503920555,0.057796720415353775,0.1288999319076538
1791103726866468400,45.54646826171875,0.08252443373203278,0.05325816199183464,-0.17485490441322327
1791103726876440600,45.55644067382813,0.14489087462425232,0.0948929563164711,-0.026381272822618484
1791103726886412500,45.56641259765625,0.12149260938167572,0.10219800472259521,0.010379137471318245
1791103726896384500,45.57638452148438,0.030826089903712273,0.10366993397474289,-0.022362297400832176
1791103726906356500,45.5863564453125,0.012116583995521069,0.12690068781375885,-0.11208286136388779
1791103726916328400,45.59632836914062,0.08275347203016281,0.06081860885024071,0.020855214446783066
1791103726926299600,45.60629956054687,0.09786690771579742,0.06683842092752457,-0.11046179383993149
1791103726936271400,45.616271240234376,0.05216280370950699,0.04425081983208656,-0.0831899642944336
1791103726946243600,45.62624365234375,0.024029701948165894,0.04018017649650574,0.003620034782215953
1791103726956215600,45.63621557617188,0.01708897203207016,0.06274247914552689,-0.03899959847331047
1791103726966187500,45.6461875,-0.01985439844429493,0.037884265184402466,0.13860848546028137
1791103726976159500,45.65615942382812,-0.0035055188927799463,0.027948010712862015,0.12895505130290985
1791103726986131500,45.66613134765625,0.00833649281412363,0.11858230829238892,0.0591602586209774
1791103726996103400,45.676103515625,-0.010635600425302982,0.09963764250278473,0.019346799701452255
1791103727006075600,45.68607568359375,0.039514120668172836,0.04796086624264717,-0.0387340784072876
1791103727016047400,45.69604736328125,0.08293908834457397,0.0994352474808693,-0.09498856216669083
1791103727026019600,45.70601953125,0.01853400282561779,0.13812671601772308,0.009636381641030312
1791103727035991600,45.715991455078125,0.04045474901795387,0.11431858688592911,-0.09219357371330261
1791103727045963500,45.72596362304687,0.0715937614440918,0.129689559340477,-0.04974784702062607
1791103727055934500,45.7359345703125,0.025852901861071587,0.1128075048327446,-0.006432066671550274
1791103727065906400,45.74590649414063,0.05363739654421806,0.06217575445771217,-0.07965754717588425
1791103727075878700,45.755878662109374,0.009946374222636223,-0.003059173235669732,-0.011946408078074455
1791103727085850400,45.76585034179688,-0.07059187442064285,0.041068606078624725,-0.08935011923313141
1791103727095822600,45.775822509765625,-0.09706156700849533,-0.0014676681021228433,0.08146103471517563
1791103727105794300,45.78579418945313,-0.06855535507202148,0.10929879546165466,-0.13975630700588226
1791103727115766500,45.7957666015625,-0.04032425209879875,0.048111867159605026,0.11538145691156387
1791103727125738500,45.80573852539062,0.0017265273490920663,0.06982089579105377,-0.06321358680725098
1791103727135710500,45.81571044921875,0.004037352278828621,0.10051409155130386,-0.11037630587816238
1791103727145682700,45.8256826171875,0.0032621060963720083,0.07611021399497986,-0.007553523872047663
1791103727155654400,45.835654296875,0.006854710169136524,0.0012610068079084158,0.14312812685966492
1791103727165626600,45.845626708984376,-0.04104623571038246,0.03110305778682232,-0.0312894806265831
1791103727175597300,45.855597412109375,-0.024873126298189163,-0.017176590859889984,0.0923277959227562
1791103727185569500,45.86556958007812,-0.05837089940905571,0.0007701861904934049,-0.031088942661881447
1791103727195541500,45.87554150390625,-0.07533150911331177,0.026452112942934036,0.05801962688565254
1791103727205513500,45.885513427734374,-0.0628545954823494,-0.00754926260560751,0.07207685708999634
1791103727215485700,45.89548559570313,-0.030771760269999504,-0.04259566217660904,-0.04777204990386963
1791103727225457400,45.90545751953125,-0.04893052577972412,0.0003842941368930042,-0.06815881282091141
1791103727235429600,45.9154296875,-0.06706319004297256,-0.04987514764070511,0.05156678706407547
1791103727245401600,45.92540161132813,-0.043296340852975845,-0.0830533429980278,0.015136342495679855
1791103727255373600,45.93537353515625,-0.11009108275175095,-0.03092276304960251,-0.0321776419878006
1791103727265345500,45.94534545898438,-0.16148529946804047,-0.07461778074502945,0.06215338408946991
1791103727275317500,45.9553173828125,-0.10650913417339325,-0.08463659137487411,0.08775249123573303
1791103727285289500,45.96528955078125,-0.03184554725885391,-0.023315176367759705,-0.08039391040802002
1791103727295261700,45.97526171875,-0.08350981026887894,-0.14531297981739044,0.25032514333724976
1791103727305232600,45.98523266601563,-0.11766351759433746,-0.07841065526008606,-0.027661988511681557
1791103727315204900,45.995204833984374,-0.10536903142929077,-0.14131984114646912,0.058102983981370926
1791103727325176800,46.0051767578125,-0.10888706892728806,-0.1626991629600525,0.1066923588514328
1791103727335148800,46.015148681640625,-0.11041945219039917,-0.145696222782135,0.15847086906433105
1791103727345121000,46.02512109375,-0.14017042517662048,-0.15395361185073853,0.06415501981973648
1791103727355093000,46.03509301757813,-0.06589485704898834,-0.15454617142677307,0.03080052323639393
1791103727365065000,46.04506494140625,-0.10258203744888306,-0.1444288194179535,0.038060035556554794
1791103727375037000,46.05503686523438,-0.08673489838838577,-0.1790882647037506,0.1737571507692337
1791103727385009000,46.0650087890625,-0.09477497637271881,-0.17733430862426758,0.1170714944601059
1791103727394980900,46.07498095703125,-0.10567982494831085,-0.13173966109752655,-0.06295952200889587
1791103727404953000,46.084953125,-0.16999755799770355,-0.1987711489200592,0.06491215527057648
1791103727414924800,46.0949248046875,-0.1487407386302948,-0.14842648804187775,-0.04697176814079285
1791103727424896000,46.10489599609375,-0.07322946935892105,-0.13177907466888428,0.11123384535312653
1791103727434868000,46.11486791992188,-0.09566234052181244,-0.09614916890859604,0.0710936188697815
1791103727444840000,46.12483984375,-0.047676440328359604,-0.09762243181467056,0.03515505790710449
1791103727454812000,46.13481201171875,-0.022638199850916862,-0.04572221264243126,-0.0062696137465536594
1791103727464784000,46.144783935546876,0.0033454629592597485,-0.0493403859436512,0.017432786524295807
1791103727474756000,46.15475610351562,-0.05743027105927467,0.054251253604888916,0.036857083439826965
1791103727484727800,46.164727783203126,0.06177734583616257,-0.03976765275001526,0.14277233183383942
1791103727494700000,46.174699951171874,0.07526785880327225,-0.024983379989862442,-0.09922485053539276
1791103727504671700,46.18467163085938,-0.028491029515862465,-0.0231119766831398,0.04271044582128525
1791103727514644000,46.19464404296875,-0.0595615990459919,-0.055934637784957886,-0.15232935547828674
1791103727524616000,46.20461596679687,0.05013427510857582,-0.049847718328237534,-0.11242987215518951
1791103727534588000,46.214587890625,0.04045847803354263,-0.03241253271698952,-0.04225797578692436
1791103727544559000,46.22455908203125,0.019184080883860588,-0.07053648680448532,-0.21354158222675323
1791103727554530800,46.23453076171875,-0.015597335062921047,-0.1165069043636322,-0.018804579973220825
1791103727564503000,46.2445029296875,-0.07531818747520447,-0.08754263073205948,-0.17134006321430206
1791103727574474800,46.254474853515624,-0.012882509268820286,-0.0715482160449028,-0.22012890875339508
1791103727584447000,46.26444702148437,0.043599940836429596,-0.12067422270774841,-0.11849548667669296
1791103727594419000,46.2744189453125,-0.038175616413354874,-0.13148878514766693,-0.008567389100790024
1791103727604391000,46.28439086914062,0.04250325262546539,-0.10767160356044769,-0.1958818882703781
1791103727614363000,46.29436279296875,0.08824437111616135,-0.1183018758893013,-0.05332260951399803
1791103727624334800,46.3043349609375,0.0070459251292049885,-0.047390151768922806,-0.13394129276275635
1791103727634306800,46.31430688476563,0.11269085854291916,-0.035646677017211914,0.052203550934791565
1791103727644279000,46.324279052734376,0.13453996181488037,-0.009370598942041397,-0.1834113746881485
1791103727654250800,46.33425073242187,0.10028798878192902,0.020248811691999435,-0.12349530309438705
1791103727664223000,46.344222900390626,0.09397709369659424,0.06798277795314789,-0.2153272181749344
1791103727674194000,46.35419384765625,0.11625603586435318,0.059545617550611496,-0.04616935923695564
1791103727684166000,46.36416577148437,0.1901339888572693,0.07772462069988251,-0.007383081596344709
1791103727694137900,46.37413793945313,0.30790987610816956,0.11709040403366089,-0.2841552793979645
1791103727704109800,46.38410986328125,0.20100180804729462,0.12731188535690308,0.04800054803490639
1791103727714082000,46.39408203125,0.15502074360847473,0.0583525225520134,0.1229725256562233
1791103727724053800,46.4040537109375,0.18773101270198822,0.12014904618263245,-0.16858501732349396
1791103727734026000,46.41402587890625,0.1992878019809723,0.1277766078710556,-0.14491590857505798
1791103727743997700,46.42399780273438,0.1063046008348465,0.09632467478513718,0.058508582413196564
1791103727753970000,46.433969970703124,0.13009008765220642,0.16245229542255402,-0.09556913375854492
1791103727763942000,46.44394189453125,0.2003043293952942,0.19130045175552368,-0.015868712216615677
1791103727773913900,46.453913818359375,0.2422480583190918,0.1588306576013565,-0.03630021587014198
1791103727783886000,46.46388598632812,0.18491046130657196,0.12816596031188965,-0.013089170679450035
1791103727793856800,46.47385668945312,0.12913641333580017,0.14639875292778015,-0.03990054503083229
1791103727803829000,46.4838291015625,0.13782711327075958,0.09177865833044052,0.040566336363554
1791103727813800700,46.49380078125,0.061228737235069275,0.04710173234343529,0.1775020807981491
1791103727823773000,46.50377294921875,0.013060408644378185,0.06569512188434601,-0.07593977451324463
1791103727833745000,46.513744873046875,0.07271335273981094,0.05808061361312866,-0.032053541392087936
1791103727843716900,46.523716796875,0.05678791552782059,0.03804165869951248,0.10435543209314346
1791103727853688800,46.533688720703125,0.009513077326118946,0.07694324851036072,0.10670780390501022
1791103727863660800,46.54366088867187,0.042510442435741425,0.05985507741570473,-0.04306650906801224
1791103727873633000,46.55363305664063,0.04465668275952339,0.04577681049704552,0.02370160073041916
1791103727883605000,46.56360498046875,-0.008876049891114235,0.0842677429318428,0.06409456580877304
1791103727893577000,46.57357690429688,0.022241123020648956,0.09784427285194397,-0.01227584108710289
1791103727903549000,46.583548828125,0.08695460855960846,0.11919216811656952,-0.03494280204176903
1791103727913519900,46.593519775390625,0.05342700704932213,0.11675670742988586,0.1424066722393036
1791103727923491800,46.60349194335937,0.017644241452217102,0.14352387189865112,0.04740559682250023
1791103727933463800,46.6134638671875,0.07454986870288849,0.14118269085884094,0.21793977916240692
1791103727943436000,46.62343603515625,0.10255087912082672,0.15124838054180145,0.06337124854326248
1791103727953408000,46.63340795898438,0.05762680992484093,0.09742189198732376,0.1751965880393982
1791103727963380000,46.6433798828125,-0.05729098618030548,0.08756154030561447,0.06597315520048141
1791103727973352000,46.65335205078125,0.0005834985640831292,0.09075547009706497,-0.032469525933265686
1791103727983324000,46.663323974609376,0.0441482849419117,0.061831943690776825,0.06615718454122543
1791103727993296000,46.6732958984375,-0.012922989204525948,0.0670085921883583,0.01061988715082407
1791103728003268000,46.68326806640625,-0.04379887878894806,0.060501161962747574,0.12217597663402557
1791103728013239800,46.69323974609375,-0.10375861823558807,0.055514656007289886,-0.04713715240359306
1791103728023212000,46.7032119140625,-0.14757108688354492,0.00296329939737916,0.002167813014239073
1791103728033183000,46.71318286132812,-0.08113959431648254,-0.008955145254731178,0.03063247725367546
1791103728043155000,46.723155029296876,-0.006391853094100952,0.06392492353916168,-0.14923715591430664
1791103728053127000,46.733126953125,-0.005877329967916012,0.06663495302200317,0.018704179674386978
1791103728063099000,46.74309887695313,-0.06210385262966156,0.11129003763198853,-0.03187191113829613
1791103728073071000,46.753071044921874,-0.07601593434810638,0.054248325526714325,0.12467189133167267
1791103728083042800,46.76304272460938,-0.08594020456075668,0.03196485713124275,0.046486541628837585
1791103728093015000,46.77301513671875,-0.1235608235001564,0.0476122610270977,0.09191740304231644
1791103728102986800,46.78298681640625,-0.0752635970711708,0.07835578918457031,-0.1504875123500824
1791103728112959000,46.792958984375,0.018568623811006546,0.11952346563339233,-0.0025936525780707598
1791103728122931000,46.80293090820312,-0.016042349860072136,0.11330738663673401,-0.049852777272462845
1791103728132903000,46.81290283203125,0.03117629513144493,0.11430633813142776,-0.09266868233680725
1791103728142875000,46.822875,0.0028543761000037193,0.1568996012210846,-0.017966749146580696
1791103728152845800,46.832845703125,-0.018153702840209007,0.12021322548389435,-0.018698319792747498
1791103728162818000,46.84281811523437,-0.06488072872161865,0.09296003729104996,0.07674963772296906
1791103728172789800,46.852789794921875,-0.09780432283878326,0.06727917492389679,-0.02635384351015091
1791103728182762000,46.86276196289062,-0.17707011103630066,0.02701856754720211,0.13210290670394897
1791103728192734000,46.87273388671875,-0.17566263675689697,0.01786954514682293,0.0601126067340374
1791103728202706000,46.882705810546874,-0.03477529063820839,0.0637960210442543,-0.0169073436409235
1791103728212678000,46.89267797851563,-0.06607116013765335,0.0887298658490181,-0.029462818056344986
1791103728222649900,46.90264990234375,-0.0738888680934906,0.02642415091395378,-0.001210939371958375
1791103728232621800,46.91262182617187,-0.06011340394616127,0.045753639191389084,-0.10925032198429108
1791103728242594000,46.92259399414063,-0.009430252946913242,0.06955484300851822,-0.12238157540559769
1791103728252565800,46.93256567382812,-0.020805945619940758,0.08391034603118896,-0.1644643098115921
1791103728262538000,46.9425380859375,-0.10484838485717773,0.07124781608581543,0.016873788088560104
1791103728272509000,46.95250903320313,-0.1530284285545349,0.011178351938724518,0.14849892258644104
1791103728282481000,46.96248095703125,-0.1056302860379219,-0.013637248426675797,-0.07655149698257446
1791103728292452900,46.97245288085937,-0.0841393768787384,-0.03922942653298378,0.18908897042274475
1791103728302424800,46.9824248046875,-0.11999405175447464,-0.08189699798822403,-0.07879068702459335
1791103728312397000,46.99239697265625,-0.1421254426240921,0.010355168953537941,-0.1449097841978073
1791103728322369000,47.002369140625,-0.09355951100587845,0.029401032254099846,-0.06178533658385277
1791103728332341200,47.01234130859375,-0.08028391748666763,0.019870644435286522,0.01642344892024994
1791103728342313200,47.02231323242187,-0.05049992725253105,-0.031913723796606064,-0.024713601917028427
1791103728352285200,47.03228515625,-0.1307806521654129,-0.009435845538973808,0.027999410405755043
1791103728362257200,47.04225708007812,-0.18198764324188232,-0.06330706924200058,0.10514426231384277
1791103728372229000,47.05222900390625,-0.20178771018981934,-0.0470426082611084,-0.014031130820512772
1791103728382201000,47.062201171875,-0.16011270880699158,-0.05168849602341652,0.041616152971982956
1791103728392172000,47.072172119140625,-0.15966929495334625,-0.029890786856412888,-0.04920323193073273
1791103728402144300,47.08214428710937,-0.0710320994257927,-0.0769168883562088,0.03402081876993179
1791103728412116200,47.0921162109375,-0.0641195997595787,-0.008730374276638031,-0.04390407353639603
1791103728422088200,47.10208813476562,-0.10163847357034683,-0.04604951664805412,-0.10242863744497299
1791103728432060200,47.11206005859375,-0.17937427759170532,-0.0855625718832016,-0.07480207085609436
1791103728442032000,47.1220322265625,-0.1521645039319992,-0.09202872961759567,-0.03346474841237068
1791103728452004000,47.13200415039063,-0.12093786895275116,-0.06939452141523361,-0.06517873704433441
1791103728461976300,47.141976318359376,-0.08734715729951859,-0.12082309275865555,0.07589077204465866
1791103728471948000,47.15194799804687,-0.12006249278783798,-0.18395918607711792,0.1667596846818924
1791103728481920300,47.161920166015626,-0.12226918339729309,-0.1074335128068924,-0.1683647781610489
1791103728491892200,47.171892333984374,-0.24379268288612366,-0.2325456291437149,0.15864557027816772
1791103728501864200,47.1818642578125,-0.2936633229255676,-0.15560877323150635,-0.0307464599609375
1791103728511835100,47.19183520507813,-0.11127219349145889,-0.13560177385807037,0.07003048062324524
1791103728521807000,47.20180712890625,-0.1623106151819229,-0.08723290264606476,-0.08454444259405136
1791103728531779300,47.211779296875,-0.18765485286712646,-0.1799710988998413,0.1640981286764145
1791103728541751000,47.2217509765625,-0.11662434786558151,-0.0911962240934372,-0.09042736887931824
1791103728551723300,47.23172314453125,-0.04789748415350914,-0.033464215695858,0.035043470561504364
1791103728561695000,47.24169506835938,-0.10862874239683151,-0.10439271479845047,0.04856087639927864
1791103728571667200,47.251667236328124,-0.11354254186153412,-0.08773171901702881,-0.05317240580916405
1791103728581639200,47.26163916015625,-0.07084860652685165,-0.047619715332984924,-0.14430098235607147
1791103728591611100,47.271611083984375,-0.11379341036081314,-0.07433255016803741,0.06657370179891586
1791103728601583400,47.28158325195312,-0.047147803008556366,-0.07263212651014328,-0.07085420191287994
1791103728611555000,47.29155517578125,-0.0008910936885513365,-0.06474730372428894,-0.13038118183612823
1791103728621526300,47.3015263671875,-0.014816496521234512,-0.1357884556055069,0.06165990233421326
1791103728631498000,47.311498046875,-0.13384407758712769,-0.09792523086071014,0.05500572919845581
1791103728641470200,47.32147021484375,-0.13601216673851013,-0.13983246684074402,0.05355856567621231
1791103728651442200,47.331442138671875,-0.13454608619213104,-0.10637570917606354,-0.048348091542720795
1791103728661414100,47.3414140625,-0.11496493220329285,-0.15547747910022736,-0.007011037785559893
1791103728671386400,47.35138647460938,-0.11283706873655319,-0.14078161120414734,0.03699982911348343
1791103728681358000,47.36135815429687,-0.07256900519132614,-0.09469721466302872,-0.0023220102302730083
1791103728691330300,47.37133032226563,-0.08861162513494492,-0.12485697865486145,0.04711158573627472
1791103728701302300,47.38130224609375,-0.08692504465579987,-0.21008479595184326,-0.02316657267510891
1791103728711274200,47.39127416992188,-0.07815498858690262,-0.20764853060245514,-0.05976160243153572
1791103728721246200,47.40124609375,-0.06150863319635391,-0.1910296082496643,0.037511955946683884
1791103728731218200,47.41121826171875,-0.06962355226278305,-0.16994695365428925,0.08896369487047195
1791103728741189000,47.42118920898437,-0.05494048073887825,-0.1650259643793106,-0.013392237946391106
1791103728751161000,47.4311611328125,-0.03695615381002426,-0.15157461166381836,-0.06239520013332367
1791103728761133300,47.44113330078125,-0.03798679634928703,-0.14261068403720856,0.1410873532295227
1791103728771105300,47.45110522460938,-0.0037974014412611723,-0.12449132651090622,-0.009605223312973976
1791103728781077200,47.4610771484375,0.03396143019199371,-0.14657878875732422,-0.07634910196065903
1791103728791049200,47.47104931640625,-0.015687083825469017,-0.16828887164592743,0.0012607404496520758
1791103728801021200,47.48102124023438,-0.06439896672964096,-0.09213898330926895,0.0337076298892498
1791103728810993200,47.4909931640625,-0.027096066623926163,-0.10848359763622284,-0.03176937997341156
1791103728820965400,47.50096533203125,-0.021521802991628647,-0.12656593322753906,0.03791462630033493
1791103728830937000,47.51093701171875,-0.01601571775972843,-0.0679582804441452,-0.01203668862581253
1791103728840909300,47.52090942382812,-0.002656236756592989,-0.023068301379680634,-0.01715688221156597
1791103728850881000,47.530881103515625,0.11502112448215485,-0.049439456313848495,-0.024278175085783005
1791103728860852200,47.540852294921876,0.06573906540870667,0.046901460736989975,0.058818843215703964
1791103728870824200,47.55082421875,0.151581808924675,0.006048571318387985,0.06166655942797661
1791103728880796200,47.56079614257813,0.1914179027080536,0.04736698418855667,-0.03969255089759827
1791103728890768400,47.570768310546875,0.14026309549808502,0.053577207028865814,-0.07818401604890823
1791103728900740000,47.58073999023438,0.15297943353652954,0.1280599683523178,-0.10021129250526428
1791103728910712300,47.59071240234375,0.19483047723770142,0.10249415040016174,0.09625383466482162
1791103728920684000,47.60068408203125,0.1832164227962494,0.11530955135822296,-0.09588631242513657
1791103728930656300,47.61065625,0.21269388496875763,0.14721634984016418,-0.1423259824514389
1791103728940628200,47.62062817382812,0.18601514399051666,0.10873313993215561,0.027363447472453117
1791103728950600200,47.63060009765625,0.15757285058498383,0.13371172547340393,-0.1022571325302124
1791103728960572200,47.640572265625,0.21790862083435059,0.13756372034549713,-0.014444985426962376
1791103728970544000,47.65054418945312,0.19114039838314056,0.1306200623512268,0.023624369874596596
1791103728980515300,47.66051538085937,0.1792038381099701,0.15159565210342407,-0.06309561431407928
1791103728990487000,47.670487060546876,0.1998012661933899,0.18791264295578003,-0.14698465168476105
1791103729000459300,47.68045922851562,0.2028343379497528,0.17391373217105865,0.18027204275131226
1791103729010431200,47.69043115234375,0.21205367147922516,0.2017669379711151,-0.02178891934454441
1791103729020403200,47.7004033203125,0.20896653831005096,0.21086031198501587,-0.008356999605894089
1791103729030375200,47.71037524414062,0.16775517165660858,0.1792728155851364,-0.037038709968328476
1791103729040347100,47.72034716796875,0.194713294506073,0.15164385735988617,0.08921349793672562
1791103729050319000,47.73031909179687,0.29519516229629517,0.22534310817718506,-0.15220524370670319
1791103729060291300,47.74029125976563,0.26468625664711,0.24726997315883636,0.07658106088638306
1791103729070263000,47.75026293945312,0.28105270862579346,0.2674735188484192,-0.07286249101161957
1791103729080235300,47.7602353515625,0.26394030451774597,0.26726311445236206,0.1587851196527481
1791103729090206200,47.77020629882813,0.2234397530555725,0.2510279715061188,0.05204535648226738
1791103729100178200,47.78017822265625,0.2095220685005188,0.24530775845050812,-0.17795908451080322
1791103729110150100,47.79015014648437,0.20091846585273743,0.20919689536094666,0.10143101960420609
1791103729120122000,47.8001220703125,0.22577986121177673,0.21855418384075165,-0.05915413424372673
1791103729130094300,47.81009423828125,0.24469709396362305,0.18593311309814453,0.09954789280891418
1791103729140066000,47.82006616210938,0.2148369401693344,0.19990353286266327,-0.09196002036333084
1791103729150038300,47.830038330078125,0.06305593252182007,0.16653092205524445,0.12319410592317581
1791103729160010000,47.84001000976563,0.11126740276813507,0.11402137577533722,0.03231586143374443
1791103729169982200,47.849982177734375,0.07953104376792908,0.16537751257419586,-0.09129156172275543
1791103729179954200,47.8599541015625,0.018751583993434906,0.1230580136179924,0.09952285885810852
1791103729189926100,47.869926025390626,0.011402590200304985,0.0879567563533783,0.0639699250459671
1791103729199898400,47.8798984375,-0.014896923676133156,0.14745576679706573,-0.17772099375724792
1791103729209869000,47.889869140625,-0.017419470474123955,0.11999298632144928,0.1861589550971985
1791103729219841300,47.89984130859375,0.010775948874652386,0.11750426143407822,0.010190319269895554
1791103729229813000,47.90981298828125,0.061944060027599335,0.15452805161476135,0.013852166011929512
1791103729239785200,47.91978515625,-0.04733715578913689,0.1932900995016098,-0.06666318327188492
1791103729249757200,47.929757080078126,-0.09182952344417572,0.1973242610692978,0.00133850472047925
1791103729259729200,47.93972924804687,-0.0253442395478487,0.1864771991968155,0.11076033860445023
1791103729269701000,47.949701171875,-0.05014679208397865,0.19325575232505798,0.1826438456773758
1791103729279673000,47.959673095703124,-0.05084853246808052,0.22036832571029663,-0.06451374292373657
1791103729289645300,47.96964526367187,-0.0172096136957407,0.18823862075805664,0.24214233458042145
1791103729299617300,47.9796171875,-0.06575344502925873,0.23534247279167175,-0.02858131006360054
1791103729309589200,47.98958935546875,-0.09537845104932785,0.17092007398605347,0.1612301617860794
1791103729319559700,47.9995595703125,-0.15118391811847687,0.23039832711219788,0.057554107159376144
1791103729329531600,48.00953173828125,-0.14978016912937164,0.21804603934288025,0.16030791401863098
1791103729339503900,48.01950390625,-0.1916152387857437,0.2516583204269409,-0.04018949717283249
1791103729349475600,48.0294755859375,-0.18788255751132965,0.2329634726047516,0.12843546271324158
1791103729359447800,48.03944775390625,-0.23308971524238586,0.20844535529613495,0.1557682901620865
1791103729369419500,48.04941943359375,-0.2054775208234787,0.17216937243938446,0.027408987283706665
1791103729379391700,48.059391845703125,-0.25909122824668884,0.15667696297168732,-0.036143623292446136
1791103729389363700,48.06936376953125,-0.3494168519973755,0.14851491153240204,-0.049548376351594925
1791103729399335700,48.079335693359376,-0.3319915235042572,0.08919192850589752,0.22457905113697052
1791103729409307600,48.0893076171875,-0.3277229964733124,0.11824488639831543,-0.1154877170920372
1791103729419279600,48.099279541015626,-0.41530799865722656,0.030403180047869682,0.07686521857976913
1791103729429251600,48.10925146484375,-0.4668167233467102,0.011297395452857018,0.01401808112859726
1791103729439222500,48.11922241210937,-0.44127246737480164,-0.050339069217443466,0.13100887835025787
1791103729449194800,48.12919482421875,-0.458764910697937,-0.08165864646434784,-0.017110809683799744
1791103729459166700,48.139166748046875,-0.5193281173706055,-0.10206484794616699,0.0646279975771904
1791103729469138700,48.149138671875,-0.5874065160751343,-0.13216443359851837,-0.03503201901912689
1791103729479110700,48.159110595703126,-0.5880081057548523,-0.16825824975967407,0.05916691571474075
1791103729489082600,48.16908251953125,-0.5008822679519653,-0.15494084358215332,-0.16613304615020752
1791103729499054600,48.1790546875,-0.530199408531189,-0.21575386822223663,0.09604903310537338
1791103729509026800,48.18902685546875,-0.5932151079177856,-0.24748143553733826,-0.049016278237104416
1791103729518998500,48.19899853515625,-0.552457332611084,-0.20552705228328705,-0.1369144469499588
1791103729528970800,48.208970703125,-0.5831813812255859,-0.2638761103153229,0.08568481355905533
1791103729538942500,48.2189423828125,-0.613722562789917,-0.3081996440887451,0.022246450185775757
1791103729548913700,48.22891357421875,-0.5882880091667175,-0.2734035849571228,-0.021649368107318878
1791103729558885600,48.2388857421875,-0.5258116126060486,-0.2233278900384903,-0.2544969916343689
1791103729568857600,48.248857666015624,-0.6040643453598022,-0.27367255091667175,0.006007025949656963
1791103729578829800,48.25882983398437,-0.566952645778656,-0.24662601947784424,0.05631893128156662
1791103729588801500,48.268801513671875,-0.4476880431175232,-0.21514160931110382,-0.15232881903648376
1791103729598773800,48.27877368164062,-0.4506145715713501,-0.2634159326553345,-0.10233782231807709
1791103729608745500,48.288745361328125,-0.5754556059837341,-0.2836788594722748,-0.06530816853046417
1791103729618717700,48.2987177734375,-0.5910113453865051,-0.22615191340446472,-0.10412613302469254
1791103729628689700,48.30868969726563,-0.5154196619987488,-0.2672109305858612,0.056416936218738556
1791103729638661600,48.31866162109375,-0.4904325604438782,-0.27628910541534424,0.1293124556541443
1791103729648633600,48.32863354492188,-0.5305533409118652,-0.23830844461917877,0.02768329344689846
1791103729658605600,48.33860546875,-0.4786989390850067,-0.2582525908946991,-0.007738080807030201
1791103729668576800,48.34857666015625,-0.41730615496635437,-0.2530708611011505,0.06838171929121017
1791103729678548500,48.35854858398437,-0.41662466526031494,-0.2578216791152954,0.2048833668231964
1791103729688520700,48.36852075195313,-0.4459063708782196,-0.23859739303588867,0.028776787221431732
1791103729698492700,48.37849267578125,-0.5008825659751892,-0.24468378722667694,0.018918562680482864
1791103729708464600,48.38846459960938,-0.4331170618534088,-0.24634213745594025,-0.06837479770183563
1791103729718436600,48.3984365234375,-0.33230310678482056,-0.25360429286956787,-0.005151086021214724
1791103729728408600,48.40840869140625,-0.42786797881126404,-0.2875518798828125,-0.021404623985290527
1791103729738380500,48.418380615234376,-0.4996822476387024,-0.33703476190567017,0.051424041390419006
1791103729748352800,48.428352783203124,-0.4550601840019226,-0.3636639714241028,0.03484240174293518
1791103729758324700,48.43832470703125,-0.4632483422756195,-0.37353628873825073,0.12918701767921448
1791103729768296700,48.448296630859375,-0.4642491638660431,-0.4689600169658661,0.06443997472524643
1791103729778267600,48.458267578125,-0.5133512020111084,-0.44672343134880066,0.04195011407136917
1791103729788239600,48.46823950195313,-0.5384810566902161,-0.44259607791900635,0.03456144034862518
1791103729798211600,48.478211669921876,-0.4615202248096466,-0.44218993186950684,0.06500829756259918
1791103729808183600,48.48818359375,-0.4126850366592407,-0.46314528584480286,0.06514997780323029
1791103729818155800,48.49815576171875,-0.4219405949115753,-0.5177837610244751,0.21578794717788696
1791103729828127700,48.508127685546874,-0.46025946736335754,-0.4734535813331604,-0.09017330408096313
1791103729838099700,48.518099609375,-0.44734102487564087,-0.5383796095848083,0.0863705724477768
1791103729848071700,48.52807177734375,-0.49679166078567505,-0.5268065333366394,0.2463727593421936
1791103729858043600,48.53804370117187,-0.46662789583206177,-0.493998259305954,0.05668644979596138
1791103729868015900,48.54801586914063,-0.3716811537742615,-0.5037441253662109,0.12676593661308289
1791103729877987600,48.55798754882812,-0.3737344443798065,-0.5130963325500488,0.12244442105293274
1791103729887958800,48.567958740234374,-0.33217474818229675,-0.4676143229007721,0.1474323272705078
1791103729897930500,48.57793041992188,-0.3145608603954315,-0.4735015034675598,0.0976400077342987
1791103729907902700,48.58790283203125,-0.3269672095775604,-0.4861792325973511,0.10224886983633041
1791103729917874700,48.59787475585937,-0.3490099310874939,-0.4514460265636444,0.029830865561962128
1791103729927846700,48.6078466796875,-0.23158928751945496,-0.4011889696121216,0.15299354493618011
1791103729937819000,48.61781884765625,-0.2296489030122757,-0.3739275336265564,0.06326339393854141
1791103729947790600,48.62779052734375,-0.23822934925556183,-0.47079041600227356,0.06215444952249527
1791103729957762800,48.6377626953125,-0.2251439094543457,-0.4653293490409851,0.0662197694182396
1791103729967734500,48.64773461914063,-0.2127884328365326,-0.43241745233535767,0.1558002531528473
1791103729977706800,48.657706787109376,-0.2786729037761688,-0.4919620156288147,0.12964241206645966
1791103729987678700,48.6676787109375,-0.2096344530582428,-0.5254533886909485,0.12365856021642685
1791103729997649700,48.67764965820312,-0.19190499186515808,-0.47739532589912415,0.11123651266098022
1791103730007622000,48.68762182617188,-0.21931317448616028,-0.47162559628486633,0.09000924974679947
1791103730017593600,48.69759350585937,-0.18891026079654694,-0.510537326335907,0.17721153795719147
1791103730027565800,48.70756591796875,-0.18978165090084076,-0.47656866908073425,-0.015855662524700165
1791103730037537500,48.71753759765625,-0.1690790355205536,-0.5137069821357727,0.06177787855267525
1791103730047509800,48.727509765625,-0.16979089379310608,-0.47681769728660583,-0.07510886341333389
1791103730057481700,48.737481689453126,-0.1039530336856842,-0.4825493395328522,-0.06263329088687897
1791103730067453700,48.74745361328125,-0.05269916355609894,-0.501422643661499,0.029148031026124954
1791103730077425700,48.75742578125,-0.06560670584440231,-0.4636875092983246,0.002115881536155939
1791103730087397600,48.767397705078125,-0.06753882765769958,-0.5369443893432617,0.20909196138381958
1791103730097369600,48.77736962890625,-0.048168595880270004,-0.4989357590675354,-0.1728641837835312
1791103730107341800,48.787341796875,-0.11503870785236359,-0.4996210038661957,0.20744453370571136
1791103730117312800,48.797312744140626,-0.07197991758584976,-0.5151493549346924,0.08591863512992859
1791103730127284700,48.80728466796875,0.011144530028104782,-0.4795098602771759,-0.04832545295357704
1791103730137256700,48.81725659179688,0.049731869250535965,-0.38101205229759216,0.04176662117242813
1791103730147228700,48.827228759765624,0.15414616465568542,-0.3507111370563507,0.18445080518722534
1791103730157200600,48.83720068359375,0.21786841750144958,-0.33222562074661255,0.03851676732301712
1791103730167172600,48.847172607421875,0.19993442296981812,-0.3529817461967468,0.14353080093860626
1791103730177144800,48.85714477539062,0.1976395696401596,-0.30885425209999084,-0.016646355390548706
1791103730187116500,48.867116455078126,0.2504599094390869,-0.27307894825935364,0.038960181176662445
1791103730197088800,48.8770888671875,0.2755644619464874,-0.3345803916454315,-0.003838680451735854
1791103730207060500,48.887060546875,0.32505905628204346,-0.27839168906211853,-0.2090674638748169
1791103730217032700,48.89703271484375,0.322067528963089,-0.2560488283634186,-0.03429858386516571
1791103730227003600,48.907003662109375,0.3868371844291687,-0.23157410323619843,-0.15323935449123383
1791103730236975600,48.9169755859375,0.40063557028770447,-0.23796196281909943,0.1496930867433548
1791103730246947800,48.92694775390625,0.40154770016670227,-0.2402336448431015,-0.1264820396900177
1791103730256919600,48.93691943359375,0.36994823813438416,-0.2222977876663208,0.08957009762525558
1791103730266891800,48.94689184570313,0.33908990025520325,-0.21606677770614624,-0.02798076719045639
1791103730276863500,48.956863525390624,0.37913161516189575,-0.22321204841136932,0.10745535045862198
1791103730286835700,48.96683569335938,0.4476560652256012,-0.17727385461330414,-0.12867408990859985
1791103730296807700,48.9768076171875,0.459921270608902,-0.06863205879926682,0.00038535939529538155
1791103730306779600,48.98677954101562,0.5447922348976135,-0.05439160391688347,-0.01576458103954792
1791103730316751600,48.99675170898438,0.6037309169769287,0.01906956546008587,0.07202572375535965
1791103730326723600,49.0067236328125,0.6656989455223083,0.01691320352256298,-0.15966689586639404
1791103730336694500,49.01669458007812,0.633083701133728,0.014088122174143791,-0.026134397834539413
1791103730346666500,49.02666650390625,0.5764316320419312,0.06007292494177818,0.020477844402194023
1791103730356638500,49.036638427734374,0.6465166807174683,0.07282707095146179,-0.023998543620109558
1791103730366610400,49.0466103515625,0.6917648911476135,0.16856877505779266,-0.08866648375988007
1791103730376582700,49.05658276367188,0.6221439838409424,0.15442632138729095,0.08525683730840683
1791103730386554400,49.06655444335937,0.5745245218276978,0.07614243775606155,-0.010640393942594528
1791103730396526600,49.07652661132813,0.6664754748344421,0.13024082779884338,-0.04393976181745529
1791103730406498600,49.08649853515625,0.6430751085281372,0.15925011038780212,0.054733287543058395
1791103730416470500,49.09647045898438,0.5711745619773865,0.08783025294542313,-0.10111463069915771
1791103730426442500,49.1064423828125,0.5463453531265259,0.15303614735603333,-0.023036077618598938
1791103730436414500,49.11641455078125,0.6421323418617249,0.19633568823337555,-0.08066528290510178
1791103730446385700,49.1263857421875,0.6555368304252625,0.16852909326553345,-0.005814746022224426
1791103730456357400,49.136357421875,0.6514259576797485,0.1740085482597351,0.017887121066451073
1791103730466329600,49.14632958984375,0.6866952776908875,0.16007408499717712,-0.0306982584297657
1791103730476301300,49.15630126953125,0.6263325810432434,0.10470244288444519,0.07628971338272095
1791103730486273500,49.1662734375,0.5134276151657104,0.10978855192661285,0.054486945271492004
1791103730496245500,49.17624560546875,0.4069885313510895,0.04441087320446968,0.09614277631044388
1791103730506217500,49.186217529296876,0.343549907207489,-0.01671985723078251,-0.062487613409757614
1791103730516189700,49.19618969726562,0.3620367646217346,0.030278543010354042,-0.051177434623241425
1791103730526161400,49.206161376953126,0.3937310576438904,0.06400108337402344,-0.187335804104805
1791103730536133600,49.216133544921874,0.42583519220352173,0.04375174269080162,-0.03201492503285408
1791103730546105600,49.22610571289062,0.5219766497612,0.08792772144079208,-0.08807233721017838
1791103730556076500,49.23607666015625,0.5389513373374939,0.19506216049194336,-0.1208537146449089
1791103730566048500,49.246048583984376,0.4832921028137207,0.1798160970211029,-0.05680282786488533
1791103730576020500,49.2560205078125,0.5128542184829712,0.19498573243618011,0.03832608461380005
1791103730585992400,49.265992431640626,0.5240445733070374,0.22441525757312775,-0.126626655459404
1791103730595964400,49.27596435546875,0.4743920862674713,0.22670158743858337,0.06419976055622101
1791103730605936600,49.2859365234375,0.49676981568336487,0.21482974290847778,0.06480562686920166
1791103730615908600,49.29590869140625,0.533099353313446,0.20270571112632751,0.10688703507184982
1791103730625880600,49.30588061523437,0.4919324517250061,0.2518945634365082,-0.006839530076831579
1791103730635852500,49.3158525390625,0.4738871455192566,0.24216310679912567,0.07690676301717758
1791103730645824500,49.32582446289062,0.5031843185424805,0.23728951811790466,-0.05794692412018776
1791103730655796500,49.33579638671875,0.47624537348747253,0.29100868105888367,-0.1411169171333313
1791103730665767400,49.34576733398438,0.4213307201862335,0.2275652438402176,0.09757476300001144
1791103730675739600,49.35573974609375,0.41403818130493164,0.2104291319847107,-0.04995504394173622
1791103730685711600,49.36571166992187,0.3919523358345032,0.2232498675584793,0.0017976337112486362
1791103730695683600,49.37568359375,0.3334759771823883,0.18281614780426025,0.06470789015293121
1791103730705655600,49.38565551757812,0.31012722849845886,0.16709178686141968,-0.06369215995073318
1791103730715627500,49.39562744140625,0.30537721514701843,0.14559555053710938,0.02636769227683544
1791103730725599500,49.405599609375,0.2946026027202606,0.16252845525741577,0.07526066899299622
1791103730735571700,49.41557177734375,0.2827986776828766,0.1469779908657074,0.1290823519229889
1791103730745543400,49.42554345703125,0.30005010962486267,0.16650216281414032,-0.05582971125841141
1791103730755515600,49.435515625,0.35758236050605774,0.1819295883178711,0.2133796513080597
1791103730765487400,49.4454873046875,0.40614137053489685,0.22561287879943848,0.1117134839296341
1791103730775458600,49.45545849609375,0.4407246708869934,0.23877368867397308,0.17305727303028107
1791103730785430500,49.46543041992187,0.42892178893089294,0.2689201533794403,0.059731774032115936
1791103730795402500,49.47540258789063,0.42392730712890625,0.29708734154701233,0.18429048359394073
1791103730805374700,49.485374755859375,0.45891058444976807,0.29909375309944153,0.1989181637763977
1791103730815346400,49.49534643554688,0.48967036604881287,0.3438556492328644,0.08428878337144852
1791103730825318700,49.505318603515626,0.4033772945404053,0.3600090444087982,0.07444307208061218
1791103730835290400,49.51529028320312,0.4127334952354431,0.36098137497901917,0.11326344311237335
1791103730845262600,49.5252626953125,0.4774906635284424,0.38329413533210754,0.0860922709107399
1791103730855234600,49.535234619140624,0.35651203989982605,0.38960182666778564,0.10665667057037354
1791103730865206500,49.54520654296875,0.35018810629844666,0.4123830199241638,0.03785550221800804
1791103730875178500,49.555178466796875,0.36995062232017517,0.45434805750846863,0.08366027474403381
1791103730885149400,49.5651494140625,0.37746793031692505,0.46175912022590637,0.11931760609149933
1791103730895121700,49.57512158203125,0.36972904205322266,0.45207852125167847,0.08543048053979874
1791103730905093400,49.58509326171875,0.3031737208366394,0.3935486376285553,0.022158032283186913
1791103730915065600,49.595065673828124,0.19031348824501038,0.3584385812282562,0.0682661384344101
1791103730925037600,49.60503759765625,0.2063845992088318,0.3775387704372406,-0.018702581524848938
1791103730935009500,49.615009521484374,0.1898125410079956,0.2940467894077301,0.11001890897750854
1791103730944981500,49.6249814453125,0.22240404784679413,0.23445458710193634,0.021733524277806282
1791103730954953500,49.634953369140625,0.09234164655208588,0.21510592103004456,-0.04168965667486191
1791103730964925400,49.64492553710937,0.04032238945364952,0.2144710123538971,0.024029968306422234
1791103730974897700,49.65489770507813,0.037874143570661545,0.186811164021492,0.19910883903503418
1791103730984869400,49.66486938476562,0.017491376027464867,0.16498549282550812,0.08614873141050339
1791103730994840600,49.674840576171874,-0.02768702059984207,0.23340663313865662,0.1383506804704666
1791103731004812500,49.6848125,0.020505275577306747,0.25706055760383606,0.06708609312772751
1791103731014784500,49.694784423828125,0.01871216855943203,0.24529604613780975,0.009752762503921986
1791103731024756500,49.70475659179687,0.016649017110466957,0.23433206975460052,0.05211193859577179
1791103731034728400,49.714728515625,0.021258683875203133,0.21391494572162628,0.10237803310155869
1791103731044700700,49.72470068359375,0.05668884515762329,0.2790617346763611,-0.05724171921610832
1791103731054672400,49.73467236328125,-0.026646524667739868,0.3423765301704407,0.09077011793851852
1791103731064644600,49.74464453125,0.02231675758957863,0.30095744132995605,0.026620425283908844
1791103731074616300,49.7546162109375,0.002110022585839033,0.3385429084300995,0.042939476668834686
1791103731084588500,49.764588623046876,-0.04199139401316643,0.3274005055427551,-0.07256368547677994
1791103731094559500,49.7745595703125,0.02689339965581894,0.33305466175079346,0.04048244655132294
1791103731104531500,49.78453149414062,-0.029375465586781502,0.3319915235042572,-0.00523604080080986
1791103731114503700,49.79450366210938,-0.022064022719860077,0.3170458674430847,0.1356893926858902
1791103731124475400,49.80447534179687,-0.041664090007543564,0.26858165860176086,-0.08150897175073624
1791103731134447600,49.81444750976563,-0.05444752797484398,0.3323310613632202,-0.024095749482512474
1791103731144419300,49.82441943359375,-0.06717823445796967,0.2369728684425354,0.11739959567785263
1791103731154391600,49.8343916015625,-0.0642080157995224,0.188718780875206,-0.13424143195152283
1791103731164363500,49.84436352539063,-0.044622063636779785,0.14598970115184784,0.11230789870023727
1791103731174335500,49.85433544921875,-0.15330007672309875,0.15232428908348083,-0.0421205572783947
1791103731184307500,49.86430737304688,-0.24478311836719513,0.1342986822128296,-0.15984000265598297
1791103731194279400,49.874279541015625,-0.22005459666252136,0.08925850689411163,-0.016758473590016365
1791103731204250600,49.884250732421876,-0.1671767383813858,0.039567913860082626,-0.06805681437253952
1791103731214222300,49.89422241210937,-0.21351706981658936,0.05467922240495682,-0.0803944393992424
1791103731224194600,49.904194580078126,-0.22924304008483887,0.07838375121355057,-0.2320558726787567
1791103731234166500,49.91416650390625,-0.1626613438129425,-0.03340243175625801,0.09063083678483963
1791103731244138500,49.92413842773438,-0.20685623586177826,0.05476204678416252,-0.09787969291210175
1791103731254110500,49.9341103515625,-0.24874457716941833,0.020917266607284546,0.07756989449262619
1791103731264082400,49.94408251953125,-0.2448270618915558,-0.028630845248699188,0.0186474546790123
1791103731274054400,49.954054443359375,-0.1832238882780075,0.06088731810450554,0.06752258539199829
1791103731284026600,49.96402661132812,-0.16536712646484375,0.13929450511932373,-0.04588732868432999
1791103731293998600,49.97399853515625,-0.09469641745090485,0.15080362558364868,0.11809708178043365
1791103731303970600,49.98397045898437,-0.024946095421910286,0.15927754342556,-0.018215488642454147
1791103731313941500,49.99394140625,0.03213716298341751,0.2667613923549652,0.0808090940117836
1791103731323913700,50.00391381835937,0.030187996104359627,0.32046616077423096,-0.10050290822982788
1791103731333885700,50.0138857421875,-0.031505197286605835,0.3008687496185303,0.2189805507659912
1791103731343857700,50.02385766601562,-0.00683207344263792,0.3305685818195343,0.010214554145932198
1791103731353829600,50.03382958984375,0.029752569273114204,0.3120007812976837,0.11607387661933899
1791103731363801600,50.04380151367187,-0.008731706067919731,0.32987111806869507,0.06780088692903519
1791103731373773800,50.05377392578125,-0.0028969866689294577,0.3016871511936188,0.17783497273921967
1791103731383745800,50.063745849609376,-0.06411879509687424,0.37516695261001587,0.09116346389055252
1791103731393717800,50.0737177734375,-0.02845214679837227,0.26934918761253357,0.20154696702957153
1791103731403689700,50.083689697265626,-0.0652618259191513,0.289271742105484,0.012827914208173752
1791103731413660700,50.09366064453125,-0.06859850138425827,0.27705878019332886,0.027651334181427956
1791103731423632600,50.10363256835937,-0.1179300993680954,0.21763458847999573,0.020395552739501
1791103731433604600,50.1136044921875,-0.14017388224601746,0.1975674033164978,-0.0383809432387352
1791103731443576800,50.123576904296876,-0.2576634883880615,0.12479785829782486,-0.020596088841557503
1791103731453548500,50.13354858398438,-0.2680676579475403,0.05132390931248665,-0.05861138179898262
1791103731463520800,50.143520751953126,-0.354049950838089,0.03188469633460045,0.14447516202926636
1791103731473492700,50.15349267578125,-0.4093933701515198,-0.028608741238713264,0.09216774255037308
1791103731483464700,50.16346459960938,-0.3861221373081207,-0.04243107885122299,0.06876521557569504
1791103731493437000,50.17343701171875,-0.3511255383491516,-0.07902424782514572,0.04529504477977753
1791103731503408600,50.18340869140625,-0.4105862081050873,-0.1159452423453331,0.06368470191955566
1791103731513380900,50.193380859375,-0.38946494460105896,-0.06021886691451073,-0.02840527519583702
1791103731523351600,50.2033515625,-0.32598796486854553,-0.04084756597876549,-0.04050801321864128
1791103731533323800,50.21332373046875,-0.26952147483825684,-0.05149275064468384,0.007476025726646185
1791103731543295700,50.22329565429688,-0.23794785141944885,-0.020194483920931816,0.03218909353017807
1791103731553267700,50.233267822265624,-0.2135695368051529,0.040096819400787354,-0.14710450172424316
1791103731563240000,50.24323999023437,-0.21860051155090332,-0.007256048731505871,0.06169532239437103
1791103731573211600,50.253211669921875,-0.2657110393047333,0.026255572214722633,-0.004277302883565426
1791103731583184000,50.26318383789062,-0.2735351324081421,0.00791544746607542,0.018878083676099777
1791103731593155600,50.273155517578125,-0.25776922702789307,0.01793106272816658,-0.09850313514471054
1791103731603127800,50.2831279296875,-0.20269665122032166,0.05601053684949875,-0.027220701798796654
1791103731613099800,50.29309985351563,-0.20784027874469757,0.06309081614017487,0.043652404099702835
1791103731623071700,50.30307177734375,-0.15206916630268097,0.04320739209651947,0.049248773604631424
1791103731633042700,50.313042724609375,-0.10536237806081772,0.08491063117980957,-0.09460426867008209
1791103731643014700,50.3230146484375,-0.18699651956558228,0.007707986980676651,-0.031498003751039505
1791103731652987000,50.33298681640625,-0.2416861355304718,-0.007256581448018551,0.005363606382161379
1791103731662958600,50.34295849609375,-0.2511608600616455,0.028862275183200836,-0.03645547851920128
1791103731672930800,50.35293090820313,-0.17191609740257263,0.013814082369208336,-0.11196381598711014
1791103731682902800,50.36290283203125,-0.22806406021118164,-0.06942620873451233,0.020078636705875397
1791103731692874800,50.37287475585938,-0.26177647709846497,-0.10650540143251419,0.006474144756793976
1791103731702846700,50.3828466796875,-0.25282907485961914,-0.09369346499443054,-0.033854901790618896
1791103731712818700,50.39281860351562,-0.2750065326690674,-0.15246917307376862,-0.01546204648911953
1791103731722790700,50.402790771484376,-0.2899077236652374,-0.17868265509605408,0.080900177359581
1791103731732763000,50.412762939453124,-0.27272579073905945,-0.18591606616973877,-0.027028420940041542
1791103731742733800,50.42273388671875,-0.2824929356575012,-0.15567640960216522,-0.01660614088177681
1791103731752705800,50.43270581054688,-0.3329433500766754,-0.21415649354457855,0.09343887120485306
1791103731762677800,50.442677734375,-0.23835158348083496,-0.21841463446617126,0.027710722759366035
1791103731772649700,50.45264965820313,-0.18246035277843475,-0.11938338726758957,-0.07392402738332748
1791103731782621700,50.46262158203125,-0.16653572022914886,-0.2036130428314209,-0.05146478861570358
1791103731792593700,50.47259375,-0.2721279263496399,-0.2289426326751709,0.0178128182888031
1791103731802566000,50.48256591796875,-0.22811412811279297,-0.11354706436395645,-0.13160009682178497
1791103731812537600,50.49253759765625,-0.11994238197803497,-0.17535637319087982,-0.011606056243181229
1791103731822509800,50.502509765625,-0.10009011626243591,-0.10002167522907257,-0.13114923238754272
1791103731832481500,50.5124814453125,-0.08395934849977493,-0.1896812468767166,0.20830686390399933
1791103731842452700,50.52245263671875,-0.11623979359865189,-0.09979263693094254,-0.10334103554487228
1791103731852424700,50.5324248046875,-0.048532381653785706,-0.08927102386951447,0.02810247428715229
1791103731862396700,50.54239672851563,-0.1408924013376236,-0.11144530028104782,0.09169556200504303
1791103731872369000,50.552368896484374,-0.04928605630993843,-0.05330929532647133,-0.12487056106328964
1791103731882340600,50.56234057617188,-0.015576296485960484,-0.01170166302472353,-0.025487782433629036
1791103731892312800,50.572312744140625,0.02624412067234516,-0.08532581478357315,0.10394184291362762
1791103731902284500,50.58228442382813,-0.0012977584265172482,-0.03682991862297058,-0.0647028312087059
1791103731912256800,50.5922568359375,0.0791826993227005,-0.0597086027264595,-0.05282966047525406
1791103731922228700,50.60222875976562,-0.01293124444782734,-0.046966444700956345,0.04844130203127861
1791103731932200700,50.61220068359375,-0.05667872726917267,-0.09607966244220734,0.024326911196112633
1791103731942172700,50.622172607421874,-0.05562065169215202,-0.015896141529083252,-0.03227218613028526
1791103731952143600,50.6321435546875,0.07785911113023758,-0.07535015046596527,0.058764778077602386
1791103731962115800,50.64211572265625,-0.020675983279943466,-0.014929681085050106,0.04719094932079315
1791103731972087600,50.652087646484375,0.03145059943199158,-0.06798757612705231,-0.023454193025827408
1791103731982059800,50.66205981445312,0.04814169555902481,-0.007150321267545223,0.02106214128434658
1791103731992031700,50.67203173828125,0.03816975653171539,-0.07367448508739471,-0.038170553743839264
1791103732002003700,50.68200366210937,0.01792840100824833,-0.05029379576444626,-0.04007205367088318
1791103732011975700,50.6919755859375,0.05708885192871094,-0.07215595245361328,-0.001079645473510027
1791103732021947600,50.70194775390625,-0.013051353394985199,-0.000556334329303354,0.0180588960647583
1791103732031919600,50.71191967773437,-0.04057219251990318,-0.06096188724040985,-0.008521849289536476
1791103732041891800,50.72189184570313,-0.03038879856467247,-0.09287294745445251,-0.000687361869495362
1791103732051862800,50.73186279296875,-0.019531622529029846,-0.060808222740888596,-0.0348445326089859
1791103732061834800,50.74183471679687,-0.002629871480166912,-0.08179552853107452,0.11516626924276352
1791103732071806700,50.751806640625,0.017242902889847755,-0.13634532690048218,0.033796846866607666
1791103732081778700,50.76177880859375,-0.02376977726817131,-0.13037797808647156,-0.05181366205215454
1791103732091750700,50.77175073242187,-0.057423610240221024,-0.14851783215999603,0.1326744258403778
1791103732101722600,50.78172265625,-0.06129344925284386,-0.12617923319339752,0.03717320039868355
1791103732111694800,50.79169482421875,0.026754382997751236,-0.09878170490264893,0.06729355454444885
1791103732121666600,50.80166650390625,0.01734010875225067,-0.10060010850429535,0.08947794884443283
1791103732131638800,50.811638671875,-0.0026045716367661953,-0.03316408023238182,-0.04272056743502617
1791103732141610500,50.82161059570313,-0.014180533587932587,-0.05510852485895157,0.015418637543916702
1791103732151582700,50.831582763671875,-0.006865096744149923,-0.03930293023586273,-0.04616136848926544
1791103732161553700,50.8415537109375,0.040937844663858414,-0.05838368088006973,-0.12787461280822754
1791103732171525600,50.85152563476562,0.09391770511865616,0.026852918788790703,-0.07243078947067261
1791103732181497900,50.86149780273438,0.10850117355585098,0.025598304346203804,0.005950300954282284
1791103732191469600,50.87146948242187,0.12498375028371811,0.01787061057984829,-0.02479749172925949
1791103732201441800,50.88144189453125,0.17126096785068512,0.02106480486690998,-0.008167382329702377
1791103732211413500,50.89141357421875,0.08984360098838806,0.04519917070865631,0.07889588177204132
1791103732221385700,50.9013857421875,0.11512232571840286,0.03893940895795822,0.057247843593358994
1791103732231357700,50.911357666015626,0.05152630805969238,0.05341209098696709,0.09184656292200089
1791103732241329700,50.92132958984375,0.12902535498142242,0.0976400077342987,0.06268761307001114
1791103732251302000,50.93130200195313,0.12031842023134232,0.13572853803634644,-0.044146955013275146
1791103732261272600,50.9412724609375,0.12572863698005676,0.14754897356033325,-0.010073406621813774
1791103732271244800,50.951244873046875,0.1613718420267105,0.159561425447464,-0.11177047342061996
1791103732281216500,50.96121655273438,0.13725505769252777,0.15699414908885956,-0.030607443302869797
1791103732291188700,50.971188720703125,0.11645284295082092,0.1463308483362198,-0.12981338798999786
1791103732301160700,50.98116064453125,0.058028414845466614,0.10543587803840637,0.02261503040790558
1791103732311132700,50.991132568359376,0.02653893269598484,0.10877574980258942,-0.07111252844333649
1791103732321104100,51.00110424804687,0.0647190734744072,0.06554625183343887,0.03207084909081459
1791103732331076000,51.011076171875,0.01883387565612793,0.07566466927528381,0.03700409084558487
1791103732341048300,51.02104833984375,0.04072825610637665,0.09236135333776474,-0.0031872710678726435
1791103732351020000,51.03102001953125,0.04825408011674881,0.08779297024011612,-0.027757594361901283
1791103732360992300,51.0409921875,0.020428575575351715,0.044321659952402115,0.06799449771642685
1791103732370963200,51.050963134765624,-0.01847860962152481,0.038355112075805664,0.004120975267142057
1791103732380935200,51.06093505859375,0.04079616442322731,0.0487947016954422,-0.1164347305893898
1791103732390907100,51.0709072265625,0.04734061658382416,0.053999319672584534,-0.04866766929626465
1791103732400879000,51.08087915039062,0.014986406080424786,0.04145343229174614,0.03038666769862175
1791103732410851300,51.09085131835938,0.057172741740942,0.029623938724398613,0.11519715934991837
1791103732420823000,51.10082299804687,0.07087763398885727,0.06350653618574142,0.05618417635560036
1791103732430795300,51.11079516601563,-0.008234760724008083,0.06892473995685577,0.09805785864591599
1791103732440767000,51.12076708984375,-0.05967904254794121,0.056407082825899124,0.020371051505208015
1791103732450739200,51.1307392578125,-0.0313749685883522,0.10013352334499359,0.06304767727851868
1791103732460711200,51.140711181640626,0.045636992901563644,0.0665406808257103,0.013680125586688519
1791103732470682000,51.15068212890625,0.06280159950256348,0.07948417216539383,-0.06824270635843277
1791103732480654300,51.160654296875,0.07934915274381638,0.13872139155864716,-0.05423740670084953
1791103732490626000,51.1706259765625,0.0781446024775505,0.11631728708744049,0.008203867822885513
1791103732500598300,51.180598388671875,0.0700797513127327,0.12350835651159286,-0.0557309053838253
1791103732510570000,51.19057006835938,0.071933314204216,0.16182085871696472,-0.08431940525770187
1791103732520542200,51.200542236328126,0.04451287165284157,0.14026257395744324,0.07661621272563934
1791103732530514200,51.21051416015625,0.029333388432860374,0.09164682775735855,-0.016459932550787926
1791103732540486100,51.220486083984376,-0.023841150104999542,0.039096005260944366,0.09120261669158936
1791103732550458000,51.2304580078125,-0.01101376861333847,0.046976298093795776,-0.01986611634492874
1791103732560430000,51.24043017578125,-0.0007534082396887243,0.03972184658050537,0.010302704758942127
1791103732570401300,51.2504013671875,-0.011803928762674332,-0.0016258598770946264,0.04879763349890709
1791103732580373000,51.260373046875,-0.010379670187830925,-0.014624216593801975,0.03802860900759697
1791103732590345200,51.27034521484375,-0.026571156457066536,0.07217592746019363,-0.09985362738370895
1791103732600317200,51.280317138671876,-0.0018247979460284114,0.06089584156870842,-0.029896114021539688
1791103732610289200,51.2902890625,0.02238813042640686,0.02851206809282303,-0.048104144632816315
1791103732620261000,51.30026123046875,0.02731950581073761,0.07168750464916229,-0.13249652087688446
1791103732630233000,51.310233154296874,-0.011227354407310486,0.02196042612195015,-0.08796793967485428
1791103732640205000,51.320205078125,-0.058881159871816635,-0.04427957907319069,-0.16316096484661102
1791103732650177300,51.33017724609375,-0.07940986752510071,-0.017663681879639626,-0.033486053347587585
1791103732660149000,51.34014892578125,-0.11338648200035095,-0.010297911241650581,-0.07291122525930405
1791103732670121200,51.35012133789063,-0.08418678492307663,-0.05789285898208618,-0.04171522334218025
1791103732680092200,51.360092041015626,-0.012745356187224388,-0.07440898567438126,-0.09894442558288574
1791103732690064100,51.370064208984374,-0.06811460852622986,-0.03724563866853714,-0.023418772965669632
1791103732700036000,51.3800361328125,-0.04530862718820572,-0.03941318765282631,0.07071704417467117
1791103732710008000,51.390008056640625,-0.08680547028779984,-0.028442293405532837,-0.11550475656986237
1791103732719980300,51.39998022460937,-0.05459826439619064,-0.008564193733036518,0.12645301222801208
1791103732729952000,51.409951904296875,-0.012356800958514214,0.009747701697051525,0.0338815338909626
1791103732739924200,51.41992431640625,0.06616996228694916,-0.0471254326403141,-0.010024670511484146
1791103732749896000,51.42989599609375,-0.006846188101917505,-0.05959488824009895,0.07272373884916306
1791103732759868200,51.4398681640625,-0.08020748943090439,-0.04826393723487854,0.06226550415158272
1791103732769840000,51.44984008789063,-0.04048004746437073,0.04944957420229912,-0.03489593043923378
1791103732779811000,51.45981103515625,0.006548712961375713,-0.101120226085186,0.24789395928382874
1791103732789783300,51.469783203125,-0.04159138351678848,-0.04158179834485054,0.10749556869268417
1791103732799755000,51.47975512695312,-0.1347801834344864,-0.11459821462631226,0.07376210391521454
1791103732809727200,51.48972729492188,-0.15300659835338593,-0.09796198457479477,0.13334740698337555
1791103732819699000,51.49969897460937,-0.12892070412635803,-0.15420927107334137,0.27243390679359436
1791103732829671200,51.50967114257813,-0.01624475046992302,-0.09524849057197571,0.05752507969737053
1791103732839643100,51.51964306640625,-0.06705360114574432,-0.13699406385421753,0.0337398536503315
1791103732849615000,51.52961499023438,-0.17585571110248566,-0.15051200985908508,0.12848420441150665
1791103732859587000,51.539587158203126,-0.07797949016094208,-0.10978135466575623,-0.04583060368895531
1791103732869559000,51.54955908203125,-0.04207341745495796,-0.11770106852054596,-0.02949024736881256
1791103732879530200,51.5595302734375,-0.05423261225223541,-0.11409434676170349,-0.01515897922217846
1791103732889502000,51.569501953125,-0.07385851442813873,-0.13957254588603973,0.07666015625
1791103732899474200,51.57947412109375,0.008157795295119286,-0.12041376531124115,0.014313692227005959
1791103732909446100,51.58944604492188,0.026283269748091698,-0.18384332954883575,0.15254026651382446
1791103732919418000,51.599418212890626,-0.04978113994002342,-0.14605627954006195,0.11710532009601593
1791103732929390000,51.60939013671875,-0.02893870696425438,-0.13850195705890656,0.18033462762832642
1791103732939362000,51.61936206054688,-0.014645787887275219,-0.10507049411535263,0.0712539404630661
1791103732949334300,51.629334228515624,-0.0032802154310047626,-0.009393235668540001,0.057204168289899826
1791103732959306200,51.63930615234375,0.05366962030529976,0.010939999483525753,-0.01629588194191456
1791103732969278200,51.6492783203125,0.13972434401512146,0.02551494725048542,0.005946039687842131
1791103732979250200,51.65925024414062,0.1602083146572113,0.034221354871988297,-0.03279443085193634
1791103732989221000,51.66922119140625,0.19794690608978271,0.07184596359729767,-0.1471785306930542
1791103732999193000,51.679193115234376,0.1810789704322815,0.04351178929209709,0.06577475368976593
1791103733009165000,51.6891650390625,0.1990145593881607,0.060746170580387115,0.021759623661637306
1791103733019137000,51.69913696289063,0.16553489863872528,0.0731290727853775,-0.028795428574085236
1791103733029109200,51.709109130859375,0.09316802769899368,-0.0483291819691658,0.09800273180007935
1791103733039081200,51.71908129882812,0.08890403807163239,0.008642223663628101,-0.05734425038099289
1791103733049053200,51.72905322265625,0.14240215718746185,0.010743724182248116,-0.03748878464102745
1791103733059025200,51.73902514648437,0.07639037817716599,-0.013185310177505016,0.02353142574429512
1791103733068997000,51.7489970703125,0.14704084396362305,-0.012339756824076176,-0.1443191021680832
1791103733078969300,51.75896923828125,0.1962701827287674,0.0177004337310791,0.009590841829776764
1791103733088940000,51.76893994140625,0.12984614074230194,0.050384875386953354,-0.13764414191246033
1791103733098912300,51.77891235351562,0.14327220618724823,0.018075406551361084,-0.05283578485250473
1791103733108884200,51.78888427734375,0.2082059383392334,0.04234772175550461,-0.01127768773585558
1791103733118856200,51.79885620117187,0.17520563304424286,0.058573298156261444,0.054311174899339676
1791103733128828200,51.808828125,0.21686413884162903,0.03833061084151268,0.046914245933294296
1791103733138800000,51.81880004882812,0.28132888674736023,0.07502470910549164,0.015744607895612717
1791103733148772400,51.8287724609375,0.2726602852344513,0.08872880041599274,-0.08011534065008163
1791103733158744000,51.838744140625,0.21610033512115479,0.0788455456495285,0.02845427766442299
1791103733168716300,51.84871630859375,0.24823670089244843,0.11589943617582321,0.022543126717209816
1791103733178688000,51.85868798828125,0.31412598490715027,0.20149290561676025,0.01122282724827528
1791103733188659200,51.8686591796875,0.3006506562232971,0.2178521752357483,0.09267853945493698
1791103733198631200,51.87863110351562,0.29474589228630066,0.19732666015625,0.10900318622589111
1791103733208603100,51.88860302734375,0.3098670542240143,0.2475847601890564,0.07581034302711487
1791103733218575400,51.898575439453126,0.32256019115448,0.243914395570755,-0.04643434286117554
1791103733228547000,51.90854711914063,0.30023279786109924,0.19706806540489197,0.05876690894365311
1791103733238519300,51.918519287109376,0.25157684087753296,0.22100241482257843,0.021876003593206406
1791103733248491000,51.92849096679687,0.2135181427001953,0.25171107053756714,0.09020153433084488
1791103733258463200,51.93846313476563,0.24920663237571716,0.17222076654434204,0.06997375935316086
1791103733268435200,51.948435302734374,0.20650790631771088,0.206311896443367,0.004543885588645935
1791103733278407200,51.9584072265625,0.13710778951644897,0.2047523409128189,0.06322770565748215
1791103733288378000,51.96837817382813,0.19475483894348145,0.21386754512786865,0.08087407797574997
1791103733298350000,51.97835009765625,0.15666870772838593,0.19534926116466522,0.07360710948705673
1791103733308322300,51.988322265625,0.046485744416713715,0.17006653547286987,0.17150917649269104
1791103733318294000,51.9982939453125,0.04165716469287872,0.2513028085231781,-0.06404183059930801
1791103733328266500,52.0082666015625,0.09312275052070618,0.2191576510667801,-0.10180279612541199
1791103733338238500,52.01823852539062,0.07591420412063599,0.14034618437290192,-0.11435720324516296
1791103733348210700,52.02821069335938,0.042210571467876434,0.15250378847122192,-0.007065100129693747
1791103733358182400,52.03818237304687,0.09818729013204575,0.1919182986021042,-0.010883539915084839
1791103733368154600,52.04815454101563,0.07755790650844574,0.17269906401634216,-0.06333929300308228
1791103733378126600,52.058126708984375,-0.010416688397526741,0.20645570755004883,-0.0313938744366169
1791103733388097500,52.06809765625,-0.014414891600608826,0.2074277549982071,0.13976696133613586
1791103733398069500,52.07806958007812,0.012884372845292091,0.2243870347738266,0.0898079201579094
1791103733408041500,52.08804150390625,0.04807085543870926,0.1945044994354248,0.24057532846927643
1791103733418013700,52.098013671875,-0.005130046978592873,0.1759023219347,0.1481228917837143
1791103733427985400,52.1079853515625,0.025773540139198303,0.23083694279193878,-0.10610513389110565
1791103733437957600,52.11795751953125,0.035405661910772324,0.2673262357711792,0.07550328224897385
1791103733447929600,52.1279296875,0.053593188524246216,0.24668727815151215,0.05288957804441452
1791103733457901600,52.137901611328125,-0.0009046758059412241,0.258450984954834,-0.17861954867839813
1791103733467873500,52.14787353515625,0.0000900148443179205,0.25180721282958984,-0.04290672019124031
1791103733477845500,52.157845458984376,-0.06420428305864334,0.25482457876205444,-0.06827838718891144
1791103733487816400,52.16781640625,-0.06296058744192123,0.21359829604625702,-0.0606476329267025
1791103733497788400,52.17778833007812,-0.07904288917779922,0.15551741421222687,-0.004852545913308859
1791103733507760600,52.1877607421875,-0.18298552930355072,0.16775012016296387,-0.04468837380409241
1791103733517732600,52.197732666015625,-0.18226754665374756,0.09028621762990952,0.12753771245479584
1791103733527704600,52.20770458984375,-0.19373564422130585,0.06578300893306732,0.04673554748296738
1791103733537676500,52.217676513671876,-0.18254025280475616,0.0411761999130249,0.06591350585222244
1791103733547648500,52.2276484375,-0.22119656205177307,0.014116884209215641,0.10075324028730392
1791103733557620500,52.237620361328126,-0.21616904437541962,0.0437336303293705,-0.013665478676557541
1791103733567592700,52.2475927734375,-0.19577935338020325,0.05077502876520157,0.11611568927764893
1791103733577564400,52.257564453125,-0.19585658609867096,0.07312347739934921,-0.016518788412213326
1791103733587535600,52.26753564453125,-0.17912395298480988,0.08929925411939621,-0.17233048379421234
1791103733597507600,52.277507568359376,-0.16056837141513824,0.03527303412556648,-0.05686381459236145
1791103733607479600,52.2874794921875,-0.18663379549980164,0.022537266835570335,0.013910222798585892
1791103733617451500,52.297451416015626,-0.18803967535495758,0.04322230443358421,-0.10370029509067535
1791103733627423500,52.307423583984374,-0.21891210973262787,0.0011891013709828258,0.11816099286079407
1791103733637395700,52.31739575195313,-0.30021974444389343,-0.057127468287944794,0.04851720109581947
1791103733647367400,52.327367431640624,-0.2802148759365082,-0.05091564357280731,-0.01471529621630907
1791103733657339600,52.33733959960937,-0.3112891614437103,-0.08701878786087036,-0.02251249924302101
1791103733667311400,52.347311279296875,-0.2833712697029114,-0.07061052322387695,-0.008073639124631882
1791103733677283600,52.35728369140625,-0.29106512665748596,-0.06343649327754974,0.07846285402774811
1791103733687254500,52.367254638671874,-0.22705711424350739,-0.045213550329208374,0.06024469807744026
1791103733697226500,52.3772265625,-0.1980491727590561,-0.011961854062974453,-0.019276225939393044
1791103733707198700,52.38719873046875,-0.19259022176265717,-0.025527730584144592,-0.13569098711013794
1791103733717170400,52.39717041015625,-0.23094293475151062,-0.07445665448904037,0.0057526943273842335
1791103733727142700,52.407142578125,-0.24273620545864105,0.0057681407779455185,-0.047868989408016205
1791103733737114400,52.4171142578125,-0.24637222290039062,-0.06896628439426422,0.008796953596174717
1791103733747086600,52.42708666992188,-0.27480918169021606,-0.09964296966791153,0.03584348410367966
1791103733757058600,52.43705859375,-0.2152436077594757,-0.08291991800069809,0.05973203852772713
1791103733767030500,52.44703051757813,-0.21413466334342957,-0.10034497827291489,0.004662129562348127
1791103733777002500,52.45700244140625,-0.2584017217159271,-0.11578092724084854,-0.06541575491428375
1791103733786973400,52.466973388671875,-0.1859738677740097,-0.1352235972881317,-0.15315893292427063
1791103733796945700,52.47694555664062,-0.18757735192775726,-0.13460122048854828,0.09053469449281693
1791103733806917400,52.48691748046875,-0.14884407818317413,-0.11048337072134018,-0.007196926511824131
1791103733816889600,52.4968896484375,-0.12785249948501587,-0.11427357792854309,-0.06629380583763123
1791103733826861600,52.50686157226563,-0.16799886524677277,-0.13705585896968842,0.0356389544904232
1791103733836833500,52.51683349609375,-0.1969793736934662,-0.1542968899011612,0.04436879605054855
1791103733846805500,52.52680541992188,-0.22955170273780823,-0.1198587566614151,0.008216384798288345
1791103733856777500,52.536777587890626,-0.1516244113445282,-0.1602914035320282,-0.00854714959859848
1791103733866749400,52.54674951171875,-0.11187886446714401,-0.14612099528312683,0.003055444685742259
1791103733876721700,52.5567216796875,-0.0641305148601532,-0.15553979575634003,0.020367588847875595
1791103733886692600,52.56669262695313,-0.1651226431131363,-0.1482749581336975,0.002418682910501957
1791103733896664600,52.57666455078125,-0.20977959036827087,-0.2444251924753189,0.14286421239376068
1791103733906636500,52.58663647460938,-0.2173701375722885,-0.21336740255355835,-0.05920819565653801
1791103733916608500,52.5966083984375,-0.16480706632137299,-0.21216019988059998,0.034029338508844376
1791103733926580500,52.60658056640625,-0.14981693029403687,-0.2088080793619156,0.0413903184235096
1791103733936552400,52.616552490234376,-0.16485978662967682,-0.21061475574970245,0.023201726377010345
1791103733946524700,52.626524658203124,-0.11366318166255951,-0.15558373928070068,0.03755642846226692
1791103733956496400,52.63649633789063,-0.07736270129680634,-0.15751239657402039,-0.0046304380521178246
1791103733966468600,52.646468505859374,-0.05690722540020943,-0.20224018394947052,-0.00119602563790977
1791103733976440300,52.6564404296875,-0.10862448066473007,-0.1852007508277893,-0.12689828872680664
1791103733986411500,52.66641162109375,-0.0988251119852066,-0.18535174429416656,0.0152561841532588
1791103733996383500,52.676383544921876,-0.03990986570715904,-0.21004803478717804,0.18135061860084534
1791103734006355500,52.68635546875,0.06967788189649582,-0.16836024820804596,-0.12408892810344696
1791103734016327700,52.69632763671875,0.005083175376057625,-0.17562775313854218,0.20845040678977966
1791103734026299400,52.70629931640625,-0.021941518411040306,-0.17846214771270752,-0.002983805723488331
1791103734036271600,52.71627172851562,-0.005109540652483702,-0.22986675798892975,0.06267083436250687
1791103734046243300,52.726243408203125,-0.030953655019402504,-0.20042018592357635,-0.06837053596973419
1791103734056215600,52.73621557617187,0.04812625050544739,-0.2100568264722824,-0.06268761307001114
1791103734066187500,52.7461875,0.06793484091758728,-0.18891799449920654,-0.11181841045618057
1791103734076159500,52.75615942382812,0.08579053729772568,-0.17491242289543152,-0.015217302367091179
1791103734086130700,52.766130615234374,0.12403406202793121,-0.15805168449878693,-0.18388940393924713
1791103734096102400,52.77610229492188,0.1165258139371872,-0.14930613338947296,0.05583610013127327
1791103734106074600,52.78607470703125,0.09188571572303772,-0.151656374335289,-0.01540372334420681
1791103734116046300,52.79604638671875,0.10335488617420197,-0.1402234137058258,-0.1746453046798706
1791103734126018600,52.8060185546875,0.10885990411043167,-0.10889346152544022,-0.006116481963545084
1791103734135990500,52.81599047851562,0.13392052054405212,-0.12554673850536346,0.016398681327700615
1791103734145962500,52.82596240234375,0.20015892386436462,-0.1119566261768341,-0.1127379983663559
1791103734155934500,52.8359345703125,0.24648860096931458,-0.10249068588018417,-0.10241052508354187
1791103734165906400,52.84590649414063,0.2405255287885666,-0.10581377893686295,-0.06304208189249039
1791103734175878400,52.85587841796875,0.2537076473236084,-0.06728237122297287,-0.11718680709600449
1791103734185849300,52.865849365234375,0.2891407310962677,-0.017043432220816612,-0.04975956678390503
1791103734195821600,52.87582153320312,0.26819416880607605,-0.01769803650677204,-0.07972705364227295
1791103734205793500,52.88579345703125,0.2715763747692108,-0.012680375017225742,-0.1372412145137787
1791103734215765500,52.895765625,0.34871190786361694,0.008286958560347557,-0.05043867230415344
1791103734225737500,52.90573754882813,0.34267985820770264,0.0306367389857769,-0.061341919004917145
1791103734235709400,52.91570947265625,0.3313808739185333,0.022601449862122536,0.056827861815690994
1791103734245681400,52.92568139648437,0.32552990317344666,0.05152098089456558,0.07157618552446365
1791103734255653600,52.935653564453126,0.3802410662174225,0.0496346652507782,-0.025892050936818123
1791103734265625600,52.94562548828125,0.3601829409599304,0.06312251091003418,-0.024285100400447845
1791103734275596500,52.95559643554687,0.3349425792694092,0.07499701529741287,0.024941302835941315
1791103734285568500,52.96556860351563,0.3306143879890442,0.11217127740383148,-0.15386706590652466
1791103734295540500,52.97554052734375,0.39257070422172546,0.04766792058944702,-0.020617660135030746
1791103734305512400,52.98551245117188,0.3287445902824402,0.07232826203107834,-0.015751799568533897
1791103734315484400,52.995484375,0.3576175272464752,0.10768385231494904,-0.12019005417823792
1791103734325457000,53.005456787109374,0.335366815328598,0.15725167095661163,0.021944446489214897
1791103734335428600,53.0154287109375,0.3475326597690582,0.08169592916965485,0.039453133940696716
1791103734345400800,53.02540087890625,0.2859891355037689,0.12213470041751862,-0.09542505443096161
1791103734355372800,53.03537280273437,0.29560181498527527,0.09691376239061356,0.1815817803144455
1791103734365344800,53.0453447265625,0.33552634716033936,0.0849367305636406,0.05137184262275696
1791103734375316700,53.05531665039062,0.3354264795780182,0.07976726442575455,0.009093363769352436
1791103734385287700,53.06528759765625,0.35422492027282715,0.10289975255727768,0.05427362397313118
1791103734395260000,53.07526000976563,0.3145126700401306,0.12266120314598083,-0.05810537934303284
1791103734405231600,53.085231689453124,0.33246076107025146,0.16238278150558472,0.11957992613315582
1791103734415203800,53.09520385742187,0.34630948305130005,0.2013179361820221,0.12294429540634155
1791103734425175800,53.10517578125,0.34891217947006226,0.1759372055530548,-0.14397715032100677
1791103734435147800,53.11514770507812,0.33154651522636414,0.17588740587234497,0.05602705106139183
1791103734445119700,53.12511962890625,0.2940119206905365,0.2278749793767929,0.09845013916492462
1791103734455091700,53.135091796875,0.3560555875301361,0.23535233736038208,0.005821936298161745
1791103734465064000,53.14506396484375,0.3439091742038727,0.2696879208087921,-0.013855627737939358
1791103734475034600,53.15503466796875,0.442777156829834,0.20883949100971222,0.1421736478805542
1791103734485006800,53.1650068359375,0.4502989947795868,0.2556999623775482,-0.03911331295967102
1791103734494978800,53.17497875976562,0.42462798953056335,0.2944313585758209,-0.04652142897248268
1791103734504950800,53.18495068359375,0.40676164627075195,0.2703012526035309,0.1584642082452774
1791103734514922800,53.1949228515625,0.44108444452285767,0.31481465697288513,-0.04002651199698448
1791103734524894700,53.20489477539063,0.3886476159095764,0.2985534071922302,-0.07062304019927979
1791103734534866700,53.21486669921875,0.3505239188671112,0.2878014147281647,-0.0880209356546402
1791103734544839000,53.2248388671875,0.3633348047733307,0.3768948018550873,0.02575330063700676
1791103734554811000,53.234810791015626,0.37500104308128357,0.37481674551963806,0.05428747460246086
1791103734564782800,53.24478295898437,0.4540756344795227,0.3715205490589142,-0.15060043334960938
1791103734574753800,53.25475390625,0.47014299035072327,0.3671439290046692,0.2503483295440674
1791103734584725800,53.26472583007813,0.352632611989975,0.36981508135795593,0.14959880709648132
1791103734594697700,53.27469775390625,0.3011132478713989,0.38169676065444946,-0.1332414150238037
1791103734604669700,53.28466967773438,0.3034032881259918,0.39475664496421814,0.18301136791706085
1791103734614642000,53.294641845703126,0.4136677384376526,0.43527930974960327,0.02793016843497753
1791103734624614000,53.30461376953125,0.3605155646800995,0.480398029088974,0.06613241136074066
1791103734634585900,53.3145859375,0.36717134714126587,0.46828678250312805,0.10061342269182205
1791103734644557800,53.324557861328124,0.4194848835468292,0.506278395652771,0.051597148180007935
1791103734654529800,53.33452978515625,0.4136134088039398,0.5494916439056396,0.0033593112602829933
1791103734664502000,53.344501953125,0.35624945163726807,0.4763665497303009,0.16593250632286072
1791103734674472700,53.35447265625,0.31818675994873047,0.514048159122467,0.0983811616897583
1791103734684445000,53.36444482421875,0.29428061842918396,0.5406624674797058,0.14869174361228943
1791103734694416600,53.374416748046876,0.22322802245616913,0.5063521265983582,0.13285870850086212
1791103734704388900,53.384388916015624,0.23189501464366913,0.5184189081192017,0.14991413056850433
1791103734714360800,53.39436083984375,0.2274792343378067,0.49907344579696655,0.17886163294315338
1791103734724332800,53.404332763671874,0.16011562943458557,0.5267780423164368,-0.026511767879128456
1791103734734305000,53.41430493164062,0.17761819064617157,0.4681733250617981,0.07470113784074783
1791103734744276700,53.42427685546875,0.1905403882265091,0.4470456838607788,0.04658854007720947
1791103734754249000,53.4342490234375,0.14872689545154572,0.4726799428462982,0.04259007051587105
1791103734764220700,53.444220703125,0.08234201371669769,0.4722341299057007,0.02160356193780899
1791103734774191900,53.45419189453125,0.026817765086889267,0.3580140769481659,0.22017231583595276
1791103734784163800,53.464163818359374,-0.05277373269200325,0.3422292470932007,0.09292834252119064
1791103734794135800,53.4741357421875,-0.16397801041603088,0.2969413995742798,0.08838792145252228
1791103734804108000,53.48410791015625,-0.19575166702270508,0.21427634358406067,0.28206631541252136
1791103734814079700,53.49407983398437,-0.2647072970867157,0.25849947333335876,0.049911100417375565
1791103734824052000,53.50405200195313,-0.3295994699001312,0.18858934938907623,0.2775232195854187
1791103734834023700,53.51402368164062,-0.2600041627883911,0.2439870983362198,0.07590807974338531
1791103734843996000,53.52399584960938,-0.22261390089988708,0.1845962107181549,0.11868111044168472
1791103734853968000,53.5339677734375,-0.19773970544338226,0.20955082774162292,0.03116457723081112
1791103734863938800,53.543938720703125,-0.25560060143470764,0.21635334193706512,-0.09093842655420303
1791103734873910800,53.55391088867187,-0.28320106863975525,0.12086064368486404,0.09572705626487732
1791103734883882800,53.5638828125,-0.3659958243370056,0.1625225991010666,0.07585801184177399
1791103734893855000,53.57385498046875,-0.411090612411499,0.13944683969020844,-0.0031310785561800003
1791103734903826700,53.58382666015625,-0.4598304331302643,0.14285089075565338,0.0005281048361212015
1791103734913799000,53.593798828125,-0.5279085636138916,0.06096801161766052,0.09608418494462967
1791103734923771000,53.60377099609375,-0.4755316376686096,0.07409952580928802,0.03352813422679901
1791103734933742800,53.613742919921876,-0.4111417233943939,0.046240732073783875,0.09510361403226852
1791103734943714800,53.62371484375,-0.41089940071105957,0.07414400577545166,-0.05819486454129219
1791103734953686800,53.633686767578126,-0.46312159299850464,0.059128034859895706,0.007060039788484573
1791103734963657700,53.64365771484375,-0.49164271354675293,0.025901371613144875,0.08203281462192535
1791103734973629700,53.65362963867187,-0.49943432211875916,0.01636406034231186,0.13138598203659058
1791103734983602000,53.66360180664063,-0.447182297706604,0.04795900359749794,-0.05528189614415169
1791103734993574000,53.673573974609376,-0.532433271408081,0.01702052913606167,0.11424348503351212
1791103735003545900,53.6835458984375,-0.5389825105667114,-0.03512576222419739,0.12213869392871857
1791103735013517800,53.693517822265626,-0.5427373051643372,0.022828083485364914,-0.10438313335180283
1791103735023489800,53.70348974609375,-0.55253666639328,-0.0020852552261203527,-0.10453040152788162
1791103735033461800,53.71346166992188,-0.6345900297164917,-0.08439450711011887,0.08793944120407104
1791103735043434000,53.72343408203125,-0.5945842862129211,-0.09914655983448029,-0.015777364373207092
1791103735053405000,53.733405029296875,-0.5552389621734619,-0.08702731132507324,0.014816230162978172
1791103735063377000,53.743376953125,-0.6791609525680542,-0.13689793646335602,0.07689850777387619
1791103735073348900,53.753348876953126,-0.6094191074371338,-0.15802478790283203,0.047987498342990875
1791103735083320800,53.76332080078125,-0.5798410177230835,-0.15061640739440918,-0.03127776086330414
1791103735093292800,53.77329272460938,-0.6154807806015015,-0.21057482063770294,0.09629404544830322
1791103735103264800,53.7832646484375,-0.5367651581764221,-0.25876179337501526,-0.07125047594308853
1791103735113237000,53.79323706054687,-0.5606271028518677,-0.16688485443592072,-0.09756650030612946
1791103735123208700,53.803208740234375,-0.4173138737678528,-0.13536155223846436,-0.1547352522611618
1791103735133181000,53.81318090820312,-0.4473138451576233,-0.1329101175069809,0.1324336677789688
1791103735143152600,53.823152587890625,-0.43738213181495667,-0.2214096188545227,-0.04163932055234909
1791103735153123800,53.833123779296876,-0.4677400290966034,-0.2314675748348236,0.018759306520223618
1791103735163095800,53.843095703125,-0.5874366164207458,-0.29126566648483276,0.11971841007471085
1791103735173067800,53.85306787109375,-0.5666511654853821,-0.42385512590408325,0.15863411128520966
1791103735183040000,53.8630400390625,-0.6086835861206055,-0.3636722266674042,-0.051290083676576614
1791103735193011700,53.87301171875,-0.534678041934967,-0.4355725049972534,0.13969531655311584
1791103735202984000,53.88298388671875,-0.566501259803772,-0.38110047578811646,0.014537929557263851
1791103735212955600,53.89295556640625,-0.5438039302825928,-0.4058132767677307,-0.01335948146879673
1791103735222928000,53.90292797851563,-0.456226110458374,-0.406982421875,-0.057677943259477615
1791103735232899800,53.91289990234375,-0.4798520803451538,-0.3662107586860657,-0.0010165285784751177
1791103735242871800,53.92287182617188,-0.40074262022972107,-0.34669697284698486,-0.14049212634563446
1791103735252843000,53.93284301757812,-0.35026827454566956,-0.30338650941848755,0.03761448711156845
1791103735262814700,53.942814697265625,-0.3166485130786896,-0.3069562017917633,-0.09325564652681351
1791103735272787000,53.95278686523437,-0.30919674038887024,-0.3204198181629181,-0.017343036830425262
1791103735282758700,53.962758544921876,-0.2813462018966675,-0.2762265205383301,-0.10832381248474121
1791103735292731000,53.97273095703125,-0.21027813851833344,-0.22545255720615387,0.16711601614952087
1791103735302702800,53.98270288085938,-0.22516068816184998,-0.07225102931261063,-0.06816919893026352
1791103735312674800,53.9926748046875,-0.19946198165416718,-0.06067027151584625,0.11129909008741379
1791103735322646500,54.002646484375,-0.04451260715723038,-0.004304467234760523,-0.14345702528953552
1791103735332618800,54.01261865234375,0.118258997797966,0.07939602434635162,-0.06816653907299042
1791103735342589700,54.022589599609375,0.19919273257255554,0.1851852983236313,-0.09339652955532074
1791103735352561700,54.03256176757812,0.2990588843822479,0.17392945289611816,-0.08805449306964874
1791103735362534000,54.04253393554688,0.36946699023246765,0.16287147998809814,0.053526073694229126
1791103735372505600,54.052505615234374,0.28483307361602783,0.13477033376693726,0.05276334658265114
1791103735382477800,54.06247778320313,0.1267603486776352,0.021352160722017288,-0.09647753834724426
1791103735392449500,54.072449462890624,0.020860539749264717,-0.0971987247467041,0.0014136058744043112
1791103735402421800,54.082421875,-0.09181514382362366,-0.1048358678817749,0.012042282149195671
1791103735412393700,54.09239379882813,-0.12886130809783936,-0.16076917946338654,-0.038899462670087814
1791103735422365700,54.10236572265625,-0.09597553312778473,-0.27070045471191406,0.04800427705049515
1791103735432337700,54.11233764648438,-0.11225330084562302,-0.3147622048854828,-0.031016506254673004
1791103735442308600,54.12230859375,-0.1670028418302536,-0.3491998016834259,-0.1611582636833191
1791103735452280800,54.13228076171875,-0.25808507204055786,-0.42215949296951294,0.001434112200513482
1791103735462252500,54.14225244140625,-0.27537965774536133,-0.44502753019332886,-0.1112879067659378
1791103735472224800,54.15222485351563,-0.29092609882354736,-0.4922720193862915,-0.11397450417280197
1791103735482196700,54.16219677734375,-0.24596768617630005,-0.47966381907463074,-0.05349624902009964
1791103735492168700,54.17216870117188,-0.23555579781532288,-0.4230252802371979,0.07064540684223175
1791103735502140700,54.182140625,-0.15538986027240753,-0.42153260111808777,0.008902947418391705
1791103735512112600,54.19211254882813,-0.014948323369026184,-0.3506200611591339,-0.05192471668124199
1791103735522084600,54.202084716796875,0.028984246775507927,-0.2676524817943573,0.07559462636709213
1791103735532055600,54.2120556640625,0.07181719690561295,-0.16905027627944946,0.04039030149579048
1791103735542027800,54.22202783203125,0.1951894611120224,-0.13511893153190613,0.23473314940929413
1791103735551999700,54.23199975585938,0.272047221660614,-0.034323617815971375,0.10688889771699905
1791103735561971700,54.2419716796875,0.3255749046802521,0.04049016907811165,0.0848216786980629
1791103735571943700,54.25194360351563,0.39668822288513184,0.10329336673021317,-0.005902630276978016
1791103735581915600,54.26191552734375,0.4654478430747986,0.18950361013412476,0.06047772616147995
1791103735591887600,54.2718876953125,0.506661593914032,0.2568560242652893,0.15314587950706482
1791103735601859800,54.28185986328125,0.5335419774055481,0.23831936717033386,0.019776634871959686
1791103735611831600,54.29183154296875,0.5161757469177246,0.2699606418609619,0.04104730114340782
1791103735621803800,54.3018037109375,0.5016873478889465,0.2885383367538452,-0.00740225613117218
1791103735631774700,54.31177465820313,0.48194560408592224,0.2889567017555237,0.05065998062491417
1791103735641746700,54.32174658203125,0.4550916254520416,0.21616879105567932,0.06442612409591675
1791103735651718700,54.33171875,0.39599525928497314,0.1384550780057907,0.1618216633796692
1791103735661690600,54.341690673828126,0.2779218852519989,0.11064182221889496,-0.01410596538335085
1791103735671662800,54.35166284179687,0.2501786947250366,0.1313774585723877,-0.07324758172035217
1791103735681634600,54.361634521484376,0.21308830380439758,0.10747586190700531,0.008613195270299911
1791103735691606800,54.371606689453124,0.2755295932292938,0.05108502134680748,0.0756678655743599
1791103735701578500,54.38157861328125,0.26366811990737915,0.12731242179870605,-0.04965357109904289
1791103735711550700,54.39155078125,0.21455331146717072,0.09937532246112823,-0.04615870490670204
1791103735721521700,54.401521728515625,0.15299034118652344,0.012443087063729763,0.10941996425390244
1791103735731493600,54.41149365234375,0.17387938499450684,0.0538690909743309,-0.058345865458250046
1791103735741465900,54.4214658203125,0.16666941344738007,0.052251752465963364,0.06702723354101181
1791103735751437600,54.4314375,0.19190019369125366,0.022281603887677193,0.06384103000164032
1791103735761409800,54.44140991210938,0.16895200312137604,0.0992424339056015,0.04671477526426315
1791103735771381500,54.451381591796874,0.162717804312706,0.12541624903678894,-0.109198659658432
1791103735781353700,54.46135375976562,0.1794472485780716,0.08374283462762833,0.0012247877893969417
1791103735791325700,54.47132568359375,0.19980604946613312,0.1329929381608963,-0.08467147499322891
1791103735801297700,54.48129760742187,0.18995343148708344,0.18571047484874725,-0.1646491289138794
1791103735811270000,54.49126977539063,0.17057360708713531,0.1825793981552124,-0.05657646059989929
1791103735821240600,54.501240478515626,0.2000260353088379,0.22401738166809082,-0.09187959134578705
1791103735831212800,54.511212890625,0.18764260411262512,0.27118703722953796,-0.09372622519731522
1791103735841184500,54.5211845703125,0.20860114693641663,0.17413584887981415,-0.004953479394316673
1791103735851156700,54.53115673828125,0.18078681826591492,0.15731558203697205,0.0010373012628406286
1791103735861128700,54.54112866210937,0.1472080945968628,0.10738398134708405,0.037027791142463684
1791103735871100700,54.5511005859375,0.08213800936937332,0.11699879169464111,-0.17365488409996033
1791103735881072600,54.56107275390625,0.06982249021530151,0.08034943044185638,-0.05835465341806412
1791103735891044600,54.57104467773438,0.07898269593715668,0.09178797900676727,0.11128658056259155
1791103735901016800,54.581016845703125,0.09542159736156464,0.10133940726518631,-0.10017719864845276
1791103735910988800,54.59098876953125,-0.025676067918539047,0.17228016257286072,-0.1125640943646431
1791103735920959700,54.60095971679687,-0.018400313332676888,0.12892043590545654,-0.023854466155171394
1791103735930931700,54.610931640625,0.03934500738978386,0.1313050240278244,-0.16213591396808624
1791103735940903700,54.62090356445312,0.012590093538165092,0.08281738311052322,-0.0515311025083065
1791103735950875600,54.63087573242188,-0.04115089774131775,0.05813654139637947,0.02810247428715229
1791103735960847600,54.64084765625,-0.03292093053460121,0.11505388468503952,-0.15125024318695068
1791103735970819600,54.65081958007813,-0.10000302642583847,0.0643925741314888,0.03967390954494476
1791103735980791800,54.660791748046876,-0.10822048038244247,0.0054277884773910046,0.14793327450752258
1791103735990763800,54.670763671875,-0.06324208527803421,0.08747392147779465,-0.009740245528519154
1791103736000735700,54.68073583984375,-0.10202570259571075,0.09685730189085007,0.033367011696100235
1791103736010706700,54.69070678710938,-0.1366872787475586,0.08849311619997025,-0.026257969439029694
1791103736020678700,54.7006787109375,-0.12087635695934296,0.09409826993942261,-0.06763496994972229
1791103736030650600,54.71065063476563,-0.06208174675703049,0.05341821908950806,0.06076721101999283
1791103736040622600,54.72062255859375,-0.11299366503953934,0.03630021587014198,0.10965832322835922
1791103736050594800,54.7305947265625,-0.11613672226667404,0.0014024205738678575,0.05004559084773064
1791103736060566800,54.74056689453125,-0.2530897855758667,0.02762417122721672,0.08623901754617691
1791103736070538800,54.750538818359374,-0.37945836782455444,-0.01612330973148346,0.1425001621246338
1791103736080510700,54.7605107421875,-0.29205477237701416,-0.030039392411708832,0.12921497225761414
1791103736090482700,54.770482666015624,-0.1588546335697174,0.035110317170619965,-0.03369750827550888
1791103736100453600,54.78045361328125,-0.18718986213207245,0.0321454182267189,-0.06479417532682419
1791103736110425600,54.79042553710938,-0.31130462884902954,-0.0075873457826673985,-0.03290814906358719
1791103736120397800,54.800397705078126,-0.19123999774456024,-0.05475778877735138,-0.10821222513914108
1791103736130369500,54.81036962890625,-0.18843115866184235,-0.0821894109249115,0.08895783871412277
1791103736140341800,54.820341796875,-0.2823438048362732,-0.07932358235120773,0.10547742247581482
1791103736150313700,54.830313720703124,-0.3697764575481415,-0.044977594166994095,-0.0010913633741438389
1791103736160285700,54.84028564453125,-0.36654791235923767,-0.11267141997814178,0.11736231297254562
1791103736170258000,54.8502578125,-0.34645968675613403,-0.1396085023880005,0.05259077250957489
1791103736180229600,54.86022973632812,-0.3981548249721527,-0.12354803830385208,0.09845919162034988
1791103736190201900,54.87020190429688,-0.4333983063697815,-0.0895724967122078,-0.05044186860322952
1791103736200172500,54.880172607421876,-0.36751890182495117,-0.16655223071575165,0.0694672241806984
1791103736210144800,54.890144775390624,-0.3468452990055084,-0.11103171110153198,0.05474233999848366
1791103736220116700,54.90011669921875,-0.31771937012672424,-0.09520507603883743,0.019604060798883438
1791103736230088700,54.910088623046875,-0.3342914283275604,-0.11770506203174591,0.024689633399248123
1791103736240061000,54.92006103515625,-0.37464872002601624,-0.13946442306041718,-0.08805263042449951
1791103736250032600,54.93003271484375,-0.3404499888420105,-0.13499243557453156,-0.10219321399927139
1791103736260004900,54.9400048828125,-0.4819599688053131,-0.06849943101406097,-0.03990959748625755
1791103736269976600,54.9499765625,-0.4235483407974243,-0.11401871591806412,0.13867639005184174
1791103736279948800,54.95994873046875,-0.25314491987228394,-0.0863812267780304,-0.1298655867576599
1791103736289919500,54.96991943359375,-0.23429346084594727,-0.155430868268013,0.08631651103496552
1791103736299891700,54.9798916015625,-0.2971557676792145,-0.1346382349729538,-0.14071904122829437
1791103736309863700,54.98986376953125,-0.4114469289779663,-0.12284762412309647,0.048773664981126785
1791103736319835600,54.99983569335937,-0.3855745792388916,-0.08769256621599197,-0.0863303616642952
1791103736329808000,55.00980786132813,-0.33140242099761963,-0.13633839786052704,0.1879291534423828
1791103736339780000,55.019780029296875,-0.3282441794872284,-0.11356517672538757,0.01007926557213068
1791103736349752000,55.029751953125,-0.2926047146320343,-0.08674021810293198,-0.13306830823421478
1791103736359724000,55.03972412109375,-0.304508775472641,-0.028501681983470917,-0.02852005884051323
1791103736369696300,55.0496962890625,-0.21833419799804688,-0.06869065016508102,-0.14054299890995026
1791103736379668000,55.05966796875,-0.23776622116565704,-0.08175984025001526,-0.16447682678699493
1791103736389639200,55.06963916015625,-0.2290443629026413,-0.13906387984752655,0.18676722049713135
1791103736399611000,55.07961083984375,-0.266475111246109,-0.0932479202747345,-0.19289781153202057
1791103736409583000,55.0895830078125,-0.20408256351947784,-0.10344436764717102,0.004751345608383417
1791103736419555000,55.09955517578125,-0.2952553331851959,-0.15912547707557678,0.121397003531456
1791103736429527000,55.10952709960937,-0.18463456630706787,-0.15780214965343475,0.0853939950466156
1791103736439499300,55.11949926757813,-0.2844066917896271,-0.17071208357810974,0.07386144250631332
1791103736449471000,55.129470947265624,-0.2164825052022934,-0.11258646845817566,-0.01570865511894226
1791103736459443200,55.13944311523438,-0.2512072026729584,-0.12385563552379608,0.06018504500389099
1791103736469415000,55.149414794921874,-0.2501011788845062,-0.16077689826488495,0.0748920813202858
1791103736479386000,55.15938623046875,-0.21611233055591583,-0.20296350121498108,0.09017356485128403
1791103736489357800,55.16935791015625,-0.2596219778060913,-0.22039708495140076,-0.001990180229768157
1791103736499330000,55.179330078125,-0.2950601279735565,-0.27374765276908875,0.11246848851442337
1791103736509302000,55.18930200195312,-0.30491888523101807,-0.29626893997192383,-0.07751769572496414
1791103736519274000,55.19927392578125,-0.33100268244743347,-0.31547486782073975,0.020307933911681175
1791103736529246200,55.20924609375,-0.3133331537246704,-0.27055346965789795,-0.007327155210077763
1791103736539218000,55.21921801757812,-0.27094149589538574,-0.23801974952220917,0.08303309977054596
1791103736549190100,55.22919018554688,-0.20925654470920563,-0.23891803622245789,0.09018395841121674
1791103736559162000,55.239162109375,-0.12896277010440826,-0.24832485616207123,-0.00851545762270689
1791103736569133000,55.24913305664062,-0.1610645204782486,-0.23322419822216034,-0.06797531992197037
1791103736579105000,55.25910498046875,-0.28452280163764954,-0.25608158111572266,0.12002680450677872
1791103736589077000,55.269076904296874,-0.20334327220916748,-0.21998801827430725,0.021707693114876747
1791103736599049200,55.27904931640625,-0.0974930003285408,-0.18904954195022583,-0.06754469126462936
1791103736609021000,55.28902099609375,-0.08968354761600494,-0.1732625961303711,0.22800227999687195
1791103736618993200,55.2989931640625,-0.06082873046398163,-0.0992131382226944,-0.13691923022270203
1791103736628965000,55.30896508789063,-0.09436751157045364,-0.11220376938581467,0.06887147575616837
1791103736638937000,55.31893701171875,-0.05931339040398598,-0.09698859602212906,0.00920042209327221
1791103736648909000,55.32890893554688,0.08398784697055817,-0.04894144460558891,-0.027102457359433174
1791103736658881000,55.338881103515625,0.09327881783246994,0.0009949569357559085,-0.05095159634947777
1791103736668852000,55.34885205078125,0.046354714781045914,-0.04664713144302368,0.05162777379155159
1791103736678824000,55.35882397460937,-0.05006023868918419,-0.0013558153295889497,-0.21672990918159485
1791103736688796200,55.36879614257813,-0.023449931293725967,-0.04187421128153801,0.17800915241241455
1791103736698768100,55.37876806640625,-0.005366003140807152,0.005601959303021431,-0.13861380517482758
1791103736708740000,55.38873999023438,-0.03692419454455376,-0.03940040245652199,-0.024389229714870453
1791103736718712000,55.398712158203125,-0.13079848885536194,-0.033788323402404785,-0.07895713299512863
1791103736728684000,55.40868408203125,-0.1129278838634491,-0.14176352322101593,0.22945556044578552
1791103736738656000,55.418656005859376,-0.03997191786766052,-0.17144125699996948,-0.04267263039946556
1791103736748628200,55.42862817382812,-0.09116985648870468,-0.18881572782993317,-0.023683758452534676
1791103736758599200,55.43859912109375,-0.22994159162044525,-0.1984289288520813,0.15061055123806
1791103736768571100,55.44857104492188,-0.1818733960390091,-0.21146830916404724,-0.019961724057793617
1791103736778543000,55.458543212890625,-0.11593219637870789,-0.18406464159488678,-0.07243877649307251
1791103736788515000,55.46851513671875,-0.18786124885082245,-0.22134490311145782,-0.02395699732005596
1791103736798487000,55.478487060546875,-0.1819993555545807,-0.2626723647117615,-0.06723949313163757
1791103736808459000,55.488458984375,-0.22075608372688293,-0.2589530050754547,-0.07010158896446228
1791103736818431200,55.49843115234375,-0.1593955159187317,-0.29841119050979614,0.027876371517777443
1791103736828403000,55.50840283203125,-0.15963733196258545,-0.2915588915348053,-0.053462959825992584
1791103736838375200,55.51837524414063,-0.13318069279193878,-0.34249264001846313,0.07845406234264374
1791103736848346000,55.52834619140625,-0.19753730297088623,-0.38869714736938477,-0.012466522864997387
1791103736858318000,55.538318115234375,-0.16267786920070648,-0.38446858525276184,-0.037809696048498154
1791103736868290000,55.5482900390625,-0.1476837396621704,-0.3861650228500366,0.1177934780716896
1791103736878262000,55.558261962890626,-0.17262370884418488,-0.32717785239219666,-0.1279827356338501
1791103736888234200,55.56823413085937,-0.13500602543354034,-0.3166687488555908,0.22057577967643738
1791103736898206000,55.5782060546875,-0.03690209239721298,-0.31969091296195984,0.13038143515586853
1791103736908178200,55.58817822265625,0.018382735550403595,-0.2941882312297821,0.08181364089250565
1791103736918150000,55.59814990234375,-0.015796540305018425,-0.28321200609207153,0.003896737238392234
1791103736928122000,55.6081220703125,-0.06888639181852341,-0.2897157073020935,0.20563864707946777
1791103736938093000,55.618093017578126,0.0026844663079828024,-0.267826646566391,0.0008293083519674838
1791103736948065000,55.62806494140625,0.06813351064920425,-0.2617085576057434,0.0706736370921135
1791103736958037200,55.63803735351563,0.04023876413702965,-0.22420327365398407,0.06849171221256256
1791103736968009000,55.648009033203124,0.08532635122537613,-0.18277673423290253,0.015273761004209518
1791103736977981200,55.65798120117187,0.04941095784306526,-0.20275551080703735,-0.01678590476512909
1791103736987953000,55.667952880859374,0.0857551172375679,-0.18130134046077728,-0.001583249308168888
1791103736997925000,55.67792504882812,0.2304888665676117,-0.14086444675922394,-0.010982077568769455
1791103737007897000,55.68789697265625,0.11296916007995605,-0.15371392667293549,0.07328992336988449
1791103737017869000,55.697869140625,0.10512455552816391,-0.14791995286941528,-0.08937302231788635
1791103737027840300,55.70784033203125,0.0843801274895668,-0.09620456397533417,-0.08599240332841873
1791103737037812000,55.71781201171875,0.13058491051197052,-0.13272395730018616,0.06247376278042793
1791103737047784200,55.7277841796875,0.20960462093353271,-0.14456038177013397,0.06265725940465927
1791103737057756000,55.737755859375,0.2151232212781906,-0.10282118618488312,-0.09864827990531921
1791103737067728100,55.74772802734375,0.11994185298681259,-0.08910084515810013,0.17855589091777802
1791103737077700000,55.7577001953125,0.10482707619667053,-0.05582225322723389,-0.009699765592813492
1791103737087672000,55.76767211914063,0.16606886684894562,-0.10303264111280441,0.1039077565073967
1791103737097644000,55.77764404296875,0.21716293692588806,-0.11622247844934464,-0.10006934404373169
1791103737107616000,55.78761596679688,0.11222107708454132,-0.10337139666080475,0.23447509109973907
1791103737117588000,55.797587890625,0.07394639402627945,-0.07685349881649017,0.024261662736535072
1791103737127559000,55.807558837890625,0.12998808920383453,-0.14294543862342834,0.11831039935350418
1791103737137531100,55.81753125,0.15881282091140747,-0.13749554753303528,-0.14892981946468353
1791103737147503000,55.82750317382813,0.06393024325370789,-0.12731029093265533,-0.05380144715309143
1791103737157475000,55.83747509765625,-0.011256116442382336,-0.20243379473686218,0.07718959450721741
1791103737167447000,55.84744702148438,0.03839532658457756,-0.14708106219768524,0.02219638228416443
1791103737177419000,55.8574189453125,0.11225836724042892,-0.12514619529247284,-0.03942996263504028
1791103737187391000,55.86739086914063,0.15558800101280212,-0.16873522102832794,0.028363730758428574
1791103737197363200,55.87736328125,0.07564149796962738,-0.08234893530607224,-0.018185662105679512
1791103737207335000,55.8873349609375,0.14195872843265533,-0.07512005418539047,0.06482107192277908
1791103737217306000,55.89730615234375,0.1466221958398819,-0.033356890082359314,-0.05812908336520195
1791103737227278000,55.90727807617188,0.24190104007720947,-0.07378926873207092,-0.13111087679862976
1791103737237250000,55.91725,0.20647300779819489,-0.035356923937797546,0.011599131859838963
1791103737247222000,55.92722192382813,0.20069502294063568,0.030775489285588264,0.012268117628991604
1791103737257194000,55.937194091796876,0.24052925407886505,-0.05471544340252876,0.024115722626447678
1791103737267166200,55.94716625976562,0.18018467724323273,-0.0765933096408844,0.03181838244199753
1791103737277138000,55.957137939453126,0.1724785566329956,-0.00019041601626668125,-0.051891960203647614
1791103737287110100,55.967110107421874,0.1705770641565323,-0.045946184545755386,0.006385727785527706
1791103737297081900,55.97708178710938,0.13178759813308716,-0.01321061048656702,0.006650445982813835
1791103737307053000,55.98705297851563,0.2020050287246704,0.06348283588886261,0.04448490962386131
1791103737317025000,55.99702490234375,0.24728275835514069,0.08626298606395721,-0.05012521892786026
1791103737326997000,56.0069970703125,0.23464925587177277,0.048349421471357346,-0.04555683210492134
1791103737336969200,56.01696923828125,0.20676276087760925,0.048585113137960434,0.07975395023822784
1791103737346941000,56.02694091796875,0.2110792100429535,0.07609796524047852,-0.03853114694356918
1791103737356913200,56.0369130859375,0.18525773286819458,0.08996131271123886,0.03903874382376671
1791103737366884900,56.046884765625,0.17520643770694733,0.03953462466597557,-0.09080047905445099
1791103737376857000,56.05685717773437,0.17799928784370422,0.05000617355108261,0.025548769161105156
1791103737386829000,56.0668291015625,0.2440030723810196,0.11508025228977203,-0.00006631271389778703
1791103737396800000,56.076800048828126,0.20796304941177368,0.09141060709953308,-0.03302612528204918
1791103737406772200,56.086772216796874,0.16588351130485535,0.1100173145532608,-0.02683001570403576
1791103737416744000,56.09674389648438,0.1984100341796875,0.11430686712265015,0.08014330267906189
1791103737426716200,56.106716064453124,0.18845246732234955,0.1640520542860031,-0.11000266671180725
1791103737436688000,56.11668798828125,0.22175849974155426,0.09326948970556259,0.04418210685253143
1791103737446660000,56.12666015625,0.17645412683486938,0.13974671065807343,0.05077609419822693
1791103737456632000,56.13663208007812,0.17857107520103455,0.1882157176733017,-0.00017683389887679368
1791103737466604000,56.14660400390625,0.1968827098608017,0.09737928211688995,0.005832056514918804
1791103737476576000,56.15657592773437,0.24569818377494812,0.08256065845489502,-0.17454729974269867
1791103737486547000,56.166546875,0.07621647417545319,0.061889734119176865,0.12260101735591888
1791103737496519200,56.17651928710937,0.0509025938808918,0.07333386689424515,0.05212152376770973
1791103737506491000,56.186490966796875,0.10223422944545746,0.10209733992815018,0.09018182754516602
1791103737516463000,56.19646313476562,0.15691743791103363,0.06454890221357346,-0.004175570327788591
1791103737526435000,56.20643505859375,0.05600228160619736,0.08663555979728699,-0.03425517678260803
1791103737536407000,56.21640698242187,0.04802798107266426,0.10473360121250153,0.007455253042280674
1791103737546379000,56.22637890625,0.010069944895803928,0.0681188628077507,0.18920667469501495
1791103737556351000,56.23635107421875,0.011262241750955582,0.1445033848285675,-0.12341354787349701
1791103737566323000,56.24632299804688,0.13249412178993225,0.16691787540912628,-0.03370949253439903
1791103737576294000,56.2562939453125,0.15883971750736237,0.1330757588148117,-0.05060858279466629
1791103737586266000,56.26626611328125,0.004041080828756094,0.12692226469516754,0.045761097222566605
1791103737596238000,56.27623803710937,0.08016807585954666,0.1105177253484726,0.004235757514834404
1791103737606210000,56.2862099609375,0.036011796444654465,0.1354057639837265,0.02611122839152813
1791103737616182000,56.29618212890625,0.03347966447472572,0.14029772579669952,-0.019287943840026855
1791103737626154000,56.30615405273438,-0.0443863719701767,0.15739628672599792,0.11518225073814392
1791103737636126000,56.3161259765625,0.08159765601158142,0.15698455274105072,0.009102151729166508
1791103737646098200,56.32609814453125,0.04393603280186653,0.1876750886440277,-0.013497166335582733
1791103737656070000,56.33606982421875,0.0025326660834252834,0.17491109669208527,-0.04573952406644821
1791103737666041000,56.346041015625,-0.014132063835859299,0.18122731149196625,0.047329433262348175
1791103737676013000,56.35601293945312,-0.0285275150090456,0.16248051822185516,-0.08622650057077408
1791103737685985000,56.36598510742188,-0.13870994746685028,0.1330627053976059,-0.0904417484998703
1791103737695957000,56.37595703125,-0.1493934839963913,0.05144268274307251,-0.0931781455874443
1791103737705929000,56.38592895507813,-0.13319213688373566,0.024216922000050545,0.039681099355220795
1791103737715901200,56.395901123046876,-0.16589443385601044,0.022967899218201637,-0.01296453457325697
1791103737725873000,56.40587280273437,-0.2597740590572357,-0.03940200060606003,-0.007859254255890846
1791103737735845000,56.41584521484375,-0.3006493151187897,-0.07882397621870041,0.06696145981550217
1791103737745816800,56.42581689453125,-0.20152992010116577,0.007641940843313932,-0.09569110721349716
1791103737755788000,56.4357880859375,-0.2248472273349762,0.020720724016427994,0.13894855976104736
1791103737765760000,56.44576000976563,-0.17287351191043854,-0.03689996153116226,-0.05997571721673012
1791103737775732000,56.45573193359375,-0.20228679478168488,-0.03165007010102272,0.08063146471977234
1791103737785704200,56.4657041015625,-0.23116131126880646,0.02201635204255581,-0.14288339018821716
1791103737795676000,56.47567602539063,-0.07384572923183441,-0.055099472403526306,0.025534654036164284
1791103737805648100,56.485648193359374,-0.18676641583442688,-0.08144665509462357,0.06763762980699539
1791103737815619800,56.49561987304688,-0.25590234994888306,-0.035526834428310394,-0.02221129648387432
1791103737825592000,56.505592041015625,-0.2721146047115326,-0.017827732488512993,-0.08014810085296631
1791103737835564000,56.51556396484375,-0.23143748939037323,-0.06485462933778763,0.0023379891645163298
1791103737845536000,56.525535888671875,-0.2067563682794571,-0.09970102459192276,0.14866749942302704
1791103737855507200,56.535507080078126,-0.16377800703048706,0.03880571946501732,-0.17659127712249756
1791103737865479000,56.54547900390625,-0.17988161742687225,-0.0954602062702179,-0.0006649913266301155
1791103737875451100,56.555451171875,-0.3089647591114044,-0.11073397099971771,-0.041122402995824814
1791103737885422800,56.5654228515625,-0.28870928287506104,-0.1177908182144165,-0.02767929807305336
1791103737895395000,56.57539501953125,-0.19381900131702423,-0.097113236784935,-0.14672978222370148
1791103737905367000,56.585366943359375,-0.3633233606815338,-0.1762581169605255,0.029805032536387444
1791103737915339000,56.59533911132812,-0.33647415041923523,-0.24337084591388702,-0.029880933463573456
1791103737925311000,56.60531103515625,-0.2743934690952301,-0.17625784873962402,-0.07173437625169754
1791103737935283000,56.61528295898437,-0.4007359743118286,-0.18857070803642273,0.040641967207193375
1791103737945254100,56.625254150390624,-0.36625468730926514,-0.22123011946678162,0.10391814261674881
1791103737955225900,56.63522583007813,-0.2263532429933548,-0.13865002989768982,-0.008737032301723957
1791103737965198000,56.645197998046875,-0.2182772159576416,-0.09533663839101791,0.04370007663965225
1791103737975170000,56.65517016601562,-0.2898837625980377,-0.08012013882398605,-0.0033846113365143538
1791103737985142000,56.66514208984375,-0.25947150588035583,-0.09632254391908646,-0.08338410407304764
1791103737995114000,56.67511401367187,-0.14818254113197327,-0.04423537105321884,-0.10290880501270294
1791103738005086000,56.6850859375,-0.24449177086353302,-0.1136527955532074,-0.0817800834774971
1791103738015058000,56.695057861328124,-0.31859076023101807,-0.153242290019989,-0.07693153619766235
1791103738025028900,56.70502880859375,-0.23766981065273285,-0.2778257429599762,0.12275893986225128
1791103738035001000,56.7150009765625,-0.2707561254501343,-0.20109689235687256,-0.12220260500907898
1791103738044973000,56.72497314453125,-0.33670344948768616,-0.3318924605846405,0.08042613416910172
1791103738054945000,56.73494506835937,-0.377094566822052,-0.3254348337650299,0.11694765836000443
1791103738064917000,56.7449169921875,-0.3064243793487549,-0.3105296492576599,0.0938979983329773
1791103738074889000,56.754888916015624,-0.19193588197231293,-0.27739378809928894,0.13298548758029938
1791103738084861000,56.76486083984375,-0.1992768794298172,-0.2242586612701416,-0.017342770472168922
1791103738094833200,56.774833251953126,-0.1327625811100006,-0.23849619925022125,0.0052964948117733
1791103738104805000,56.78480517578125,-0.15535470843315125,-0.17782644927501678,0.021505825221538544
1791103738114777000,56.79477709960938,-0.11901320517063141,-0.16515512764453888,0.03514786809682846
1791103738124748000,56.804748046875,0.01062041986733675,-0.24728170037269592,0.011269166134297848
1791103738134720000,56.81471997070312,0.03263171389698982,-0.1937502920627594,-0.05241260677576065
1791103738144692000,56.82469189453125,-0.06586609780788422,-0.13020753860473633,-0.028654281049966812
1791103738154664000,56.834663818359374,-0.04146701470017433,-0.20172911882400513,0.02719353698194027
1791103738164636200,56.84463623046875,0.014852182939648628,-0.21376821398735046,0.09828449040651321
1791103738174608000,56.85460791015625,0.012660667300224304,-0.1510944366455078,0.05772295221686363
1791103738184580000,56.864580078125,-0.000010120012120751198,-0.12090937793254852,0.11447837203741074
1791103738194552000,56.87455200195313,0.038236867636442184,-0.09100234508514404,-0.10721167176961899
1791103738204523000,56.88452294921875,0.1052372083067894,-0.10527954995632172,0.10752006620168686
1791103738214495000,56.894494873046874,0.0710211768746376,-0.059897955507040024,-0.004165450111031532
1791103738224467000,56.90446704101562,0.09418162703514099,-0.06655745208263397,-0.0012860405258834362
1791103738234439200,56.914439208984376,0.061211958527565,-0.05528536066412926,0.04042518883943558
1791103738244411000,56.92441088867187,0.12739311158657074,-0.05210128426551819,-0.02418310008943081
1791103738254383000,56.93438305664063,0.14352095127105713,-0.16877277195453644,0.1418820321559906
1791103738264355000,56.94435498046875,0.10811048746109009,-0.1364467889070511,0.028309402987360954
1791103738274327000,56.9543271484375,-0.024812938645482063,-0.07186619937419891,-0.08170391619205475
1791103738284299000,56.964299072265625,0.058702461421489716,-0.0661848783493042,-0.04284520074725151
1791103738294270000,56.97427001953125,0.12513767182826996,-0.05614236369729042,0.04680292680859566
1791103738304242200,56.9842421875,0.1443108320236206,-0.03987870737910271,-0.09830313175916672
1791103738314214000,56.9942138671875,0.09131952375173569,0.029512351378798485,-0.1713283360004425
1791103738324185900,57.00418579101562,0.09110887348651886,-0.021878134459257126,-0.007640342693775892
1791103738334157800,57.01415771484375,0.15797391533851624,0.03333238884806633,-0.10823672264814377
1791103738344129800,57.0241298828125,0.16507337987422943,-0.04770973324775696,0.012309662997722626
1791103738354102000,57.03410205078125,0.06672603636980057,-0.010569021105766296,-0.05451304465532303
1791103738364073700,57.04407373046875,0.10029171407222748,-0.03724111244082451,0.13724254071712494
1791103738374046000,57.0540458984375,0.10163048654794693,0.024756478145718575,-0.03947656974196434
1791103738384016600,57.0640166015625,0.10452454537153244,-0.0319368951022625,0.07070905715227127
1791103738393988900,57.07398876953125,0.1804691106081009,0.003976099658757448,0.04514963552355766
1791103738403960800,57.0839609375,0.11322322487831116,0.004875182639807463,-0.011052917689085007
1791103738413932800,57.09393286132813,0.052993178367614746,-0.02033483237028122,-0.034329477697610855
1791103738423904800,57.10390478515625,0.12426576018333435,0.010852115228772163,0.0009475527331233025
1791103738433876700,57.11387670898438,0.14605680108070374,0.07763327658176422,-0.06448258459568024
1791103738443849000,57.123848876953126,0.07923570275306702,0.009814014658331871,-0.012823120690882206
1791103738453820700,57.13382055664062,0.06690552830696106,-0.04326172173023224,-0.10004803538322449
1791103738463793000,57.14379296875,0.060559485107660294,-0.06922701001167297,-0.13753655552864075
1791103738473763600,57.153763671875,0.006925550289452076,-0.10846202820539474,-0.07663991302251816
1791103738483735800,57.16373583984375,-0.032348085194826126,-0.15307210385799408,-0.04927540570497513
1791103738493707800,57.17370776367188,-0.12645860016345978,-0.17661045491695404,0.16219450533390045
1791103738503679700,57.1836796875,-0.0304401982575655,-0.14275315403938293,0.026143187656998634
1791103738513652000,57.19365185546875,0.03535958752036095,-0.06954579055309296,-0.07964982092380524
1791103738523623700,57.203623779296876,0.08610745519399643,-0.08208741247653961,0.0586012601852417
1791103738533596000,57.213595947265624,0.027997013181447983,-0.07955075055360794,0.11202879995107651
1791103738543568000,57.22356787109375,0.10685694217681885,-0.004631503485143185,-0.14150039851665497
1791103738553539800,57.233539794921874,0.17258216440677643,-0.049570482224226,0.13362836837768555
1791103738563510800,57.2435107421875,0.07839413732290268,-0.018930016085505486,-0.12529240548610687
1791103738573482800,57.25348266601563,0.021263742819428444,0.0025592977181077003,0.0830589309334755
1791103738583454700,57.263454833984376,0.09527165442705154,0.030129406601190567,-0.05904547497630119
1791103738593426700,57.2734267578125,0.11711916327476501,0.009936519898474216,0.01721600443124771
1791103738603399000,57.28339892578125,0.05621640011668205,0.0020269318483769894,-0.1466275304555893
1791103738613371000,57.293370849609374,0.02695837989449501,-0.0628063902258873,0.1362619698047638
1791103738623342800,57.3033427734375,-0.0018732674652710557,-0.04886660724878311,-0.08549892157316208
1791103738633314800,57.313314697265625,0.08599986135959625,-0.044685713946819305,0.005648564547300339
1791103738643286800,57.32328686523437,0.10344276577234268,-0.03112143464386463,-0.01299542747437954
1791103738653257700,57.3332578125,0.11790133267641068,-0.04935130476951599,-0.021748172119259834
1791103738663229700,57.34322973632813,0.0844070240855217,-0.07060173153877258,0.10215406864881516
1791103738673202000,57.353201904296874,0.059427108615636826,-0.03098214976489544,-0.12079912424087524
1791103738683174000,57.363173828125,0.037874944508075714,-0.09578351676464081,0.13352157175540924
1791103738693145900,57.373145751953125,0.11824008822441101,-0.07232080399990082,-0.15869830548763275
1791103738703117800,57.38311791992187,0.030794929713010788,-0.10410855710506439,0.2028503119945526
1791103738713089800,57.39308984375,-0.005765743553638458,-0.10354237258434296,0.0906904861330986
1791103738723061800,57.40306176757812,0.08099231868982315,-0.017227455973625183,-0.08464005589485168
1791103738733034000,57.41303393554688,0.17768476903438568,-0.02852431870996952,0.05472183600068092
1791103738743004700,57.42300463867188,0.08049990236759186,-0.044085435569286346,-0.03279043734073639
1791103738752977000,57.432976806640625,0.11559370905160904,-0.018558237701654434,-0.10861250013113022
1791103738762948900,57.44294897460937,0.13035188615322113,0.053470414131879807,-0.04048936814069748
1791103738772920800,57.4529208984375,0.21151438355445862,-0.07279111444950104,-0.014112623408436775
1791103738782892800,57.46289282226562,0.11584697663784027,-0.028556544333696365,-0.01200126949697733
1791103738792864800,57.47286474609375,0.10822367668151855,-0.025786323472857475,0.08303629606962204
1791103738802837000,57.4828369140625,0.04906128719449043,-0.038243792951107025,-0.009297095239162445
1791103738812808700,57.49280859375,0.07991853356361389,-0.12440051138401031,0.045104626566171646
1791103738822781000,57.502781005859376,0.1478019803762436,-0.00785472709685564,0.010706440545618534
1791103738832751900,57.512751953125,0.1287180334329605,-0.03893275186419487,0.045458827167749405
1791103738842723800,57.52272387695312,0.056770872324705124,-0.05393647029995918,0.04818430542945862
1791103738852695800,57.53269580078125,0.10254634916782379,-0.0331566222012043,-0.06706638634204865
1791103738862667800,57.54266772460937,0.10566411167383194,-0.007934622466564178,0.04867539554834366
1791103738872640000,57.55263989257813,0.12917928397655487,0.04013756662607193,-0.03092009946703911
1791103738882611700,57.56261181640625,0.13555783033370972,0.04235890880227089,-0.029025793075561523
1791103738892584000,57.572583984375,0.2127719223499298,0.0065351310186088085,-0.09934842586517334
1791103738902555600,57.5825556640625,0.17465569078922272,-0.03122156858444214,-0.04140682891011238
1791103738912528000,57.59252783203125,0.040532778948545456,-0.10878853499889374,0.21307286620140076
1791103738922498800,57.60249877929687,0.025380723178386688,-0.04248301312327385,0.11140695214271545
1791103738932470800,57.612470703125,0.10870624333620071,0.010188722051680088,0.08421847224235535
1791103738942443000,57.622443115234375,0.17811354994773865,0.049990464001894,0.03642192482948303
1791103738952414700,57.63241479492188,0.17711858451366425,0.08202509582042694,0.010627077892422676
1791103738962387000,57.642386962890626,0.17848052084445953,0.06459949910640717,0.11118724197149277
1791103738972358700,57.65235864257812,0.1083054319024086,0.11799561232328415,0.10095537453889847
1791103738982331000,57.66233081054688,0.17844484746456146,0.10384596884250641,-0.01423725951462984
1791103738992302800,57.672302734375,0.2937205731868744,0.15339328348636627,-0.08905104547739029
1791103739002273800,57.68227368164062,0.2600816488265991,0.1658795177936554,-0.00005352953667170368
1791103739012246000,57.69224609375,0.23378399014472961,0.13718555867671967,0.08660200238227844
1791103739022217700,57.7022177734375,0.21525771915912628,0.14853593707084656,-0.047094009816646576
1791103739032190000,57.71218994140625,0.18417330086231232,0.09031977504491806,0.04567880555987358
1791103739042161700,57.72216162109375,0.18172186613082886,0.08924199640750885,0.004307396709918976
1791103739052134000,57.7321337890625,0.12038873136043549,0.08128899335861206,0.05101897567510605
1791103739062105900,57.74210595703125,0.05619722604751587,0.026983946561813354,0.17023777961730957
1791103739072077800,57.752077880859375,-0.016173111274838448,0.012299276888370514,0.055807873606681824
1791103739082049800,57.7620498046875,0.11880281567573547,0.008183627389371395,0.07608171552419662
1791103739092020700,57.77202075195312,0.1596362590789795,0.05311940982937813,-0.050030410289764404
1791103739101993000,57.781992919921876,0.0578254833817482,0.04086993634700775,0.052086636424064636
1791103739111964700,57.79196459960937,0.10630939155817032,0.01728205196559429,0.03994635120034218
1791103739121937000,57.80193701171875,0.15083931386470795,0.10713231563568115,-0.08889924734830856
1791103739131908900,57.811908935546874,0.09309292584657669,0.01607270911335945,0.12871509790420532
1791103739141880800,57.821880859375,0.01019804272800684,0.0010128001449629664,-0.11113450676202774
1791103739151852800,57.831852783203125,0.03524667024612427,0.11176088452339172,-0.10855843126773834
1791103739161824800,57.84182470703125,0.11965849250555038,0.026985811069607735,0.11139070987701416
1791103739171796700,57.851796630859376,0.14768612384796143,0.10549633204936981,0.05070978403091431
1791103739181767700,57.861767578125,0.15430408716201782,0.11379500478506088,-0.22076140344142914
1791103739191740000,57.871739990234374,0.0273892804980278,0.1428098827600479,-0.059358932077884674
1791103739201711900,57.8817119140625,0.076510488986969,0.06950051337480545,0.023837953805923462
1791103739211683800,57.891683837890625,0.1725267618894577,0.1792568415403366,-0.1813700646162033
1791103739221655800,57.90165576171875,0.1687360256910324,0.03765017166733742,0.04036872833967209
1791103739231627800,57.911627685546875,0.040045421570539474,0.13270585238933563,-0.12250833958387375
1791103739241599700,57.92159985351562,0.03598756343126297,0.11861612647771835,0.04151202365756035
1791103739251572000,57.93157202148438,0.01625566929578781,0.12889645993709564,0.06602988392114639
1791103739261543700,57.941543701171874,0.1074335128068924,0.06480509787797928,-0.06853245198726654
1791103739271515000,57.951514892578125,0.11407384276390076,0.1633676141500473,0.029891585931181908
1791103739281486800,57.96148681640625,0.020791564136743546,0.15017618238925934,-0.024357004091143608
1791103739291458800,57.971458740234375,0.047453269362449646,0.15753476321697235,-0.00887711439281702
1791103739301430800,57.9814306640625,0.10292265564203262,0.12746767699718475,0.12541037797927856
1791103739311402800,57.99140283203125,0.08700493723154068,0.21922902762889862,-0.0598612017929554
1791103739321375000,58.001375,0.031068969517946243,0.22600357234477997,-0.15609346330165863
1791103739331347000,58.01134692382813,0.025177791714668274,0.19422993063926697,-0.005571066867560148
1791103739341319000,58.02131884765625,0.05107889696955681,0.18173597753047943,0.11288394033908844
1791103739351291000,58.03129077148437,0.04806526377797127,0.16454580426216125,0.1133449375629425
1791103739361261800,58.04126171875,0.0406680665910244,0.129018172621727,-0.03704510256648064
1791103739371234000,58.05123413085938,-0.0004500742070376873,0.06318216770887375,0.0996786579489708
1791103739381206000,58.0612060546875,-0.1334020048379898,0.14719291031360626,0.05747101455926895
1791103739391178000,58.07117797851563,-0.1522180289030075,0.04283428192138672,0.1685943454504013
1791103739401150000,58.08114990234375,-0.06595344841480255,0.14397235214710236,-0.025010544806718826
1791103739411122000,58.09112182617187,-0.02652721479535103,0.14923955500125885,0.07597146183252335
1791103739421094000,58.101093994140626,-0.13502413034439087,0.14614123106002808,0.04156475514173508
1791103739431066000,58.111066162109374,-0.0650748759508133,0.05031270533800125,-0.06718462705612183
1791103739441037000,58.121037109375,-0.1886570006608963,0.0059926449321210384,0.019412048161029816
1791103739451009000,58.13100903320313,-0.19967129826545715,-0.01570812240242958,-0.05355403944849968
1791103739460981000,58.14098095703125,-0.2438051998615265,-0.08794530481100082,0.17050276696681976
1791103739470953000,58.15095288085938,-0.33293959498405457,-0.04939365014433861,0.054607320576906204
1791103739480925000,58.160925048828126,-0.36882489919662476,-0.0703364834189415,0.013859889470040798
1791103739490897000,58.17089697265625,-0.2450086921453476,-0.04513552039861679,0.15685752034187317
1791103739500869000,58.180869140625,-0.16128848493099213,0.023688284680247307,0.18141932785511017
1791103739510840800,58.1908408203125,-0.19386827945709229,0.033963292837142944,0.08327411860227585
1791103739520813000,58.20081298828125,-0.2134915143251419,0.013650031760334969,0.06553346663713455
1791103739530784000,58.21078393554688,-0.1822102814912796,0.08008497953414917,0.029170934110879898
1791103739540756000,58.220755859375,-0.14591538906097412,0.08344722539186478,0.07406517118215561
1791103739550728000,58.23072802734375,-0.12484792619943619,0.07442896068096161,-0.009590042755007744
1791103739560700000,58.24069995117188,-0.045030057430267334,0.07854460924863815,0.02996562235057354
1791103739570672000,58.250672119140624,-0.07617706060409546,0.09525594860315323,-0.0866861566901207
1791103739580643800,58.26064379882813,-0.13145868480205536,0.03369218483567238,-0.040225718170404434
1791103739590616000,58.270615966796875,-0.1624738574028015,0.05735756456851959,0.06330573558807373
1791103739600587800,58.280587890625,-0.09182339906692505,0.047936100512742996,-0.05961379408836365
1791103739610559000,58.29055908203125,-0.10326779633760452,0.025435052812099457,0.03498435020446777
1791103739620531000,58.300531005859376,-0.19241179525852203,-0.06096135452389717,0.1083669513463974
1791103739630503000,58.3105029296875,-0.21978189051151276,-0.023755662143230438,-0.10338577628135681
1791103739640475100,58.32047509765625,-0.14384637773036957,-0.05726994574069977,-0.13339853286743164
1791103739650446800,58.33044677734375,-0.18186646699905396,-0.09591641277074814,0.0413956418633461
1791103739660419000,58.34041918945312,-0.1825096309185028,-0.07467716932296753,-0.06320533156394958
1791103739670390800,58.350390869140625,-0.2203558087348938,-0.1055474653840065,0.04560397192835808
1791103739680363000,58.36036303710937,-0.2931455969810486,-0.06588207930326462,-0.17681844532489777
1791103739690335000,58.3703349609375,-0.22749361395835876,-0.21962369978427887,0.09355898201465607
1791103739700306000,58.38030590820313,-0.1337743103504181,-0.191949725151062,0.04962081462144852
1791103739710278100,58.390278076171874,-0.20210117101669312,-0.16794532537460327,0.0587349534034729
1791103739720249900,58.40024975585938,-0.2634012699127197,-0.16810405254364014,0.0056925066746771336
1791103739730222000,58.41022216796875,-0.19138726592063904,-0.19893600046634674,0.06202768534421921
1791103739740193800,58.42019384765625,-0.09702961146831512,-0.06361732631921768,-0.07619942724704742
1791103739750166000,58.430166015625,-0.02851819433271885,-0.09941527247428894,0.019635487347841263
1791103739760138000,58.44013793945312,-0.09824108332395554,-0.13566061854362488,-0.01375203114002943
1791103739770110000,58.45010986328125,-0.017497766762971878,-0.12109926342964172,-0.20094668865203857
1791103739780082000,58.46008203125,-0.05861084908246994,-0.10851556062698364,-0.08507388085126877
1791103739790052900,58.470052978515625,-0.15015381574630737,-0.16996586322784424,0.16477137804031372
1791103739800025000,58.48002514648437,-0.14336808025836945,-0.16974322497844696,-0.023379357531666756
1791103739809996800,58.489996826171875,-0.13981382548809052,-0.213804692029953,-0.01426575519144535
1791103739819969000,58.49996899414062,-0.08410768955945969,-0.20775745809078217,0.20566047728061676
1791103739829941000,58.50994091796875,-0.052208077162504196,-0.10747931897640228,0.003655987558886409
1791103739839913000,58.519912841796874,-0.00017204020696226507,-0.10314076393842697,-0.058090999722480774
1791103739849885000,58.52988500976563,0.02215137518942356,-0.07907750457525253,-0.14306367933750153
1791103739859857000,58.53985693359375,0.016023973003029823,-0.15188567340373993,-0.033009082078933716
1791103739869828900,58.54982885742187,-0.00005273058923194185,-0.13019928336143494,-0.03476729989051819
1791103739879799800,58.5597998046875,0.017120130360126495,-0.09042283892631531,-0.11698600649833679
1791103739889772000,58.56977197265625,0.022156434133648872,-0.10642843693494797,-0.04913904890418053
1791103739899744000,58.57974389648437,0.1026424914598465,-0.08488639444112778,-0.07701914757490158
1791103739909716000,58.58971606445313,0.07486625015735626,-0.1358284056186676,0.013344567269086838
1791103739919688000,58.59968798828125,-0.026036394760012627,-0.1576620638370514,0.07176846265792847
1791103739929660000,58.60965991210937,0.0031372036319226027,-0.1556825339794159,0.21800583600997925
1791103739939631900,58.6196318359375,0.10553601384162903,-0.012807141989469528,-0.1500755250453949
1791103739949604000,58.62960400390625,0.15381646156311035,-0.10242144763469696,0.16248025000095367
1791103739959575000,58.63957495117187,0.1017356812953949,-0.02923405170440674,-0.11300937831401825
1791103739969547000,58.64954711914063,0.08360355347394943,-0.061888933181762695,0.05766516178846359
1791103739979519000,58.65951904296875,0.1351833939552307,0.003578755771741271,0.023186812177300453
1791103739989491000,58.66949096679687,0.1964408904314041,-0.061167217791080475,-0.0846235379576683
1791103739999463000,58.679462890625,0.09947385638952255,-0.03967444226145744,-0.036624591797590256
1791103740009435000,58.68943481445312,0.16006556153297424,-0.07287154346704483,-0.09398987889289856
1791103740019407000,58.69940698242188,0.18939442932605743,-0.04754621535539627,0.08671438694000244
1791103740029378800,58.70937890625,0.1161058321595192,-0.010913633741438389,-0.07655762135982513
1791103740039351000,58.71935107421875,0.13081073760986328,-0.10413599014282227,0.014005564153194427
1791103740049322000,58.72932202148438,0.21397380530834198,-0.043583694845438004,-0.022765234112739563
1791103740059294000,58.7392939453125,0.24736106395721436,0.0030365362763404846,-0.12784558534622192
1791103740069266000,58.74926586914062,0.20797450840473175,-0.0011984225129708648,-0.06078452244400978
1791103740079238000,58.75923779296875,0.2207701951265335,-0.04699626937508583,0.1246684268116951
1791103740089210000,58.769210205078124,0.22235476970672607,-0.0009784454014152288,-0.020486366003751755
1791103740099181800,58.77918188476563,0.2692820727825165,0.07310936599969864,-0.11456385999917984
1791103740109154000,58.789154052734375,0.32807934284210205,0.10074019432067871,0.032404810190200806
1791103740119125800,58.79912573242188,0.3569392263889313,-0.02321610599756241,0.11165489256381989
1791103740129098000,58.809097900390626,0.21312744915485382,0.08034117519855499,-0.039259787648916245
1791103740139069000,58.81906884765625,0.25623124837875366,0.07244623452425003,-0.037462685257196426
1791103740149041000,58.829041015625,0.32835978269577026,0.13285471498966217,-0.02353568561375141
1791103740159013000,58.83901318359375,0.32766762375831604,0.06344235688447952,-0.014897190034389496
1791103740168984800,58.84898486328125,0.23058554530143738,0.11437557637691498,0.07335810363292694
1791103740178957000,58.85895703125,0.37441542744636536,0.13190849125385284,-0.11998818814754486
1791103740188928800,58.8689287109375,0.2870778441429138,0.18282334506511688,-0.13890142738819122
1791103740198901000,58.87890087890625,0.3006591796875,0.16648244857788086,-0.06427432596683502
1791103740208873000,58.888873046875,0.33078086376190186,0.22752955555915833,-0.009035040624439716
1791103740218844000,58.89884399414063,0.37301912903785706,0.21453040838241577,-0.11901640146970749
1791103740228816100,58.908816162109375,0.33255264163017273,0.21533574163913727,-0.10070477426052094
1791103740238787800,58.91878784179688,0.28709301352500916,0.14870931208133698,-0.015097459778189659
1791103740248760000,58.928760009765625,0.3318610191345215,0.21076682209968567,-0.05155160650610924
1791103740258731800,58.93873168945313,0.3352365791797638,0.20076613128185272,0.032168321311473846
1791103740268704000,58.9487041015625,0.24055375158786774,0.21323424577713013,0.03167057782411575
1791103740278676000,58.95867602539062,0.23018606007099152,0.245672345161438,-0.019696472212672234
1791103740288648000,58.96864794921875,0.30447494983673096,0.19728004932403564,0.0181177519261837
1791103740298620000,58.978619873046874,0.31844136118888855,0.2514553964138031,-0.03453081101179123
1791103740308590800,58.9885908203125,0.28533801436424255,0.284824013710022,-0.03676813468337059
1791103740318563000,58.99856298828125,0.2708064615726471,0.24976162612438202,-0.07303932309150696
1791103740328535000,59.00853515625,0.3119909167289734,0.207675963640213,0.04484070837497711
1791103740338507000,59.01850708007812,0.27724120020866394,0.22112731635570526,0.03838786855340004
1791103740348479000,59.02847900390625,0.1718689650297165,0.23327186703681946,-0.02905881591141224
1791103740358451200,59.038451171875,0.15969645977020264,0.20576967298984528,0.10256285965442657
1791103740368423000,59.0484228515625,0.21818479895591736,0.18528251349925995,0.16806304454803467
1791103740378395100,59.05839501953125,0.17559020221233368,0.25228071212768555,-0.090650275349617
1791103740388366000,59.068365966796875,0.20617926120758057,0.2818623185157776,-0.01763412170112133
1791103740398338000,59.07833813476562,0.1959492713212967,0.2403111308813095,0.2670798897743225
1791103740408310000,59.08831005859375,0.1841099113225937,0.2765333354473114,-0.07255169749259949
1791103740418282000,59.098281982421874,0.14162397384643555,0.2137700766324997,0.08797193318605423
1791103740428254200,59.10825415039063,0.13246695697307587,0.23876917362213135,0.040774859488010406
1791103740438226000,59.118225830078124,0.08075982332229614,0.2634313702583313,0.1356518417596817
1791103740448198100,59.1281982421875,0.15217089653015137,0.29950496554374695,0.09814627468585968
1791103740458169900,59.138169921875,0.16224269568920135,0.3051503300666809,0.08877008408308029
1791103740468142000,59.14814208984375,0.08080669492483139,0.3371348977088928,0.11622434109449387
1791103740478113000,59.15811303710937,0.13596662878990173,0.3528027832508087,0.03152889758348465
1791103740488085000,59.1680849609375,0.17566104233264923,0.33210790157318115,0.028846828266978264
1791103740498057200,59.17805712890625,0.12582877278327942,0.32796135544776917,0.07786896824836731
1791103740508029000,59.18802880859375,0.058708854019641876,0.32343557476997375,0.09184204041957855
1791103740518001200,59.19800122070313,0.0046698530204594135,0.3401604890823364,0.029039375483989716
1791103740527972900,59.20797290039062,0.018807509914040565,0.2842618227005005,0.08141522854566574
1791103740537945000,59.21794506835938,0.012860405258834362,0.25736814737319946,-0.002252501668408513
1791103740547917000,59.2279169921875,-0.025010012090206146,0.25764885544776917,-0.049556899815797806
1791103740557888000,59.237887939453124,-0.05837436020374298,0.24328668415546417,0.14970427751541138
1791103740567860200,59.24786010742187,-0.10264168679714203,0.18888522684574127,-0.022787338122725487
1791103740577832000,59.25783203125,-0.08883026987314224,0.17508792877197266,-0.025800172239542007
1791103740587804200,59.26780419921875,-0.12854225933551788,0.1595635563135147,0.137294739484787
1791103740597776000,59.27777587890625,-0.21202677488327026,0.2077939361333847,0.02719087526202202
1791103740607748000,59.287748046875,-0.14167749881744385,0.1758842170238495,0.06779422610998154
1791103740617720000,59.29771997070313,-0.05784279480576515,0.079032763838768,0.10709689557552338
1791103740627692000,59.307692138671875,-0.1428905725479126,0.12247718125581741,0.004061320796608925
1791103740637664000,59.3176640625,-0.1863163411617279,0.10971850901842117,-0.11527865380048752
1791103740647635000,59.32763500976562,-0.24734294414520264,0.05938023701310158,0.11707548797130585
1791103740657607200,59.33760717773438,-0.2151370793581009,0.10160918533802032,-0.07424893230199814
1791103740667579000,59.34757885742187,-0.21852248907089233,0.04837898537516594,0.07267846167087555
1791103740677551000,59.35755102539063,-0.25060024857521057,0.02040247619152069,0.03152729943394661
1791103740687523000,59.367523193359375,-0.24594639241695404,-0.010211891494691372,-0.03555639460682869
1791103740697495000,59.3774951171875,-0.2347390055656433,0.020074907690286636,-0.06651990115642548
1791103740707467000,59.387467041015626,-0.16421370208263397,-0.019513247534632683,0.06264207512140274
1791103740717439000,59.39743896484375,-0.1942746639251709,0.009836385026574135,0.14045432209968567
1791103740727410200,59.40741015625,-0.221220001578331,-0.006794256623834372,0.045592520385980606
1791103740737382000,59.4173818359375,-0.20939689874649048,-0.004202734678983688,0.0237593911588192
1791103740747354000,59.42735400390625,-0.1924477368593216,0.013677995651960373,-0.06731272488832474
1791103740757326000,59.437326171875,-0.16773094236850739,-0.014415957033634186,0.09746290743350983
1791103740767298000,59.447298095703125,-0.20387083292007446,-0.020603811368346214,-0.11053077131509781
1791103740777270000,59.45727001953125,-0.16913442313671112,-0.06440668553113937,-0.00612260727211833
1791103740787242000,59.467241943359376,-0.21137748658657074,-0.05518735572695732,-0.05269863083958626
1791103740797214000,59.4772138671875,-0.3429650664329529,-0.09878569841384888,0.02599378302693367
1791103740807186200,59.48718627929688,-0.29403188824653625,-0.10287098586559296,-0.038178279995918274
1791103740817157000,59.4971572265625,-0.22393882274627686,-0.13574478030204773,0.1010187566280365
1791103740827129000,59.507129150390625,-0.25295290350914,-0.15643221139907837,0.07417329400777817
1791103740837101000,59.51710107421875,-0.20419813692569733,-0.08362032473087311,-0.007649397477507591
1791103740847073000,59.527072998046876,-0.18404173851013184,-0.08869631588459015,0.039445675909519196
1791103740857045000,59.537044921875,-0.2375025749206543,-0.10627823323011398,-0.01913081668317318
1791103740867017000,59.547016845703126,-0.18391337990760803,-0.12143881618976593,-0.016647152602672577
1791103740876989200,59.5569892578125,-0.1615028828382492,-0.06617102771997452,-0.030239928513765335
1791103740886961000,59.5669609375,-0.18868203461170197,-0.056105345487594604,0.06406021118164062
1791103740896932000,59.57693212890625,-0.15294401347637177,-0.04898165911436081,-0.06644213944673538
1791103740906904000,59.586904052734376,-0.14323332905769348,-0.011783954687416553,-0.04006912186741829
1791103740916876000,59.5968759765625,-0.03073927015066147,-0.0529676117002964,-0.04857126250863075
1791103740926848000,59.606847900390626,-0.12647511065006256,0.04489530250430107,-0.0813627690076828
1791103740936820000,59.616820068359374,-0.12842720746994019,-0.03539767116308212,0.006712497677654028
1791103740946792200,59.62679223632812,-0.11951681226491928,-0.054252587258815765,0.11339420080184937
1791103740956764000,59.636763916015624,-0.09386337548494339,-0.06816573441028595,-0.10992037504911423
1791103740966736100,59.64673608398437,-0.08761267364025116,-0.04097965732216835,-0.008580705150961876
1791103740976707800,59.656707763671875,-0.09261568635702133,-0.044626858085393906,-0.04976276308298111
1791103740986679000,59.666678955078126,-0.10847081989049911,0.0022714100778102875,-0.08483818918466568
1791103740996651000,59.676651123046874,-0.11972826719284058,-0.09954576194286346,0.09608658403158188
1791103741006623000,59.686623046875,-0.11259578913450241,-0.040791105479002,0.0459858663380146
1791103741016595200,59.69659521484375,-0.06477206945419312,-0.053647514432668686,-0.07316049933433533
1791103741026567000,59.70656689453125,-0.04928312823176384,-0.049545980989933014,0.09446445107460022
1791103741036539100,59.7165390625,-0.04426439851522446,-0.06317470967769623,0.09548310935497284
1791103741046510800,59.7265107421875,-0.0008639294537715614,-0.002115615177899599,-0.0324290469288826
1791103741056483000,59.73648315429688,-0.033474601805210114,-0.010061156004667282,-0.040347423404455185
1791103741066454000,59.7464541015625,-0.07039213925600052,0.00503870053216815,-0.04589052498340607
1791103741076426000,59.756426025390624,-0.0020503676496446133,-0.0360456183552742,-0.03164021670818329
1791103741086398200,59.76639819335937,-0.029758427292108536,-0.014140320010483265,-0.08186956495046616
1791103741096370000,59.776369873046875,-0.0070677632465958595,-0.02973286248743534,-0.07725483924150467
1791103741106342100,59.78634204101562,-0.03856230527162552,-0.04718322306871414,0.042880356311798096
1791103741116313900,59.79631396484375,-0.0090568782761693,-0.08628375828266144,0.03176352381706238
1791103741126286000,59.8062861328125,0.0034173682797700167,-0.020238159224390984,-0.007196127437055111
1791103741136258000,59.81625805664063,-0.02924283966422081,-0.039743151515722275,0.17360055446624756
1791103741146230000,59.82622998046875,0.034334804862737656,0.0394001379609108,-0.08995172381401062
1791103741156201200,59.836201171875,0.005664010997861624,0.08781347423791885,-0.028899025171995163
1791103741166173000,59.8461728515625,-0.007816644385457039,0.06327510625123978,0.04901760816574097
1791103741176145200,59.85614526367188,0.026803119108080864,0.020613931119441986,-0.04409289360046387
1791103741186116900,59.86611694335937,0.060753628611564636,0.10244355350732803,-0.28833910822868347
1791103741196089000,59.87608911132813,0.10912089794874191,0.028736839070916176,0.018309231847524643
1791103741206061000,59.88606103515625,-0.01516111008822918,0.10523800551891327,-0.10930412262678146
1791103741216033000,59.89603295898438,0.04315333068370819,0.01979740709066391,0.15168726444244385
1791103741226005000,59.9060048828125,0.08861002326011658,0.1029178574681282,-0.08880044519901276
1791103741235976000,59.915975830078125,0.028618061915040016,0.03187350928783417,0.12355762720108032
1791103741245948200,59.9259482421875,0.08951310813426971,0.11404507607221603,0.11956155300140381
1791103741255919900,59.935919921875,0.09501972049474716,0.15237915515899658,-0.053285326808691025
1791103741265892000,59.94589208984375,0.11216701567173004,0.11733168363571167,0.024629445746541023
1791103741275864000,59.95586401367188,0.11953572183847427,0.13642574846744537,-0.05970141291618347
1791103741285836000,59.9658359375,0.12994761765003204,0.15506654977798462,-0.03219255805015564
1791103741295808000,59.97580810546875,0.08445203304290771,0.07666228711605072,0.05842016637325287
1791103741305780000,59.985780029296876,0.09138317406177521,0.1391882449388504,-0.0682339146733284
1791103741315751200,59.99575122070313,0.07484520971775055,0.06511189043521881,0.10556131601333618
1791103741325723000,60.00572290039062,0.056652359664440155,0.0934138372540474,-0.13977254927158356
1791103741335694600,60.015694580078126,-0.012942696921527386,0.035654135048389435,0.11596494913101196
1791103741345666600,60.02566650390625,-0.02503611147403717,0.08295400440692902,0.06626104563474655
1791103741355638500,60.035638427734376,-0.0032229574862867594,0.13732536137104034,0.03380883112549782
1791103741365610500,60.045610595703124,0.03286260738968849,0.12752306461334229,-0.11449115723371506
1791103741375582500,60.05558251953125,0.037406761199235916,0.0829465463757515,0.07131253182888031
1791103741385554400,60.065554443359375,0.022910907864570618,0.04598933085799217,0.020894629880785942
1791103741395526700,60.07552661132812,-0.01900378428399563,0.04241802915930748,0.04596882313489914
1791103741405497600,60.08549755859375,0.006076801102608442,0.09517525136470795,-0.003052781568840146
1791103741415469600,60.095469482421876,-0.06583840399980545,0.0399940200150013,0.07149841636419296
1791103741425441500,60.105441650390624,-0.0842222049832344,0.01997237652540207,-0.0016106797847896814
1791103741435413500,60.11541357421875,-0.04741198942065239,0.017784057185053825,0.08300647139549255
1791103741445385500,60.125385498046874,-0.0863410159945488,0.011247062124311924,0.06530790030956268
1791103741455357400,60.135357421875,-0.06949146091938019,0.011355185881257057,-0.088277667760849
1791103741465329700,60.14532958984375,-0.07410725206136703,0.012600746937096119,-0.08211830258369446
1791103741475301600,60.15530151367187,-0.1556609719991684,-0.01275893859565258,0.09050673246383667
1791103741485272600,60.1652724609375,-0.10787666589021683,0.05456604063510895,-0.006383596919476986
1791103741495244500,60.17524462890625,-0.05217372253537178,-0.017712151631712914,0.12425696849822998
1791103741505216500,60.185216552734374,-0.030493460595607758,0.06832180172204971,-0.053829409182071686
1791103741515188500,60.1951884765625,-0.06812019646167755,0.057909104973077774,-0.09532572329044342
1791103741525160400,60.205160400390625,-0.10989081114530563,0.10311493277549744,-0.07366223633289337
1791103741535132700,60.21513256835937,-0.05041097477078438,0.01954467222094536,0.08808644860982895
1791103741545104400,60.2251044921875,-0.11403921991586685,0.10045523196458817,-0.10008638352155685
1791103741555076600,60.23507666015625,-0.08853599429130554,0.032172851264476776,0.11548025906085968
1791103741565047600,60.245047607421874,-0.11423922330141068,0.06500989198684692,0.07692433893680573
1791103741575019500,60.25501953125,-0.05584542080760002,0.06879131495952606,0.008417187258601189
1791103741584991500,60.264991455078125,-0.10573574900627136,0.03358512371778488,0.11690371483564377
1791103741594963500,60.27496337890625,-0.09597925841808319,-0.0018935075495392084,0.07501911371946335
1791103741604935700,60.28493579101563,-0.10512428730726242,0.07779226452112198,-0.18548597395420074
1791103741614907400,60.29490747070312,-0.11104822158813477,0.03410657122731209,0.07970868051052094
1791103741624879600,60.30487963867188,-0.17583388090133667,0.06679847091436386,-0.05655142664909363
1791103741634851300,60.31485131835937,-0.15800774097442627,-0.014869493432343006,-0.08571810275316238
1791103741644823600,60.32482348632813,-0.16386349499225616,0.03556758165359497,-0.025255821645259857
1791103741654794500,60.33479443359375,-0.213130384683609,-0.007211307529360056,0.08492767065763474
1791103741664766500,60.344766357421875,-0.15733583271503448,-0.007960987277328968,-0.0636570081114769
1791103741674738700,60.35473876953125,-0.16015930473804474,-0.07930973917245865,-0.04139724001288414
1791103741684710400,60.36471044921875,-0.2125072032213211,-0.03665202111005783,0.1490909457206726
1791103741694682600,60.3746826171875,-0.25872424244880676,-0.04363083466887474,0.06196749582886696
1791103741704654300,60.384654296875,-0.19740654528141022,-0.03590739890933037,-0.014728878624737263
1791103741714626600,60.39462646484375,-0.15736699104309082,-0.12225267291069031,0.19191351532936096
1791103741724598500,60.4045986328125,-0.13367044925689697,-0.013743508607149124,-0.03851410374045372
1791103741734569500,60.41456958007812,-0.21301667392253876,-0.04430567845702171,-0.10087494552135468
1791103741744541700,60.42454174804688,-0.17803524434566498,-0.10179293900728226,0.06347911059856415
1791103741754513400,60.43451342773437,-0.2129194587469101,-0.0969526469707489,-0.045105691999197006
1791103741764485600,60.44448559570313,-0.2293200045824051,-0.07909002155065536,-0.10461562126874924
1791103741774457300,60.454457275390624,-0.23267771303653717,-0.1343250572681427,-0.0002146507758880034
1791103741784429600,60.4644296875,-0.23861311376094818,-0.07865113765001297,-0.003722300287336111
1791103741794401500,60.474401611328126,-0.2527398467063904,-0.06312597543001175,-0.027058782055974007
1791103741804373500,60.48437353515625,-0.2291727364063263,-0.11908005177974701,-0.023923175409436226
1791103741814345500,60.49434545898438,-0.18177619576454163,-0.1461750566959381,-0.12829884886741638
1791103741824316400,60.50431640625,-0.19057634472846985,-0.18979443609714508,0.05010471120476723
1791103741834288600,60.51428857421875,-0.2649744153022766,-0.13677676022052765,-0.116250179708004
1791103741844260400,60.52426025390625,-0.31734147667884827,-0.20395871996879578,0.019897541031241417
1791103741854232600,60.534232666015626,-0.307017982006073,-0.2174396514892578,-0.058575160801410675
1791103741864204500,60.54420458984375,-0.1987767517566681,-0.1845993995666504,-0.15850494801998138
1791103741874176500,60.55417651367188,-0.16759885847568512,-0.1900559514760971,-0.05470559000968933
1791103741884148500,60.5641484375,-0.25021037459373474,-0.25968751311302185,0.1265459507703781
1791103741894120400,60.57412036132813,-0.27796265482902527,-0.16827157139778137,-0.09609004855155945
1791103741904091600,60.58409155273438,-0.1918908804655075,-0.238946795463562,0.0005451490869745612
1791103741914063400,60.5940634765625,-0.229215607047081,-0.15033172070980072,-0.017845842987298965
1791103741924035600,60.60403564453125,-0.12262125313282013,-0.17904458940029144,0.0400259792804718
1791103741934007600,60.614007568359376,-0.10543907433748245,-0.12389424443244934,0.02978292852640152
1791103741943979500,60.6239794921875,-0.06655585765838623,-0.14117203652858734,-0.054480284452438354
1791103741953951500,60.63395141601563,-0.15606896579265594,-0.13175669312477112,-0.06589485704898834
1791103741963923500,60.64392333984375,-0.09092138707637787,-0.15054424107074738,-0.04881414398550987
1791103741973895400,60.6538955078125,-0.13103631138801575,-0.13351358473300934,-0.051716722548007965
1791103741983866400,60.66386645507812,-0.1118684783577919,-0.17651590704917908,-0.006967628374695778
1791103741993838600,60.673838623046876,-0.15521754324436188,-0.16193510591983795,-0.07411550730466843
1791103742003810600,60.683810546875,-0.09025692194700241,-0.1483639031648636,-0.1100761666893959
1791103742013782500,60.69378247070313,-0.07544335722923279,-0.1989051103591919,0.22050787508487701
1791103742023754500,60.70375439453125,-0.060926467180252075,-0.19348716735839844,0.038013163954019547
1791103742033726500,60.7137265625,-0.08779483288526535,-0.1989210844039917,0.07378047704696655
1791103742043698400,60.723698486328125,-0.10515305399894714,-0.2148561179637909,-0.008892827667295933
1791103742053670700,60.73367065429687,-0.08046634495258331,-0.18962451815605164,0.024873923510313034
1791103742063641600,60.7436416015625,-0.1194710060954094,-0.13900049030780792,0.06392572075128555
1791103742073613600,60.75361352539063,-0.036016590893268585,-0.17804589867591858,0.0845726728439331
1791103742083585500,60.76358544921875,-0.01017034612596035,-0.14546053111553192,-0.09138903766870499
1791103742093557500,60.7735576171875,-0.03915805369615555,-0.1474432498216629,-0.09709219634532928
1791103742103529500,60.783529541015625,0.0033683660440146923,-0.16238251328468323,0.004680239129811525
1791103742113501400,60.79350146484375,0.014829279854893684,-0.08061575144529343,-0.1190108060836792
1791103742123473700,60.8034736328125,-0.02744973450899124,-0.23889008164405823,0.09594037383794785
1791103742133445400,60.8134453125,-0.09633932262659073,-0.23922084271907806,0.04362311214208603
1791103742143417600,60.82341748046875,-0.011648932471871376,-0.15433737635612488,0.05294124409556389
1791103742153388500,60.83338842773438,-0.049138784408569336,-0.19199393689632416,0.16974829137325287
1791103742163360500,60.843360595703125,0.012496616691350937,-0.1808273047208786,0.11579903960227966
1791103742173332500,60.85333251953125,0.046912115067243576,-0.10859092324972153,0.03645095229148865
1791103742183304400,60.863304443359375,0.19629201292991638,-0.06011446937918663,0.04343882203102112
1791103742193276700,60.87327661132812,0.13965509831905365,-0.05582358315587044,-0.13034814596176147
1791103742203248400,60.883248291015626,0.0833742544054985,-0.09980621933937073,0.08575858175754547
1791103742213220600,60.893220703125,0.1346539556980133,-0.05681534484028816,0.023385750129818916
1791103742223192600,60.90319262695313,0.1034369096159935,-0.02358069270849228,-0.04506201669573784
1791103742233163500,60.91316357421875,0.16081072390079498,-0.05071963742375374,-0.0025507756508886814
1791103742243135500,60.923135498046875,0.2027648240327835,-0.05860738828778267,0.01997796818614006
1791103742253107500,60.933107421875,0.12306413799524307,-0.0271285567432642,-0.031077757477760315
1791103742263079700,60.94307958984375,0.08416733890771866,-0.06788051128387451,0.012372246943414211
1791103742273051400,60.95305151367187,0.10085843503475189,-0.05336335673928261,0.0021582257468253374
1791103742283023600,60.96302368164063,0.16675569117069244,-0.04183746129274368,0.017121195793151855
1791103742292995300,60.972995361328124,0.15615125000476837,-0.049431465566158295,-0.016863934695720673
1791103742302967600,60.98296752929687,0.09649484604597092,-0.03663044795393944,-0.05810537934303284
1791103742312938500,60.9929384765625,0.1893206536769867,0.03181358799338341,-0.08059071749448776
1791103742322910500,61.002910400390626,0.28123781085014343,0.04597574844956398,0.0007278419216163456
1791103742332882400,61.01288232421875,0.2963011562824249,0.03562164306640625,-0.06404902040958405
1791103742342854400,61.0228544921875,0.27212685346603394,0.05336868390440941,0.06848132610321045
1791103742352826400,61.032826416015624,0.1689099222421646,0.01549586933106184,0.13058331608772278
1791103742362798300,61.04279833984375,0.13370347023010254,0.052077315747737885,-0.09863310307264328
1791103742372770300,61.052770263671874,0.2553984820842743,0.06981876492500305,0.1210625097155571
1791103742382742500,61.06274243164062,0.2139969766139984,0.06365194916725159,0.05902869999408722
1791103742392713200,61.07271313476563,0.2004428207874298,0.0926939845085144,0.001142229768447578
1791103742402685400,61.082685546875,0.23764903843402863,0.16940979659557343,-0.11786165833473206
1791103742412657400,61.092657470703124,0.2417425811290741,0.13891874253749847,0.06924964487552643
1791103742422629400,61.10262939453125,0.2606326639652252,0.1564207673072815,-0.19523847103118896
1791103742432601300,61.112601318359374,0.1841259002685547,0.15427212417125702,0.01780962385237217
1791103742442573300,61.1225732421875,0.169271320104599,0.10924286395311356,0.006854177452623844
1791103742452545300,61.132545166015625,0.14957883954048157,0.10486702620983124,0.022042185068130493
1791103742462517500,61.142517578125,0.18015645444393158,0.057733070105314255,-0.026012426242232323
1791103742472489500,61.15248950195313,0.16231752932071686,0.06442825496196747,-0.06603893637657166
1791103742482460400,61.16246044921875,0.00008388957212446257,0.011324293911457062,0.15885941684246063
1791103742492432400,61.172432373046874,0.15578240156173706,0.06858491897583008,-0.08044371008872986
1791103742502404400,61.182404296875,0.1497117280960083,0.11207487434148788,0.036603283137083054
1791103742512376300,61.192376220703125,0.1351386457681656,0.03015763685107231,0.06363064050674438
1791103742522348300,61.20234838867187,0.06179998442530632,0.028200479224324226,0.21151570975780487
1791103742532320500,61.21232055664063,0.11037471145391464,0.13188186287879944,-0.14742593467235565
1791103742542292500,61.22229248046875,0.037391312420368195,0.06353530287742615,0.09400292485952377
1791103742552264400,61.23226440429688,0.0830589309334755,0.06774282455444336,0.026363430544734
1791103742562235400,61.2422353515625,0.1668073534965515,0.06534384936094284,0.018575282767415047
1791103742572207400,61.252207275390624,0.06798651069402695,0.0715668573975563,-0.05795331299304962
1791103742582179300,61.26217944335937,0.058328285813331604,0.06362664699554443,-0.04891081899404526
1791103742592151300,61.2721513671875,0.013059875927865505,0.0018343853298574686,-0.05541718751192093
1791103742602123500,61.28212353515625,0.0005081311101093888,0.021090371534228325,-0.03506238013505936
1791103742612095200,61.29209521484375,0.0790729820728302,0.05167198181152344,-0.0757104754447937
1791103742622067500,61.3020673828125,0.07947351783514023,-0.028081702068448067,-0.033782463520765305
1791103742632039400,61.31203930664063,-0.019478093832731247,-0.026910975575447083,-0.08423391729593277
1791103742642010400,61.32201025390625,0.037749774754047394,-0.02371651493012905,0.009017463773488998
1791103742651982300,61.331982421875,0.0500759519636631,0.02419481799006462,0.03358858451247215
1791103742661954300,61.34195434570312,0.07986846566200256,0.0370621457695961,-0.047684166580438614
1791103742671926500,61.35192651367188,0.021879466250538826,0.05738605931401253,-0.02010340429842472
1791103742681898200,61.36189819335937,0.029758693650364876,-0.0037297571543604136,-0.024039821699261665
1791103742691870500,61.37187036132813,0.019961457699537277,-0.01194161456078291,-0.06778836995363235
1791103742701842400,61.381842529296875,0.02401452139019966,-0.05915200337767601,0.036317527294158936
1791103742711814400,61.391814453125,-0.026265159249305725,-0.08454790711402893,0.09755771607160568
1791103742721785300,61.40178540039062,-0.014286261051893234,-0.12067554891109467,0.041434790939092636
1791103742731757300,61.41175732421875,-0.07309285551309586,-0.1105097308754921,0.057307496666908264
1791103742741729500,61.4217294921875,-0.011186075396835804,-0.0744425430893898,-0.08503686636686325
1791103742751701200,61.431701171875,0.001960885478183627,-0.03912769630551338,-0.05227332562208176
1791103742761673500,61.441673583984375,0.005015531089156866,-0.07502391189336777,-0.04187527671456337
1791103742771645200,61.45164526367188,0.009006277658045292,-0.06851328164339066,-0.09827623516321182
1791103742781617400,61.461617431640626,0.025109879672527313,-0.045035917311906815,-0.11170762032270432
1791103742791589400,61.47158935546875,0.013831393793225288,-0.033900707960128784,-0.008329568430781364
1791103742801560300,61.48156030273437,0.01961418054997921,-0.06653615087270737,-0.1320781409740448
1791103742811532500,61.49153247070313,-0.06490549445152283,-0.1530553251504898,0.0816597118973732
1791103742821504300,61.50150415039062,-0.03226606175303459,-0.15421460568904877,-0.0024170849937945604
1791103742831476500,61.5114765625,-0.0035931370221078396,-0.09826185554265976,0.14021356403827667
1791103742841448200,61.5214482421875,-0.0015273229219019413,-0.14807255566120148,0.16007941961288452
1791103742851420400,61.53142041015625,0.07876112312078476,-0.05325816199183464,-0.003921238239854574
1791103742861392400,61.541392333984376,0.08906196802854538,-0.05151858553290367,-0.01944134198129177
1791103742871364400,61.5513642578125,0.07016364485025406,-0.054133541882038116,0.009040366858243942
1791103742881336600,61.56133666992187,0.04635125398635864,-0.05138489231467247,0.13800394535064697
1791103742891307300,61.57130737304688,0.15289340913295746,-0.02490242011845112,-0.07930387556552887
1791103742901279500,61.581279541015626,0.17532308399677277,0.03820757195353508,-0.007794806268066168
1791103742911251200,61.59125122070313,0.1645497977733612,-0.04234931990504265,-0.08010336011648178
1791103742921223400,61.601223388671876,0.09815346449613571,-0.028146682307124138,-0.08187276124954224
1791103742931195400,61.6111953125,0.09518563747406006,-0.08326026797294617,-0.03907070308923721
1791103742941167400,61.62116748046875,0.06091395020484924,-0.09911220520734787,0.010894193314015865
1791103742951139300,61.631139404296874,0.10321613401174545,-0.06574758887290955,-0.04764102026820183
1791103742961110300,61.6411103515625,0.19036275148391724,-0.08572715520858765,-0.05846916884183884
1791103742971082500,61.65108251953125,0.15635764598846436,-0.021046163514256477,0.03226526081562042
1791103742981054200,61.66105419921875,0.11865261197090149,-0.014830878004431725,0.09076318889856339
1791103742991026400,61.6710263671875,0.1388034224510193,0.003742806613445282,0.07556533068418503
1791103743000998400,61.68099829101563,0.13617675006389618,-0.005197957623749971,0.051903411746025085
1791103743010970400,61.690970458984374,0.18058335781097412,0.014598383568227291,-0.033718280494213104
1791103743020942300,61.7009423828125,0.1700337827205658,0.053650446236133575,0.02370799332857132
1791103743030914300,61.710914306640625,0.18998298048973083,0.02334793284535408,-0.0065164887346327305
1791103743040886500,61.72088647460937,0.21209575235843658,0.06058318540453911,-0.15384042263031006
1791103743050857200,61.73085717773437,0.24733948707580566,0.0341891273856163,0.04831453412771225
1791103743060829400,61.740829345703126,0.2584342062473297,-0.019405389204621315,0.03355929255485535
1791103743070801400,61.750801513671874,0.3381524682044983,0.015031945891678333,-0.07054980099201202
1791103743080773400,61.7607734375,0.1466192603111267,-0.06190917268395424,0.16851657629013062
1791103743090745300,61.770745361328125,0.06515982747077942,-0.06491588056087494,-0.05296734347939491
1791103743100717300,61.78071728515625,0.14460058510303497,0.021875737234950066,0.0818229615688324
1791103743110689300,61.790689208984375,0.12603223323822021,0.05387495085597038,0.150950625538826
1791103743120661500,61.80066162109375,0.20501120388507843,0.1215892806649208,0.027697142213582993
1791103743130632400,61.810632568359374,0.26038286089897156,0.17394410073757172,0.00993119366466999
1791103743140604400,61.8206044921875,0.3395831286907196,0.1897888481616974,0.07490779459476471
1791103743150576400,61.830576416015624,0.27166107296943665,0.13761352002620697,0.03267618641257286
1791103743160548400,61.84054833984375,0.3465030789375305,0.16134761273860931,-0.017314542084932327
1791103743170520300,61.850520263671875,0.309743195772171,0.17768077552318573,-0.027699803933501244
1791103743180492300,61.8604921875,0.26033836603164673,0.1122644916176796,0.033897511661052704
1791103743190464500,61.87046459960938,0.30596739053726196,0.17081408202648163,0.012094746343791485
1791103743200436500,61.8804365234375,0.3164125680923462,0.1987762153148651,-0.02280491404235363
1791103743210407400,61.890407470703124,0.2878059446811676,0.1229056790471077,0.10097934305667877
1791103743220379400,61.90037939453125,0.1987767517566681,0.1349484920501709,0.008926116861402988
1791103743230351400,61.910351318359375,0.24764281511306763,0.1733992099761963,0.14361070096492767
1791103743240323300,61.9203232421875,0.2292555570602417,0.2081313580274582,0.051833368837833405
1791103743250295300,61.93029541015625,0.17258907854557037,0.14390790462493896,0.2063254714012146
1791103743260267500,61.940267578125,0.34008753299713135,0.22834289073944092,-0.05546219274401665
1791103743270239200,61.9502392578125,0.3044384717941284,0.22134196758270264,0.07990548759698868
1791103743280211500,61.96021142578125,0.2157309651374817,0.12511610984802246,-0.08291298896074295
1791103743290182400,61.970182373046875,0.23223909735679626,0.139817014336586,0.012073174118995667
1791103743300154400,61.980154296875,0.27308425307273865,0.19252736866474152,-0.26475176215171814
1791103743310126300,61.990126220703125,0.20458723604679108,0.10690034925937653,0.24981382489204407
1791103743320098300,62.00009838867187,0.222749724984169,0.1705661416053772,-0.20436032116413116
1791103743330070800,62.01007080078125,0.2005661278963089,0.168318971991539,0.11500807851552963
1791103743340042800,62.020042724609375,0.17013657093048096,0.1360582411289215,-0.00129695946816355
1791103743350015000,62.03001489257812,0.19246424734592438,0.09766317903995514,0.04551209136843681
1791103743359986700,62.039986572265626,0.1741129457950592,0.15973000228405,0.0014567491598427296
1791103743369958000,62.0499580078125,0.11402510851621628,0.18705031275749207,0.1199844628572464
1791103743379929900,62.059929931640625,0.164918914437294,0.16888196766376495,0.055807340890169144
1791103743389901800,62.06990185546875,0.28494173288345337,0.3187343180179596,-0.31626155972480774
1791103743399873800,62.079873779296875,0.34127822518348694,0.2862248420715332,0.2311440110206604
1791103743409845800,62.089845703125,0.34049391746520996,0.333163857460022,-0.062015701085329056
1791103743419818000,62.09981787109375,0.33639878034591675,0.4162677824497223,-0.06346952170133591
1791103743429789700,62.10978979492187,0.22610503435134888,0.37462499737739563,0.01919473335146904
1791103743439762000,62.11976196289063,0.2241675853729248,0.3135709762573242,-0.010499779134988785
1791103743449732900,62.12973291015625,0.3004056215286255,0.4011863172054291,-0.29096338152885437
1791103743459704800,62.139704833984375,0.28194460272789,0.36082157492637634,0.1455175131559372
1791103743469676800,62.1496767578125,0.19314895570278168,0.2696426510810852,0.18171599507331848
1791103743479648800,62.159648681640626,0.1422591358423233,0.263527512550354,0.019899405539035797
1791103743489621000,62.16962109375,0.16742095351219177,0.27217480540275574,-0.031748875975608826
1791103743499592700,62.1795927734375,0.07660582661628723,0.2160300314426422,0.04318635165691376
1791103743509565000,62.18956494140625,0.1385221928358078,0.1875065118074417,0.0007291734800674021
1791103743519536600,62.19953662109375,0.11337822675704956,0.25933170318603516,0.06245964765548706
1791103743529508900,62.2095087890625,0.12216345965862274,0.19383497536182404,0.06868185847997665
1791103743539479800,62.219479736328125,0.06820595264434814,0.20767329633235931,0.1396721452474594
1791103743549451800,62.22945166015625,0.1606954038143158,0.2857031226158142,-0.0988440215587616
1791103743559424000,62.23942407226563,0.11784780770540237,0.262665718793869,0.01452940795570612
1791103743569395700,62.249395751953124,0.11366744339466095,0.18904262781143188,0.07609370350837708
1791103743579368000,62.25936791992188,0.035175032913684845,0.21703112125396729,-0.024961275979876518
1791103743589339600,62.269339599609374,0.09658592939376831,0.24504303932189941,-0.13679459691047668
1791103743599312000,62.27931176757812,0.12096423655748367,0.2074679732322693,0.042519763112068176
1791103743609283800,62.28928393554688,0.10372666269540787,0.13801592588424683,-0.07430272549390793
1791103743619254800,62.2992548828125,0.0065380604937672615,0.11437743902206421,0.11265570670366287
1791103743629227000,62.30922705078125,0.036317527294158936,0.08262883126735687,0.01643410138785839
1791103743639198700,62.31919873046875,0.07560794055461884,0.18710197508335114,-0.14851729571819305
1791103743649171000,62.3291708984375,0.059775181114673615,0.13643081486225128,0.24413810670375824
1791103743659142700,62.339142578125,0.09016850590705872,0.15862825512886047,-0.09372249990701675
1791103743669115000,62.349114990234376,0.1443806141614914,0.17769089341163635,-0.04789455607533455
1791103743679086800,62.3590869140625,0.07372055947780609,0.11171720921993256,0.19456015527248383
1791103743689058800,62.36905883789063,0.09944269806146622,0.15557654201984406,0.017136109992861748
1791103743699030000,62.37903002929688,0.051171306520700455,0.19876928627490997,0.016529440879821777
1791103743709001700,62.389001708984374,0.12799498438835144,0.09236615151166916,0.09269557893276215
1791103743718974000,62.39897387695312,0.06269533932209015,0.18400472402572632,-0.11793302744626999
1791103743728945700,62.408945556640624,0.19979940354824066,0.1904064267873764,0.1162877306342125
1791103743738918000,62.41891796875,0.03863953799009323,0.16485099494457245,0.058398328721523285
1791103743748889900,62.42888989257813,0.07244464010000229,0.13008689880371094,0.09835373610258102
1791103743758861800,62.43886181640625,0.01091683004051447,0.16998104751110077,0.15750093758106232
1791103743768833800,62.44883374023438,0.06947121769189835,0.25549861788749695,-0.0815901979804039
1791103743778804700,62.4588046875,-0.0020964404102414846,0.26703089475631714,0.10547769069671631
1791103743788777000,62.46877685546875,0.1399800032377243,0.2012084722518921,-0.013311544433236122
1791103743798748700,62.47874877929687,0.13888677954673767,0.35067254304885864,-0.08001334220170975
1791103743808721000,62.48872094726563,0.20237255096435547,0.3477363884449005,-0.08425921946763992
1791103743818692900,62.49869287109375,0.18961361050605774,0.30582571029663086,-0.08448772132396698
1791103743828664800,62.50866479492188,0.18804927170276642,0.37779390811920166,-0.02467418648302555
1791103743838636800,62.51863671875,0.2091316431760788,0.3687916100025177,-0.0302636306732893
1791103743848608800,62.52860888671875,0.17670206725597382,0.39268869161605835,-0.13634373247623444
1791103743858580000,62.538580078125,0.20588313043117523,0.3728143274784088,0.003296460723504424
1791103743868551700,62.5485517578125,0.21153753995895386,0.37946581840515137,0.02532666176557541
1791103743878524000,62.55852392578125,0.176536425948143,0.3609960079193115,-0.08744516223669052
1791103743888495900,62.56849584960938,0.10627797245979309,0.24466940760612488,0.06125323846936226
1791103743898467800,62.5784677734375,0.08028391748666763,0.2506769597530365,0.03700169175863266
1791103743908439800,62.58843969726563,0.0757347047328949,0.2044796347618103,0.09519815444946289
1791103743918411800,62.598411865234375,0.03670075535774231,0.27869874238967896,-0.015359781682491302
1791103743928383700,62.6083837890625,0.021151358261704445,0.18028880655765533,0.31218984723091125
1791103743938354700,62.61835473632812,0.053106095641851425,0.24505555629730225,-0.12383033335208893
1791103743948327000,62.62832690429688,-0.01152802538126707,0.1920330822467804,0.21812647581100464
1791103743958299000,62.638298828125,-0.02142220176756382,0.16827502846717834,0.038959383964538574
1791103743968270800,62.64827075195313,-0.04121348261833191,0.1671285331249237,0.08945717662572861
1791103743978242800,62.658242919921875,-0.050766509026288986,0.16550613939762115,-0.12269768863916397
1791103743988214800,62.66821484375,-0.16465525329113007,0.12256399542093277,0.20975296199321747
1791103743998186800,62.678186767578126,-0.08559080213308334,0.11023276299238205,0.07901386171579361
1791103744008159000,62.68815893554687,-0.059477973729372025,0.06647329777479172,0.14052808284759521
1791103744018130000,62.6981298828125,-0.17843419313430786,0.05601959303021431,0.003864513011649251
1791103744028102000,62.70810180664063,-0.2031073123216629,0.048948101699352264,0.3164170980453491
1791103744038073900,62.718073974609375,-0.24340945482254028,0.0762055516242981,0.0643068179488182
1791103744048045800,62.7280458984375,-0.24141022562980652,0.08131136745214462,0.2081982046365738
1791103744058017800,62.738017822265626,-0.2365827113389969,0.09436006098985672,0.18632353842258453
1791103744067989800,62.74798974609375,-0.16460493206977844,0.10115431249141693,0.1485508531332016
1791103744077962000,62.7579619140625,-0.1620538830757141,0.15821494162082672,0.09490281343460083
1791103744087933700,62.76793359375,-0.1911742240190506,0.13604918122291565,0.13735812902450562
1791103744097905000,62.77790478515625,-0.22132785618305206,0.15938407182693481,0.15443511307239532
1791103744107876900,62.787876953125,-0.1013985276222229,0.23490013182163239,-0.07439513504505157
1791103744117848800,62.797848876953125,-0.15052159130573273,0.2087545394897461,0.05234842374920845
1791103744127820800,62.80782080078125,-0.20000366866588593,0.14596892893314362,0.05639882758259773
1791103744137792800,62.817792724609376,-0.14750316739082336,0.21297699213027954,0.07043315470218658
1791103744147765000,62.827764892578124,-0.20949970185756683,0.22753222286701202,0.2586382031440735
1791103744157736700,62.83773681640625,-0.10102648288011551,0.18501992523670197,0.2094658762216568
1791103744167709000,62.847708984375,-0.2878783941268921,0.19167062640190125,0.09396324306726456
1791103744177680000,62.857679931640625,-0.26425403356552124,0.2658175528049469,-0.028868399560451508
1791103744187651800,62.86765185546875,-0.18969962000846863,0.18044674396514893,0.14803767204284668
1791103744197623800,62.877623779296876,-0.22024688124656677,0.2945519983768463,0.005312473513185978
1791103744207595800,62.887595703125,-0.3099815547466278,0.2467578500509262,0.10843300074338913
1791103744217568000,62.89756811523438,-0.20370492339134216,0.217688649892807,-0.066441610455513
1791103744227539700,62.907539794921874,-0.16406802833080292,0.20905335247516632,0.05606832727789879
1791103744237512000,62.91751196289062,-0.2758917808532715,0.1488794982433319,0.029470540583133698
1791103744247483600,62.927483642578125,-0.3293296992778778,0.07666974514722824,-0.06161036714911461
1791103744257454800,62.937454833984376,-0.3482242822647095,0.16930034756660461,-0.09525913745164871
1791103744267426800,62.9474267578125,-0.3625968396663666,0.02767130918800831,0.21022434532642365
1791103744277398800,62.957398681640626,-0.4137670695781708,0.03383839130401611,0.08901616185903549
1791103744287371000,62.96737109375,-0.35431626439094543,0.01816488988697529,-0.1007833331823349
1791103744297342700,62.9773427734375,-0.348855197429657,0.06320666521787643,0.08155957609415054
1791103744307315000,62.98731494140625,-0.3860393166542053,0.004151335451751947,-0.0036165728233754635
1791103744317286700,62.99728662109375,-0.3004615604877472,0.029688918963074684,-0.15922480821609497
1791103744327259000,63.0072587890625,-0.24367257952690125,0.043958667665719986,-0.02040141075849533
1791103744337229600,63.0172294921875,-0.3120841383934021,0.03489939495921135,0.08980711549520493
1791103744347201500,63.02720141601562,-0.42125189304351807,0.028925124555826187,-0.004048271104693413
1791103744357173500,63.03717358398438,-0.3407685160636902,-0.013523265719413757,-0.011468370445072651
1791103744367145500,63.0471455078125,-0.3612162470817566,0.014073474332690239,-0.006389988586306572
1791103744377117700,63.05711767578125,-0.388228178024292,-0.03332919627428055,0.09326709806919098
1791103744387089400,63.06708935546875,-0.3912726938724518,-0.027332022786140442,0.07863462716341019
1791103744397061600,63.0770615234375,-0.40995103120803833,-0.014562697149813175,0.0521705262362957
1791103744407033300,63.087033447265625,-0.41247040033340454,-0.01798272877931595,-0.047080159187316895
1791103744417004500,63.097004638671876,-0.35421159863471985,-0.047080691903829575,-0.06774628907442093
1791103744426976500,63.1069765625,-0.3252270817756653,-0.01630759984254837,0.01341380923986435
1791103744436948500,63.11694848632813,-0.38635116815567017,-0.03214728459715843,0.028002073988318443
1791103744446920700,63.126920654296875,-0.42579737305641174,-0.009170329198241234,-0.049141447991132736
1791103744456892400,63.13689233398438,-0.3527495265007019,-0.0597059391438961,0.025783659890294075
1791103744466864600,63.14686474609375,-0.39742299914360046,-0.03586079552769661,0.010551177896559238
1791103744476836400,63.15683642578125,-0.40908390283584595,-0.03551724925637245,0.035520974546670914
1791103744486808600,63.16680859375,-0.39659449458122253,-0.0837811827659607,0.04296930506825447
1791103744496779500,63.17677954101563,-0.3787584900856018,-0.08361899852752686,0.05156439170241356
1791103744506751500,63.18675146484375,-0.38045892119407654,-0.08105544000864029,0.10864365845918655
1791103744516723700,63.1967236328125,-0.3741475045681,-0.08048152923583984,-0.07291814684867859
1791103744526695400,63.2066953125,-0.3845388889312744,-0.04133998230099678,-0.1255006641149521
1791103744536667600,63.21666772460937,-0.3818592131137848,-0.08323736488819122,-0.053649645298719406
1791103744546639400,63.226639404296876,-0.400703489780426,-0.11978525668382645,0.05511545017361641
1791103744556611600,63.23661157226562,-0.29472485184669495,-0.12004358321428299,-0.2989179790019989
1791103744566582500,63.24658251953125,-0.3430106043815613,-0.11449328809976578,0.048229046165943146
1791103744576554500,63.25655444335938,-0.38505634665489197,-0.19418944418430328,0.08042480051517487
1791103744586526700,63.266526611328125,-0.4735715687274933,-0.19863080978393555,-0.042513638734817505
1791103744596498400,63.27649853515625,-0.4726599454879761,-0.2270272970199585,0.043849747627973557
1791103744606470700,63.286470703125,-0.4473676383495331,-0.24232076108455658,0.1081341952085495
1791103744616442400,63.2964423828125,-0.3679085075855255,-0.22225649654865265,-0.00637800432741642
1791103744626414600,63.30641455078125,-0.3375982642173767,-0.22371084988117218,-0.04915609583258629
1791103744636386600,63.316386474609374,-0.38300544023513794,-0.22793783247470856,-0.09377682209014893
1791103744646357500,63.326357421875,-0.29056552052497864,-0.19184532761573792,0.061950985342264175
1791103744656329700,63.33632983398437,-0.3194269835948944,-0.1582237184047699,-0.0012665993999689817
1791103744666301400,63.346301513671875,-0.23027421534061432,-0.20861020684242249,-0.005814746022224426
1791103744676273700,63.35627368164062,-0.24518951773643494,-0.21256259083747864,-0.14522750675678253
1791103744686245400,63.366245361328126,-0.3039867877960205,-0.20933938026428223,0.06513559073209763
1791103744696217600,63.37621752929687,-0.2686077654361725,-0.21412427723407745,-0.02244964800775051
1791103744706189600,63.386189453125,-0.2547529339790344,-0.22227275371551514,-0.07489048689603806
1791103744716161500,63.39616162109375,-0.26292458176612854,-0.25877296924591064,0.1376875638961792
1791103744726132700,63.4061328125,-0.1824726015329361,-0.2299375981092453,-0.020081833004951477
1791103744736104400,63.4161044921875,-0.2855047285556793,-0.18551740050315857,0.05565793439745903
1791103744746076700,63.42607666015625,-0.16005438566207886,-0.1989802122116089,0.10569047927856445
1791103744756048400,63.43604833984375,-0.18445293605327606,-0.19050629436969757,0.051169443875551224
1791103744766020600,63.4460205078125,-0.1432623565196991,-0.20869329571723938,-0.058520566672086716
1791103744775992600,63.45599267578125,-0.18308965861797333,-0.1797868013381958,-0.1045924574136734
1791103744785964500,63.46596459960937,-0.10095298290252686,-0.22910402715206146,-0.08502648025751114
1791103744795936500,63.4759365234375,-0.26973798871040344,-0.24688808619976044,-0.010818293318152428
1791103744805907500,63.485907470703125,-0.25390151143074036,-0.2812415361404419,-0.02443050779402256
1791103744815879700,63.49587963867187,-0.17378456890583038,-0.2878062129020691,-0.025612153112888336
1791103744825851400,63.505851318359376,-0.16839461028575897,-0.29765698313713074,-0.003129746997728944
1791103744835823600,63.51582373046875,-0.18084488809108734,-0.3330725133419037,0.19569307565689087
1791103744845795600,63.52579565429688,-0.16025304794311523,-0.29762688279151917,0.0541367381811142
1791103744855767600,63.535767578125,-0.13842712342739105,-0.2908611297607422,0.12223749607801437
1791103744865739500,63.54573950195312,-0.12664130330085754,-0.31025266647338867,0.11139070987701416
1791103744875711500,63.55571142578125,-0.03473347797989845,-0.25071078538894653,-0.08828458935022354
1791103744885682700,63.5656826171875,-0.016651680693030357,-0.21978455781936646,0.08068685978651047
1791103744895654400,63.575654296875,-0.07225475460290909,-0.2579023838043213,0.19365762174129486
1791103744905626600,63.58562670898438,-0.0849820002913475,-0.2647475004196167,-0.05248584598302841
1791103744915598600,63.5955986328125,-0.04975157603621483,-0.2283082753419876,-0.018873022869229317
1791103744925570600,63.60557055664062,-0.01068140659481287,-0.2341616302728653,-0.046064697206020355
1791103744935542500,63.61554248046875,-0.029104888439178467,-0.2662300765514374,0.0601741261780262
1791103744945514500,63.62551440429687,0.003096190979704261,-0.2936587929725647,0.06055202707648277
1791103744955486500,63.63548657226563,0.023496272042393684,-0.2317482829093933,-0.1268615424633026
1791103744965457400,63.64545751953125,-0.040106408298015594,-0.23723918199539185,0.13841938972473145
1791103744975429600,63.6554296875,-0.004806206561625004,-0.3239051103591919,0.1189732551574707
1791103744985401600,63.66540161132812,0.022182267159223557,-0.2672836482524872,0.10345235466957092
1791103744995373600,63.67537353515625,-0.002296443795785308,-0.2677275836467743,0.017853032797574997
1791103745005345500,63.68534545898437,0.05114387720823288,-0.24806706607341766,0.02797837182879448
1791103745015317500,63.6953173828125,0.04492592811584473,-0.22591088712215424,0.037881337106227875
1791103745025289500,63.70528955078125,0.022647522389888763,-0.22567813098430634,0.020719924941658974
1791103745035261700,63.71526171875,0.10066962242126465,-0.20853856205940247,-0.1753598302602768
1791103745045232600,63.72523266601563,0.0808948501944542,-0.15895876288414001,-0.027823908254504204
1791103745055204600,63.73520458984375,0.1269097477197647,-0.13420920073986053,-0.19756580889225006
1791103745065176600,63.74517651367187,0.16231727600097656,-0.15319009125232697,-0.04945623129606247
1791103745075148500,63.7551484375,0.2079199105501175,-0.12058793008327484,-0.1189250573515892
1791103745085120500,63.76512060546875,0.11554577201604843,-0.2186865359544754,0.2615431845188141
1791103745095092500,63.77509252929688,0.08326586335897446,-0.20094962418079376,0.1405927985906601
1791103745105064700,63.785064697265625,0.07769852131605148,-0.1514768749475479,0.17662404477596283
1791103745115036400,63.79503637695313,0.1888604611158371,-0.018318552523851395,0.011932559311389923
1791103745125007600,63.80500756835937,0.2653326094150543,0.020175043493509293,0.1397070288658142
1791103745134979600,63.8149794921875,0.26266998052597046,0.048711080104112625,-0.015693476423621178
1791103745144951600,63.82495166015625,0.3011696934700012,0.08711706101894379,-0.009351956658065319
1791103745154923500,63.83492358398438,0.3429453670978546,0.08068446069955826,-0.0790785700082779
1791103745164895500,63.8448955078125,0.3510618805885315,0.05820471793413162,0.022341525182127953
1791103745174867700,63.85486767578125,0.2447623461484909,0.05115639418363571,-0.03085937909781933
1791103745184839400,63.86483935546875,0.17094458639621735,0.01534380204975605,0.05222645401954651
1791103745194811600,63.87481176757812,0.1840750277042389,0.020120980218052864,0.03639476001262665
1791103745204782600,63.88478247070312,0.24205976724624634,0.049789659678936005,-0.07366436719894409
1791103745214754600,63.89475463867188,0.20638325810432434,-0.014489993453025818,0.10462840646505356
1791103745224726500,63.9047265625,0.23050697147846222,0.07328353822231293,-0.030846862122416496
1791103745234698500,63.91469848632813,0.13035880029201508,0.0385066457092762,0.07588544487953186
1791103745244670700,63.924670654296875,0.18180574476718903,-0.01709163561463356,0.013735253363847733
1791103745254642400,63.93464233398438,0.22181575000286102,0.05335616692900658,-0.11905048787593842
1791103745264614700,63.94461474609375,0.14557291567325592,0.01852761209011078,-0.02863537333905697
1791103745274586400,63.95458642578125,0.2028370052576065,-0.013939517550170422,0.014612498693168163
1791103745284557600,63.9645576171875,0.23940646648406982,0.03494599834084511,-0.04892599582672119
1791103745294529500,63.97452954101563,0.2257833331823349,0.025004684925079346,0.06738756597042084
1791103745304501500,63.98450146484375,0.17514757812023163,-0.03147536888718605,-0.008137821219861507
1791103745314473700,63.9944736328125,0.05868222191929817,-0.04433177784085274,-0.05530133843421936
1791103745324445400,64.00444555664062,0.03604668378829956,-0.01774544082581997,-0.02767769992351532
1791103745334418000,64.01441796875,0.05312154069542885,-0.06798091530799866,0.028270786628127098
1791103745344389600,64.0243896484375,0.1699157953262329,0.06276990473270416,0.05506458505988121
1791103745354360800,64.03436083984376,0.28672176599502563,0.07175274938344955,0.02816372737288475
1791103745364332800,64.04433276367187,0.2047605961561203,0.1310831904411316,-0.10311014205217361
1791103745374304800,64.0543046875,0.16010259091854095,0.18090666830539703,-0.10762899369001389
1791103745384277000,64.06427709960937,0.17298856377601624,0.08231617510318756,0.07295862585306168
1791103745394248700,64.07424877929688,0.18588970601558685,0.08033638447523117,-0.0658024474978447
1791103745404221000,64.08422094726562,0.0999913141131401,0.15760773420333862,-0.00948245171457529
1791103745414192600,64.09419262695313,0.020422451198101044,0.08990725129842758,0.08161470293998718
1791103745424164900,64.10416479492187,0.17425888776779175,0.08269941061735153,0.03411376103758812
1791103745434135600,64.11413549804688,0.13290850818157196,0.09620323032140732,-0.04319780319929123
1791103745444107800,64.12410766601562,0.1351357102394104,0.08455909043550491,-0.00296276668086648
1791103745454079700,64.13407983398437,0.11764220893383026,0.16420066356658936,-0.1401432603597641
1791103745464051700,64.1440517578125,0.0711924210190773,0.07566386461257935,0.01888900250196457
1791103745474024000,64.15402392578125,0.05210554599761963,0.055748216807842255,-0.016775252297520638
1791103745483995600,64.16399560546876,0.09033362567424774,0.12770523130893707,-0.037268009036779404
1791103745493968000,64.1739677734375,-0.0049556102603673935,0.09022843092679977,0.08711972087621689
1791103745503939800,64.18393994140625,0.006449110805988312,-0.001067927572876215,0.11559690535068512
1791103745513910800,64.19391088867188,-0.007209975738078356,0.020053336396813393,-0.033364083617925644
1791103745523882800,64.2038828125,-0.09771191328763962,0.04779335483908653,0.10978881269693375
1791103745533854700,64.21385473632813,0.028795162215828896,0.04580237716436386,0.10793605446815491
1791103745543827000,64.22382690429687,0.020388629287481308,0.03608636558055878,0.02978985384106636
1791103745553798700,64.23379858398438,-0.008795888163149357,0.019540412351489067,0.10815789550542831
1791103745563771000,64.24377099609374,0.0008354336023330688,0.07785378396511078,0.04903092607855797
1791103745573742800,64.25374291992188,0.053651776164770126,0.04003769904375076,-0.08950617909431458
1791103745583714800,64.26371484375,0.00797590147703886,0.0306327436119318,0.04536987841129303
1791103745593685800,64.27368579101562,-0.007653392385691404,0.04121614620089531,-0.17277230322360992
1791103745603657700,64.28365771484376,-0.14757773280143738,-0.0832379013299942,0.22126953303813934
1791103745613629700,64.29362963867187,-0.16741962730884552,-0.016830645501613617,-0.11689785867929459
1791103745623601700,64.3036015625,-0.1616477519273758,-0.08149272948503494,0.06417419016361237
1791103745633574000,64.31357397460937,-0.03993703052401543,-0.13328935205936432,0.10101156681776047
1791103745643545900,64.3235458984375,-0.11517026275396347,-0.07698852568864822,-0.008981244638562202
1791103745653517800,64.33351782226562,-0.07263665646314621,-0.08981910347938538,0.05547577515244484
1791103745663488800,64.34348876953125,-0.11368555575609207,-0.05132018029689789,-0.09210116416215897
1791103745673460700,64.35346069335938,-0.0581732913851738,-0.13590110838413239,0.07191626727581024
1791103745683432700,64.3634326171875,-0.03995434194803238,-0.07384838908910751,-0.0601365752518177
1791103745693404700,64.37340478515625,-0.035778503865003586,-0.1341724544763565,-0.028842033818364143
1791103745703377000,64.383376953125,-0.12715688347816467,-0.07617093622684479,-0.2343730926513672
1791103745713348900,64.39334887695313,-0.14798973500728607,-0.13502812385559082,-0.034029606729745865
1791103745723320800,64.40332080078124,-0.08883506059646606,-0.13018091022968292,-0.10079371929168701
1791103745733292800,64.41329272460938,-0.042940810322761536,-0.1148083433508873,-0.10412134230136871
1791103745743263700,64.423263671875,-0.055695220828056335,-0.18003740906715393,0.1110527515411377
1791103745753235700,64.43323559570312,-0.1213192343711853,-0.13466939330101013,-0.05644489824771881
1791103745763207700,64.44320776367188,-0.15634220838546753,-0.055461395531892776,-0.10892008990049362
1791103745773179600,64.4531796875,0.01944347284734249,-0.03195606917142868,0.005934055428951979
1791103745783151900,64.46315185546875,0.016874587163329124,-0.1155146136879921,0.09584183990955353
1791103745793123800,64.47312377929687,-0.019715381786227226,0.052742306143045425,-0.20134909451007843
1791103745803095800,64.483095703125,0.054119959473609924,-0.012238822877407074,0.13833869993686676
1791103745813067800,64.49306787109376,0.11443043500185013,0.04115569218993187,-0.02520575374364853
1791103745823038700,64.50303881835937,0.04517573490738869,0.07395278662443161,-0.16927798092365265
1791103745833010700,64.5130107421875,0.12443619966506958,-0.01287798210978508,0.03344051539897919
1791103745842982700,64.52298266601562,0.05596845969557762,0.06255019456148148,0.11009667813777924
1791103745852955000,64.53295483398438,0.15119057893753052,0.024448351934552193,0.10863273590803146
1791103745862926800,64.5429267578125,0.029998378828167915,0.03322160243988037,-0.04773449897766113
1791103745872898800,64.55289892578125,0.08518120646476746,-0.0793297067284584,0.07980109006166458
1791103745882870800,64.56287084960937,0.01685141772031784,0.0191329475492239,-0.1272500902414322
1791103745892842800,64.5728427734375,-0.003945473115891218,-0.07265423238277435,0.021919678896665573
1791103745902813700,64.58281372070313,0.036856286227703094,-0.10348963737487793,-0.0028698223177343607
1791103745912785700,64.59278564453125,0.007321029901504517,-0.1342608630657196,-0.02641456387937069
1791103745922758000,64.6027578125,-0.07076524943113327,-0.15169018507003784,0.02420041151344776
1791103745932729600,64.6127294921875,0.003838414093479514,-0.208366259932518,0.01200100313872099
1791103745942701800,64.62270190429687,-0.08051082491874695,-0.20935454964637756,-0.007187871728092432
1791103745952673800,64.632673828125,-0.13580895960330963,-0.22918444871902466,0.04718482121825218
1791103745962645800,64.64264575195313,-0.056419868022203445,-0.21962636709213257,0.06555211544036865
1791103745972618000,64.65261791992188,-0.09978891164064407,-0.23828233778476715,0.19669495522975922
1791103745982588700,64.66258862304687,-0.027030818164348602,-0.17504878342151642,-0.17221783101558685
1791103745992561000,64.67256079101563,0.05546698719263077,-0.15157167613506317,0.016740897670388222
1791103746002532600,64.68253271484375,0.04782557860016823,-0.16730989515781403,0.025012942031025887
1791103746012504800,64.6925048828125,0.02930569089949131,-0.19150471687316895,-0.004179032519459724
1791103746022476800,64.70247680664062,0.14792874455451965,-0.12544101476669312,-0.1717030555009842
1791103746032448800,64.71244873046875,0.08854318410158157,-0.11496520042419434,0.08241977542638779
1791103746042421000,64.7224208984375,0.09009314328432083,-0.059600211679935455,0.03570100665092468
1791103746052391700,64.7323916015625,0.15680399537086487,0.0031902005430310965,-0.11621981859207153
1791103746062364000,64.74236401367187,0.20728528499603271,-0.03690182417631149,-0.12912869453430176
1791103746072335600,64.75233569335937,0.08423205465078354,-0.03713112324476242,-0.028119519352912903
1791103746082307800,64.76230786132813,0.19031880795955658,0.0392877496778965,-0.13946974277496338
1791103746092279600,64.77227954101562,0.2593282461166382,0.05020005255937576,-0.15230751037597656
1791103746102251800,64.78225170898438,0.17001061141490936,-0.017896441742777824,-0.02070261538028717
1791103746112223700,64.7922236328125,0.2480851709842682,0.055631570518016815,-0.10902688652276993
1791103746122195700,64.80219580078125,0.29040226340293884,0.09119649231433868,-0.06071900576353073
1791103746132167000,64.8121669921875,0.12469559162855148,0.034450385719537735,0.02009621262550354
1791103746142138600,64.822138671875,0.26418477296829224,0.1462853103876114,-0.1088670939207077
1791103746152110800,64.83211083984375,0.325361043214798,0.14010757207870483,0.04740559682250023
1791103746162082600,64.84208251953125,0.2135295867919922,0.11381684988737106,-0.10610992461442947
1791103746172054800,64.8520546875,0.2796934247016907,0.15508651733398438,-0.22320112586021423
1791103746182026800,64.86202685546876,0.29882317781448364,0.18439194560050964,-0.07394213229417801
1791103746191998700,64.87199877929687,0.25361761450767517,0.07419460266828537,0.09925441443920135
1791103746201970000,64.88196997070312,0.31711724400520325,0.16565021872520447,-0.05825318768620491
1791103746211941600,64.89194165039062,0.2684386372566223,0.17501574754714966,0.009530387818813324
1791103746221913900,64.90191381835938,0.1653900295495987,0.15971988439559937,0.0034139060880988836
1791103746231885600,64.91188549804687,0.3006700873374939,0.22129590809345245,-0.035828571766614914
1791103746241857800,64.92185791015625,0.31733694672584534,0.22666989266872406,0.039083220064640045
1791103746251829800,64.93182983398438,0.3678472638130188,0.27131086587905884,0.08720681071281433
1791103746261801700,64.9418017578125,0.2964015603065491,0.24896374344825745,0.15839336812496185
1791103746271773700,64.95177368164063,0.31230223178863525,0.29928818345069885,-0.07575707882642746
1791103746281744600,64.96174462890625,0.2805320620536804,0.24642150104045868,0.12131310999393463
1791103746291716900,64.971716796875,0.29626041650772095,0.2135719358921051,0.007165235001593828
1791103746301688800,64.98168872070312,0.23117968440055847,0.21734270453453064,0.01810869574546814
1791103746311660800,64.99166088867187,0.14716202020645142,0.21382413804531097,-0.025199096649885178
1791103746321632800,65.0016328125,0.09600163251161575,0.18524734675884247,0.19264721870422363
1791103746331604700,65.01160473632812,0.1763601154088974,0.17102660238742828,0.08802785724401474
1791103746341576700,65.02157666015626,0.1952030509710312,0.1579350382089615,-0.035958267748355865
1791103746351549000,65.031548828125,0.0445307157933712,0.13658474385738373,0.19625553488731384
1791103746361519900,65.04151977539063,0.11825527250766754,0.13593094050884247,0.21198496222496033
1791103746371491800,65.05149194335938,0.2127373069524765,0.2168889045715332,-0.1340281069278717
1791103746381464000,65.06146411132812,0.11864621937274933,0.13595198094844818,0.23889993131160736
1791103746391435800,65.07143579101563,0.1651705801486969,0.21417726576328278,0.06946003437042236
1791103746401408000,65.08140795898437,0.18456318974494934,0.2895737588405609,0.061342451721429825
1791103746411379700,65.09137963867188,0.15899497270584106,0.22093451023101807,-0.03669915720820427
1791103746421352000,65.10135205078124,0.11373801529407501,0.21003898978233337,0.24320653080940247
1791103746431323000,65.11132299804687,0.16622492671012878,0.2547593116760254,-0.04210031405091286
1791103746441294800,65.121294921875,0.08350261300802231,0.24474850296974182,0.03127962723374367
1791103746451267000,65.13126708984375,0.09240157157182693,0.21760022640228271,0.2103623002767563
1791103746461238800,65.14123876953126,0.13365153968334198,0.19245412945747375,0.03308897837996483
1791103746471211000,65.1512109375,0.13768942654132843,0.21664735674858093,0.07986580580472946
1791103746481182700,65.1611826171875,0.17723682522773743,0.2621149718761444,0.014509167522192001
1791103746491155000,65.17115502929687,0.1340765804052353,0.27552399039268494,0.007415039464831352
1791103746501127000,65.181126953125,0.04467319697141647,0.22868484258651733,-0.01047208160161972
1791103746511097900,65.19109790039063,0.0028362665325403214,0.22481819987297058,-0.010764763690531254
1791103746521070000,65.20107006835937,0.021039504557847977,0.2439463585615158,-0.029753634706139565
1791103746531041800,65.21104174804688,0.0009265137487091124,0.22886887192726135,0.06359229236841202
1791103746541014000,65.22101391601562,0.023564714938402176,0.19934320449829102,-0.038412902504205704
1791103746550985700,65.23098583984375,-0.003995007835328579,0.13240091502666473,0.15476055443286896
1791103746560958000,65.2409580078125,-0.12290674448013306,0.18382735550403595,-0.30482035875320435
1791103746570930000,65.25092993164063,-0.15758191049098969,0.08544139564037323,0.285423219203949
1791103746580900900,65.26090087890626,-0.009041697718203068,0.13321903347969055,-0.05098142474889755
1791103746590873000,65.270873046875,-0.08025355637073517,0.19299928843975067,-0.18663619458675385
1791103746600844800,65.2808447265625,-0.11190762370824814,0.08286798745393753,0.14538995921611786
1791103746610817000,65.29081713867187,-0.07230029255151749,0.10399217903614044,0.06282903254032135
1791103746620788700,65.30078881835938,-0.07005764544010162,0.11001811176538467,-0.004324174486100674
1791103746630761000,65.31076098632812,-0.15928979218006134,0.16228824853897095,-0.3271927833557129
1791103746640733000,65.32073291015625,-0.13568459451198578,-0.003955326974391937,0.042565569281578064
1791103746650705000,65.33070483398437,-0.20727196335792542,-0.013197560794651508,0.1477828025817871
1791103746660676000,65.34067602539062,-0.18993903696537018,-0.007302387617528439,0.016047675162553787
1791103746670647800,65.35064770507813,-0.23696620762348175,0.008190551772713661,-0.04873478412628174
1791103746680620000,65.3606201171875,-0.2971946597099304,-0.0744292289018631,0.21449045836925507
1791103746690591700,65.370591796875,-0.08926436305046082,0.024997495114803314,0.005181978922337294
1791103746700564000,65.38056396484374,-0.09594783186912537,-0.009037436917424202,-0.004856540355831385
1791103746710536000,65.39053588867188,-0.1284852772951126,0.004199006129056215,0.06229346618056297
1791103746720508000,65.4005078125,-0.08836501836776733,0.0191957987844944,-0.003612311789765954
1791103746730479900,65.41047998046875,-0.08256225287914276,0.08889525383710861,-0.08033797889947891
1791103746740450800,65.42045092773438,-0.13318336009979248,-0.03760090470314026,0.05690882354974747
1791103746750423000,65.43042309570312,-0.26625537872314453,-0.02876853197813034,-0.07543803006410599
1791103746760394800,65.44039477539063,-0.1680518537759781,-0.04278261587023735,0.08500809967517853
1791103746770367000,65.45036694335937,-0.20232807099819183,-0.015534218400716782,0.004968393128365278
1791103746780339000,65.4603388671875,-0.20760805904865265,-0.12453287094831467,0.17619074881076813
1791103746790311000,65.47031079101562,-0.1594458520412445,-0.0309243593364954,0.1839381456375122
1791103746800283000,65.48028295898438,-0.11965768784284592,0.038657646626234055,-0.13302703201770782
1791103746810253800,65.49025390625,-0.22612448036670685,0.020242953673005104,0.14087669551372528
1791103746820226000,65.50022607421874,-0.05265548825263977,-0.03724590688943863,0.1292322874069214
1791103746830197800,65.51019775390625,0.004836566746234894,0.02810194157063961,-0.09732016175985336
1791103746840170000,65.520169921875,-0.019845876842737198,0.07073915004730225,-0.1800379455089569
1791103746850142000,65.53014184570313,-0.03633430600166321,-0.005903429351747036,0.10507208853960037
1791103746860114000,65.54011401367187,-0.027586087584495544,0.029943251982331276,-0.0689963772892952
1791103746870086000,65.5500859375,-0.03846430033445358,0.019033879041671753,-0.10896988958120346
1791103746880057900,65.56005786132812,-0.0927504450082779,0.008159658871591091,-0.07704152166843414
1791103746890029000,65.57002905273437,-0.170504629611969,-0.048822931945323944,0.132511168718338
1791103746900000800,65.58000073242188,-0.08975332230329514,-0.026217488572001457,0.035406727343797684
1791103746909973000,65.58997290039062,-0.08637510240077972,-0.046851396560668945,0.07328353822231293
1791103746919945000,65.59994506835938,0.017434651032090187,0.028320854529738426,0.005025651305913925
1791103746929917000,65.6099169921875,0.028789304196834564,0.00808828603476286,0.02694639563560486
1791103746939889000,65.61988891601563,0.03918788209557533,0.0017805894603952765,-0.017962755635380745
1791103746949860900,65.62986083984374,-0.009982326999306679,0.060074254870414734,0.013892113231122494
1791103746959832000,65.63983203125,-0.02912725880742073,-0.0016844493802636862,0.07186993211507797
1791103746969803800,65.6498037109375,0.0517478846013546,-0.013400227762758732,-0.053461093455553055
1791103746979776000,65.65977587890625,-0.06399522721767426,0.01804451458156109,0.016477510333061218
1791103746989748000,65.669748046875,-0.03249908611178398,-0.001190433045849204,-0.17414170503616333
1791103746999720000,65.67971997070312,-0.02467551827430725,-0.07646121829748154,0.20247294008731842
1791103747009692000,65.68969189453125,-0.0451139472424984,0.0016535567119717598,-0.14931385219097137
1791103747019664000,65.69966381835937,-0.04458184912800789,-0.08587336540222168,0.11129190027713776
1791103747029635800,65.7096357421875,-0.04435095191001892,0.0138993039727211,-0.12499173730611801
1791103747039606800,65.71960668945313,-0.02328960970044136,-0.013972274959087372,0.020682908594608307
1791103747049579000,65.7295791015625,0.0023166837636381388,0.014307833276689053,-0.0677068755030632
1791103747059551000,65.73955102539063,-0.012378904968500137,0.007097324356436729,-0.018735338002443314
1791103747069523000,65.74952294921874,0.012836703099310398,-0.0328972302377224,0.02437218464910984
1791103747079495000,65.75949487304688,0.023244336247444153,0.058643072843551636,-0.12090218812227249
1791103747089467000,65.769466796875,0.01395895890891552,-0.007607585750520229,0.001823466387577355
1791103747099438800,65.77943896484375,-0.006991064175963402,0.002882871776819229,0.07155913859605789
1791103747109411000,65.7894111328125,0.03245195001363754,-0.012958675622940063,0.05514048412442207
1791103747119382000,65.79938208007812,0.012981312349438667,0.06259467452764511,-0.01841948740184307
1791103747129354000,65.80935400390625,0.017497500404715538,0.04987221956253052,-0.07551073282957077
1791103747139326000,65.81932592773437,0.007445399183779955,0.004262122791260481,-0.011480354703962803
1791103747149298000,65.8292978515625,-0.04574085772037506,0.049019474536180496,-0.07169229537248611
1791103747159270000,65.83926977539062,0.01116024237126112,0.02407843805849552,0.08128873258829117
1791103747169241900,65.84924194335937,-0.016041018068790436,0.07272746413946152,-0.07687533646821976
1791103747179214000,65.85921411132813,-0.05222006142139435,-0.011426825076341629,0.13003362715244293
1791103747189185000,65.86918505859374,-0.05531438812613487,0.03410657122731209,0.020655477419495583
1791103747199157000,65.87915698242188,0.023993216454982758,0.07311335951089859,0.01571131870150566
1791103747209129000,65.88912890625,-0.0025837989524006844,0.0887913852930069,0.06906375288963318
1791103747219101000,65.89910083007813,0.06204792484641075,0.12826156616210938,0.030403979122638702
1791103747229073000,65.90907299804688,0.12248463928699493,0.11338887363672256,-0.05836610496044159
1791103747239044900,65.919044921875,0.04294959828257561,0.1597403883934021,-0.12006036192178726
1791103747249017000,65.92901708984375,-0.07549954950809479,0.07364199310541153,0.030220752581954002
1791103747258987800,65.93898779296875,0.05664144083857536,0.11016751825809479,-0.07975421845912933
1791103747268960000,65.9489599609375,0.06277789920568466,0.06786027550697327,0.025974608957767487
1791103747278932000,65.95893188476562,-0.05449546501040459,0.0940716341137886,0.0980549305677414
1791103747288904000,65.96890405273437,0.03964115306735039,0.07121053338050842,-0.0363398976624012
1791103747298876000,65.9788759765625,-0.003918308764696121,0.047810930758714676,-0.1006842628121376
1791103747308847900,65.98884790039062,-0.08004982769489288,0.02690378576517105,-0.017182448878884315
1791103747318820000,65.99882006835938,-0.09091712534427643,0.04536641761660576,-0.004933239426463842
1791103747328791800,66.00879174804687,-0.05212631821632385,-0.037626735866069794,0.012593289837241173
1791103747338763000,66.01876293945313,-0.0748651847243309,-0.007054447196424007,0.10851822048425674
1791103747348735000,66.02873486328124,0.0018756643403321505,0.004160123877227306,0.07168111205101013
1791103747358707000,66.03870703125,-0.04461274296045303,-0.03520432487130165,0.14657212793827057
1791103747368679000,66.04867895507813,-0.05263444781303406,0.0095082838088274,-0.05083175376057625
1791103747378651000,66.05865087890625,-0.06571988761425018,0.0025715483352541924,0.054553255438804626
1791103747388623000,66.068623046875,-0.07915979623794556,0.054899200797080994,-0.002070873975753784
1791103747398594800,66.0785947265625,0.006954845041036606,-0.01593981869518757,-0.042988214641809464
1791103747408566000,66.08856591796875,-0.09210462868213654,0.029929403215646744,-0.21589741110801697
1791103747418537700,66.09853784179687,-0.09592626243829727,-0.06397152692079544,-0.017160877585411072
1791103747428510000,66.10851000976562,-0.09684105962514877,-0.04820933938026428,-0.18252214789390564
1791103747438482000,66.11848193359376,-0.20071180164813995,-0.07188377529382706,0.08018724620342255
1791103747448454000,66.12845385742187,0.021395836025476456,-0.05311354994773865,-0.04446999728679657
1791103747458426000,66.13842602539063,-0.03696707263588905,-0.08443605154752731,0.02508937381207943
1791103747468397800,66.14839770507812,-0.18782129883766174,-0.07826870679855347,0.17152754962444305
1791103747478370000,66.1583701171875,-0.1835157722234726,-0.10290826857089996,-0.020626181736588478
1791103747488340700,66.1683408203125,-0.08032546192407608,-0.027407389134168625,-0.027520041912794113
1791103747498313000,66.17831298828125,0.07561326771974564,0.023859260603785515,0.015262575820088387
1791103747508285000,66.18828491210938,0.07578051090240479,-0.001148088718764484,-0.011802330613136292
1791103747518257000,66.1982568359375,-0.0206296443939209,-0.033663421869277954,0.04340153560042381
1791103747528229000,66.20822900390625,-0.04855208843946457,0.020724186673760414,-0.06124258413910866
1791103747538200800,66.21820092773437,0.041962362825870514,0.003916977439075708,-0.1648709774017334
1791103747548173000,66.22817309570313,0.03922862932085991,-0.05838687717914581,-0.04170270636677742
1791103747558144800,66.23814477539062,-0.04267582297325134,-0.06618594378232956,0.008274974301457405
1791103747568116000,66.24811596679687,-0.049917757511138916,-0.049122538417577744,-0.08863399177789688
1791103747578087700,66.25808764648437,-0.020208066329360008,-0.07259777188301086,-0.1791686862707138
1791103747588060000,66.26805981445312,-0.05182564631104469,-0.06380321085453033,-0.03853034973144531
1791103747598032000,66.27803198242188,-0.021142836660146713,-0.04532567039132118,0.02786625176668167
1791103747608003800,66.28800390625,0.06394995748996735,-0.028182901442050934,-0.044858817011117935
1791103747617976000,66.29797607421875,0.001895105466246605,-0.06904751062393188,0.09035786241292953
1791103747627947800,66.30794775390625,0.09906213730573654,-0.04410061612725258,-0.00256435782648623
1791103747637919000,66.3179189453125,0.11522778868675232,-0.003938016481697559,-0.03428979590535164
1791103747647890700,66.327890625,0.06483891606330872,-0.025048362091183662,-0.015245265327394009
1791103747657863000,66.33786279296875,0.08876475691795349,-0.04044276475906372,-0.054613709449768066
1791103747667835000,66.3478349609375,0.0463283509016037,-0.07172132283449173,0.021992383524775505
1791103747677806800,66.35780688476562,0.06181542947888374,-0.11834795027971268,0.17252276837825775
1791103747687779000,66.36777905273438,0.021858161315321922,-0.04604259133338928,-0.15304680168628693
1791103747697750800,66.37775073242187,0.028477713465690613,-0.12747859954833984,0.1080377846956253
1791103747707723000,66.38772290039063,0.1079922467470169,-0.0568169429898262,-0.1091853454709053
1791103747717693700,66.39769360351562,0.11994265019893646,-0.10086562484502792,-0.015792811289429665
1791103747727666000,66.407666015625,0.10938854515552521,-0.15130962431430817,-0.035886093974113464
1791103747737638000,66.41763793945313,0.024024110287427902,-0.15022306144237518,-0.006985737942159176
1791103747747609900,66.42760986328125,0.15940749645233154,-0.13247761130332947,-0.15792465209960938
1791103747757581800,66.43758178710938,0.03670049086213112,-0.18781757354736328,-0.03987870737910271
1791103747767553800,66.4475537109375,0.05227678641676903,-0.17530657351016998,-0.16666647791862488
1791103747777526000,66.45752612304688,0.08343923091888428,-0.1594216227531433,-0.06088092550635338
1791103747787496700,66.46749658203125,0.052330583333969116,-0.21566171944141388,0.04794302582740784
1791103747797469000,66.47746899414062,0.04748229682445526,-0.14886857569217682,0.08637376874685287
1791103747807441000,66.48744091796875,0.11316251009702682,-0.13413649797439575,0.02858690358698368
1791103747817412900,66.49741284179687,0.20580962300300598,-0.08229807019233704,0.001955292886123061
1791103747827384800,66.507384765625,0.19557562470436096,-0.11747070401906967,0.07779253274202347
1791103747837356800,66.51735668945312,0.21369284391403198,-0.0571245402097702,-0.07936380058526993
1791103747847329000,66.5273291015625,0.27173829078674316,-0.020832844078540802,-0.0020716730505228043
1791103747857299700,66.5372998046875,0.2927152216434479,-0.039754871279001236,0.012863866984844208
1791103747867272000,66.54727197265625,0.15944798290729523,0.08596790581941605,-0.07515387237071991
1791103747877244000,66.55724389648438,0.3269011676311493,0.030904119834303856,0.013552560470998287
1791103747887215900,66.5672158203125,0.34214723110198975,0.03367673605680466,0.020482106134295464
1791103747897187800,66.57718774414063,0.20962965488433838,0.084037646651268,-0.09798701852560043
1791103747907159800,66.58715991210937,0.3609755039215088,0.0032674323301762342,0.08827073872089386
1791103747917131800,66.5971318359375,0.259571373462677,0.03467036411166191,0.005476790945976973
1791103747927104000,66.60710400390624,0.22562061250209808,0.023816116154193878,0.12092455476522446
1791103747937075000,66.61707495117187,0.337240070104599,0.06492573767900467,-0.04597095400094986
1791103747947047000,66.627046875,0.3338727653026581,0.07424093782901764,0.06059756875038147
1791103747957019000,66.63701879882812,0.24414688348770142,0.08136729151010513,0.11644698679447174
1791103747966990800,66.64699096679688,0.3852270543575287,0.15555603802204132,-0.12489426136016846
1791103747976962800,66.656962890625,0.31692177057266235,0.19541770219802856,-0.03467489033937454
1791103747986934800,66.66693481445313,0.41093772649765015,0.1593417227268219,-0.09467857331037521
1791103747996907000,66.67690698242187,0.3630639612674713,0.18663805723190308,0.0656714215874672
1791103748006878000,66.6868779296875,0.4383224844932556,0.20725491642951965,-0.2910579442977905
1791103748016850000,66.69684985351563,0.38566645979881287,0.19392286241054535,0.17095735669136047
1791103748026822000,66.70682177734375,0.36069053411483765,0.11082132160663605,0.01811402291059494
1791103748036793900,66.7167939453125,0.3925153315067291,0.12969274818897247,0.01612251065671444
1791103748046765800,66.72676586914062,0.25238484144210815,0.09647674113512039,0.03575852885842323
1791103748056737800,66.73673779296875,0.28391480445861816,0.09099728614091873,0.14135658740997314
1791103748066710000,66.7467099609375,0.32577890157699585,0.21734829246997833,-0.0453251376748085
1791103748076681700,66.756681640625,0.3834991753101349,0.19179180264472961,0.05770217999815941
1791103748086653000,66.76665283203126,0.3110311031341553,0.21523401141166687,0.040824130177497864
1791103748096625000,66.776625,0.394284188747406,0.24249759316444397,-0.05295908823609352
1791103748106596900,66.78659692382813,0.40451526641845703,0.22814369201660156,0.02624678425490856
1791103748116568800,66.79656884765625,0.42112112045288086,0.26383110880851746,-0.1033860445022583
1791103748126540800,66.80654077148438,0.36719265580177307,0.24528458714485168,-0.021451761946082115
1791103748136513000,66.81651293945312,0.39881235361099243,0.2764422297477722,-0.15927141904830933
1791103748146484700,66.82648461914063,0.35426807403564453,0.2493530958890915,0.09517046064138412
1791103748156456000,66.8364560546875,0.3676967918872833,0.24994006752967834,-0.03170786052942276
1791103748166428000,66.84642797851562,0.36878150701522827,0.28765869140625,-0.05419798940420151
1791103748176400000,66.85639990234375,0.33395054936408997,0.22169484198093414,0.10584280639886856
1791103748186371800,66.86637182617187,0.2977997362613678,0.2122504711151123,-0.0018082864116877317
1791103748196343800,66.87634375,0.2812178134918213,0.23759683966636658,-0.012414058670401573
1791103748206316000,66.88631591796874,0.2727806568145752,0.23678484559059143,0.002674879040569067
1791103748216287700,66.89628784179688,0.30179235339164734,0.22470740973949432,0.05036943033337593
1791103748226260000,66.90626000976563,0.308879017829895,0.2534591555595398,0.017907360568642616
1791103748236231000,66.91623095703125,0.23723359405994415,0.25677719712257385,-0.07458342611789703
1791103748246203000,66.92620288085938,0.18274185061454773,0.22191588580608368,0.08630985766649246
1791103748256174800,66.9361748046875,0.1710633635520935,0.2019355148077011,0.08198674768209457
1791103748266146800,66.94614672851563,0.164659783244133,0.20314645767211914,0.06432493031024933
1791103748276119000,66.956119140625,0.22802864015102386,0.28754761815071106,0.05403606966137886
1791103748286090800,66.9660908203125,0.2580070495605469,0.27560868859291077,0.10892914980649948
1791103748296063000,66.97606298828126,0.27078676223754883,0.26856380701065063,0.15417279303073883
1791103748306034000,66.98603393554687,0.21738478541374207,0.301972359418869,0.040940508246421814
1791103748316006000,66.996005859375,0.19820842146873474,0.2620507776737213,-0.014043115079402924
1791103748325977900,67.00597778320312,0.2267918735742569,0.2758667469024658,0.01968368887901306
1791103748335949800,67.01594970703125,0.17443625628948212,0.2588810920715332,0.025793246924877167
1791103748345921800,67.025921875,0.15971802175045013,0.25238192081451416,0.14371082186698914
1791103748355893800,67.03589379882813,0.1430322527885437,0.18307660520076752,0.1226273849606514
1791103748365865700,67.04586572265625,0.10514426231384277,0.24812191724777222,0.09158211201429367
1791103748375837000,67.0558369140625,0.012660933658480644,0.2382304072380066,0.17809011042118073
1791103748385808600,67.06580859375,0.20608659088611603,0.24384568631649017,0.08816155046224594
1791103748395780900,67.07578076171875,0.13308215141296387,0.2661254107952118,0.1850537359714508
1791103748405752800,67.0857529296875,0.16951791942119598,0.31843897700309753,-0.00700890738517046
1791103748415724800,67.09572485351562,0.18543989956378937,0.33975091576576233,-0.07546333223581314
1791103748425696800,67.10569677734375,0.15824609994888306,0.2673241198062897,0.03684137016534805
1791103748435668700,67.11566870117187,0.09250596165657043,0.3316655457019806,0.054559916257858276
1791103748445640700,67.125640625,0.08346480131149292,0.23780031502246857,0.1422620713710785
1791103748455611600,67.13561157226563,0.144019216299057,0.2580890655517578,-0.016680710017681122
1791103748465583900,67.145583984375,0.002041046740487218,0.2617567777633667,0.1348150670528412
1791103748475555800,67.15555590820313,-0.0433831587433815,0.2433071881532669,0.12211205810308456
1791103748485527800,67.16552783203124,0.10782526433467865,0.2498447149991989,0.18694299459457397
1791103748495499800,67.17549975585938,0.03138907998800278,0.2582176923751831,0.10668330639600754
1791103748505471700,67.1854716796875,-0.07096445560455322,0.2258206158876419,0.13456685841083527
1791103748515443700,67.19544360351563,0.024768728762865067,0.23746554553508759,0.07836804538965225
1791103748525414700,67.20541455078126,0.0585503950715065,0.2649767994880676,-0.001698830397799611
1791103748535387000,67.21538696289062,-0.0012503541074693203,0.2217680811882019,-0.009032909758388996
1791103748545358800,67.22535888671875,-0.003754790872335434,0.151900053024292,0.08027087152004242
1791103748555330800,67.23533081054687,-0.0028096348978579044,0.23323431611061096,-0.0028192223981022835
1791103748565302800,67.245302734375,-0.1752178817987442,0.1608581244945526,0.11358807981014252
1791103748575274800,67.25527465820312,-0.1277017742395401,0.1339322328567505,-0.011275291442871094
1791103748585246700,67.26524682617188,-0.13601508736610413,0.1421896368265152,-0.06499657779932022
1791103748595219000,67.27521899414063,-0.15366385877132416,0.08317318558692932,0.08683902770280838
1791103748605190000,67.28518994140624,-0.13643640279769897,0.136117085814476,0.017041034996509552
1791103748615161900,67.29516186523438,-0.08868672698736191,0.10859491676092148,-0.03731381520628929
1791103748625133800,67.3051337890625,-0.019462114199995995,0.08987369388341904,0.08948434144258499
1791103748635105800,67.31510571289063,-0.0623568519949913,0.13730725646018982,0.1175314262509346
1791103748645077800,67.32507788085937,-0.00624085171148181,0.1803215742111206,0.04951642081141472
1791103748655049700,67.3350498046875,-0.029878269881010056,0.1607329547405243,-0.11228659749031067
1791103748665022000,67.34502197265626,-0.023984961211681366,0.15399223566055298,-0.052681319415569305
1791103748674993000,67.35499291992187,0.025410817936062813,0.11933597922325134,0.0744318887591362
1791103748684964900,67.36496484375,0.03333159163594246,0.19950085878372192,-0.07566093653440475
1791103748694936800,67.37493676757812,-0.023299729451537132,0.12888766825199127,0.0116750318557024
1791103748704908800,67.38490869140625,-0.02081686444580555,0.14119866490364075,0.04512353613972664
1791103748714880800,67.394880859375,-0.01314882468432188,0.14996765553951263,-0.01906663551926613
1791103748724852700,67.40485278320313,-0.020074374973773956,0.17498885095119476,-0.12182417511940002
1791103748734825000,67.41482495117188,-0.0414411835372448,0.044728055596351624,0.1336752325296402
1791103748744796000,67.4247958984375,0.05461743846535683,0.17268149554729462,-0.17692416906356812
1791103748754768000,67.43476782226563,-0.007433947641402483,0.07466704398393631,0.1370534598827362
1791103748764739800,67.44473974609375,-0.017102021723985672,0.09298613667488098,0.05128742381930351
1791103748774711800,67.4547119140625,0.031985364854335785,0.15527747571468353,-0.05344538018107414
1791103748784683800,67.46468383789062,0.016155000776052475,0.16027569770812988,-0.10083553194999695
1791103748794655700,67.47465576171875,0.016383767127990723,0.06941742449998856,0.05560440570116043
1791103748804628000,67.4846279296875,-0.02666090615093708,0.10636665672063828,-0.006583866663277149
1791103748814599000,67.49459887695312,-0.027943750843405724,0.06554438918828964,0.044018324464559555
1791103748824571000,67.50457080078125,0.017846109345555305,0.1141529381275177,-0.009836385026574135
1791103748834542800,67.51454296875,-0.058214571326971054,0.06205618008971214,0.13171862065792084
1791103748844514800,67.52451489257813,0.050998736172914505,0.07981839776039124,-0.04464976117014885
1791103748854486800,67.53448681640624,0.03357420489192009,0.1427166759967804,-0.09368468075990677
1791103748864458800,67.54445874023438,0.03539793938398361,0.09281675517559052,0.05559854581952095
1791103748874431000,67.55443090820313,0.10182037204504013,0.06480855494737625,0.15484417974948883
1791103748884402700,67.56440258789063,0.060265205800533295,0.1057266965508461,-0.14509673416614532
1791103748894374000,67.57437377929688,0.0057098171673715115,0.1083134263753891,-0.015783756971359253
1791103748904345900,67.58434594726563,0.02815414033830166,0.11147139966487885,0.06861820816993713
1791103748914317800,67.59431787109375,0.11184131354093552,0.08862493932247162,0.1291971355676651
1791103748924289800,67.60428979492187,0.0656764805316925,0.1426389068365097,-0.00016112125013023615
1791103748934261800,67.61426171875,0.030158966779708862,0.05150047689676285,0.1523224264383316
1791103748944234000,67.62423388671876,0.12173735350370407,0.11746937036514282,0.04048484191298485
1791103748954205700,67.63420581054687,0.09041458368301392,0.1027921587228775,0.15391552448272705
1791103748964177000,67.64417700195312,0.06118452921509743,0.06031367555260658,0.21987350285053253
1791103748974148900,67.65414892578124,0.05005970597267151,0.16428454220294952,-0.1131739616394043
1791103748984120800,67.66412084960938,0.10342811793088913,0.10458846390247345,0.2272307574748993
1791103748994092800,67.6740927734375,0.15274107456207275,0.1754503846168518,-0.08028951287269592
1791103749004064800,67.68406469726563,0.15234000980854034,0.11548025906085968,0.07036124914884567
1791103749014037000,67.694037109375,0.11780785769224167,0.12420424073934555,-0.06244952976703644
1791103749024008700,67.7040087890625,0.03774018958210945,0.06613827496767044,0.05722866952419281
1791103749033981000,67.71398095703125,0.08924572169780731,0.07275809347629547,0.03814152628183365
1791103749043951900,67.72395190429687,-0.00875247921794653,0.0787627249956131,0.028189560398459435
1791103749053923800,67.733923828125,0.10907641798257828,0.09631907939910889,0.09891912341117859
1791103749063895800,67.74389575195312,0.13321638107299805,0.11772876232862473,0.06712071597576141
1791103749073867800,67.75386767578125,0.1081770732998848,0.19985932111740112,-0.14174968004226685
1791103749083840000,67.76384008789063,0.05360330641269684,0.10958082228899002,0.10292211920022964
1791103749093811700,67.77381176757812,0.2152412086725235,0.14830531179904938,0.04663834348320961
1791103749103784000,67.78378393554688,0.09889009594917297,0.2269974648952484,-0.12238716334104538
1791103749113754600,67.79375463867187,0.19431515038013458,0.08852454274892807,0.15950816869735718
1791103749123726800,67.80372680664063,0.22891093790531158,0.15372245013713837,0.021343104541301727
1791103749133698800,67.81369873046874,0.050095658749341965,0.1395467072725296,0.014756042510271072
1791103749143670800,67.8236708984375,0.16472557187080383,0.1601574420928955,0.05933496356010437
1791103749153643000,67.83364306640625,0.2646138072013855,0.18908309936523438,-0.02418070286512375
1791103749163614700,67.84361474609375,0.055262722074985504,0.13399748504161835,0.250340074300766
1791103749173587000,67.8535869140625,0.24745719134807587,0.18647587299346924,-0.04814382642507553
1791103749183557600,67.8635576171875,0.25650396943092346,0.19315028190612793,-0.004251736681908369
1791103749193529900,67.87352978515625,0.15797391533851624,0.142727330327034,0.07075220346450806
1791103749203501800,67.88350170898437,0.21687479317188263,0.19222350418567657,-0.052438706159591675
1791103749213473800,67.89347387695312,0.14974714815616608,0.1689826250076294,0.03677798807621002
1791103749223446000,67.90344604492188,0.20845574140548706,0.19020110368728638,0.09872071444988251
1791103749233417700,67.91341772460937,0.13096627593040466,0.18316076695919037,0.05486218258738518
1791103749243390000,67.92338989257813,0.11445999890565872,0.15496881306171417,0.11716550588607788
1791103749253361700,67.93336157226562,0.18084381520748138,0.2290443629026413,-0.08529625833034515
1791103749263332900,67.94333276367188,0.21340841054916382,0.16742441058158875,0.1016794890165329
1791103749273304600,67.9533046875,0.12621545791625977,0.15160337090492249,0.13488884270191193
1791103749283276800,67.96327685546875,0.20938092470169067,0.2247209995985031,0.02137080207467079
1791103749293248800,67.97324877929688,0.09264817833900452,0.20296482741832733,0.10447075217962265
1791103749303220700,67.983220703125,0.17808318138122559,0.21070264279842377,0.09226628392934799
1791103749313193000,67.99319287109375,0.1897137463092804,0.18450966477394104,0.18317221105098724
1791103749323164700,68.00316455078125,0.18890121579170227,0.16616873443126678,-0.021028852090239525
1791103749333136000,68.01313598632812,0.12281087040901184,0.17986564338207245,0.044926196336746216
1791103749343107800,68.02310791015626,0.21120624244213104,0.2219739407300949,-0.09373821318149567
1791103749353079800,68.03307983398437,0.1072995588183403,0.10513573884963989,0.2689555585384369
1791103749363051800,68.0430517578125,0.1221245750784874,0.1193905770778656,0.0407588817179203
1791103749373023700,68.05302368164062,0.06805708259344101,0.12526844441890717,-0.22615750133991241
1791103749382996000,68.06299584960938,0.05992431938648224,0.06075495854020119,0.05161898583173752
1791103749392968000,68.07296801757812,0.044850561767816544,0.042333342134952545,0.23698964715003967
1791103749402939000,68.08293896484375,-0.03440777584910393,0.146985724568367,0.01768525317311287
1791103749412910800,68.09291088867188,0.07870493084192276,0.14447090029716492,0.11936447769403458
1791103749422882800,68.1028828125,0.18425266444683075,0.2218274623155594,-0.025622272863984108
1791103749432854800,68.11285473632813,0.12519599497318268,0.14722992479801178,0.07822129875421524
1791103749442826800,68.12282666015625,0.17364129424095154,0.20192353427410126,-0.09656648337841034
1791103749452798700,68.132798828125,0.040829189121723175,0.166920006275177,0.2118278294801712
1791103749462771000,68.14277099609374,0.132658451795578,0.2442731261253357,-0.05766249820590019
1791103749472742000,68.15274194335937,0.15597601234912872,0.25062182545661926,-0.010160225443542004
1791103749482713900,68.1627138671875,0.14586426317691803,0.21797041594982147,-0.10383212566375732
1791103749492685800,68.17268579101562,0.08444111794233322,0.2042466104030609,-0.009375392459332943
1791103749502657800,68.18265771484376,0.11401072144508362,0.22696417570114136,-0.13278360664844513
1791103749512629800,68.19262963867187,0.02996109426021576,0.17049556970596313,0.07108749449253082
1791103749522601700,68.20260180664063,0.16245442628860474,0.20093710720539093,-0.028066255152225494
1791103749532574000,68.21257397460937,0.2604843080043793,0.2600717842578888,-0.09767436236143112
1791103749542545000,68.222544921875,0.14396995306015015,0.13199904561042786,0.225721538066864
1791103749552516900,68.23251684570313,0.1013023853302002,0.15142308175563812,0.05390344560146332
1791103749562488800,68.24248876953125,0.09878889471292496,0.20812417566776276,-0.03659050166606903
1791103749572460800,68.25246069335938,0.08910537511110306,0.15769535303115845,0.005356681998819113
1791103749582432800,68.26243286132812,0.18780505657196045,0.22775593400001526,-0.023748472332954407
1791103749592404700,68.27240478515625,0.23374991118907928,0.2269444614648819,-0.11712635308504105
1791103749602377000,68.282376953125,0.08842121064662933,0.11658866703510284,0.13290399312973022
1791103749612348700,68.2923486328125,0.07910867035388947,0.16382381319999695,-0.08010442554950714
1791103749622319900,68.30231982421876,0.11831545829772949,0.18478555977344513,0.006278402172029018
1791103749632291800,68.31229174804687,0.19782333076000214,0.12895850837230682,0.023260848596692085
1791103749642263800,68.32226391601563,0.13040673732757568,0.16940180957317352,0.027335483580827713
1791103749652235800,68.33223583984375,0.14615614712238312,0.15478850901126862,0.09452064335346222
1791103749662207700,68.34220776367188,0.05692293867468834,0.15060362219810486,0.09968052059412003
1791103749672180000,68.35217993164062,0.20118850469589233,0.1840129792690277,0.07082144170999527
1791103749682151700,68.36215161132813,0.1891041398048401,0.21169200539588928,0.0844336599111557
1791103749692123000,68.37212280273438,0.23801922798156738,0.23608550429344177,0.07200334966182709
1791103749702094800,68.3820947265625,0.26957979798316956,0.24235378205776215,0.07917844504117966
1791103749712066800,68.39206689453125,0.20125162601470947,0.25450044870376587,-0.041800178587436676
1791103749722038800,68.40203881835937,0.13924284279346466,0.15267662703990936,0.03388526290655136
1791103749732010800,68.4120107421875,0.15209951996803284,0.140675351023674,0.06727730482816696
1791103749741983000,68.42198291015625,0.19809763133525848,0.17146389186382294,-0.0356685146689415
1791103749751954700,68.43195458984376,0.07474268227815628,0.11569783836603165,0.17150704562664032
1791103749761926000,68.44192578125,0.16738899052143097,0.1430138796567917,-0.03746694698929787
1791103749771897900,68.45189794921875,0.14943182468414307,0.1411704421043396,0.09522851556539536
1791103749781869800,68.46186987304688,0.16152338683605194,0.17496755719184875,-0.039571378380060196
1791103749791841800,68.471841796875,0.18395651876926422,0.15438424050807953,-0.04074343666434288
1791103749801813800,68.48181372070313,0.17440029978752136,0.2228192239999771,-0.1864452362060547
1791103749811786000,68.49178588867187,0.14374038577079773,0.13113351166248322,0.19606591761112213
1791103749821757700,68.5017578125,0.13822205364704132,0.08144612610340118,-0.061647117137908936
1791103749831730000,68.51172998046874,0.17667783796787262,0.24615757167339325,-0.30814051628112793
1791103749841700900,68.52170092773437,0.19178594648838043,0.095478855073452,0.1986510455608368
1791103749851672800,68.5316728515625,0.19426241517066956,0.18417410552501678,0.04647082835435867
1791103749861644800,68.54164477539062,0.22734686732292175,0.14444133639335632,0.13926468789577484
1791103749871616800,68.55161669921876,0.17650233209133148,0.15898992121219635,-0.012374644167721272
1791103749881589000,68.56158911132812,0.19148634374141693,0.14462774991989136,0.2885657548904419
1791103749891560700,68.57156079101563,0.22940203547477722,0.24320732057094574,-0.005739910993725061
1791103749901533000,68.58153295898437,0.2374599575996399,0.1715288758277893,0.20829728245735168
1791103749911504000,68.59150390625,0.31613558530807495,0.2519052028656006,0.07566333562135696
1791103749921475800,68.60147583007813,0.30126291513442993,0.2867542803287506,0.13931848108768463
1791103749931447800,68.61144775390625,0.2886837422847748,0.28077226877212524,0.03548875078558922
1791103749941419800,68.62141967773438,0.2698962092399597,0.25227832794189453,0.0679020881652832
1791103749951392000,68.63139208984374,0.29884982109069824,0.22823849320411682,0.08624673634767532
1791103749961363700,68.64136376953125,0.19952243566513062,0.18277114629745483,0.20317229628562927
1791103749971336000,68.6513359375,0.21703937649726868,0.27396923303604126,-0.07745563983917236
1791103749981307000,68.66130688476562,0.2636984884738922,0.22011452913284302,0.18128857016563416
1791103749991278800,68.67127880859375,0.1586271971464157,0.1852518767118454,0.14358486235141754
1791103750001250800,68.68125073242187,0.20912392437458038,0.2103031724691391,0.0036040558479726315
1791103750011222800,68.69122290039063,0.153879314661026,0.22307409346103668,0.08067779988050461
1791103750021195000,68.70119506835937,0.2666812241077423,0.1883896142244339,0.036345224827528
1791103750031166700,68.71116674804688,0.2517177164554596,0.19360648095607758,0.14969228208065033
1791103750041139000,68.72113891601562,0.2777341306209564,0.2532884478569031,0.06396885961294174
1791103750051110000,68.73110986328125,0.22356651723384857,0.2627594470977783,0.1362028419971466
1791103750061081900,68.74108178710938,0.24477726221084595,0.328014612197876,-0.12166571617126465
1791103750071053800,68.7510537109375,0.18672168254852295,0.27437588572502136,0.2645544111728668
1791103750081025800,68.76102587890625,0.3416167199611664,0.3342549502849579,0.03584454953670502
1791103750090998000,68.770998046875,0.2758750021457672,0.3256896734237671,0.19271299242973328
1791103750100969700,68.7809697265625,0.2785019278526306,0.35450348258018494,-0.008053398691117764
1791103750110942000,68.79094189453124,0.28145110607147217,0.3254353404045105,0.054059240967035294
1791103750120913000,68.80091284179687,0.33128073811531067,0.304062157869339,0.062002118676900864
1791103750130884900,68.810884765625,0.3261205852031708,0.38362357020378113,0.07989030331373215
1791103750140856800,68.82085693359375,0.3159092366695404,0.39933115243911743,0.02990463562309742
1791103750150828800,68.83082885742188,0.2655048966407776,0.4109979271888733,-0.047693751752376556
1791103750160801000,68.84080102539062,0.2572421729564667,0.39283251762390137,-0.05259130522608757
1791103750170772700,68.85077270507813,0.3273208737373352,0.40982693433761597,0.00401737866923213
1791103750180745000,68.86074487304687,0.19864171743392944,0.33652263879776,0.059780243784189224
1791103750190716700,68.87071655273438,0.19887341558933258,0.3512592315673828,0.04490382596850395
1791103750200687900,68.88068798828125,0.22841426730155945,0.360848993062973,0.01828952506184578
1791103750210659800,68.89065991210937,0.20048090815544128,0.33486586809158325,0.09770019352436066
1791103750220631800,68.9006318359375,0.20092910528182983,0.370596706867218,0.11901293694972992
1791103750230604000,68.91060400390624,0.25954315066337585,0.3908495008945465,0.011208978481590748
1791103750240575700,68.92057568359375,0.20827916264533997,0.3445754945278168,0.07802768796682358
1791103750250548000,68.9305478515625,0.17535291612148285,0.3734252452850342,0.03092116490006447
1791103750260519700,68.94051977539063,0.15389396250247955,0.35723403096199036,0.06226656958460808
1791103750270491000,68.95049096679688,0.1934932917356491,0.3681977391242981,0.05956292897462845
1791103750280462800,68.960462890625,0.17939239740371704,0.3161241412162781,0.09770338982343674
1791103750290434800,68.97043481445313,0.12460105121135712,0.35797253251075745,-0.03226180002093315
1791103750300407000,68.98040698242187,0.14557769894599915,0.30961084365844727,0.08010762184858322
1791103750310378800,68.99037866210938,0.11169616878032684,0.25582191348075867,0.07671981304883957
1791103750320351000,69.00035107421876,0.06741845607757568,0.22963373363018036,0.06192861497402191
1791103750330322700,69.01032275390625,0.03965286910533905,0.25834980607032776,0.08876661956310272
1791103750340293400,69.02029345703124,0.02587846852838993,0.18586866557598114,0.07879041880369186
1791103750350265600,69.030265625,0.07186673581600189,0.15282362699508667,0.15969166159629822
1791103750360237300,69.0402373046875,0.00350365461781621,0.1659514158964157,0.033974479883909225
1791103750370209500,69.05020947265625,-0.1077355146408081,0.17976230382919312,0.09015439450740814
1791103750380181200,69.06018115234374,-0.03467808663845062,0.15867379307746887,0.1684286892414093
1791103750390153500,69.07015356445312,0.01756913959980011,0.2710173726081848,0.018063422292470932
1791103750400125400,69.08012548828125,-0.026859045028686523,0.2278347611427307,0.12756648659706116
1791103750410096400,69.09009643554687,-0.014602644369006157,0.2937498688697815,0.06141329184174538
1791103750420068600,69.10006860351562,0.052381981164216995,0.20619231462478638,0.1567147821187973
1791103750430040300,69.11004028320312,0.06439603120088577,0.283327579498291,0.11939696967601776
1791103750440012500,69.12001245117187,0.013339507393538952,0.2749879062175751,0.06886934489011765
1791103750449984300,69.129984375,0.059853747487068176,0.2463943362236023,0.1000261977314949
1791103750459956500,69.13995654296875,-0.055265121161937714,0.2907077372074127,0.15937741100788116
1791103750469928400,69.14992846679688,-0.009731456637382507,0.3444202244281769,0.10760875046253204
1791103750479899400,69.1598994140625,0.014089187607169151,0.3305036127567291,0.1531762331724167
1791103750489871600,69.16987158203125,0.0737658366560936,0.3166365325450897,0.09327295422554016
1791103750499843300,69.17984326171874,0.04843677580356598,0.3548094928264618,-0.023059513419866562
1791103750509815600,69.18981567382812,0.027038542553782463,0.34978145360946655,-0.051662396639585495
1791103750519787300,69.19978735351563,-0.020605942234396935,0.27726462483406067,0.026803916320204735
1791103750529759500,69.20975952148437,-0.06467939168214798,0.24600018560886383,0.08793624490499496
1791103750539731500,69.2197314453125,0.008768457919359207,0.27284324169158936,0.06303782016038895
1791103750549702400,69.22970239257812,-0.20359280705451965,0.14860545098781586,0.20810259878635406
1791103750559674600,69.23967456054687,-0.1468283236026764,0.1665642112493515,0.11407330632209778
1791103750569646300,69.24964624023437,-0.15948820114135742,0.16609390079975128,0.1600128412246704
1791103750579618600,69.25961865234375,-0.1301465481519699,0.1652965545654297,0.07277007400989532
1791103750589590300,69.26959033203126,-0.11723075062036514,0.18909509479999542,0.07744685560464859
1791103750599562500,69.2795625,-0.04043131321668625,0.15646737813949585,0.06979479640722275
1791103750609534500,69.28953442382813,-0.06675293296575546,0.2046346366405487,0.06575264781713486
1791103750619505400,69.29950537109374,-0.08126582950353622,0.20311130583286285,0.05964255705475807
1791103750629477400,69.30947729492188,-0.07925567030906677,0.13755333423614502,0.05273378640413284
1791103750639449300,69.31944946289063,-0.06239387020468712,0.08948300778865814,0.06073871627449989
1791103750649421600,69.32942163085937,-0.10869665443897247,0.182515487074852,-0.020687168464064598
1791103750659393300,69.33939331054688,-0.06416114419698715,0.07112237811088562,0.110030896961689
1791103750669365500,69.34936547851562,-0.1061682477593422,0.09302474558353424,0.10583508759737015
1791103750679337500,69.35933740234375,-0.1434096246957779,0.10021927952766418,0.09976760298013687
1791103750689309400,69.36930932617187,-0.11994344741106033,0.13148824870586395,0.014257232658565044
1791103750699280400,69.3792802734375,-0.07953476905822754,0.06929145753383636,-0.022650983184576035
1791103750709252400,69.38925244140626,-0.0941304937005043,0.11057231575250626,-0.06072007119655609
1791103750719224600,69.399224609375,-0.07356902211904526,0.11876233667135239,-0.04025767371058464
1791103750729196300,69.4091962890625,-0.014989602379500866,0.0886015072464943,-0.07876698672771454
1791103750739168500,69.41916845703125,-0.035715121775865555,0.10586012154817581,-0.06305193901062012
1791103750749140500,69.42914038085938,-0.003896737238392234,0.058445464819669724,0.045087847858667374
1791103750759112400,69.43911254882812,-0.10050024092197418,0.06287137418985367,-0.0036935380194336176
1791103750769083400,69.44908349609375,-0.14392627775669098,0.005638444796204567,0.08464112132787704
1791103750779055400,69.45905541992188,-0.11817404627799988,0.0515097975730896,0.07129015773534775
1791103750789027300,69.46902734375,-0.03723418712615967,0.060570668429136276,0.02225790172815323
1791103750798999300,69.47899926757813,0.0013728595804423094,0.06577981263399124,0.024952221661806107
1791103750808971500,69.48897143554687,-0.012716860510408878,0.06520456820726395,0.10991105437278748
1791103750818943500,69.49894360351563,0.0018972359830513597,0.07347261905670166,0.040587108582258224
1791103750828915500,69.50891552734375,0.0024176177103072405,0.06341945379972458,-0.07718373090028763
1791103750838886400,69.51888647460937,0.006113286130130291,0.07037429511547089,0.028192488476634026
1791103750848858400,69.5288583984375,-0.003477822057902813,0.08210045844316483,0.03706960380077362
1791103750858830300,69.53883032226562,0.012647618539631367,0.06779821962118149,0.044553887099027634
1791103750868802300,69.54880224609374,0.03220533952116966,0.09986481070518494,0.08584779500961304
1791103750878774500,69.5587744140625,0.03934554010629654,0.12322232872247696,0.06654760241508484
1791103750888746500,69.56874658203125,0.022939138114452362,0.16370877623558044,0.06284420937299728
1791103750898718500,69.57871850585937,0.1639777570962906,0.15959233045578003,0.05361289530992508
1791103750908689400,69.588689453125,0.20965149998664856,0.21991372108459473,-0.05666487663984299
1791103750918661400,69.59866137695313,0.19872401654720306,0.16839273273944855,-0.029957100749015808
1791103750928633300,69.60863330078125,0.15109391510486603,0.1667785942554474,0.09790711849927902
1791103750938605300,69.61860522460937,0.21670807898044586,0.19561876356601715,-0.07265955954790115
1791103750948577300,69.62857739257812,0.18552644550800323,0.21231865882873535,-0.0070400661788880825
1791103750958549500,69.63854956054688,0.1297856867313385,0.1311284601688385,0.085971899330616
1791103750968521500,69.648521484375,0.18729212880134583,0.1907651573419571,0.030944867059588432
1791103750978492400,69.65849243164062,0.19731946289539337,0.17998893558979034,-0.011334413662552834
1791103750988464400,69.66846435546876,0.2115412801504135,0.14062875509262085,0.10716000944375992
1791103750998436400,69.67843627929688,0.17730873823165894,0.11187566816806793,0.10951211303472519
1791103751008408300,69.688408203125,0.17521975934505463,0.18637946248054504,0.050400055944919586
1791103751018380300,69.69838037109375,0.23338532447814941,0.14543895423412323,-0.032349418848752975
1791103751028352500,69.7083525390625,0.18638372421264648,0.13916534185409546,0.14053767919540405
1791103751038324500,69.71832446289062,0.15774941444396973,0.16686780750751495,-0.0014061490073800087
1791103751048295400,69.72829541015625,0.179043248295784,0.15196582674980164,-0.0327499583363533
1791103751058267400,69.73826733398438,0.21595892310142517,0.14221680164337158,0.03253903612494469
1791103751068239400,69.7482392578125,0.22979405522346497,0.19118034839630127,0.02100914530456066
1791103751078211300,69.75821142578125,0.20123590528964996,0.17057493329048157,-0.07068535685539246
1791103751088183300,69.76818334960937,0.2039874792098999,0.15277649462223053,-0.029111279174685478
1791103751098155500,69.77815551757813,0.24038811028003693,0.18431711196899414,-0.12092775106430054
1791103751108127200,69.78812719726562,0.16854746639728546,0.16730935871601105,-0.010999388061463833
1791103751118098400,69.79809838867187,0.2520391643047333,0.14626054465770721,0.023815050721168518
1791103751128070400,69.8080703125,0.2273324877023697,0.20863071084022522,0.04285478964447975
1791103751138042400,69.81804248046875,0.2881987690925598,0.26229581236839294,-0.009971141815185547
1791103751148014300,69.82801440429688,0.3277674913406372,0.25485360622406006,0.024501081556081772
1791103751157986300,69.837986328125,0.3210342228412628,0.3138439357280731,0.018255436792969704
1791103751167958500,69.84795849609375,0.35756880044937134,0.25673699378967285,0.09163431078195572
1791103751177930200,69.85793017578125,0.2995547652244568,0.3015899360179901,-0.08237530291080475
1791103751187901400,69.8679013671875,0.2976103723049164,0.2820205092430115,0.007891745306551456
1791103751197873400,69.87787329101562,0.28765869140625,0.2998383939266205,0.0035742283798754215
1791103751207845400,69.88784545898437,0.3118652105331421,0.30395403504371643,-0.07488169521093369
1791103751217817300,69.8978173828125,0.24918265640735626,0.29795366525650024,-0.0037175065372139215
1791103751227789300,69.90778930664062,0.27090179920196533,0.2642199397087097,0.05263844504952431
1791103751237761500,69.91776147460938,0.2770947217941284,0.2857412099838257,-0.019701266661286354
1791103751247733200,69.92773315429687,0.2289021611213684,0.29780372977256775,-0.026274479925632477
1791103751257704400,69.93770434570312,0.22893597185611725,0.27451571822166443,0.14052888751029968
1791103751267676400,69.94767651367188,0.26264652609825134,0.3019409477710724,0.062301989644765854
1791103751277648400,69.9576484375,0.2876589596271515,0.35476526618003845,-0.00959989707916975
1791103751287620400,69.96762036132813,0.2961059510707855,0.3634738028049469,-0.0036096484400331974
1791103751297592300,69.97759228515625,0.3136918842792511,0.3833812177181244,0.03345862403512001
1791103751307564500,69.987564453125,0.3021705150604248,0.38066425919532776,-0.006171342916786671
1791103751317536300,69.99753637695312,0.2623887360095978,0.34410330653190613,0.07535494118928909
1791103751327508500,70.00750854492188,0.23358692228794098,0.3630181550979614,0.13328588008880615
1791103751337479400,70.0174794921875,0.31310996413230896,0.4144858717918396,-0.1091667041182518
1791103751347451400,70.02745141601562,0.2525281310081482,0.33733516931533813,0.02732935920357704
1791103751357423400,70.03742333984376,0.23714810609817505,0.36553776264190674,0.028017252683639526
1791103751367395300,70.04739526367187,0.22991709411144257,0.3569605350494385,-0.02689979039132595
1791103751377367600,70.05736743164063,0.18867777287960052,0.36749038100242615,-0.1430405080318451
1791103751387339300,70.06733935546875,0.16379639506340027,0.2682434320449829,0.09010698646306992
1791103751397311500,70.0773115234375,0.2314465343952179,0.310674786567688,0.029515814036130905
1791103751407282400,70.08728247070313,0.22541740536689758,0.286237895488739,0.04987354949116707
1791103751417254400,70.09725439453125,0.1489548534154892,0.2625088393688202,0.059121642261743546
1791103751427226400,70.10722631835938,0.09340238571166992,0.23235493898391724,0.06255605816841125
1791103751437198300,70.1171982421875,0.13024188578128815,0.29574164748191833,-0.017238374799489975
1791103751447170600,70.12717065429688,0.15078498423099518,0.30260592699050903,-0.0455017052590847
1791103751457142300,70.13714233398437,0.1525605171918869,0.2795126140117645,0.10724309831857681
1791103751467114500,70.14711450195313,0.13003389537334442,0.2618161737918854,0.04622448608279228
1791103751477085400,70.15708544921876,0.10621139407157898,0.2729108929634094,0.10062620788812637
1791103751487057400,70.16705737304687,0.10536397248506546,0.3301731050014496,-0.022174544632434845
1791103751497029400,70.177029296875,0.06289268285036087,0.30060669779777527,0.09092085063457489
1791103751507001300,70.18700146484375,0.1638248860836029,0.32342731952667236,0.07075459510087967
1791103751516973600,70.1969736328125,0.09431584924459457,0.36258190870285034,0.13379988074302673
1791103751526945300,70.2069453125,0.09352542459964752,0.3995244801044464,0.010130664333701134
1791103751536916500,70.21691650390625,0.16085092723369598,0.3667580187320709,0.04656057804822922
1791103751546888400,70.22688842773438,0.24618740379810333,0.459174245595932,-0.09234244376420975
1791103751556860400,70.2368603515625,0.31157201528549194,0.42180901765823364,0.09100926667451859
1791103751566832400,70.24683227539063,0.07167338579893112,0.4064790606498718,0.14146098494529724
1791103751576804400,70.25680444335937,0.036201149225234985,0.38466352224349976,0.05355750024318695
1791103751586776600,70.26677661132813,0.053580671548843384,0.4096716642379761,0.11534896492958069
1791103751596748300,70.27674829101562,0.07670756429433823,0.3416276276111603,0.21963222324848175
1791103751606719500,70.28671948242187,0.02480148710310459,0.41774797439575195,0.11249831318855286
1791103751616691500,70.29669140625,0.043584760278463364,0.33368369936943054,0.2282875031232834
1791103751626663400,70.30666333007812,0.00737322773784399,0.35383477807044983,0.18546760082244873
1791103751636635400,70.31663549804688,0.03632738068699837,0.3342701196670532,0.019229354336857796
1791103751646607400,70.326607421875,-0.0015701997326686978,0.31051206588745117,0.07715710252523422
1791103751656579600,70.33657958984375,-0.06547674536705017,0.2794308364391327,0.0923088937997818
1791103751666551300,70.34655126953125,-0.09451931715011597,0.2812572419643402,0.04788416996598244
1791103751676523500,70.3565234375,-0.07371922582387924,0.23677845299243927,0.19637084007263184
1791103751686494500,70.36649438476563,-0.09036318212747574,0.2514876127243042,-0.002728408435359597
1791103751696466400,70.37646655273437,-0.1409938782453537,0.18231254816055298,0.1711541712284088
1791103751706438400,70.3864384765625,-0.1393594890832901,0.20620828866958618,0.08136649429798126
1791103751716410400,70.39641040039062,-0.14888401329517365,0.1879453957080841,-0.004963333252817392
1791103751726382600,70.40638256835938,-0.1564447283744812,0.1754666268825531,0.1200140193104744
1791103751736354300,70.41635424804687,-0.15599572658538818,0.18405212461948395,0.03838440775871277
1791103751746325500,70.42632543945312,-0.17255845665931702,0.21506011486053467,0.0344005823135376
1791103751756297500,70.43629736328126,-0.14249110221862793,0.1519722193479538,0.09850819408893585
1791103751766269400,70.44626953125,-0.1312384456396103,0.21388459205627441,-0.016047142446041107
1791103751776241400,70.45624145507813,-0.11326104402542114,0.22169697284698486,-0.03834312781691551
1791103751786213400,70.46621337890625,-0.11415719985961914,0.20803415775299072,0.04192481189966202
1791103751796185600,70.476185546875,-0.11900708079338074,0.1934722661972046,0.14214356243610382
1791103751806157300,70.4861572265625,-0.1556343287229538,0.18282067775726318,0.11630876362323761
1791103751816129500,70.49612963867187,-0.13883191347122192,0.26315173506736755,-0.11366664618253708
1791103751826100200,70.50610034179688,-0.1630115509033203,0.1318882554769516,0.11588239669799805
1791103751836072400,70.51607250976562,-0.13616129755973816,0.18278047442436218,0.08571597188711166
1791103751846044400,70.52604443359375,-0.10601751506328583,0.19018059968948364,-0.019655726850032806
1791103751856016400,70.53601635742187,-0.17906323075294495,0.1609816998243332,-0.08159525692462921
1791103751865988600,70.54598852539063,-0.18914355337619781,0.11682435125112534,0.0656312108039856
1791103751875960300,70.55596020507812,-0.26459890604019165,0.16633784770965576,-0.003721767570823431
1791103751885932500,70.5659326171875,-0.2557087242603302,0.04194611683487892,0.11332256346940994
1791103751895903200,70.5759033203125,-0.22515667974948883,0.07935554534196854,-0.08738763630390167
1791103751905875500,70.58587548828125,-0.20857425034046173,-0.06123992055654526,0.13768036663532257
1791103751915847400,70.59584741210938,-0.3056515157222748,0.037697043269872665,-0.015005314722657204
1791103751925819400,70.6058193359375,-0.2960055470466614,-0.0350104495882988,0.11492738127708435
1791103751935791600,70.61579150390625,-0.2774217426776886,0.03430737182497978,0.1013609766960144
1791103751945763300,70.62576342773437,-0.26025980710983276,0.041855305433273315,0.1186763197183609
1791103751955735600,70.63573559570312,-0.13723908364772797,0.09893776476383209,0.09208172559738159
1791103751965706200,70.64570629882813,-0.10513227432966232,0.08031214773654938,0.05271274596452713
1791103751975678500,70.65567846679687,-0.28098320960998535,0.05531278997659683,0.12689164280891418
1791103751985650200,70.66565014648438,-0.0861860141158104,0.0893663614988327,-0.021025124937295914
1791103751995622400,70.67562231445312,-0.12605273723602295,0.04808070883154869,0.08322351425886154
1791103752005594400,70.68559448242188,-0.16610588133335114,0.051837366074323654,0.10778824985027313
1791103752015566300,70.69556640625,-0.18130534887313843,0.03935486450791359,-0.005608350969851017
1791103752025538600,70.70553857421875,-0.1448647826910019,-0.027425499632954597,0.023918382823467255
1791103752035509200,70.71550927734376,-0.1588096171617508,-0.017305221408605576,0.01483407337218523
1791103752045481500,70.7254814453125,-0.16922737658023834,0.03206232935190201,0.06477340310811996
1791103752055453200,70.735453125,-0.08423765003681183,0.011245463974773884,-0.08063359558582306
1791103752065425400,70.74542529296875,-0.21372240781784058,-0.03129667043685913,0.09214750677347183
1791103752075397400,70.7553974609375,-0.17862407863140106,-0.017730526626110077,-0.0010247844038531184
1791103752085369300,70.76536938476562,-0.11460541188716888,-0.07083502411842346,0.06812552362680435
1791103752095341600,70.77534155273437,-0.0741109773516655,-0.0036013927310705185,0.007656055502593517
1791103752105312300,70.78531225585938,-0.09652440994977951,-0.02587207779288292,0.0761198028922081
1791103752115284500,70.79528442382812,-0.02413356490433216,-0.037881068885326385,0.050335872918367386
1791103752125256200,70.80525610351563,-0.09106998890638351,0.013728328980505466,-0.005309277679771185
1791103752135228400,70.815228515625,-0.06671351939439774,0.011289140209555626,-0.02160116657614708
1791103752145200400,70.82520043945313,-0.09741390496492386,0.016576578840613365,-0.03416356444358826
1791103752155172400,70.83517236328125,0.02105974592268467,-0.05943935737013817,-0.12971219420433044
1791103752165144300,70.84514428710938,-0.05818421021103859,0.0422971248626709,-0.10104566067457199
1791103752175115300,70.855115234375,-0.02382783405482769,-0.08555351942777634,0.12001854926347733
1791103752185087500,70.86508740234375,0.011388476006686687,0.0006801713607273996,-0.11043968796730042
1791103752195059200,70.87505908203126,-0.0036884781438857317,-0.0343443900346756,-0.03847016021609306
1791103752205031400,70.88503149414062,-0.04452885314822197,0.00033449303009547293,0.0710747092962265
1791103752215003400,70.89500341796875,0.0011827098205685616,-0.02696051076054573,0.08101655542850494
1791103752224975400,70.90497534179687,0.0583764910697937,0.05398041009902954,0.03206925466656685
1791103752234946600,70.91494653320312,0.006452040281146765,0.020730312913656235,0.02636183239519596
1791103752244918300,70.92491821289063,0.07794806361198425,0.04164091870188713,-0.04953399673104286
1791103752254890500,70.93489038085937,0.10773258656263351,0.0456060990691185,0.008226504549384117
1791103752264862200,70.9448623046875,0.09891007095575333,0.06632229685783386,-0.07528090476989746
1791103752274834400,70.95483447265624,0.08098220080137253,0.024272050708532333,-0.0036946034524589777
1791103752284806400,70.96480639648438,0.10165365785360336,0.008822520263493061,-0.08020775020122528
1791103752294778400,70.9747783203125,0.04818776994943619,0.09229983389377594,-0.000770452490542084
1791103752304750300,70.98475024414063,0.06464983522891998,0.017247164621949196,0.035533227026462555
1791103752314721300,70.99472119140626,0.07310723513364792,0.03219442069530487,0.07765937596559525
1791103752324693500,71.00469360351562,0.08983375132083893,0.06130916252732277,0.07307314872741699
1791103752334665200,71.01466528320313,0.07998751103878021,0.0408686026930809,0.08244773745536804
1791103752344637700,71.0246376953125,-0.004785966593772173,0.04252349212765694,0.02923724800348282
1791103752354609700,71.03460961914062,0.1466056853532791,0.042515501379966736,-0.0449400432407856
1791103752364581600,71.04458154296876,0.13844841718673706,0.06962008774280548,0.013032977469265461
1791103752374552800,71.054552734375,0.1801561862230301,0.05386429652571678,0.0808839276432991
1791103752384524500,71.06452465820313,0.06531748920679092,0.12883760035037994,-0.10360974818468094
1791103752394496800,71.07449682617188,0.13237854838371277,0.11036965250968933,-0.09378641098737717
1791103752404468700,71.08446875,0.16404779255390167,0.09190941601991653,-0.06763283908367157
1791103752414440700,71.09444067382813,0.1472989022731781,0.0958908423781395,-0.1335972100496292
1791103752424412700,71.10441259765625,0.11335185915231705,0.04445401579141617,0.06695373356342316
1791103752434384600,71.11438452148437,0.12881045043468475,0.04559704661369324,-0.01104679238051176
1791103752444355800,71.12435595703126,0.04878857731819153,-0.008734103292226791,0.05962817743420601
1791103752454327600,71.13432763671875,0.026325080543756485,0.022950856015086174,0.05546512454748154
1791103752464299800,71.1442998046875,0.07896991819143295,0.04962081462144852,0.10791927576065063
1791103752474271700,71.15427172851562,0.14318086206912994,0.07208751142024994,0.048115331679582596
1791103752484243700,71.16424365234376,0.1467369794845581,0.06735187768936157,0.00878869742155075
1791103752494215700,71.17421557617187,0.15696272253990173,0.08834211528301239,-0.07739332318305969
1791103752504187600,71.18418774414063,0.23136930167675018,0.13482998311519623,-0.06613560765981674
1791103752514158800,71.19415893554688,0.27471357583999634,0.10574933141469955,-0.03724723681807518
1791103752524130600,71.20413061523438,0.1492968052625656,0.14620913565158844,-0.057312823832035065
1791103752534102800,71.21410278320313,0.15819469094276428,0.14524534344673157,-0.00794127956032753
1791103752544074800,71.22407470703125,0.198806032538414,0.15506069362163544,0.03538382425904274
1791103752554046700,71.23404663085938,0.1688918173313141,0.16138197481632233,-0.06358270347118378
1791103752564018700,71.24401879882812,0.1414671093225479,0.10967270284891129,0.09662800282239914
1791103752573990700,71.25399072265625,0.22731810808181763,0.13940823078155518,0.026263827458024025
1791103752583961600,71.26396166992187,0.12221486121416092,0.11613885313272476,0.18717867136001587
1791103752593933600,71.27393359375,0.1641189008951187,0.16514821350574493,0.015046593733131886
1791103752603905800,71.28390576171876,0.22237475216388702,0.1538769155740738,0.030523287132382393
1791103752613877800,71.29387768554687,0.2911924421787262,0.18322041630744934,0.035182755440473557
1791103752623849700,71.303849609375,0.2677629888057709,0.2460308074951172,-0.041244909167289734
1791103752633821700,71.31382177734375,0.1980331838130951,0.24114736914634705,0.04730253294110298
1791103752643793700,71.32379370117188,0.20407217741012573,0.2217063009738922,0.01847647875547409
1791103752653764600,71.3337646484375,0.23305802047252655,0.23719976842403412,0.004886900540441275
1791103752663736600,71.34373657226563,0.2157895565032959,0.2203560769557953,0.1204230859875679
1791103752673708800,71.35370874023438,0.18422150611877441,0.17882513999938965,0.1227424293756485
1791103752683680800,71.3636806640625,0.19462408125400543,0.18341216444969177,0.0737415999174118
1791103752693652700,71.37365283203125,0.13351012766361237,0.18014873564243317,0.20479948818683624
1791103752703624700,71.38362475585937,0.15492193400859833,0.19854052364826202,0.05159208923578262
1791103752713596700,71.3935966796875,0.16528695821762085,0.16517244279384613,0.15760454535484314
1791103752723567600,71.40356762695312,0.15653102099895477,0.16719484329223633,0.036610476672649384
1791103752733539600,71.41353955078125,0.17555664479732513,0.14273664355278015,0.14296966791152954
1791103752743511600,71.42351147460937,0.14683897793293,0.11437158286571503,0.04766792058944702
1791103752753483800,71.43348388671875,0.14597877860069275,0.12019538134336472,-0.013774135150015354
1791103752763455700,71.44345581054688,0.05211939290165901,0.1157982349395752,0.024744493886828423
1791103752773427700,71.453427734375,0.11082984507083893,0.10186218470335007,0.09907545149326324
1791103752783399700,71.46339965820313,0.09033042937517166,0.11734260618686676,0.09441358596086502
1791103752793370600,71.47337060546874,0.12478667497634888,0.16428402066230774,0.06931622326374054
1791103752803342600,71.48334252929688,0.10933954268693924,0.11624538153409958,0.07866551727056503
1791103752813314600,71.493314453125,0.1686883568763733,0.17136909067630768,-0.017111342400312424
1791103752823286800,71.50328686523437,0.14118535816669464,0.14345303177833557,0.12635233998298645
1791103752833258800,71.5132587890625,0.08808218687772751,0.19928354024887085,0.012707273475825787
